country,geo,year,polyarchy,liberal,regime
Mexico,MEX,1900,0.124,0.186,0
Mexico,MEX,1901,0.108,0.186,0
Mexico,MEX,1902,0.108,0.186,0
Mexico,MEX,1903,0.108,0.186,0
Mexico,MEX,1904,0.108,0.186,0
Mexico,MEX,1905,0.108,0.186,0
Mexico,MEX,1906,0.108,0.186,0
Mexico,MEX,1907,0.108,0.186,0
Mexico,MEX,1908,0.108,0.186,0
Mexico,MEX,1909,0.108,0.186,0
Mexico,MEX,1910,0.12,0.178,0
Mexico,MEX,1911,0.135,0.231,0
Mexico,MEX,1912,0.189,0.239,0
Mexico,MEX,1913,0.113,0.193,0
Mexico,MEX,1914,0.104,0.131,0
Mexico,MEX,1915,0.108,0.135,0
Mexico,MEX,1916,0.112,0.142,0
Mexico,MEX,1917,0.193,0.297,1
Mexico,MEX,1918,0.225,0.295,1
Mexico,MEX,1919,0.225,0.295,1
Mexico,MEX,1920,0.201,0.285,1
Mexico,MEX,1921,0.192,0.305,1
Mexico,MEX,1922,0.192,0.305,1
Mexico,MEX,1923,0.192,0.304,1
Mexico,MEX,1924,0.189,0.303,1
Mexico,MEX,1925,0.186,0.292,1
Mexico,MEX,1926,0.183,0.289,1
Mexico,MEX,1927,0.183,0.289,1
Mexico,MEX,1928,0.184,0.276,1
Mexico,MEX,1929,0.167,0.237,1
Mexico,MEX,1930,0.177,0.259,1
Mexico,MEX,1931,0.177,0.259,1
Mexico,MEX,1932,0.177,0.265,1
Mexico,MEX,1933,0.176,0.256,1
Mexico,MEX,1934,0.187,0.25,1
Mexico,MEX,1935,0.193,0.244,1
Mexico,MEX,1936,0.193,0.244,1
Mexico,MEX,1937,0.191,0.25,1
Mexico,MEX,1938,0.191,0.25,1
Mexico,MEX,1939,0.199,0.254,1
Mexico,MEX,1940,0.2,0.263,1
Mexico,MEX,1941,0.189,0.263,1
Mexico,MEX,1942,0.189,0.263,1
Mexico,MEX,1943,0.19,0.263,1
Mexico,MEX,1944,0.191,0.263,1
Mexico,MEX,1945,0.191,0.263,1
Mexico,MEX,1946,0.193,0.263,1
Mexico,MEX,1947,0.194,0.263,1
Mexico,MEX,1948,0.194,0.263,1
Mexico,MEX,1949,0.196,0.263,1
Mexico,MEX,1950,0.196,0.263,1
Mexico,MEX,1951,0.196,0.263,1
Mexico,MEX,1952,0.194,0.263,1
Mexico,MEX,1953,0.195,0.263,1
Mexico,MEX,1954,0.229,0.267,1
Mexico,MEX,1955,0.23,0.267,1
Mexico,MEX,1956,0.231,0.267,1
Mexico,MEX,1957,0.231,0.267,1
Mexico,MEX,1958,0.228,0.264,1
Mexico,MEX,1959,0.228,0.264,1
Mexico,MEX,1960,0.228,0.266,1
Mexico,MEX,1961,0.23,0.266,1
Mexico,MEX,1962,0.231,0.266,1
Mexico,MEX,1963,0.231,0.266,1
Mexico,MEX,1964,0.231,0.26,1
Mexico,MEX,1965,0.231,0.26,1
Mexico,MEX,1966,0.231,0.26,1
Mexico,MEX,1967,0.235,0.26,1
Mexico,MEX,1968,0.236,0.26,1
Mexico,MEX,1969,0.241,0.26,1
Mexico,MEX,1970,0.248,0.26,1
Mexico,MEX,1971,0.247,0.26,1
Mexico,MEX,1972,0.249,0.26,1
Mexico,MEX,1973,0.248,0.26,1
Mexico,MEX,1974,0.249,0.26,1
Mexico,MEX,1975,0.249,0.263,1
Mexico,MEX,1976,0.26,0.263,1
Mexico,MEX,1977,0.276,0.279,1
Mexico,MEX,1978,0.296,0.279,1
Mexico,MEX,1979,0.296,0.279,1
Mexico,MEX,1980,0.298,0.279,1
Mexico,MEX,1981,0.302,0.28,1
Mexico,MEX,1982,0.312,0.292,1
Mexico,MEX,1983,0.319,0.302,1
Mexico,MEX,1984,0.319,0.302,1
Mexico,MEX,1985,0.32,0.302,1
Mexico,MEX,1986,0.322,0.302,1
Mexico,MEX,1987,0.327,0.306,1
Mexico,MEX,1988,0.345,0.324,1
Mexico,MEX,1989,0.368,0.341,1
Mexico,MEX,1990,0.388,0.355,1
Mexico,MEX,1991,0.41,0.36,1
Mexico,MEX,1992,0.438,0.366,1
Mexico,MEX,1993,0.455,0.366,1
Mexico,MEX,1994,0.467,0.464,1
Mexico,MEX,1995,0.491,0.489,1
Mexico,MEX,1996,0.512,0.489,2
Mexico,MEX,1997,0.555,0.555,2
Mexico,MEX,1998,0.6,0.565,2
Mexico,MEX,1999,0.605,0.565,2
Mexico,MEX,2000,0.671,0.679,2
Mexico,MEX,2001,0.681,0.673,2
Mexico,MEX,2002,0.693,0.673,2
Mexico,MEX,2003,0.702,0.672,2
Mexico,MEX,2004,0.711,0.672,2
Mexico,MEX,2005,0.711,0.672,2
Mexico,MEX,2006,0.674,0.668,2
Mexico,MEX,2007,0.639,0.665,2
Mexico,MEX,2008,0.649,0.665,2
Mexico,MEX,2009,0.65,0.667,2
Mexico,MEX,2010,0.662,0.665,2
Mexico,MEX,2011,0.662,0.665,2
Mexico,MEX,2012,0.65,0.66,2
Mexico,MEX,2013,0.623,0.625,2
Mexico,MEX,2014,0.621,0.628,2
Mexico,MEX,2015,0.643,0.619,2
Mexico,MEX,2016,0.643,0.625,2
Mexico,MEX,2017,0.638,0.644,2
Mexico,MEX,2018,0.675,0.614,2
Mexico,MEX,2019,0.684,0.555,2
Mexico,MEX,2020,0.664,0.541,2
Mexico,MEX,2021,0.624,0.522,2
Mexico,MEX,2022,0.584,0.485,2
Mexico,MEX,2023,0.548,0.47,2
Mexico,MEX,2024,0.496,0.39,1
Mexico,MEX,2025,0.469,0.359,1
Suriname,SUR,1900,0.145,0.521,0
Suriname,SUR,1901,0.145,0.521,0
Suriname,SUR,1902,0.145,0.521,0
Suriname,SUR,1903,0.145,0.521,0
Suriname,SUR,1904,0.145,0.521,0
Suriname,SUR,1905,0.145,0.521,0
Suriname,SUR,1906,0.147,0.521,0
Suriname,SUR,1907,0.144,0.521,0
Suriname,SUR,1908,0.144,0.521,0
Suriname,SUR,1909,0.144,0.521,0
Suriname,SUR,1910,0.144,0.521,0
Suriname,SUR,1911,0.144,0.521,0
Suriname,SUR,1912,0.144,0.521,0
Suriname,SUR,1913,0.144,0.521,0
Suriname,SUR,1914,0.144,0.521,0
Suriname,SUR,1915,0.144,0.521,0
Suriname,SUR,1916,0.144,0.521,0
Suriname,SUR,1917,0.144,0.521,0
Suriname,SUR,1918,0.144,0.521,0
Suriname,SUR,1919,0.144,0.521,0
Suriname,SUR,1920,0.145,0.521,0
Suriname,SUR,1921,0.145,0.521,0
Suriname,SUR,1922,0.145,0.521,0
Suriname,SUR,1923,0.145,0.521,0
Suriname,SUR,1924,0.145,0.521,0
Suriname,SUR,1925,0.145,0.521,0
Suriname,SUR,1926,0.145,0.521,0
Suriname,SUR,1927,0.145,0.521,0
Suriname,SUR,1928,0.145,0.521,0
Suriname,SUR,1929,0.145,0.521,0
Suriname,SUR,1930,0.145,0.521,0
Suriname,SUR,1931,0.145,0.521,0
Suriname,SUR,1932,0.145,0.521,0
Suriname,SUR,1933,0.145,0.52,0
Suriname,SUR,1934,0.145,0.52,0
Suriname,SUR,1935,0.145,0.52,0
Suriname,SUR,1936,0.145,0.52,0
Suriname,SUR,1937,0.149,0.52,0
Suriname,SUR,1938,0.149,0.52,0
Suriname,SUR,1939,0.149,0.52,0
Suriname,SUR,1940,0.148,0.519,0
Suriname,SUR,1941,0.148,0.519,0
Suriname,SUR,1942,0.148,0.516,0
Suriname,SUR,1943,0.148,0.516,0
Suriname,SUR,1944,0.151,0.516,0
Suriname,SUR,1945,0.151,0.514,0
Suriname,SUR,1946,0.154,0.535,0
Suriname,SUR,1947,0.154,0.535,0
Suriname,SUR,1948,0.154,0.535,0
Suriname,SUR,1949,0.304,0.671,1
Suriname,SUR,1950,0.497,0.785,1
Suriname,SUR,1951,0.498,0.785,1
Suriname,SUR,1952,0.498,0.785,1
Suriname,SUR,1953,0.498,0.785,1
Suriname,SUR,1954,0.498,0.785,1
Suriname,SUR,1955,0.518,0.79,2
Suriname,SUR,1956,0.519,0.79,2
Suriname,SUR,1957,0.52,0.79,2
Suriname,SUR,1958,0.522,0.79,2
Suriname,SUR,1959,0.523,0.79,2
Suriname,SUR,1960,0.523,0.79,2
Suriname,SUR,1961,0.523,0.79,2
Suriname,SUR,1962,0.523,0.79,2
Suriname,SUR,1963,0.524,0.795,2
Suriname,SUR,1964,0.524,0.795,2
Suriname,SUR,1965,0.524,0.795,2
Suriname,SUR,1966,0.524,0.795,2
Suriname,SUR,1967,0.521,0.795,2
Suriname,SUR,1968,0.52,0.795,2
Suriname,SUR,1969,0.52,0.795,2
Suriname,SUR,1970,0.527,0.795,2
Suriname,SUR,1971,0.527,0.795,2
Suriname,SUR,1972,0.527,0.795,2
Suriname,SUR,1973,0.52,0.795,2
Suriname,SUR,1974,0.522,0.804,2
Suriname,SUR,1975,0.369,0.815,1
Suriname,SUR,1976,0.73,0.846,2
Suriname,SUR,1977,0.73,0.838,2
Suriname,SUR,1978,0.737,0.847,2
Suriname,SUR,1979,0.737,0.847,2
Suriname,SUR,1980,0.216,0.491,0
Suriname,SUR,1981,0.17,0.452,0
Suriname,SUR,1982,0.164,0.458,0
Suriname,SUR,1983,0.158,0.458,0
Suriname,SUR,1984,0.158,0.458,0
Suriname,SUR,1985,0.168,0.611,0
Suriname,SUR,1986,0.168,0.611,0
Suriname,SUR,1987,0.193,0.721,0
Suriname,SUR,1988,0.618,0.736,2
Suriname,SUR,1989,0.725,0.776,2
Suriname,SUR,1990,0.726,0.72,2
Suriname,SUR,1991,0.45,0.719,1
Suriname,SUR,1992,0.75,0.829,2
Suriname,SUR,1993,0.751,0.845,2
Suriname,SUR,1994,0.751,0.847,2
Suriname,SUR,1995,0.751,0.847,2
Suriname,SUR,1996,0.764,0.851,2
Suriname,SUR,1997,0.769,0.851,2
Suriname,SUR,1998,0.769,0.851,2
Suriname,SUR,1999,0.769,0.851,2
Suriname,SUR,2000,0.78,0.851,2
Suriname,SUR,2001,0.779,0.853,2
Suriname,SUR,2002,0.779,0.853,2
Suriname,SUR,2003,0.779,0.853,2
Suriname,SUR,2004,0.779,0.853,2
Suriname,SUR,2005,0.767,0.853,2
Suriname,SUR,2006,0.76,0.853,2
Suriname,SUR,2007,0.759,0.853,2
Suriname,SUR,2008,0.759,0.853,2
Suriname,SUR,2009,0.759,0.853,2
Suriname,SUR,2010,0.752,0.839,2
Suriname,SUR,2011,0.747,0.839,2
Suriname,SUR,2012,0.747,0.833,2
Suriname,SUR,2013,0.75,0.832,2
Suriname,SUR,2014,0.75,0.832,2
Suriname,SUR,2015,0.757,0.832,2
Suriname,SUR,2016,0.754,0.814,2
Suriname,SUR,2017,0.748,0.827,2
Suriname,SUR,2018,0.748,0.802,2
Suriname,SUR,2019,0.741,0.766,2
Suriname,SUR,2020,0.754,0.828,2
Suriname,SUR,2021,0.761,0.833,2
Suriname,SUR,2022,0.781,0.835,2
Suriname,SUR,2023,0.764,0.823,3
Suriname,SUR,2024,0.767,0.821,2
Suriname,SUR,2025,0.781,0.784,2
Sweden,SWE,1900,0.316,0.893,0
Sweden,SWE,1901,0.316,0.898,0
Sweden,SWE,1902,0.314,0.898,0
Sweden,SWE,1903,0.31,0.898,0
Sweden,SWE,1904,0.31,0.898,0
Sweden,SWE,1905,0.31,0.898,0
Sweden,SWE,1906,0.31,0.898,0
Sweden,SWE,1907,0.311,0.898,0
Sweden,SWE,1908,0.31,0.898,0
Sweden,SWE,1909,0.322,0.898,0
Sweden,SWE,1910,0.324,0.898,0
Sweden,SWE,1911,0.327,0.915,0
Sweden,SWE,1912,0.332,0.915,0
Sweden,SWE,1913,0.331,0.915,0
Sweden,SWE,1914,0.326,0.914,0
Sweden,SWE,1915,0.325,0.914,0
Sweden,SWE,1916,0.325,0.914,0
Sweden,SWE,1917,0.428,0.919,1
Sweden,SWE,1918,0.48,0.919,1
Sweden,SWE,1919,0.484,0.922,1
Sweden,SWE,1920,0.487,0.935,1
Sweden,SWE,1921,0.499,0.936,1
Sweden,SWE,1922,0.701,0.942,3
Sweden,SWE,1923,0.701,0.942,3
Sweden,SWE,1924,0.704,0.943,3
Sweden,SWE,1925,0.704,0.943,3
Sweden,SWE,1926,0.704,0.943,3
Sweden,SWE,1927,0.704,0.943,3
Sweden,SWE,1928,0.704,0.943,3
Sweden,SWE,1929,0.702,0.943,3
Sweden,SWE,1930,0.702,0.943,3
Sweden,SWE,1931,0.7,0.94,3
Sweden,SWE,1932,0.704,0.944,3
Sweden,SWE,1933,0.711,0.943,3
Sweden,SWE,1934,0.711,0.943,3
Sweden,SWE,1935,0.711,0.949,3
Sweden,SWE,1936,0.694,0.949,3
Sweden,SWE,1937,0.692,0.949,3
Sweden,SWE,1938,0.69,0.945,3
Sweden,SWE,1939,0.685,0.945,3
Sweden,SWE,1940,0.673,0.948,3
Sweden,SWE,1941,0.675,0.948,3
Sweden,SWE,1942,0.675,0.948,3
Sweden,SWE,1943,0.675,0.948,3
Sweden,SWE,1944,0.675,0.948,3
Sweden,SWE,1945,0.691,0.948,3
Sweden,SWE,1946,0.759,0.955,3
Sweden,SWE,1947,0.759,0.955,3
Sweden,SWE,1948,0.759,0.955,3
Sweden,SWE,1949,0.766,0.955,3
Sweden,SWE,1950,0.77,0.957,3
Sweden,SWE,1951,0.77,0.957,3
Sweden,SWE,1952,0.771,0.959,3
Sweden,SWE,1953,0.773,0.959,3
Sweden,SWE,1954,0.773,0.959,3
Sweden,SWE,1955,0.773,0.959,3
Sweden,SWE,1956,0.773,0.959,3
Sweden,SWE,1957,0.772,0.959,3
Sweden,SWE,1958,0.772,0.959,3
Sweden,SWE,1959,0.772,0.959,3
Sweden,SWE,1960,0.776,0.962,3
Sweden,SWE,1961,0.776,0.964,3
Sweden,SWE,1962,0.776,0.964,3
Sweden,SWE,1963,0.776,0.964,3
Sweden,SWE,1964,0.776,0.964,3
Sweden,SWE,1965,0.776,0.964,3
Sweden,SWE,1966,0.775,0.964,3
Sweden,SWE,1967,0.775,0.964,3
Sweden,SWE,1968,0.775,0.965,3
Sweden,SWE,1969,0.775,0.965,3
Sweden,SWE,1970,0.775,0.967,3
Sweden,SWE,1971,0.895,0.967,3
Sweden,SWE,1972,0.895,0.972,3
Sweden,SWE,1973,0.895,0.973,3
Sweden,SWE,1974,0.899,0.973,3
Sweden,SWE,1975,0.905,0.973,3
Sweden,SWE,1976,0.906,0.973,3
Sweden,SWE,1977,0.907,0.973,3
Sweden,SWE,1978,0.907,0.973,3
Sweden,SWE,1979,0.907,0.973,3
Sweden,SWE,1980,0.907,0.974,3
Sweden,SWE,1981,0.907,0.974,3
Sweden,SWE,1982,0.907,0.975,3
Sweden,SWE,1983,0.907,0.975,3
Sweden,SWE,1984,0.907,0.975,3
Sweden,SWE,1985,0.908,0.975,3
Sweden,SWE,1986,0.907,0.975,3
Sweden,SWE,1987,0.907,0.975,3
Sweden,SWE,1988,0.908,0.975,3
Sweden,SWE,1989,0.909,0.975,3
Sweden,SWE,1990,0.913,0.975,3
Sweden,SWE,1991,0.912,0.975,3
Sweden,SWE,1992,0.911,0.975,3
Sweden,SWE,1993,0.911,0.975,3
Sweden,SWE,1994,0.911,0.975,3
Sweden,SWE,1995,0.912,0.975,3
Sweden,SWE,1996,0.912,0.975,3
Sweden,SWE,1997,0.912,0.975,3
Sweden,SWE,1998,0.912,0.975,3
Sweden,SWE,1999,0.909,0.975,3
Sweden,SWE,2000,0.909,0.975,3
Sweden,SWE,2001,0.909,0.975,3
Sweden,SWE,2002,0.91,0.975,3
Sweden,SWE,2003,0.911,0.975,3
Sweden,SWE,2004,0.911,0.975,3
Sweden,SWE,2005,0.911,0.975,3
Sweden,SWE,2006,0.912,0.976,3
Sweden,SWE,2007,0.914,0.976,3
Sweden,SWE,2008,0.914,0.976,3
Sweden,SWE,2009,0.914,0.976,3
Sweden,SWE,2010,0.914,0.975,3
Sweden,SWE,2011,0.914,0.976,3
Sweden,SWE,2012,0.917,0.977,3
Sweden,SWE,2013,0.916,0.979,3
Sweden,SWE,2014,0.915,0.979,3
Sweden,SWE,2015,0.915,0.975,3
Sweden,SWE,2016,0.914,0.975,3
Sweden,SWE,2017,0.914,0.974,3
Sweden,SWE,2018,0.908,0.977,3
Sweden,SWE,2019,0.899,0.979,3
Sweden,SWE,2020,0.901,0.979,3
Sweden,SWE,2021,0.9,0.976,3
Sweden,SWE,2022,0.892,0.98,3
Sweden,SWE,2023,0.883,0.978,3
Sweden,SWE,2024,0.881,0.979,3
Sweden,SWE,2025,0.889,0.975,3
Switzerland,CHE,1900,0.586,0.922,3
Switzerland,CHE,1901,0.586,0.922,3
Switzerland,CHE,1902,0.588,0.922,3
Switzerland,CHE,1903,0.596,0.922,3
Switzerland,CHE,1904,0.596,0.922,3
Switzerland,CHE,1905,0.601,0.922,3
Switzerland,CHE,1906,0.599,0.922,3
Switzerland,CHE,1907,0.599,0.922,3
Switzerland,CHE,1908,0.599,0.922,3
Switzerland,CHE,1909,0.599,0.922,3
Switzerland,CHE,1910,0.599,0.922,3
Switzerland,CHE,1911,0.599,0.922,3
Switzerland,CHE,1912,0.597,0.922,3
Switzerland,CHE,1913,0.597,0.922,3
Switzerland,CHE,1914,0.598,0.923,3
Switzerland,CHE,1915,0.596,0.923,3
Switzerland,CHE,1916,0.596,0.923,3
Switzerland,CHE,1917,0.6,0.923,3
Switzerland,CHE,1918,0.601,0.921,3
Switzerland,CHE,1919,0.6,0.921,3
Switzerland,CHE,1920,0.606,0.921,3
Switzerland,CHE,1921,0.606,0.921,3
Switzerland,CHE,1922,0.606,0.921,3
Switzerland,CHE,1923,0.606,0.921,3
Switzerland,CHE,1924,0.606,0.921,3
Switzerland,CHE,1925,0.606,0.921,3
Switzerland,CHE,1926,0.608,0.921,3
Switzerland,CHE,1927,0.608,0.921,3
Switzerland,CHE,1928,0.607,0.921,3
Switzerland,CHE,1929,0.607,0.921,3
Switzerland,CHE,1930,0.607,0.921,3
Switzerland,CHE,1931,0.607,0.921,3
Switzerland,CHE,1932,0.605,0.92,3
Switzerland,CHE,1933,0.605,0.924,3
Switzerland,CHE,1934,0.605,0.924,3
Switzerland,CHE,1935,0.606,0.924,3
Switzerland,CHE,1936,0.609,0.924,3
Switzerland,CHE,1937,0.609,0.924,3
Switzerland,CHE,1938,0.609,0.924,3
Switzerland,CHE,1939,0.606,0.924,3
Switzerland,CHE,1940,0.598,0.924,3
Switzerland,CHE,1941,0.598,0.924,3
Switzerland,CHE,1942,0.598,0.924,3
Switzerland,CHE,1943,0.597,0.924,3
Switzerland,CHE,1944,0.601,0.924,3
Switzerland,CHE,1945,0.605,0.927,3
Switzerland,CHE,1946,0.617,0.927,3
Switzerland,CHE,1947,0.617,0.927,3
Switzerland,CHE,1948,0.617,0.927,3
Switzerland,CHE,1949,0.617,0.927,3
Switzerland,CHE,1950,0.617,0.928,3
Switzerland,CHE,1951,0.617,0.928,3
Switzerland,CHE,1952,0.617,0.928,3
Switzerland,CHE,1953,0.617,0.928,3
Switzerland,CHE,1954,0.617,0.928,3
Switzerland,CHE,1955,0.617,0.928,3
Switzerland,CHE,1956,0.617,0.928,3
Switzerland,CHE,1957,0.617,0.928,3
Switzerland,CHE,1958,0.617,0.928,3
Switzerland,CHE,1959,0.618,0.928,3
Switzerland,CHE,1960,0.621,0.928,3
Switzerland,CHE,1961,0.621,0.928,3
Switzerland,CHE,1962,0.621,0.928,3
Switzerland,CHE,1963,0.621,0.928,3
Switzerland,CHE,1964,0.621,0.932,3
Switzerland,CHE,1965,0.621,0.932,3
Switzerland,CHE,1966,0.621,0.932,3
Switzerland,CHE,1967,0.623,0.932,3
Switzerland,CHE,1968,0.622,0.932,3
Switzerland,CHE,1969,0.622,0.932,3
Switzerland,CHE,1970,0.624,0.934,3
Switzerland,CHE,1971,0.628,0.934,3
Switzerland,CHE,1972,0.855,0.934,3
Switzerland,CHE,1973,0.855,0.934,3
Switzerland,CHE,1974,0.855,0.942,3
Switzerland,CHE,1975,0.859,0.942,3
Switzerland,CHE,1976,0.857,0.942,3
Switzerland,CHE,1977,0.863,0.942,3
Switzerland,CHE,1978,0.863,0.942,3
Switzerland,CHE,1979,0.863,0.942,3
Switzerland,CHE,1980,0.871,0.942,3
Switzerland,CHE,1981,0.871,0.946,3
Switzerland,CHE,1982,0.871,0.946,3
Switzerland,CHE,1983,0.871,0.946,3
Switzerland,CHE,1984,0.871,0.946,3
Switzerland,CHE,1985,0.871,0.946,3
Switzerland,CHE,1986,0.871,0.946,3
Switzerland,CHE,1987,0.871,0.946,3
Switzerland,CHE,1988,0.87,0.946,3
Switzerland,CHE,1989,0.875,0.946,3
Switzerland,CHE,1990,0.887,0.946,3
Switzerland,CHE,1991,0.887,0.948,3
Switzerland,CHE,1992,0.886,0.948,3
Switzerland,CHE,1993,0.886,0.951,3
Switzerland,CHE,1994,0.886,0.951,3
Switzerland,CHE,1995,0.887,0.951,3
Switzerland,CHE,1996,0.89,0.951,3
Switzerland,CHE,1997,0.89,0.951,3
Switzerland,CHE,1998,0.89,0.951,3
Switzerland,CHE,1999,0.89,0.951,3
Switzerland,CHE,2000,0.889,0.952,3
Switzerland,CHE,2001,0.889,0.952,3
Switzerland,CHE,2002,0.889,0.953,3
Switzerland,CHE,2003,0.888,0.962,3
Switzerland,CHE,2004,0.886,0.962,3
Switzerland,CHE,2005,0.886,0.962,3
Switzerland,CHE,2006,0.886,0.962,3
Switzerland,CHE,2007,0.888,0.962,3
Switzerland,CHE,2008,0.895,0.962,3
Switzerland,CHE,2009,0.895,0.961,3
Switzerland,CHE,2010,0.895,0.961,3
Switzerland,CHE,2011,0.897,0.961,3
Switzerland,CHE,2012,0.907,0.961,3
Switzerland,CHE,2013,0.907,0.961,3
Switzerland,CHE,2014,0.907,0.961,3
Switzerland,CHE,2015,0.903,0.961,3
Switzerland,CHE,2016,0.902,0.961,3
Switzerland,CHE,2017,0.902,0.965,3
Switzerland,CHE,2018,0.902,0.966,3
Switzerland,CHE,2019,0.902,0.966,3
Switzerland,CHE,2020,0.902,0.96,3
Switzerland,CHE,2021,0.896,0.961,3
Switzerland,CHE,2022,0.893,0.961,3
Switzerland,CHE,2023,0.884,0.961,3
Switzerland,CHE,2024,0.882,0.97,3
Switzerland,CHE,2025,0.882,0.969,3
Ghana,GHA,1902,0.074,0.376,0
Ghana,GHA,1903,0.074,0.376,0
Ghana,GHA,1904,0.074,0.376,0
Ghana,GHA,1905,0.074,0.376,0
Ghana,GHA,1906,0.074,0.376,0
Ghana,GHA,1907,0.074,0.376,0
Ghana,GHA,1908,0.074,0.376,0
Ghana,GHA,1909,0.074,0.376,0
Ghana,GHA,1910,0.074,0.374,0
Ghana,GHA,1911,0.074,0.374,0
Ghana,GHA,1912,0.074,0.374,0
Ghana,GHA,1913,0.074,0.374,0
Ghana,GHA,1914,0.074,0.374,0
Ghana,GHA,1915,0.074,0.374,0
Ghana,GHA,1916,0.074,0.374,0
Ghana,GHA,1917,0.074,0.374,0
Ghana,GHA,1918,0.074,0.374,0
Ghana,GHA,1919,0.074,0.374,0
Ghana,GHA,1920,0.074,0.375,0
Ghana,GHA,1921,0.074,0.375,0
Ghana,GHA,1922,0.074,0.38,0
Ghana,GHA,1923,0.074,0.38,0
Ghana,GHA,1924,0.074,0.38,0
Ghana,GHA,1925,0.074,0.38,0
Ghana,GHA,1926,0.076,0.38,0
Ghana,GHA,1927,0.076,0.38,0
Ghana,GHA,1928,0.076,0.38,0
Ghana,GHA,1929,0.076,0.38,0
Ghana,GHA,1930,0.076,0.376,0
Ghana,GHA,1931,0.076,0.377,0
Ghana,GHA,1932,0.076,0.377,0
Ghana,GHA,1933,0.076,0.377,0
Ghana,GHA,1934,0.076,0.377,0
Ghana,GHA,1935,0.076,0.377,0
Ghana,GHA,1936,0.076,0.377,0
Ghana,GHA,1937,0.076,0.38,0
Ghana,GHA,1938,0.078,0.38,0
Ghana,GHA,1939,0.078,0.375,0
Ghana,GHA,1940,0.078,0.377,0
Ghana,GHA,1941,0.078,0.377,0
Ghana,GHA,1942,0.078,0.377,0
Ghana,GHA,1943,0.078,0.377,0
Ghana,GHA,1944,0.078,0.377,0
Ghana,GHA,1945,0.083,0.377,0
Ghana,GHA,1946,0.095,0.378,0
Ghana,GHA,1947,0.104,0.378,0
Ghana,GHA,1948,0.104,0.378,0
Ghana,GHA,1949,0.107,0.378,0
Ghana,GHA,1950,0.106,0.402,0
Ghana,GHA,1951,0.28,0.535,0
Ghana,GHA,1952,0.289,0.536,0
Ghana,GHA,1953,0.291,0.536,0
Ghana,GHA,1954,0.291,0.557,0
Ghana,GHA,1955,0.287,0.558,0
Ghana,GHA,1956,0.288,0.559,0
Ghana,GHA,1957,0.438,0.632,1
Ghana,GHA,1958,0.397,0.639,1
Ghana,GHA,1959,0.388,0.64,1
Ghana,GHA,1960,0.349,0.644,1
Ghana,GHA,1961,0.314,0.634,1
Ghana,GHA,1962,0.296,0.592,1
Ghana,GHA,1963,0.294,0.591,1
Ghana,GHA,1964,0.288,0.57,1
Ghana,GHA,1965,0.261,0.569,1
Ghana,GHA,1966,0.149,0.35,1
Ghana,GHA,1967,0.141,0.328,0
Ghana,GHA,1968,0.142,0.328,0
Ghana,GHA,1969,0.249,0.516,1
Ghana,GHA,1970,0.382,0.743,1
Ghana,GHA,1971,0.431,0.748,1
Ghana,GHA,1972,0.147,0.36,0
Ghana,GHA,1973,0.112,0.301,0
Ghana,GHA,1974,0.113,0.301,0
Ghana,GHA,1975,0.111,0.301,0
Ghana,GHA,1976,0.111,0.301,0
Ghana,GHA,1977,0.111,0.301,0
Ghana,GHA,1978,0.114,0.301,0
Ghana,GHA,1979,0.304,0.54,1
Ghana,GHA,1980,0.539,0.716,2
Ghana,GHA,1981,0.252,0.628,0
Ghana,GHA,1982,0.109,0.258,0
Ghana,GHA,1983,0.1,0.266,0
Ghana,GHA,1984,0.098,0.268,0
Ghana,GHA,1985,0.099,0.272,0
Ghana,GHA,1986,0.099,0.273,0
Ghana,GHA,1987,0.1,0.285,0
Ghana,GHA,1988,0.1,0.307,0
Ghana,GHA,1989,0.1,0.307,0
Ghana,GHA,1990,0.104,0.339,0
Ghana,GHA,1991,0.105,0.34,0
Ghana,GHA,1992,0.173,0.349,1
Ghana,GHA,1993,0.445,0.681,1
Ghana,GHA,1994,0.479,0.771,1
Ghana,GHA,1995,0.491,0.771,1
Ghana,GHA,1996,0.513,0.804,2
Ghana,GHA,1997,0.597,0.843,2
Ghana,GHA,1998,0.597,0.843,2
Ghana,GHA,1999,0.597,0.843,2
Ghana,GHA,2000,0.664,0.865,2
Ghana,GHA,2001,0.721,0.866,2
Ghana,GHA,2002,0.731,0.866,2
Ghana,GHA,2003,0.731,0.87,3
Ghana,GHA,2004,0.734,0.87,3
Ghana,GHA,2005,0.73,0.877,3
Ghana,GHA,2006,0.73,0.877,3
Ghana,GHA,2007,0.736,0.869,3
Ghana,GHA,2008,0.732,0.869,3
Ghana,GHA,2009,0.755,0.87,3
Ghana,GHA,2010,0.761,0.879,3
Ghana,GHA,2011,0.761,0.879,3
Ghana,GHA,2012,0.771,0.86,3
Ghana,GHA,2013,0.75,0.846,3
Ghana,GHA,2014,0.746,0.849,3
Ghana,GHA,2015,0.739,0.854,2
Ghana,GHA,2016,0.725,0.841,2
Ghana,GHA,2017,0.739,0.853,2
Ghana,GHA,2018,0.735,0.847,2
Ghana,GHA,2019,0.718,0.849,2
Ghana,GHA,2020,0.718,0.84,2
Ghana,GHA,2021,0.659,0.842,2
Ghana,GHA,2022,0.663,0.848,2
Ghana,GHA,2023,0.657,0.846,2
Ghana,GHA,2024,0.665,0.847,2
Ghana,GHA,2025,0.711,0.855,2
South Africa,ZAF,1900,0.156,0.349,0
South Africa,ZAF,1901,0.156,0.349,0
South Africa,ZAF,1902,0.156,0.349,0
South Africa,ZAF,1903,0.156,0.349,0
South Africa,ZAF,1904,0.156,0.349,0
South Africa,ZAF,1905,0.156,0.349,0
South Africa,ZAF,1906,0.156,0.349,0
South Africa,ZAF,1907,0.156,0.349,0
South Africa,ZAF,1908,0.156,0.349,0
South Africa,ZAF,1909,0.156,0.349,0
South Africa,ZAF,1910,0.186,0.349,1
South Africa,ZAF,1911,0.225,0.349,1
South Africa,ZAF,1912,0.225,0.349,1
South Africa,ZAF,1913,0.225,0.349,1
South Africa,ZAF,1914,0.225,0.349,1
South Africa,ZAF,1915,0.225,0.349,1
South Africa,ZAF,1916,0.224,0.349,1
South Africa,ZAF,1917,0.224,0.349,1
South Africa,ZAF,1918,0.224,0.349,1
South Africa,ZAF,1919,0.224,0.349,1
South Africa,ZAF,1920,0.225,0.349,1
South Africa,ZAF,1921,0.225,0.349,1
South Africa,ZAF,1922,0.225,0.349,1
South Africa,ZAF,1923,0.225,0.349,1
South Africa,ZAF,1924,0.225,0.349,1
South Africa,ZAF,1925,0.225,0.349,1
South Africa,ZAF,1926,0.225,0.349,1
South Africa,ZAF,1927,0.225,0.349,1
South Africa,ZAF,1928,0.225,0.349,1
South Africa,ZAF,1929,0.226,0.349,1
South Africa,ZAF,1930,0.227,0.349,1
South Africa,ZAF,1931,0.231,0.352,1
South Africa,ZAF,1932,0.236,0.352,1
South Africa,ZAF,1933,0.235,0.352,1
South Africa,ZAF,1934,0.234,0.352,1
South Africa,ZAF,1935,0.234,0.352,1
South Africa,ZAF,1936,0.234,0.352,1
South Africa,ZAF,1937,0.234,0.352,1
South Africa,ZAF,1938,0.235,0.352,1
South Africa,ZAF,1939,0.235,0.352,1
South Africa,ZAF,1940,0.235,0.354,1
South Africa,ZAF,1941,0.235,0.354,1
South Africa,ZAF,1942,0.235,0.354,1
South Africa,ZAF,1943,0.235,0.354,1
South Africa,ZAF,1944,0.235,0.354,1
South Africa,ZAF,1945,0.235,0.354,1
South Africa,ZAF,1946,0.235,0.354,1
South Africa,ZAF,1947,0.231,0.337,1
South Africa,ZAF,1948,0.207,0.313,1
South Africa,ZAF,1949,0.201,0.309,1
South Africa,ZAF,1950,0.199,0.286,1
South Africa,ZAF,1951,0.199,0.286,1
South Africa,ZAF,1952,0.199,0.286,1
South Africa,ZAF,1953,0.196,0.286,1
South Africa,ZAF,1954,0.195,0.286,1
South Africa,ZAF,1955,0.195,0.286,1
South Africa,ZAF,1956,0.195,0.286,1
South Africa,ZAF,1957,0.195,0.286,1
South Africa,ZAF,1958,0.195,0.286,1
South Africa,ZAF,1959,0.195,0.286,1
South Africa,ZAF,1960,0.191,0.282,1
South Africa,ZAF,1961,0.16,0.282,1
South Africa,ZAF,1962,0.167,0.283,1
South Africa,ZAF,1963,0.167,0.283,1
South Africa,ZAF,1964,0.163,0.283,1
South Africa,ZAF,1965,0.163,0.283,1
South Africa,ZAF,1966,0.164,0.283,1
South Africa,ZAF,1967,0.164,0.283,1
South Africa,ZAF,1968,0.164,0.283,1
South Africa,ZAF,1969,0.164,0.283,1
South Africa,ZAF,1970,0.165,0.283,1
South Africa,ZAF,1971,0.165,0.283,1
South Africa,ZAF,1972,0.165,0.283,1
South Africa,ZAF,1973,0.165,0.283,1
South Africa,ZAF,1974,0.165,0.283,1
South Africa,ZAF,1975,0.165,0.283,1
South Africa,ZAF,1976,0.165,0.283,1
South Africa,ZAF,1977,0.163,0.283,1
South Africa,ZAF,1978,0.161,0.283,1
South Africa,ZAF,1979,0.161,0.283,1
South Africa,ZAF,1980,0.16,0.283,1
South Africa,ZAF,1981,0.176,0.283,1
South Africa,ZAF,1982,0.176,0.283,1
South Africa,ZAF,1983,0.176,0.283,1
South Africa,ZAF,1984,0.177,0.359,0
South Africa,ZAF,1985,0.178,0.359,0
South Africa,ZAF,1986,0.178,0.362,0
South Africa,ZAF,1987,0.176,0.362,0
South Africa,ZAF,1988,0.175,0.362,0
South Africa,ZAF,1989,0.186,0.363,0
South Africa,ZAF,1990,0.224,0.386,0
South Africa,ZAF,1991,0.254,0.391,0
South Africa,ZAF,1992,0.254,0.392,0
South Africa,ZAF,1993,0.264,0.416,0
South Africa,ZAF,1994,0.392,0.653,1
South Africa,ZAF,1995,0.657,0.79,2
South Africa,ZAF,1996,0.663,0.844,3
South Africa,ZAF,1997,0.663,0.844,3
South Africa,ZAF,1998,0.668,0.844,3
South Africa,ZAF,1999,0.709,0.844,3
South Africa,ZAF,2000,0.743,0.85,3
South Africa,ZAF,2001,0.743,0.85,3
South Africa,ZAF,2002,0.743,0.85,3
South Africa,ZAF,2003,0.743,0.849,3
South Africa,ZAF,2004,0.764,0.849,3
South Africa,ZAF,2005,0.778,0.842,3
South Africa,ZAF,2006,0.779,0.842,3
South Africa,ZAF,2007,0.779,0.847,3
South Africa,ZAF,2008,0.775,0.847,3
South Africa,ZAF,2009,0.775,0.845,3
South Africa,ZAF,2010,0.778,0.856,3
South Africa,ZAF,2011,0.777,0.855,3
South Africa,ZAF,2012,0.779,0.858,3
South Africa,ZAF,2013,0.765,0.845,2
South Africa,ZAF,2014,0.758,0.846,2
South Africa,ZAF,2015,0.755,0.862,2
South Africa,ZAF,2016,0.752,0.865,2
South Africa,ZAF,2017,0.738,0.849,2
South Africa,ZAF,2018,0.747,0.858,2
South Africa,ZAF,2019,0.727,0.863,2
South Africa,ZAF,2020,0.719,0.836,2
South Africa,ZAF,2021,0.725,0.842,2
South Africa,ZAF,2022,0.718,0.855,2
South Africa,ZAF,2023,0.712,0.851,2
South Africa,ZAF,2024,0.734,0.896,2
South Africa,ZAF,2025,0.743,0.858,2
Japan,JPN,1900,0.171,0.646,0
Japan,JPN,1901,0.172,0.644,0
Japan,JPN,1902,0.173,0.644,0
Japan,JPN,1903,0.175,0.644,0
Japan,JPN,1904,0.173,0.644,0
Japan,JPN,1905,0.173,0.644,0
Japan,JPN,1906,0.173,0.644,0
Japan,JPN,1907,0.173,0.644,0
Japan,JPN,1908,0.173,0.644,0
Japan,JPN,1909,0.174,0.639,0
Japan,JPN,1910,0.174,0.645,0
Japan,JPN,1911,0.174,0.645,0
Japan,JPN,1912,0.174,0.648,0
Japan,JPN,1913,0.174,0.661,0
Japan,JPN,1914,0.174,0.66,0
Japan,JPN,1915,0.175,0.66,0
Japan,JPN,1916,0.176,0.66,0
Japan,JPN,1917,0.181,0.66,0
Japan,JPN,1918,0.184,0.666,0
Japan,JPN,1919,0.184,0.666,0
Japan,JPN,1920,0.186,0.664,0
Japan,JPN,1921,0.185,0.664,0
Japan,JPN,1922,0.185,0.664,0
Japan,JPN,1923,0.185,0.664,0
Japan,JPN,1924,0.193,0.664,0
Japan,JPN,1925,0.19,0.664,0
Japan,JPN,1926,0.211,0.661,0
Japan,JPN,1927,0.211,0.661,0
Japan,JPN,1928,0.209,0.661,0
Japan,JPN,1929,0.209,0.661,0
Japan,JPN,1930,0.205,0.661,0
Japan,JPN,1931,0.205,0.661,0
Japan,JPN,1932,0.202,0.656,0
Japan,JPN,1933,0.201,0.647,0
Japan,JPN,1934,0.199,0.648,0
Japan,JPN,1935,0.194,0.648,0
Japan,JPN,1936,0.195,0.648,0
Japan,JPN,1937,0.173,0.648,0
Japan,JPN,1938,0.168,0.639,0
Japan,JPN,1939,0.167,0.641,0
Japan,JPN,1940,0.148,0.628,0
Japan,JPN,1941,0.147,0.627,0
Japan,JPN,1942,0.14,0.614,0
Japan,JPN,1943,0.137,0.614,0
Japan,JPN,1944,0.137,0.614,0
Japan,JPN,1945,0.182,0.64,1
Japan,JPN,1946,0.309,0.722,0
Japan,JPN,1947,0.37,0.858,0
Japan,JPN,1948,0.371,0.883,0
Japan,JPN,1949,0.372,0.883,0
Japan,JPN,1950,0.375,0.883,0
Japan,JPN,1951,0.376,0.883,0
Japan,JPN,1952,0.616,0.883,3
Japan,JPN,1953,0.777,0.911,3
Japan,JPN,1954,0.777,0.911,3
Japan,JPN,1955,0.812,0.911,3
Japan,JPN,1956,0.816,0.911,3
Japan,JPN,1957,0.816,0.911,3
Japan,JPN,1958,0.824,0.911,3
Japan,JPN,1959,0.829,0.911,3
Japan,JPN,1960,0.829,0.911,3
Japan,JPN,1961,0.831,0.911,3
Japan,JPN,1962,0.831,0.911,3
Japan,JPN,1963,0.831,0.911,3
Japan,JPN,1964,0.831,0.912,3
Japan,JPN,1965,0.831,0.913,3
Japan,JPN,1966,0.831,0.913,3
Japan,JPN,1967,0.83,0.913,3
Japan,JPN,1968,0.83,0.913,3
Japan,JPN,1969,0.83,0.913,3
Japan,JPN,1970,0.836,0.905,3
Japan,JPN,1971,0.837,0.905,3
Japan,JPN,1972,0.836,0.908,3
Japan,JPN,1973,0.832,0.908,3
Japan,JPN,1974,0.832,0.908,3
Japan,JPN,1975,0.832,0.908,3
Japan,JPN,1976,0.833,0.908,3
Japan,JPN,1977,0.838,0.908,3
Japan,JPN,1978,0.838,0.908,3
Japan,JPN,1979,0.838,0.908,3
Japan,JPN,1980,0.835,0.908,3
Japan,JPN,1981,0.835,0.908,3
Japan,JPN,1982,0.835,0.908,3
Japan,JPN,1983,0.836,0.908,3
Japan,JPN,1984,0.838,0.908,3
Japan,JPN,1985,0.838,0.908,3
Japan,JPN,1986,0.836,0.908,3
Japan,JPN,1987,0.834,0.908,3
Japan,JPN,1988,0.834,0.908,3
Japan,JPN,1989,0.834,0.908,3
Japan,JPN,1990,0.835,0.908,3
Japan,JPN,1991,0.835,0.908,3
Japan,JPN,1992,0.835,0.908,3
Japan,JPN,1993,0.837,0.908,3
Japan,JPN,1994,0.839,0.914,3
Japan,JPN,1995,0.839,0.914,3
Japan,JPN,1996,0.838,0.914,3
Japan,JPN,1997,0.837,0.914,3
Japan,JPN,1998,0.837,0.914,3
Japan,JPN,1999,0.837,0.914,3
Japan,JPN,2000,0.838,0.92,3
Japan,JPN,2001,0.838,0.92,3
Japan,JPN,2002,0.838,0.92,3
Japan,JPN,2003,0.838,0.92,3
Japan,JPN,2004,0.838,0.92,3
Japan,JPN,2005,0.841,0.92,3
Japan,JPN,2006,0.849,0.92,3
Japan,JPN,2007,0.849,0.92,3
Japan,JPN,2008,0.846,0.92,3
Japan,JPN,2009,0.854,0.92,3
Japan,JPN,2010,0.852,0.92,3
Japan,JPN,2011,0.852,0.92,3
Japan,JPN,2012,0.848,0.92,3
Japan,JPN,2013,0.815,0.918,3
Japan,JPN,2014,0.815,0.917,3
Japan,JPN,2015,0.817,0.916,3
Japan,JPN,2016,0.817,0.916,3
Japan,JPN,2017,0.821,0.915,3
Japan,JPN,2018,0.832,0.915,3
Japan,JPN,2019,0.83,0.915,3
Japan,JPN,2020,0.831,0.899,3
Japan,JPN,2021,0.824,0.902,3
Japan,JPN,2022,0.823,0.904,3
Japan,JPN,2023,0.826,0.907,3
Japan,JPN,2024,0.822,0.905,3
Japan,JPN,2025,0.819,0.905,3
Burma/Myanmar,MMR,1900,0.089,0.332,0
Burma/Myanmar,MMR,1901,0.089,0.332,0
Burma/Myanmar,MMR,1902,0.089,0.332,0
Burma/Myanmar,MMR,1903,0.089,0.332,0
Burma/Myanmar,MMR,1904,0.089,0.332,0
Burma/Myanmar,MMR,1905,0.089,0.332,0
Burma/Myanmar,MMR,1906,0.089,0.332,0
Burma/Myanmar,MMR,1907,0.089,0.332,0
Burma/Myanmar,MMR,1908,0.089,0.332,0
Burma/Myanmar,MMR,1909,0.089,0.332,0
Burma/Myanmar,MMR,1910,0.089,0.332,0
Burma/Myanmar,MMR,1911,0.089,0.332,0
Burma/Myanmar,MMR,1912,0.089,0.332,0
Burma/Myanmar,MMR,1913,0.089,0.332,0
Burma/Myanmar,MMR,1914,0.089,0.332,0
Burma/Myanmar,MMR,1915,0.089,0.332,0
Burma/Myanmar,MMR,1916,0.089,0.332,0
Burma/Myanmar,MMR,1917,0.089,0.332,0
Burma/Myanmar,MMR,1918,0.089,0.332,0
Burma/Myanmar,MMR,1919,0.089,0.332,0
Burma/Myanmar,MMR,1920,0.09,0.332,0
Burma/Myanmar,MMR,1921,0.095,0.332,0
Burma/Myanmar,MMR,1922,0.137,0.343,0
Burma/Myanmar,MMR,1923,0.197,0.391,0
Burma/Myanmar,MMR,1924,0.197,0.391,0
Burma/Myanmar,MMR,1925,0.197,0.391,0
Burma/Myanmar,MMR,1926,0.197,0.391,0
Burma/Myanmar,MMR,1927,0.197,0.391,0
Burma/Myanmar,MMR,1928,0.197,0.391,0
Burma/Myanmar,MMR,1929,0.196,0.391,0
Burma/Myanmar,MMR,1930,0.196,0.391,0
Burma/Myanmar,MMR,1931,0.196,0.391,0
Burma/Myanmar,MMR,1932,0.196,0.391,0
Burma/Myanmar,MMR,1933,0.199,0.391,0
Burma/Myanmar,MMR,1934,0.199,0.391,0
Burma/Myanmar,MMR,1935,0.204,0.39,0
Burma/Myanmar,MMR,1936,0.208,0.39,0
Burma/Myanmar,MMR,1937,0.223,0.39,0
Burma/Myanmar,MMR,1938,0.223,0.39,0
Burma/Myanmar,MMR,1939,0.223,0.39,0
Burma/Myanmar,MMR,1940,0.223,0.39,0
Burma/Myanmar,MMR,1941,0.215,0.39,0
Burma/Myanmar,MMR,1942,0.114,0.255,0
Burma/Myanmar,MMR,1943,0.092,0.221,0
Burma/Myanmar,MMR,1944,0.095,0.221,0
Burma/Myanmar,MMR,1945,0.13,0.255,0
Burma/Myanmar,MMR,1946,0.166,0.353,0
Burma/Myanmar,MMR,1947,0.194,0.358,0
Burma/Myanmar,MMR,1948,0.221,0.409,0
Burma/Myanmar,MMR,1949,0.225,0.409,0
Burma/Myanmar,MMR,1950,0.223,0.409,0
Burma/Myanmar,MMR,1951,0.255,0.409,1
Burma/Myanmar,MMR,1952,0.39,0.554,1
Burma/Myanmar,MMR,1953,0.426,0.572,1
Burma/Myanmar,MMR,1954,0.426,0.572,1
Burma/Myanmar,MMR,1955,0.426,0.572,1
Burma/Myanmar,MMR,1956,0.425,0.572,1
Burma/Myanmar,MMR,1957,0.424,0.572,1
Burma/Myanmar,MMR,1958,0.407,0.568,1
Burma/Myanmar,MMR,1959,0.407,0.566,1
Burma/Myanmar,MMR,1960,0.419,0.567,1
Burma/Myanmar,MMR,1961,0.426,0.554,1
Burma/Myanmar,MMR,1962,0.131,0.155,0
Burma/Myanmar,MMR,1963,0.077,0.052,0
Burma/Myanmar,MMR,1964,0.07,0.047,0
Burma/Myanmar,MMR,1965,0.07,0.046,0
Burma/Myanmar,MMR,1966,0.07,0.041,0
Burma/Myanmar,MMR,1967,0.07,0.041,0
Burma/Myanmar,MMR,1968,0.07,0.041,0
Burma/Myanmar,MMR,1969,0.07,0.041,0
Burma/Myanmar,MMR,1970,0.07,0.041,0
Burma/Myanmar,MMR,1971,0.07,0.041,0
Burma/Myanmar,MMR,1972,0.07,0.041,0
Burma/Myanmar,MMR,1973,0.07,0.041,0
Burma/Myanmar,MMR,1974,0.073,0.047,0
Burma/Myanmar,MMR,1975,0.074,0.058,0
Burma/Myanmar,MMR,1976,0.136,0.058,0
Burma/Myanmar,MMR,1977,0.136,0.058,0
Burma/Myanmar,MMR,1978,0.136,0.058,0
Burma/Myanmar,MMR,1979,0.136,0.058,0
Burma/Myanmar,MMR,1980,0.137,0.058,0
Burma/Myanmar,MMR,1981,0.137,0.058,0
Burma/Myanmar,MMR,1982,0.138,0.058,0
Burma/Myanmar,MMR,1983,0.138,0.058,0
Burma/Myanmar,MMR,1984,0.138,0.058,0
Burma/Myanmar,MMR,1985,0.138,0.058,0
Burma/Myanmar,MMR,1986,0.138,0.058,0
Burma/Myanmar,MMR,1987,0.138,0.058,0
Burma/Myanmar,MMR,1988,0.126,0.041,0
Burma/Myanmar,MMR,1989,0.09,0.043,0
Burma/Myanmar,MMR,1990,0.115,0.042,0
Burma/Myanmar,MMR,1991,0.096,0.042,0
Burma/Myanmar,MMR,1992,0.096,0.042,0
Burma/Myanmar,MMR,1993,0.096,0.042,0
Burma/Myanmar,MMR,1994,0.096,0.042,0
Burma/Myanmar,MMR,1995,0.096,0.042,0
Burma/Myanmar,MMR,1996,0.096,0.042,0
Burma/Myanmar,MMR,1997,0.096,0.042,0
Burma/Myanmar,MMR,1998,0.096,0.042,0
Burma/Myanmar,MMR,1999,0.096,0.042,0
Burma/Myanmar,MMR,2000,0.096,0.045,0
Burma/Myanmar,MMR,2001,0.096,0.045,0
Burma/Myanmar,MMR,2002,0.096,0.045,0
Burma/Myanmar,MMR,2003,0.096,0.045,0
Burma/Myanmar,MMR,2004,0.096,0.045,0
Burma/Myanmar,MMR,2005,0.096,0.045,0
Burma/Myanmar,MMR,2006,0.096,0.045,0
Burma/Myanmar,MMR,2007,0.096,0.041,0
Burma/Myanmar,MMR,2008,0.096,0.044,0
Burma/Myanmar,MMR,2009,0.097,0.045,0
Burma/Myanmar,MMR,2010,0.119,0.092,0
Burma/Myanmar,MMR,2011,0.223,0.281,1
Burma/Myanmar,MMR,2012,0.306,0.289,1
Burma/Myanmar,MMR,2013,0.355,0.312,1
Burma/Myanmar,MMR,2014,0.357,0.327,1
Burma/Myanmar,MMR,2015,0.37,0.364,1
Burma/Myanmar,MMR,2016,0.402,0.454,1
Burma/Myanmar,MMR,2017,0.402,0.459,1
Burma/Myanmar,MMR,2018,0.397,0.478,1
Burma/Myanmar,MMR,2019,0.421,0.488,1
Burma/Myanmar,MMR,2020,0.426,0.498,1
Burma/Myanmar,MMR,2021,0.102,0.048,0
Burma/Myanmar,MMR,2022,0.087,0.041,0
Burma/Myanmar,MMR,2023,0.077,0.042,0
Burma/Myanmar,MMR,2024,0.08,0.041,0
Burma/Myanmar,MMR,2025,0.08,0.04,0
Russia,RUS,1900,0.048,0.142,0
Russia,RUS,1901,0.047,0.144,0
Russia,RUS,1902,0.047,0.144,0
Russia,RUS,1903,0.047,0.144,0
Russia,RUS,1904,0.048,0.143,0
Russia,RUS,1905,0.067,0.133,0
Russia,RUS,1906,0.108,0.198,0
Russia,RUS,1907,0.109,0.209,0
Russia,RUS,1908,0.107,0.241,0
Russia,RUS,1909,0.107,0.25,0
Russia,RUS,1910,0.107,0.244,0
Russia,RUS,1911,0.107,0.252,0
Russia,RUS,1912,0.108,0.253,0
Russia,RUS,1913,0.108,0.252,0
Russia,RUS,1914,0.106,0.245,0
Russia,RUS,1915,0.105,0.237,0
Russia,RUS,1916,0.105,0.233,0
Russia,RUS,1917,0.098,0.215,1
Russia,RUS,1918,0.126,0.068,0
Russia,RUS,1919,0.114,0.052,0
Russia,RUS,1920,0.114,0.049,0
Russia,RUS,1921,0.111,0.05,0
Russia,RUS,1922,0.111,0.048,0
Russia,RUS,1923,0.114,0.047,0
Russia,RUS,1924,0.114,0.038,0
Russia,RUS,1925,0.112,0.037,0
Russia,RUS,1926,0.112,0.037,0
Russia,RUS,1927,0.112,0.037,0
Russia,RUS,1928,0.112,0.036,0
Russia,RUS,1929,0.111,0.035,0
Russia,RUS,1930,0.111,0.034,0
Russia,RUS,1931,0.111,0.034,0
Russia,RUS,1932,0.111,0.033,0
Russia,RUS,1933,0.111,0.032,0
Russia,RUS,1934,0.111,0.031,0
Russia,RUS,1935,0.111,0.031,0
Russia,RUS,1936,0.111,0.03,0
Russia,RUS,1937,0.116,0.03,0
Russia,RUS,1938,0.096,0.03,0
Russia,RUS,1939,0.096,0.03,0
Russia,RUS,1940,0.096,0.03,0
Russia,RUS,1941,0.093,0.031,0
Russia,RUS,1942,0.093,0.031,0
Russia,RUS,1943,0.093,0.031,0
Russia,RUS,1944,0.093,0.031,0
Russia,RUS,1945,0.093,0.032,0
Russia,RUS,1946,0.1,0.032,0
Russia,RUS,1947,0.1,0.032,0
Russia,RUS,1948,0.099,0.031,0
Russia,RUS,1949,0.099,0.031,0
Russia,RUS,1950,0.102,0.03,0
Russia,RUS,1951,0.103,0.03,0
Russia,RUS,1952,0.103,0.03,0
Russia,RUS,1953,0.103,0.031,0
Russia,RUS,1954,0.105,0.053,0
Russia,RUS,1955,0.105,0.054,0
Russia,RUS,1956,0.105,0.057,0
Russia,RUS,1957,0.105,0.062,0
Russia,RUS,1958,0.106,0.062,0
Russia,RUS,1959,0.106,0.063,0
Russia,RUS,1960,0.106,0.062,0
Russia,RUS,1961,0.106,0.063,0
Russia,RUS,1962,0.095,0.063,0
Russia,RUS,1963,0.092,0.063,0
Russia,RUS,1964,0.092,0.063,0
Russia,RUS,1965,0.092,0.064,0
Russia,RUS,1966,0.092,0.064,0
Russia,RUS,1967,0.092,0.066,0
Russia,RUS,1968,0.092,0.065,0
Russia,RUS,1969,0.092,0.064,0
Russia,RUS,1970,0.101,0.064,0
Russia,RUS,1971,0.109,0.065,0
Russia,RUS,1972,0.108,0.065,0
Russia,RUS,1973,0.108,0.065,0
Russia,RUS,1974,0.107,0.066,0
Russia,RUS,1975,0.107,0.066,0
Russia,RUS,1976,0.107,0.065,0
Russia,RUS,1977,0.107,0.064,0
Russia,RUS,1978,0.107,0.064,0
Russia,RUS,1979,0.107,0.065,0
Russia,RUS,1980,0.107,0.078,0
Russia,RUS,1981,0.107,0.078,0
Russia,RUS,1982,0.107,0.078,0
Russia,RUS,1983,0.107,0.076,0
Russia,RUS,1984,0.106,0.076,0
Russia,RUS,1985,0.109,0.081,0
Russia,RUS,1986,0.117,0.107,0
Russia,RUS,1987,0.144,0.108,0
Russia,RUS,1988,0.145,0.115,0
Russia,RUS,1989,0.176,0.168,0
Russia,RUS,1990,0.234,0.235,0
Russia,RUS,1991,0.255,0.324,1
Russia,RUS,1992,0.498,0.518,1
Russia,RUS,1993,0.48,0.527,1
Russia,RUS,1994,0.477,0.533,1
Russia,RUS,1995,0.477,0.542,1
Russia,RUS,1996,0.461,0.544,1
Russia,RUS,1997,0.456,0.54,1
Russia,RUS,1998,0.456,0.539,1
Russia,RUS,1999,0.461,0.531,1
Russia,RUS,2000,0.403,0.44,1
Russia,RUS,2001,0.374,0.417,1
Russia,RUS,2002,0.354,0.367,1
Russia,RUS,2003,0.339,0.352,1
Russia,RUS,2004,0.321,0.335,1
Russia,RUS,2005,0.32,0.323,1
Russia,RUS,2006,0.322,0.323,1
Russia,RUS,2007,0.316,0.315,1
Russia,RUS,2008,0.302,0.308,1
Russia,RUS,2009,0.309,0.309,1
Russia,RUS,2010,0.306,0.294,1
Russia,RUS,2011,0.299,0.296,1
Russia,RUS,2012,0.278,0.279,1
Russia,RUS,2013,0.276,0.261,1
Russia,RUS,2014,0.264,0.252,1
Russia,RUS,2015,0.265,0.25,1
Russia,RUS,2016,0.263,0.243,1
Russia,RUS,2017,0.261,0.246,1
Russia,RUS,2018,0.264,0.244,1
Russia,RUS,2019,0.259,0.241,1
Russia,RUS,2020,0.255,0.222,1
Russia,RUS,2021,0.245,0.219,1
Russia,RUS,2022,0.206,0.168,1
Russia,RUS,2023,0.19,0.164,1
Russia,RUS,2024,0.171,0.149,1
Russia,RUS,2025,0.17,0.147,1
Albania,ALB,1914,0.099,0.471,0
Albania,ALB,1915,0.082,0.323,0
Albania,ALB,1916,0.095,0.32,0
Albania,ALB,1917,0.095,0.32,0
Albania,ALB,1918,0.097,0.327,0
Albania,ALB,1919,0.134,0.409,0
Albania,ALB,1920,0.142,0.468,0
Albania,ALB,1921,0.214,0.449,1
Albania,ALB,1922,0.225,0.513,1
Albania,ALB,1923,0.209,0.484,1
Albania,ALB,1924,0.147,0.303,1
Albania,ALB,1925,0.166,0.419,1
Albania,ALB,1926,0.172,0.403,1
Albania,ALB,1927,0.173,0.405,1
Albania,ALB,1928,0.173,0.398,1
Albania,ALB,1929,0.141,0.415,0
Albania,ALB,1930,0.141,0.415,0
Albania,ALB,1931,0.141,0.415,0
Albania,ALB,1932,0.15,0.415,1
Albania,ALB,1933,0.172,0.41,1
Albania,ALB,1934,0.172,0.415,1
Albania,ALB,1935,0.171,0.415,1
Albania,ALB,1936,0.171,0.415,1
Albania,ALB,1937,0.122,0.338,1
Albania,ALB,1938,0.107,0.317,0
Albania,ALB,1939,0.07,0.298,0
Albania,ALB,1940,0.049,0.226,0
Albania,ALB,1941,0.049,0.227,0
Albania,ALB,1942,0.049,0.227,0
Albania,ALB,1943,0.051,0.201,0
Albania,ALB,1944,0.049,0.22,0
Albania,ALB,1945,0.045,0.107,0
Albania,ALB,1946,0.07,0.131,1
Albania,ALB,1947,0.161,0.137,1
Albania,ALB,1948,0.161,0.137,1
Albania,ALB,1949,0.165,0.137,0
Albania,ALB,1950,0.17,0.137,0
Albania,ALB,1951,0.173,0.137,0
Albania,ALB,1952,0.173,0.137,0
Albania,ALB,1953,0.173,0.137,0
Albania,ALB,1954,0.173,0.137,0
Albania,ALB,1955,0.173,0.137,0
Albania,ALB,1956,0.173,0.137,0
Albania,ALB,1957,0.173,0.137,0
Albania,ALB,1958,0.173,0.137,0
Albania,ALB,1959,0.173,0.137,0
Albania,ALB,1960,0.174,0.137,0
Albania,ALB,1961,0.174,0.137,0
Albania,ALB,1962,0.174,0.137,0
Albania,ALB,1963,0.173,0.137,0
Albania,ALB,1964,0.173,0.137,0
Albania,ALB,1965,0.173,0.137,0
Albania,ALB,1966,0.173,0.136,0
Albania,ALB,1967,0.173,0.136,0
Albania,ALB,1968,0.173,0.136,0
Albania,ALB,1969,0.173,0.136,0
Albania,ALB,1970,0.173,0.136,0
Albania,ALB,1971,0.173,0.136,0
Albania,ALB,1972,0.173,0.136,0
Albania,ALB,1973,0.173,0.136,0
Albania,ALB,1974,0.173,0.136,0
Albania,ALB,1975,0.173,0.136,0
Albania,ALB,1976,0.173,0.145,0
Albania,ALB,1977,0.173,0.145,0
Albania,ALB,1978,0.173,0.145,0
Albania,ALB,1979,0.174,0.145,0
Albania,ALB,1980,0.174,0.145,0
Albania,ALB,1981,0.174,0.145,0
Albania,ALB,1982,0.174,0.145,0
Albania,ALB,1983,0.173,0.145,0
Albania,ALB,1984,0.173,0.145,0
Albania,ALB,1985,0.173,0.145,0
Albania,ALB,1986,0.173,0.15,0
Albania,ALB,1987,0.173,0.149,0
Albania,ALB,1988,0.173,0.149,0
Albania,ALB,1989,0.173,0.149,0
Albania,ALB,1990,0.187,0.184,0
Albania,ALB,1991,0.367,0.59,1
Albania,ALB,1992,0.42,0.718,1
Albania,ALB,1993,0.421,0.685,1
Albania,ALB,1994,0.421,0.734,1
Albania,ALB,1995,0.427,0.732,1
Albania,ALB,1996,0.387,0.732,1
Albania,ALB,1997,0.371,0.729,1
Albania,ALB,1998,0.39,0.737,1
Albania,ALB,1999,0.392,0.742,1
Albania,ALB,2000,0.402,0.768,1
Albania,ALB,2001,0.438,0.774,1
Albania,ALB,2002,0.48,0.783,1
Albania,ALB,2003,0.486,0.778,1
Albania,ALB,2004,0.491,0.795,1
Albania,ALB,2005,0.518,0.795,2
Albania,ALB,2006,0.546,0.795,2
Albania,ALB,2007,0.551,0.795,2
Albania,ALB,2008,0.551,0.796,2
Albania,ALB,2009,0.544,0.8,2
Albania,ALB,2010,0.539,0.795,2
Albania,ALB,2011,0.539,0.797,2
Albania,ALB,2012,0.54,0.8,2
Albania,ALB,2013,0.523,0.806,2
Albania,ALB,2014,0.522,0.815,2
Albania,ALB,2015,0.518,0.815,2
Albania,ALB,2016,0.52,0.815,2
Albania,ALB,2017,0.536,0.792,2
Albania,ALB,2018,0.524,0.796,2
Albania,ALB,2019,0.511,0.808,2
Albania,ALB,2020,0.528,0.815,2
Albania,ALB,2021,0.526,0.81,2
Albania,ALB,2022,0.517,0.804,2
Albania,ALB,2023,0.505,0.744,2
Albania,ALB,2024,0.51,0.742,2
Albania,ALB,2025,0.484,0.742,1
Egypt,EGY,1900,0.115,0.574,0
Egypt,EGY,1901,0.114,0.574,0
Egypt,EGY,1902,0.114,0.574,0
Egypt,EGY,1903,0.114,0.574,0
Egypt,EGY,1904,0.114,0.574,0
Egypt,EGY,1905,0.114,0.574,0
Egypt,EGY,1906,0.114,0.574,0
Egypt,EGY,1907,0.121,0.574,0
Egypt,EGY,1908,0.121,0.587,0
Egypt,EGY,1909,0.121,0.587,0
Egypt,EGY,1910,0.121,0.571,0
Egypt,EGY,1911,0.121,0.579,0
Egypt,EGY,1912,0.121,0.579,0
Egypt,EGY,1913,0.102,0.475,0
Egypt,EGY,1914,0.079,0.459,0
Egypt,EGY,1915,0.079,0.369,0
Egypt,EGY,1916,0.079,0.369,0
Egypt,EGY,1917,0.079,0.369,0
Egypt,EGY,1918,0.079,0.367,0
Egypt,EGY,1919,0.079,0.364,0
Egypt,EGY,1920,0.078,0.364,0
Egypt,EGY,1921,0.078,0.364,0
Egypt,EGY,1922,0.078,0.364,0
Egypt,EGY,1923,0.08,0.541,0
Egypt,EGY,1924,0.113,0.601,0
Egypt,EGY,1925,0.113,0.603,0
Egypt,EGY,1926,0.113,0.603,0
Egypt,EGY,1927,0.113,0.603,0
Egypt,EGY,1928,0.113,0.603,0
Egypt,EGY,1929,0.113,0.603,0
Egypt,EGY,1930,0.11,0.606,0
Egypt,EGY,1931,0.084,0.606,0
Egypt,EGY,1932,0.084,0.606,0
Egypt,EGY,1933,0.084,0.606,0
Egypt,EGY,1934,0.084,0.606,0
Egypt,EGY,1935,0.084,0.606,0
Egypt,EGY,1936,0.109,0.606,0
Egypt,EGY,1937,0.109,0.606,0
Egypt,EGY,1938,0.124,0.606,0
Egypt,EGY,1939,0.124,0.606,0
Egypt,EGY,1940,0.124,0.606,0
Egypt,EGY,1941,0.124,0.606,0
Egypt,EGY,1942,0.124,0.606,0
Egypt,EGY,1943,0.124,0.606,0
Egypt,EGY,1944,0.124,0.606,0
Egypt,EGY,1945,0.148,0.606,1
Egypt,EGY,1946,0.149,0.606,1
Egypt,EGY,1947,0.149,0.606,1
Egypt,EGY,1948,0.149,0.606,1
Egypt,EGY,1949,0.149,0.606,1
Egypt,EGY,1950,0.175,0.61,1
Egypt,EGY,1951,0.174,0.61,1
Egypt,EGY,1952,0.148,0.588,1
Egypt,EGY,1953,0.066,0.361,0
Egypt,EGY,1954,0.057,0.331,0
Egypt,EGY,1955,0.057,0.328,0
Egypt,EGY,1956,0.09,0.328,0
Egypt,EGY,1957,0.168,0.416,0
Egypt,EGY,1958,0.153,0.337,0
Egypt,EGY,1959,0.15,0.331,0
Egypt,EGY,1960,0.163,0.368,0
Egypt,EGY,1961,0.148,0.354,0
Egypt,EGY,1962,0.126,0.322,0
Egypt,EGY,1963,0.149,0.322,0
Egypt,EGY,1964,0.177,0.415,0
Egypt,EGY,1965,0.183,0.438,0
Egypt,EGY,1966,0.183,0.438,0
Egypt,EGY,1967,0.182,0.433,0
Egypt,EGY,1968,0.182,0.431,0
Egypt,EGY,1969,0.18,0.431,0
Egypt,EGY,1970,0.188,0.442,0
Egypt,EGY,1971,0.202,0.489,0
Egypt,EGY,1972,0.195,0.49,0
Egypt,EGY,1973,0.196,0.49,0
Egypt,EGY,1974,0.196,0.486,0
Egypt,EGY,1975,0.196,0.486,0
Egypt,EGY,1976,0.207,0.486,1
Egypt,EGY,1977,0.207,0.482,1
Egypt,EGY,1978,0.207,0.48,1
Egypt,EGY,1979,0.202,0.48,1
Egypt,EGY,1980,0.181,0.364,1
Egypt,EGY,1981,0.191,0.5,1
Egypt,EGY,1982,0.217,0.502,1
Egypt,EGY,1983,0.217,0.498,1
Egypt,EGY,1984,0.215,0.503,1
Egypt,EGY,1985,0.214,0.503,1
Egypt,EGY,1986,0.219,0.508,1
Egypt,EGY,1987,0.22,0.499,1
Egypt,EGY,1988,0.223,0.499,1
Egypt,EGY,1989,0.224,0.499,1
Egypt,EGY,1990,0.223,0.462,1
Egypt,EGY,1991,0.212,0.462,1
Egypt,EGY,1992,0.212,0.462,1
Egypt,EGY,1993,0.216,0.462,1
Egypt,EGY,1994,0.217,0.451,1
Egypt,EGY,1995,0.217,0.457,1
Egypt,EGY,1996,0.215,0.457,1
Egypt,EGY,1997,0.213,0.457,1
Egypt,EGY,1998,0.215,0.454,1
Egypt,EGY,1999,0.215,0.454,1
Egypt,EGY,2000,0.217,0.446,1
Egypt,EGY,2001,0.209,0.447,1
Egypt,EGY,2002,0.209,0.447,1
Egypt,EGY,2003,0.209,0.447,1
Egypt,EGY,2004,0.208,0.447,1
Egypt,EGY,2005,0.21,0.447,1
Egypt,EGY,2006,0.212,0.447,1
Egypt,EGY,2007,0.212,0.446,1
Egypt,EGY,2008,0.212,0.446,1
Egypt,EGY,2009,0.211,0.446,1
Egypt,EGY,2010,0.212,0.446,1
Egypt,EGY,2011,0.204,0.348,1
Egypt,EGY,2012,0.298,0.375,1
Egypt,EGY,2013,0.187,0.276,0
Egypt,EGY,2014,0.137,0.273,1
Egypt,EGY,2015,0.156,0.29,1
Egypt,EGY,2016,0.178,0.37,1
Egypt,EGY,2017,0.178,0.342,1
Egypt,EGY,2018,0.176,0.338,1
Egypt,EGY,2019,0.174,0.356,1
Egypt,EGY,2020,0.176,0.359,1
Egypt,EGY,2021,0.18,0.35,1
Egypt,EGY,2022,0.183,0.372,1
Egypt,EGY,2023,0.187,0.371,1
Egypt,EGY,2024,0.186,0.368,1
Egypt,EGY,2025,0.187,0.34,1
Yemen,YEM,1918,0.018,0.048,0
Yemen,YEM,1919,0.018,0.048,0
Yemen,YEM,1920,0.018,0.048,0
Yemen,YEM,1921,0.018,0.048,0
Yemen,YEM,1922,0.018,0.048,0
Yemen,YEM,1923,0.018,0.048,0
Yemen,YEM,1924,0.018,0.048,0
Yemen,YEM,1925,0.018,0.048,0
Yemen,YEM,1926,0.018,0.048,0
Yemen,YEM,1927,0.018,0.048,0
Yemen,YEM,1928,0.018,0.048,0
Yemen,YEM,1929,0.018,0.048,0
Yemen,YEM,1930,0.018,0.048,0
Yemen,YEM,1931,0.018,0.048,0
Yemen,YEM,1932,0.018,0.048,0
Yemen,YEM,1933,0.018,0.048,0
Yemen,YEM,1934,0.018,0.048,0
Yemen,YEM,1935,0.018,0.048,0
Yemen,YEM,1936,0.018,0.048,0
Yemen,YEM,1937,0.018,0.048,0
Yemen,YEM,1938,0.018,0.048,0
Yemen,YEM,1939,0.018,0.048,0
Yemen,YEM,1940,0.018,0.048,0
Yemen,YEM,1941,0.018,0.048,0
Yemen,YEM,1942,0.018,0.048,0
Yemen,YEM,1943,0.018,0.048,0
Yemen,YEM,1944,0.018,0.048,0
Yemen,YEM,1945,0.018,0.048,0
Yemen,YEM,1946,0.018,0.048,0
Yemen,YEM,1947,0.018,0.048,0
Yemen,YEM,1948,0.018,0.048,0
Yemen,YEM,1949,0.018,0.07,0
Yemen,YEM,1950,0.018,0.07,0
Yemen,YEM,1951,0.018,0.07,0
Yemen,YEM,1952,0.018,0.07,0
Yemen,YEM,1953,0.018,0.09,0
Yemen,YEM,1954,0.018,0.113,0
Yemen,YEM,1955,0.018,0.113,0
Yemen,YEM,1956,0.018,0.113,0
Yemen,YEM,1957,0.018,0.113,0
Yemen,YEM,1958,0.019,0.113,0
Yemen,YEM,1959,0.019,0.113,0
Yemen,YEM,1960,0.019,0.13,0
Yemen,YEM,1961,0.019,0.13,0
Yemen,YEM,1962,0.017,0.129,0
Yemen,YEM,1963,0.024,0.166,0
Yemen,YEM,1964,0.025,0.173,0
Yemen,YEM,1965,0.023,0.173,0
Yemen,YEM,1966,0.023,0.173,0
Yemen,YEM,1967,0.023,0.143,0
Yemen,YEM,1968,0.025,0.143,0
Yemen,YEM,1969,0.026,0.143,0
Yemen,YEM,1970,0.027,0.143,0
Yemen,YEM,1971,0.112,0.236,0
Yemen,YEM,1972,0.116,0.197,0
Yemen,YEM,1973,0.115,0.199,0
Yemen,YEM,1974,0.117,0.222,0
Yemen,YEM,1975,0.093,0.184,0
Yemen,YEM,1976,0.093,0.185,0
Yemen,YEM,1977,0.092,0.186,0
Yemen,YEM,1978,0.09,0.21,0
Yemen,YEM,1979,0.089,0.21,0
Yemen,YEM,1980,0.09,0.21,0
Yemen,YEM,1981,0.09,0.21,0
Yemen,YEM,1982,0.089,0.21,0
Yemen,YEM,1983,0.089,0.21,0
Yemen,YEM,1984,0.089,0.21,0
Yemen,YEM,1985,0.089,0.21,0
Yemen,YEM,1986,0.089,0.21,0
Yemen,YEM,1987,0.089,0.205,0
Yemen,YEM,1988,0.129,0.205,1
Yemen,YEM,1989,0.17,0.205,1
Yemen,YEM,1990,0.224,0.306,1
Yemen,YEM,1991,0.28,0.369,1
Yemen,YEM,1992,0.281,0.369,1
Yemen,YEM,1993,0.309,0.368,1
Yemen,YEM,1994,0.318,0.318,1
Yemen,YEM,1995,0.299,0.292,1
Yemen,YEM,1996,0.299,0.292,1
Yemen,YEM,1997,0.279,0.324,1
Yemen,YEM,1998,0.266,0.324,1
Yemen,YEM,1999,0.262,0.324,1
Yemen,YEM,2000,0.263,0.337,1
Yemen,YEM,2001,0.261,0.337,1
Yemen,YEM,2002,0.261,0.343,1
Yemen,YEM,2003,0.275,0.375,1
Yemen,YEM,2004,0.281,0.375,1
Yemen,YEM,2005,0.281,0.375,1
Yemen,YEM,2006,0.283,0.375,1
Yemen,YEM,2007,0.283,0.375,1
Yemen,YEM,2008,0.285,0.375,1
Yemen,YEM,2009,0.285,0.375,1
Yemen,YEM,2010,0.286,0.37,1
Yemen,YEM,2011,0.31,0.308,1
Yemen,YEM,2012,0.357,0.327,1
Yemen,YEM,2013,0.336,0.306,1
Yemen,YEM,2014,0.3,0.241,1
Yemen,YEM,2015,0.184,0.181,1
Yemen,YEM,2016,0.113,0.107,0
Yemen,YEM,2017,0.112,0.105,0
Yemen,YEM,2018,0.113,0.098,0
Yemen,YEM,2019,0.117,0.112,0
Yemen,YEM,2020,0.113,0.094,0
Yemen,YEM,2021,0.116,0.093,0
Yemen,YEM,2022,0.123,0.119,0
Yemen,YEM,2023,0.128,0.132,0
Yemen,YEM,2024,0.126,0.139,0
Yemen,YEM,2025,0.127,0.125,0
Colombia,COL,1900,0.16,0.24,0
Colombia,COL,1901,0.16,0.24,0
Colombia,COL,1902,0.16,0.24,0
Colombia,COL,1903,0.187,0.484,0
Colombia,COL,1904,0.191,0.469,0
Colombia,COL,1905,0.183,0.439,0
Colombia,COL,1906,0.187,0.439,0
Colombia,COL,1907,0.187,0.439,0
Colombia,COL,1908,0.187,0.439,0
Colombia,COL,1909,0.184,0.439,0
Colombia,COL,1910,0.241,0.53,0
Colombia,COL,1911,0.269,0.534,0
Colombia,COL,1912,0.269,0.534,0
Colombia,COL,1913,0.269,0.534,0
Colombia,COL,1914,0.238,0.534,1
Colombia,COL,1915,0.235,0.534,1
Colombia,COL,1916,0.235,0.534,1
Colombia,COL,1917,0.235,0.534,1
Colombia,COL,1918,0.233,0.534,1
Colombia,COL,1919,0.233,0.534,1
Colombia,COL,1920,0.238,0.534,1
Colombia,COL,1921,0.237,0.534,1
Colombia,COL,1922,0.228,0.534,1
Colombia,COL,1923,0.226,0.534,1
Colombia,COL,1924,0.224,0.534,1
Colombia,COL,1925,0.224,0.534,1
Colombia,COL,1926,0.22,0.534,1
Colombia,COL,1927,0.219,0.534,1
Colombia,COL,1928,0.219,0.534,1
Colombia,COL,1929,0.219,0.529,1
Colombia,COL,1930,0.233,0.538,1
Colombia,COL,1931,0.238,0.539,1
Colombia,COL,1932,0.24,0.539,1
Colombia,COL,1933,0.238,0.539,1
Colombia,COL,1934,0.236,0.539,1
Colombia,COL,1935,0.237,0.539,1
Colombia,COL,1936,0.245,0.545,1
Colombia,COL,1937,0.246,0.545,1
Colombia,COL,1938,0.247,0.545,1
Colombia,COL,1939,0.246,0.545,1
Colombia,COL,1940,0.246,0.545,1
Colombia,COL,1941,0.244,0.545,1
Colombia,COL,1942,0.241,0.544,1
Colombia,COL,1943,0.24,0.544,1
Colombia,COL,1944,0.24,0.544,1
Colombia,COL,1945,0.263,0.544,1
Colombia,COL,1946,0.26,0.486,1
Colombia,COL,1947,0.25,0.486,1
Colombia,COL,1948,0.206,0.453,1
Colombia,COL,1949,0.178,0.217,1
Colombia,COL,1950,0.142,0.171,1
Colombia,COL,1951,0.175,0.381,1
Colombia,COL,1952,0.177,0.381,1
Colombia,COL,1953,0.131,0.364,1
Colombia,COL,1954,0.097,0.35,1
Colombia,COL,1955,0.097,0.352,1
Colombia,COL,1956,0.097,0.352,1
Colombia,COL,1957,0.099,0.365,1
Colombia,COL,1958,0.228,0.513,1
Colombia,COL,1959,0.332,0.579,1
Colombia,COL,1960,0.348,0.582,1
Colombia,COL,1961,0.354,0.582,1
Colombia,COL,1962,0.356,0.582,1
Colombia,COL,1963,0.356,0.582,1
Colombia,COL,1964,0.354,0.582,1
Colombia,COL,1965,0.355,0.582,1
Colombia,COL,1966,0.355,0.582,1
Colombia,COL,1967,0.356,0.582,1
Colombia,COL,1968,0.356,0.587,1
Colombia,COL,1969,0.356,0.587,1
Colombia,COL,1970,0.35,0.59,1
Colombia,COL,1971,0.361,0.59,1
Colombia,COL,1972,0.369,0.59,1
Colombia,COL,1973,0.369,0.589,1
Colombia,COL,1974,0.411,0.58,1
Colombia,COL,1975,0.445,0.594,1
Colombia,COL,1976,0.445,0.603,1
Colombia,COL,1977,0.447,0.603,1
Colombia,COL,1978,0.424,0.573,1
Colombia,COL,1979,0.405,0.566,1
Colombia,COL,1980,0.409,0.566,1
Colombia,COL,1981,0.409,0.566,1
Colombia,COL,1982,0.409,0.58,1
Colombia,COL,1983,0.466,0.605,1
Colombia,COL,1984,0.455,0.619,1
Colombia,COL,1985,0.454,0.619,1
Colombia,COL,1986,0.448,0.61,1
Colombia,COL,1987,0.446,0.614,1
Colombia,COL,1988,0.443,0.596,1
Colombia,COL,1989,0.443,0.596,1
Colombia,COL,1990,0.473,0.594,1
Colombia,COL,1991,0.516,0.716,2
Colombia,COL,1992,0.558,0.733,2
Colombia,COL,1993,0.558,0.734,2
Colombia,COL,1994,0.558,0.735,2
Colombia,COL,1995,0.56,0.737,2
Colombia,COL,1996,0.554,0.737,2
Colombia,COL,1997,0.554,0.745,2
Colombia,COL,1998,0.546,0.745,2
Colombia,COL,1999,0.538,0.745,2
Colombia,COL,2000,0.55,0.745,2
Colombia,COL,2001,0.542,0.745,2
Colombia,COL,2002,0.534,0.742,2
Colombia,COL,2003,0.535,0.759,2
Colombia,COL,2004,0.537,0.759,2
Colombia,COL,2005,0.542,0.762,2
Colombia,COL,2006,0.571,0.764,2
Colombia,COL,2007,0.583,0.768,2
Colombia,COL,2008,0.585,0.768,2
Colombia,COL,2009,0.587,0.77,2
Colombia,COL,2010,0.624,0.786,2
Colombia,COL,2011,0.66,0.808,2
Colombia,COL,2012,0.661,0.805,2
Colombia,COL,2013,0.669,0.792,2
Colombia,COL,2014,0.677,0.794,2
Colombia,COL,2015,0.681,0.792,2
Colombia,COL,2016,0.682,0.791,2
Colombia,COL,2017,0.68,0.798,2
Colombia,COL,2018,0.666,0.787,2
Colombia,COL,2019,0.651,0.763,2
Colombia,COL,2020,0.643,0.751,2
Colombia,COL,2021,0.654,0.74,2
Colombia,COL,2022,0.696,0.797,2
Colombia,COL,2023,0.711,0.795,2
Colombia,COL,2024,0.698,0.782,2
Colombia,COL,2025,0.679,0.81,2
Poland,POL,1918,0.255,0.581,0
Poland,POL,1919,0.354,0.762,1
Poland,POL,1920,0.616,0.798,2
Poland,POL,1921,0.613,0.809,2
Poland,POL,1922,0.62,0.818,2
Poland,POL,1923,0.62,0.818,2
Poland,POL,1924,0.62,0.818,2
Poland,POL,1925,0.62,0.814,2
Poland,POL,1926,0.414,0.73,0
Poland,POL,1927,0.297,0.67,0
Poland,POL,1928,0.268,0.655,0
Poland,POL,1929,0.259,0.655,0
Poland,POL,1930,0.235,0.651,0
Poland,POL,1931,0.22,0.654,0
Poland,POL,1932,0.22,0.654,0
Poland,POL,1933,0.22,0.654,0
Poland,POL,1934,0.219,0.652,0
Poland,POL,1935,0.263,0.579,1
Poland,POL,1936,0.284,0.571,1
Poland,POL,1937,0.284,0.57,1
Poland,POL,1938,0.279,0.569,1
Poland,POL,1944,0.161,0.317,0
Poland,POL,1945,0.16,0.322,0
Poland,POL,1946,0.163,0.321,0
Poland,POL,1947,0.18,0.321,1
Poland,POL,1948,0.179,0.316,1
Poland,POL,1949,0.172,0.316,1
Poland,POL,1950,0.172,0.314,1
Poland,POL,1951,0.172,0.319,1
Poland,POL,1952,0.171,0.319,0
Poland,POL,1953,0.168,0.319,0
Poland,POL,1954,0.168,0.319,0
Poland,POL,1955,0.168,0.319,0
Poland,POL,1956,0.17,0.335,0
Poland,POL,1957,0.197,0.4,1
Poland,POL,1958,0.198,0.4,1
Poland,POL,1959,0.198,0.4,1
Poland,POL,1960,0.198,0.4,1
Poland,POL,1961,0.189,0.4,0
Poland,POL,1962,0.186,0.4,0
Poland,POL,1963,0.186,0.4,0
Poland,POL,1964,0.186,0.4,0
Poland,POL,1965,0.185,0.4,0
Poland,POL,1966,0.185,0.4,0
Poland,POL,1967,0.185,0.4,0
Poland,POL,1968,0.185,0.399,0
Poland,POL,1969,0.186,0.401,0
Poland,POL,1970,0.186,0.403,0
Poland,POL,1971,0.188,0.402,0
Poland,POL,1972,0.19,0.402,0
Poland,POL,1973,0.191,0.405,0
Poland,POL,1974,0.191,0.405,0
Poland,POL,1975,0.191,0.409,0
Poland,POL,1976,0.186,0.406,0
Poland,POL,1977,0.186,0.406,0
Poland,POL,1978,0.186,0.41,0
Poland,POL,1979,0.186,0.41,0
Poland,POL,1980,0.209,0.413,0
Poland,POL,1981,0.207,0.374,0
Poland,POL,1982,0.186,0.356,0
Poland,POL,1983,0.186,0.368,0
Poland,POL,1984,0.191,0.407,0
Poland,POL,1985,0.19,0.423,0
Poland,POL,1986,0.191,0.437,0
Poland,POL,1987,0.189,0.461,0
Poland,POL,1988,0.194,0.471,0
Poland,POL,1989,0.379,0.657,1
Poland,POL,1990,0.74,0.905,2
Poland,POL,1991,0.866,0.905,2
Poland,POL,1992,0.888,0.908,2
Poland,POL,1993,0.887,0.913,3
Poland,POL,1994,0.89,0.913,3
Poland,POL,1995,0.889,0.913,3
Poland,POL,1996,0.882,0.913,3
Poland,POL,1997,0.871,0.913,3
Poland,POL,1998,0.876,0.915,3
Poland,POL,1999,0.876,0.918,3
Poland,POL,2000,0.878,0.918,3
Poland,POL,2001,0.882,0.918,3
Poland,POL,2002,0.882,0.927,3
Poland,POL,2003,0.882,0.927,3
Poland,POL,2004,0.882,0.927,3
Poland,POL,2005,0.884,0.927,3
Poland,POL,2006,0.877,0.926,3
Poland,POL,2007,0.874,0.926,3
Poland,POL,2008,0.891,0.929,3
Poland,POL,2009,0.891,0.929,3
Poland,POL,2010,0.892,0.932,3
Poland,POL,2011,0.893,0.931,3
Poland,POL,2012,0.893,0.931,3
Poland,POL,2013,0.89,0.928,3
Poland,POL,2014,0.882,0.926,3
Poland,POL,2015,0.876,0.88,3
Poland,POL,2016,0.731,0.808,2
Poland,POL,2017,0.698,0.759,2
Poland,POL,2018,0.694,0.728,2
Poland,POL,2019,0.682,0.712,2
Poland,POL,2020,0.616,0.693,2
Poland,POL,2021,0.587,0.685,2
Poland,POL,2022,0.578,0.685,2
Poland,POL,2023,0.598,0.735,2
Poland,POL,2024,0.73,0.838,2
Poland,POL,2025,0.768,0.834,2
Brazil,BRA,1900,0.196,0.366,1
Brazil,BRA,1901,0.196,0.366,1
Brazil,BRA,1902,0.189,0.366,1
Brazil,BRA,1903,0.188,0.366,1
Brazil,BRA,1904,0.192,0.366,1
Brazil,BRA,1905,0.194,0.365,1
Brazil,BRA,1906,0.194,0.365,1
Brazil,BRA,1907,0.194,0.365,1
Brazil,BRA,1908,0.194,0.365,1
Brazil,BRA,1909,0.193,0.365,1
Brazil,BRA,1910,0.196,0.365,1
Brazil,BRA,1911,0.197,0.365,1
Brazil,BRA,1912,0.197,0.365,1
Brazil,BRA,1913,0.197,0.365,1
Brazil,BRA,1914,0.195,0.365,1
Brazil,BRA,1915,0.197,0.365,1
Brazil,BRA,1916,0.197,0.365,1
Brazil,BRA,1917,0.194,0.365,1
Brazil,BRA,1918,0.197,0.365,1
Brazil,BRA,1919,0.197,0.365,1
Brazil,BRA,1920,0.197,0.365,1
Brazil,BRA,1921,0.197,0.365,1
Brazil,BRA,1922,0.195,0.365,1
Brazil,BRA,1923,0.195,0.365,1
Brazil,BRA,1924,0.19,0.365,1
Brazil,BRA,1925,0.196,0.365,1
Brazil,BRA,1926,0.196,0.365,1
Brazil,BRA,1927,0.201,0.362,1
Brazil,BRA,1928,0.201,0.362,1
Brazil,BRA,1929,0.201,0.362,1
Brazil,BRA,1930,0.178,0.281,1
Brazil,BRA,1931,0.079,0.238,0
Brazil,BRA,1932,0.078,0.236,0
Brazil,BRA,1933,0.134,0.236,0
Brazil,BRA,1934,0.094,0.236,0
Brazil,BRA,1935,0.091,0.264,0
Brazil,BRA,1936,0.091,0.264,0
Brazil,BRA,1937,0.065,0.183,0
Brazil,BRA,1938,0.057,0.177,0
Brazil,BRA,1939,0.057,0.182,0
Brazil,BRA,1940,0.06,0.182,0
Brazil,BRA,1941,0.06,0.182,0
Brazil,BRA,1942,0.06,0.182,0
Brazil,BRA,1943,0.06,0.182,0
Brazil,BRA,1944,0.06,0.182,0
Brazil,BRA,1945,0.11,0.26,0
Brazil,BRA,1946,0.328,0.399,0
Brazil,BRA,1947,0.378,0.551,0
Brazil,BRA,1948,0.374,0.551,0
Brazil,BRA,1949,0.381,0.551,0
Brazil,BRA,1950,0.387,0.566,1
Brazil,BRA,1951,0.381,0.566,1
Brazil,BRA,1952,0.381,0.566,1
Brazil,BRA,1953,0.382,0.566,1
Brazil,BRA,1954,0.378,0.566,1
Brazil,BRA,1955,0.387,0.572,1
Brazil,BRA,1956,0.392,0.564,1
Brazil,BRA,1957,0.392,0.564,1
Brazil,BRA,1958,0.393,0.564,1
Brazil,BRA,1959,0.396,0.567,1
Brazil,BRA,1960,0.405,0.567,1
Brazil,BRA,1961,0.408,0.573,1
Brazil,BRA,1962,0.407,0.569,1
Brazil,BRA,1963,0.405,0.569,1
Brazil,BRA,1964,0.209,0.371,1
Brazil,BRA,1965,0.145,0.201,0
Brazil,BRA,1966,0.144,0.201,0
Brazil,BRA,1967,0.183,0.201,0
Brazil,BRA,1968,0.18,0.189,0
Brazil,BRA,1969,0.174,0.183,0
Brazil,BRA,1970,0.177,0.183,0
Brazil,BRA,1971,0.174,0.185,0
Brazil,BRA,1972,0.174,0.185,0
Brazil,BRA,1973,0.175,0.185,0
Brazil,BRA,1974,0.177,0.176,0
Brazil,BRA,1975,0.184,0.176,0
Brazil,BRA,1976,0.186,0.182,0
Brazil,BRA,1977,0.186,0.183,0
Brazil,BRA,1978,0.187,0.188,0
Brazil,BRA,1979,0.207,0.235,0
Brazil,BRA,1980,0.251,0.293,0
Brazil,BRA,1981,0.251,0.293,0
Brazil,BRA,1982,0.264,0.331,0
Brazil,BRA,1983,0.282,0.354,0
Brazil,BRA,1984,0.29,0.354,0
Brazil,BRA,1985,0.392,0.465,1
Brazil,BRA,1986,0.471,0.591,1
Brazil,BRA,1987,0.559,0.601,2
Brazil,BRA,1988,0.682,0.756,2
Brazil,BRA,1989,0.724,0.787,2
Brazil,BRA,1990,0.814,0.818,2
Brazil,BRA,1991,0.828,0.823,2
Brazil,BRA,1992,0.836,0.823,2
Brazil,BRA,1993,0.84,0.825,2
Brazil,BRA,1994,0.846,0.821,2
Brazil,BRA,1995,0.847,0.822,2
Brazil,BRA,1996,0.848,0.822,2
Brazil,BRA,1997,0.848,0.822,2
Brazil,BRA,1998,0.849,0.822,2
Brazil,BRA,1999,0.85,0.822,2
Brazil,BRA,2000,0.854,0.823,2
Brazil,BRA,2001,0.854,0.823,2
Brazil,BRA,2002,0.856,0.827,2
Brazil,BRA,2003,0.855,0.833,2
Brazil,BRA,2004,0.855,0.833,2
Brazil,BRA,2005,0.867,0.886,2
Brazil,BRA,2006,0.868,0.883,2
Brazil,BRA,2007,0.866,0.883,2
Brazil,BRA,2008,0.866,0.883,2
Brazil,BRA,2009,0.866,0.883,2
Brazil,BRA,2010,0.871,0.888,2
Brazil,BRA,2011,0.875,0.89,2
Brazil,BRA,2012,0.871,0.889,2
Brazil,BRA,2013,0.873,0.893,2
Brazil,BRA,2014,0.873,0.893,2
Brazil,BRA,2015,0.861,0.892,2
Brazil,BRA,2016,0.781,0.829,2
Brazil,BRA,2017,0.774,0.817,2
Brazil,BRA,2018,0.749,0.802,2
Brazil,BRA,2019,0.691,0.744,2
Brazil,BRA,2020,0.699,0.741,2
Brazil,BRA,2021,0.69,0.748,2
Brazil,BRA,2022,0.699,0.751,2
Brazil,BRA,2023,0.79,0.884,2
Brazil,BRA,2024,0.799,0.898,2
Brazil,BRA,2025,0.784,0.908,2
United States of America,USA,1900,0.419,0.812,1
United States of America,USA,1901,0.421,0.812,1
United States of America,USA,1902,0.421,0.812,1
United States of America,USA,1903,0.421,0.812,1
United States of America,USA,1904,0.421,0.812,1
United States of America,USA,1905,0.418,0.812,1
United States of America,USA,1906,0.418,0.812,1
United States of America,USA,1907,0.42,0.812,1
United States of America,USA,1908,0.42,0.812,1
United States of America,USA,1909,0.419,0.812,1
United States of America,USA,1910,0.421,0.812,1
United States of America,USA,1911,0.427,0.819,1
United States of America,USA,1912,0.426,0.819,1
United States of America,USA,1913,0.424,0.819,1
United States of America,USA,1914,0.418,0.819,1
United States of America,USA,1915,0.422,0.819,1
United States of America,USA,1916,0.419,0.819,1
United States of America,USA,1917,0.402,0.82,1
United States of America,USA,1918,0.403,0.812,1
United States of America,USA,1919,0.415,0.812,1
United States of America,USA,1920,0.51,0.813,2
United States of America,USA,1921,0.512,0.813,2
United States of America,USA,1922,0.514,0.816,2
United States of America,USA,1923,0.527,0.82,2
United States of America,USA,1924,0.528,0.82,2
United States of America,USA,1925,0.53,0.817,2
United States of America,USA,1926,0.533,0.817,2
United States of America,USA,1927,0.533,0.817,2
United States of America,USA,1928,0.532,0.817,2
United States of America,USA,1929,0.53,0.822,2
United States of America,USA,1930,0.53,0.824,2
United States of America,USA,1931,0.545,0.824,2
United States of America,USA,1932,0.549,0.826,2
United States of America,USA,1933,0.554,0.825,2
United States of America,USA,1934,0.553,0.827,2
United States of America,USA,1935,0.559,0.828,2
United States of America,USA,1936,0.562,0.826,2
United States of America,USA,1937,0.562,0.824,2
United States of America,USA,1938,0.562,0.824,2
United States of America,USA,1939,0.554,0.822,2
United States of America,USA,1940,0.57,0.817,2
United States of America,USA,1941,0.562,0.816,2
United States of America,USA,1942,0.548,0.817,2
United States of America,USA,1943,0.548,0.818,2
United States of America,USA,1944,0.548,0.818,2
United States of America,USA,1945,0.56,0.823,2
United States of America,USA,1946,0.602,0.834,2
United States of America,USA,1947,0.611,0.84,2
United States of America,USA,1948,0.603,0.843,2
United States of America,USA,1949,0.58,0.853,2
United States of America,USA,1950,0.585,0.853,2
United States of America,USA,1951,0.612,0.853,2
United States of America,USA,1952,0.611,0.853,2
United States of America,USA,1953,0.606,0.85,2
United States of America,USA,1954,0.608,0.85,2
United States of America,USA,1955,0.609,0.835,2
United States of America,USA,1956,0.616,0.835,2
United States of America,USA,1957,0.62,0.838,2
United States of America,USA,1958,0.625,0.838,2
United States of America,USA,1959,0.625,0.838,2
United States of America,USA,1960,0.649,0.838,2
United States of America,USA,1961,0.666,0.838,2
United States of America,USA,1962,0.668,0.838,2
United States of America,USA,1963,0.679,0.836,2
United States of America,USA,1964,0.678,0.845,2
United States of America,USA,1965,0.672,0.85,2
United States of America,USA,1966,0.693,0.863,2
United States of America,USA,1967,0.7,0.863,2
United States of America,USA,1968,0.7,0.866,2
United States of America,USA,1969,0.689,0.892,3
United States of America,USA,1970,0.718,0.905,3
United States of America,USA,1971,0.724,0.91,3
United States of America,USA,1972,0.736,0.913,3
United States of America,USA,1973,0.758,0.929,3
United States of America,USA,1974,0.765,0.929,3
United States of America,USA,1975,0.782,0.933,3
United States of America,USA,1976,0.791,0.935,3
United States of America,USA,1977,0.831,0.934,3
United States of America,USA,1978,0.834,0.934,3
United States of America,USA,1979,0.832,0.935,3
United States of America,USA,1980,0.844,0.935,3
United States of America,USA,1981,0.855,0.933,3
United States of America,USA,1982,0.856,0.933,3
United States of America,USA,1983,0.861,0.932,3
United States of America,USA,1984,0.86,0.932,3
United States of America,USA,1985,0.856,0.929,3
United States of America,USA,1986,0.857,0.936,3
United States of America,USA,1987,0.863,0.936,3
United States of America,USA,1988,0.862,0.936,3
United States of America,USA,1989,0.859,0.936,3
United States of America,USA,1990,0.863,0.937,3
United States of America,USA,1991,0.867,0.937,3
United States of America,USA,1992,0.872,0.937,3
United States of America,USA,1993,0.867,0.938,3
United States of America,USA,1994,0.867,0.939,3
United States of America,USA,1995,0.868,0.942,3
United States of America,USA,1996,0.869,0.942,3
United States of America,USA,1997,0.871,0.942,3
United States of America,USA,1998,0.871,0.942,3
United States of America,USA,1999,0.868,0.942,3
United States of America,USA,2000,0.867,0.944,3
United States of America,USA,2001,0.828,0.943,3
United States of America,USA,2002,0.829,0.942,3
United States of America,USA,2003,0.86,0.938,3
United States of America,USA,2004,0.862,0.938,3
United States of America,USA,2005,0.856,0.939,3
United States of America,USA,2006,0.862,0.942,3
United States of America,USA,2007,0.897,0.942,3
United States of America,USA,2008,0.9,0.945,3
United States of America,USA,2009,0.9,0.949,3
United States of America,USA,2010,0.9,0.951,3
United States of America,USA,2011,0.896,0.95,3
United States of America,USA,2012,0.896,0.949,3
United States of America,USA,2013,0.905,0.95,3
United States of America,USA,2014,0.901,0.95,3
United States of America,USA,2015,0.9,0.95,3
United States of America,USA,2016,0.885,0.948,3
United States of America,USA,2017,0.834,0.906,3
United States of America,USA,2018,0.824,0.905,3
United States of America,USA,2019,0.818,0.917,3
United States of America,USA,2020,0.815,0.909,3
United States of America,USA,2021,0.821,0.937,3
United States of America,USA,2022,0.833,0.937,3
United States of America,USA,2023,0.857,0.927,3
United States of America,USA,2024,0.843,0.893,3
United States of America,USA,2025,0.735,0.754,2
Portugal,PRT,1900,0.153,0.463,0
Portugal,PRT,1901,0.149,0.463,0
Portugal,PRT,1902,0.147,0.463,0
Portugal,PRT,1903,0.147,0.463,0
Portugal,PRT,1904,0.147,0.463,0
Portugal,PRT,1905,0.147,0.463,0
Portugal,PRT,1906,0.148,0.454,0
Portugal,PRT,1907,0.146,0.449,0
Portugal,PRT,1908,0.146,0.466,0
Portugal,PRT,1909,0.148,0.466,0
Portugal,PRT,1910,0.161,0.444,0
Portugal,PRT,1911,0.2,0.412,1
Portugal,PRT,1912,0.258,0.513,1
Portugal,PRT,1913,0.256,0.513,1
Portugal,PRT,1914,0.251,0.51,1
Portugal,PRT,1915,0.241,0.505,1
Portugal,PRT,1916,0.241,0.509,1
Portugal,PRT,1917,0.232,0.469,0
Portugal,PRT,1918,0.219,0.455,1
Portugal,PRT,1919,0.227,0.513,1
Portugal,PRT,1920,0.252,0.516,1
Portugal,PRT,1921,0.249,0.504,1
Portugal,PRT,1922,0.25,0.497,1
Portugal,PRT,1923,0.25,0.501,1
Portugal,PRT,1924,0.25,0.501,1
Portugal,PRT,1925,0.248,0.507,1
Portugal,PRT,1926,0.107,0.273,0
Portugal,PRT,1927,0.048,0.252,0
Portugal,PRT,1928,0.096,0.252,0
Portugal,PRT,1929,0.112,0.252,0
Portugal,PRT,1930,0.107,0.25,0
Portugal,PRT,1931,0.122,0.25,0
Portugal,PRT,1932,0.117,0.264,0
Portugal,PRT,1933,0.118,0.245,0
Portugal,PRT,1934,0.115,0.24,0
Portugal,PRT,1935,0.111,0.24,0
Portugal,PRT,1936,0.111,0.24,0
Portugal,PRT,1937,0.111,0.24,0
Portugal,PRT,1938,0.111,0.24,0
Portugal,PRT,1939,0.111,0.24,0
Portugal,PRT,1940,0.115,0.24,0
Portugal,PRT,1941,0.116,0.24,0
Portugal,PRT,1942,0.116,0.24,0
Portugal,PRT,1943,0.116,0.24,0
Portugal,PRT,1944,0.116,0.238,0
Portugal,PRT,1945,0.118,0.238,0
Portugal,PRT,1946,0.118,0.238,0
Portugal,PRT,1947,0.118,0.238,0
Portugal,PRT,1948,0.118,0.238,0
Portugal,PRT,1949,0.118,0.238,1
Portugal,PRT,1950,0.12,0.238,1
Portugal,PRT,1951,0.12,0.238,0
Portugal,PRT,1952,0.12,0.238,0
Portugal,PRT,1953,0.121,0.238,0
Portugal,PRT,1954,0.12,0.238,0
Portugal,PRT,1955,0.12,0.238,0
Portugal,PRT,1956,0.12,0.238,0
Portugal,PRT,1957,0.122,0.238,0
Portugal,PRT,1958,0.122,0.238,1
Portugal,PRT,1959,0.121,0.238,1
Portugal,PRT,1960,0.128,0.238,1
Portugal,PRT,1961,0.129,0.238,0
Portugal,PRT,1962,0.128,0.238,0
Portugal,PRT,1963,0.128,0.238,0
Portugal,PRT,1964,0.128,0.238,0
Portugal,PRT,1965,0.128,0.238,0
Portugal,PRT,1966,0.119,0.238,0
Portugal,PRT,1967,0.119,0.244,0
Portugal,PRT,1968,0.12,0.243,0
Portugal,PRT,1969,0.128,0.255,0
Portugal,PRT,1970,0.147,0.255,0
Portugal,PRT,1971,0.147,0.255,0
Portugal,PRT,1972,0.147,0.255,0
Portugal,PRT,1973,0.151,0.26,0
Portugal,PRT,1974,0.228,0.611,0
Portugal,PRT,1975,0.307,0.594,0
Portugal,PRT,1976,0.513,0.806,2
Portugal,PRT,1977,0.747,0.935,3
Portugal,PRT,1978,0.746,0.935,3
Portugal,PRT,1979,0.753,0.935,3
Portugal,PRT,1980,0.841,0.935,3
Portugal,PRT,1981,0.842,0.935,3
Portugal,PRT,1982,0.842,0.935,3
Portugal,PRT,1983,0.857,0.946,3
Portugal,PRT,1984,0.864,0.946,3
Portugal,PRT,1985,0.864,0.946,3
Portugal,PRT,1986,0.86,0.949,3
Portugal,PRT,1987,0.864,0.949,3
Portugal,PRT,1988,0.87,0.949,3
Portugal,PRT,1989,0.87,0.949,3
Portugal,PRT,1990,0.869,0.949,3
Portugal,PRT,1991,0.859,0.949,3
Portugal,PRT,1992,0.858,0.949,3
Portugal,PRT,1993,0.858,0.949,3
Portugal,PRT,1994,0.858,0.949,3
Portugal,PRT,1995,0.861,0.949,3
Portugal,PRT,1996,0.869,0.95,3
Portugal,PRT,1997,0.869,0.95,3
Portugal,PRT,1998,0.869,0.95,3
Portugal,PRT,1999,0.868,0.95,3
Portugal,PRT,2000,0.867,0.95,3
Portugal,PRT,2001,0.871,0.95,3
Portugal,PRT,2002,0.876,0.95,3
Portugal,PRT,2003,0.876,0.95,3
Portugal,PRT,2004,0.876,0.95,3
Portugal,PRT,2005,0.889,0.948,3
Portugal,PRT,2006,0.894,0.948,3
Portugal,PRT,2007,0.894,0.948,3
Portugal,PRT,2008,0.893,0.948,3
Portugal,PRT,2009,0.894,0.946,3
Portugal,PRT,2010,0.894,0.944,3
Portugal,PRT,2011,0.884,0.946,3
Portugal,PRT,2012,0.885,0.948,3
Portugal,PRT,2013,0.886,0.945,3
Portugal,PRT,2014,0.886,0.945,3
Portugal,PRT,2015,0.887,0.944,3
Portugal,PRT,2016,0.888,0.941,3
Portugal,PRT,2017,0.898,0.952,3
Portugal,PRT,2018,0.899,0.955,3
Portugal,PRT,2019,0.886,0.932,3
Portugal,PRT,2020,0.886,0.914,3
Portugal,PRT,2021,0.884,0.918,3
Portugal,PRT,2022,0.847,0.898,3
Portugal,PRT,2023,0.854,0.887,2
Portugal,PRT,2024,0.836,0.909,2
Portugal,PRT,2025,0.822,0.871,2
El Salvador,SLV,1903,0.163,0.219,0
El Salvador,SLV,1904,0.163,0.219,0
El Salvador,SLV,1905,0.163,0.222,0
El Salvador,SLV,1906,0.163,0.216,0
El Salvador,SLV,1907,0.164,0.216,1
El Salvador,SLV,1908,0.164,0.216,1
El Salvador,SLV,1909,0.164,0.216,1
El Salvador,SLV,1910,0.164,0.216,1
El Salvador,SLV,1911,0.164,0.22,1
El Salvador,SLV,1912,0.164,0.22,1
El Salvador,SLV,1913,0.164,0.22,1
El Salvador,SLV,1914,0.164,0.22,1
El Salvador,SLV,1915,0.176,0.22,0
El Salvador,SLV,1916,0.176,0.22,0
El Salvador,SLV,1917,0.176,0.22,0
El Salvador,SLV,1918,0.176,0.22,0
El Salvador,SLV,1919,0.164,0.22,1
El Salvador,SLV,1920,0.164,0.221,1
El Salvador,SLV,1921,0.164,0.221,1
El Salvador,SLV,1922,0.164,0.221,1
El Salvador,SLV,1923,0.164,0.221,1
El Salvador,SLV,1924,0.164,0.221,1
El Salvador,SLV,1925,0.164,0.221,1
El Salvador,SLV,1926,0.164,0.221,1
El Salvador,SLV,1927,0.173,0.226,0
El Salvador,SLV,1928,0.172,0.226,0
El Salvador,SLV,1929,0.172,0.226,0
El Salvador,SLV,1930,0.174,0.232,0
El Salvador,SLV,1931,0.158,0.192,1
El Salvador,SLV,1932,0.067,0.133,1
El Salvador,SLV,1933,0.126,0.132,1
El Salvador,SLV,1934,0.126,0.132,1
El Salvador,SLV,1935,0.125,0.132,0
El Salvador,SLV,1936,0.125,0.132,0
El Salvador,SLV,1937,0.125,0.132,0
El Salvador,SLV,1938,0.125,0.132,0
El Salvador,SLV,1939,0.125,0.132,0
El Salvador,SLV,1940,0.158,0.134,0
El Salvador,SLV,1941,0.158,0.134,0
El Salvador,SLV,1942,0.158,0.134,0
El Salvador,SLV,1943,0.158,0.134,0
El Salvador,SLV,1944,0.15,0.134,0
El Salvador,SLV,1945,0.168,0.16,0
El Salvador,SLV,1946,0.178,0.164,0
El Salvador,SLV,1947,0.178,0.164,0
El Salvador,SLV,1948,0.175,0.164,0
El Salvador,SLV,1949,0.109,0.175,0
El Salvador,SLV,1950,0.137,0.18,0
El Salvador,SLV,1951,0.186,0.18,0
El Salvador,SLV,1952,0.183,0.18,0
El Salvador,SLV,1953,0.182,0.18,0
El Salvador,SLV,1954,0.183,0.18,0
El Salvador,SLV,1955,0.178,0.18,0
El Salvador,SLV,1956,0.177,0.18,1
El Salvador,SLV,1957,0.177,0.18,1
El Salvador,SLV,1958,0.178,0.18,1
El Salvador,SLV,1959,0.178,0.18,1
El Salvador,SLV,1960,0.177,0.175,1
El Salvador,SLV,1961,0.116,0.162,1
El Salvador,SLV,1962,0.156,0.174,1
El Salvador,SLV,1963,0.188,0.175,1
El Salvador,SLV,1964,0.191,0.175,1
El Salvador,SLV,1965,0.191,0.175,1
El Salvador,SLV,1966,0.192,0.171,1
El Salvador,SLV,1967,0.191,0.171,1
El Salvador,SLV,1968,0.193,0.168,1
El Salvador,SLV,1969,0.192,0.164,1
El Salvador,SLV,1970,0.187,0.164,1
El Salvador,SLV,1971,0.187,0.164,1
El Salvador,SLV,1972,0.181,0.154,1
El Salvador,SLV,1973,0.173,0.141,1
El Salvador,SLV,1974,0.173,0.139,1
El Salvador,SLV,1975,0.173,0.139,1
El Salvador,SLV,1976,0.171,0.139,1
El Salvador,SLV,1977,0.171,0.138,1
El Salvador,SLV,1978,0.171,0.136,1
El Salvador,SLV,1979,0.158,0.136,1
El Salvador,SLV,1980,0.101,0.132,0
El Salvador,SLV,1981,0.104,0.132,0
El Salvador,SLV,1982,0.13,0.135,0
El Salvador,SLV,1983,0.139,0.135,0
El Salvador,SLV,1984,0.156,0.14,1
El Salvador,SLV,1985,0.191,0.176,1
El Salvador,SLV,1986,0.2,0.209,1
El Salvador,SLV,1987,0.2,0.21,1
El Salvador,SLV,1988,0.201,0.21,1
El Salvador,SLV,1989,0.208,0.203,1
El Salvador,SLV,1990,0.212,0.217,1
El Salvador,SLV,1991,0.221,0.223,1
El Salvador,SLV,1992,0.272,0.345,1
El Salvador,SLV,1993,0.379,0.424,1
El Salvador,SLV,1994,0.471,0.448,1
El Salvador,SLV,1995,0.484,0.48,1
El Salvador,SLV,1996,0.491,0.485,1
El Salvador,SLV,1997,0.493,0.485,1
El Salvador,SLV,1998,0.492,0.503,1
El Salvador,SLV,1999,0.505,0.503,2
El Salvador,SLV,2000,0.522,0.521,2
El Salvador,SLV,2001,0.534,0.535,2
El Salvador,SLV,2002,0.543,0.534,2
El Salvador,SLV,2003,0.537,0.547,2
El Salvador,SLV,2004,0.539,0.548,2
El Salvador,SLV,2005,0.542,0.552,2
El Salvador,SLV,2006,0.557,0.558,2
El Salvador,SLV,2007,0.56,0.558,2
El Salvador,SLV,2008,0.561,0.567,2
El Salvador,SLV,2009,0.594,0.62,2
El Salvador,SLV,2010,0.613,0.648,2
El Salvador,SLV,2011,0.613,0.647,2
El Salvador,SLV,2012,0.615,0.654,2
El Salvador,SLV,2013,0.626,0.658,2
El Salvador,SLV,2014,0.665,0.659,2
El Salvador,SLV,2015,0.658,0.655,2
El Salvador,SLV,2016,0.659,0.658,2
El Salvador,SLV,2017,0.672,0.652,2
El Salvador,SLV,2018,0.631,0.628,2
El Salvador,SLV,2019,0.599,0.603,2
El Salvador,SLV,2020,0.518,0.533,2
El Salvador,SLV,2021,0.403,0.263,1
El Salvador,SLV,2022,0.378,0.175,1
El Salvador,SLV,2023,0.377,0.146,1
El Salvador,SLV,2024,0.335,0.133,1
El Salvador,SLV,2025,0.321,0.141,1
South Yemen,YMD,1900,0.031,0.489,0
South Yemen,YMD,1901,0.031,0.489,0
South Yemen,YMD,1902,0.031,0.489,0
South Yemen,YMD,1903,0.031,0.489,0
South Yemen,YMD,1904,0.031,0.489,0
South Yemen,YMD,1905,0.031,0.489,0
South Yemen,YMD,1906,0.031,0.489,0
South Yemen,YMD,1907,0.031,0.489,0
South Yemen,YMD,1908,0.031,0.489,0
South Yemen,YMD,1909,0.031,0.489,0
South Yemen,YMD,1910,0.031,0.489,0
South Yemen,YMD,1911,0.031,0.489,0
South Yemen,YMD,1912,0.031,0.489,0
South Yemen,YMD,1913,0.031,0.489,0
South Yemen,YMD,1914,0.031,0.489,0
South Yemen,YMD,1915,0.031,0.489,0
South Yemen,YMD,1916,0.031,0.489,0
South Yemen,YMD,1917,0.031,0.489,0
South Yemen,YMD,1918,0.031,0.489,0
South Yemen,YMD,1919,0.031,0.489,0
South Yemen,YMD,1920,0.031,0.489,0
South Yemen,YMD,1921,0.031,0.489,0
South Yemen,YMD,1922,0.031,0.489,0
South Yemen,YMD,1923,0.031,0.489,0
South Yemen,YMD,1924,0.031,0.489,0
South Yemen,YMD,1925,0.031,0.489,0
South Yemen,YMD,1926,0.031,0.489,0
South Yemen,YMD,1927,0.031,0.489,0
South Yemen,YMD,1928,0.031,0.489,0
South Yemen,YMD,1929,0.031,0.489,0
South Yemen,YMD,1930,0.031,0.489,0
South Yemen,YMD,1931,0.031,0.489,0
South Yemen,YMD,1932,0.031,0.489,0
South Yemen,YMD,1933,0.031,0.489,0
South Yemen,YMD,1934,0.031,0.489,0
South Yemen,YMD,1935,0.031,0.489,0
South Yemen,YMD,1936,0.031,0.489,0
South Yemen,YMD,1937,0.031,0.489,0
South Yemen,YMD,1938,0.032,0.499,0
South Yemen,YMD,1939,0.032,0.499,0
South Yemen,YMD,1940,0.039,0.499,0
South Yemen,YMD,1941,0.039,0.499,0
South Yemen,YMD,1942,0.039,0.499,0
South Yemen,YMD,1943,0.039,0.499,0
South Yemen,YMD,1944,0.039,0.499,0
South Yemen,YMD,1945,0.039,0.499,0
South Yemen,YMD,1946,0.041,0.505,0
South Yemen,YMD,1947,0.038,0.641,0
South Yemen,YMD,1948,0.038,0.641,0
South Yemen,YMD,1949,0.038,0.641,0
South Yemen,YMD,1950,0.049,0.641,0
South Yemen,YMD,1951,0.051,0.645,0
South Yemen,YMD,1952,0.052,0.645,0
South Yemen,YMD,1953,0.052,0.645,0
South Yemen,YMD,1954,0.052,0.645,0
South Yemen,YMD,1955,0.131,0.645,0
South Yemen,YMD,1956,0.141,0.645,0
South Yemen,YMD,1957,0.141,0.645,0
South Yemen,YMD,1958,0.141,0.645,0
South Yemen,YMD,1959,0.141,0.645,0
South Yemen,YMD,1960,0.133,0.613,0
South Yemen,YMD,1961,0.133,0.613,0
South Yemen,YMD,1962,0.133,0.613,0
South Yemen,YMD,1963,0.133,0.596,0
South Yemen,YMD,1964,0.126,0.58,0
South Yemen,YMD,1965,0.116,0.571,0
South Yemen,YMD,1966,0.097,0.571,0
South Yemen,YMD,1967,0.081,0.517,0
South Yemen,YMD,1968,0.078,0.344,0
South Yemen,YMD,1969,0.078,0.344,0
South Yemen,YMD,1970,0.08,0.415,0
South Yemen,YMD,1971,0.079,0.415,0
South Yemen,YMD,1972,0.079,0.415,0
South Yemen,YMD,1973,0.079,0.415,0
South Yemen,YMD,1974,0.079,0.422,0
South Yemen,YMD,1975,0.079,0.422,0
South Yemen,YMD,1976,0.079,0.421,0
South Yemen,YMD,1977,0.079,0.419,0
South Yemen,YMD,1978,0.083,0.407,0
South Yemen,YMD,1979,0.118,0.403,0
South Yemen,YMD,1980,0.12,0.356,0
South Yemen,YMD,1981,0.118,0.431,0
South Yemen,YMD,1982,0.118,0.431,0
South Yemen,YMD,1983,0.118,0.431,0
South Yemen,YMD,1984,0.118,0.431,0
South Yemen,YMD,1985,0.118,0.431,0
South Yemen,YMD,1986,0.119,0.3,0
South Yemen,YMD,1987,0.118,0.303,0
South Yemen,YMD,1988,0.118,0.303,0
South Yemen,YMD,1989,0.118,0.303,0
South Yemen,YMD,1990,0.132,0.306,0
Bangladesh,BGD,1971,0.17,0.318,0
Bangladesh,BGD,1972,0.223,0.465,0
Bangladesh,BGD,1973,0.362,0.394,1
Bangladesh,BGD,1974,0.38,0.382,1
Bangladesh,BGD,1975,0.21,0.353,1
Bangladesh,BGD,1976,0.132,0.295,0
Bangladesh,BGD,1977,0.175,0.302,0
Bangladesh,BGD,1978,0.23,0.312,1
Bangladesh,BGD,1979,0.364,0.352,1
Bangladesh,BGD,1980,0.378,0.37,1
Bangladesh,BGD,1981,0.375,0.37,1
Bangladesh,BGD,1982,0.228,0.336,1
Bangladesh,BGD,1983,0.182,0.317,0
Bangladesh,BGD,1984,0.187,0.317,0
Bangladesh,BGD,1985,0.188,0.317,0
Bangladesh,BGD,1986,0.237,0.357,1
Bangladesh,BGD,1987,0.327,0.371,1
Bangladesh,BGD,1988,0.307,0.363,1
Bangladesh,BGD,1989,0.302,0.363,1
Bangladesh,BGD,1990,0.302,0.381,1
Bangladesh,BGD,1991,0.483,0.424,1
Bangladesh,BGD,1992,0.513,0.431,2
Bangladesh,BGD,1993,0.513,0.431,2
Bangladesh,BGD,1994,0.513,0.431,2
Bangladesh,BGD,1995,0.513,0.431,2
Bangladesh,BGD,1996,0.506,0.444,2
Bangladesh,BGD,1997,0.512,0.444,2
Bangladesh,BGD,1998,0.512,0.444,2
Bangladesh,BGD,1999,0.512,0.444,2
Bangladesh,BGD,2000,0.512,0.448,2
Bangladesh,BGD,2001,0.505,0.445,2
Bangladesh,BGD,2002,0.47,0.395,1
Bangladesh,BGD,2003,0.474,0.395,1
Bangladesh,BGD,2004,0.474,0.387,1
Bangladesh,BGD,2005,0.474,0.387,1
Bangladesh,BGD,2006,0.423,0.385,1
Bangladesh,BGD,2007,0.205,0.286,0
Bangladesh,BGD,2008,0.21,0.287,1
Bangladesh,BGD,2009,0.418,0.344,1
Bangladesh,BGD,2010,0.425,0.284,1
Bangladesh,BGD,2011,0.416,0.285,1
Bangladesh,BGD,2012,0.409,0.28,1
Bangladesh,BGD,2013,0.376,0.256,1
Bangladesh,BGD,2014,0.278,0.23,1
Bangladesh,BGD,2015,0.275,0.237,1
Bangladesh,BGD,2016,0.269,0.24,1
Bangladesh,BGD,2017,0.265,0.24,1
Bangladesh,BGD,2018,0.252,0.223,1
Bangladesh,BGD,2019,0.251,0.212,1
Bangladesh,BGD,2020,0.255,0.21,1
Bangladesh,BGD,2021,0.255,0.205,1
Bangladesh,BGD,2022,0.261,0.197,1
Bangladesh,BGD,2023,0.253,0.212,1
Bangladesh,BGD,2024,0.225,0.287,1
Bangladesh,BGD,2025,0.195,0.339,0
Bolivia,BOL,1900,0.168,0.226,1
Bolivia,BOL,1901,0.17,0.23,1
Bolivia,BOL,1902,0.171,0.23,1
Bolivia,BOL,1903,0.171,0.23,1
Bolivia,BOL,1904,0.173,0.23,1
Bolivia,BOL,1905,0.173,0.23,1
Bolivia,BOL,1906,0.175,0.23,1
Bolivia,BOL,1907,0.175,0.23,1
Bolivia,BOL,1908,0.175,0.23,1
Bolivia,BOL,1909,0.176,0.231,1
Bolivia,BOL,1910,0.177,0.231,1
Bolivia,BOL,1911,0.177,0.231,1
Bolivia,BOL,1912,0.177,0.231,1
Bolivia,BOL,1913,0.175,0.23,1
Bolivia,BOL,1914,0.174,0.23,1
Bolivia,BOL,1915,0.174,0.23,1
Bolivia,BOL,1916,0.171,0.23,1
Bolivia,BOL,1917,0.174,0.234,1
Bolivia,BOL,1918,0.175,0.237,1
Bolivia,BOL,1919,0.175,0.243,1
Bolivia,BOL,1920,0.141,0.243,1
Bolivia,BOL,1921,0.162,0.24,1
Bolivia,BOL,1922,0.167,0.24,1
Bolivia,BOL,1923,0.166,0.24,1
Bolivia,BOL,1924,0.166,0.24,1
Bolivia,BOL,1925,0.166,0.24,1
Bolivia,BOL,1926,0.175,0.24,1
Bolivia,BOL,1927,0.176,0.24,1
Bolivia,BOL,1928,0.176,0.24,1
Bolivia,BOL,1929,0.176,0.24,1
Bolivia,BOL,1930,0.136,0.24,1
Bolivia,BOL,1931,0.16,0.239,1
Bolivia,BOL,1932,0.156,0.239,1
Bolivia,BOL,1933,0.152,0.239,1
Bolivia,BOL,1934,0.143,0.233,1
Bolivia,BOL,1935,0.074,0.231,0
Bolivia,BOL,1936,0.08,0.149,0
Bolivia,BOL,1937,0.08,0.149,0
Bolivia,BOL,1938,0.141,0.186,1
Bolivia,BOL,1939,0.17,0.204,1
Bolivia,BOL,1940,0.159,0.205,1
Bolivia,BOL,1941,0.158,0.211,1
Bolivia,BOL,1942,0.158,0.211,1
Bolivia,BOL,1943,0.154,0.145,1
Bolivia,BOL,1944,0.099,0.17,0
Bolivia,BOL,1945,0.109,0.211,0
Bolivia,BOL,1946,0.098,0.145,0
Bolivia,BOL,1947,0.159,0.208,1
Bolivia,BOL,1948,0.171,0.208,1
Bolivia,BOL,1949,0.167,0.208,0
Bolivia,BOL,1950,0.165,0.208,0
Bolivia,BOL,1951,0.119,0.202,1
Bolivia,BOL,1952,0.132,0.256,1
Bolivia,BOL,1953,0.218,0.258,1
Bolivia,BOL,1954,0.218,0.258,1
Bolivia,BOL,1955,0.218,0.253,1
Bolivia,BOL,1956,0.241,0.26,1
Bolivia,BOL,1957,0.262,0.265,1
Bolivia,BOL,1958,0.261,0.265,1
Bolivia,BOL,1959,0.26,0.265,1
Bolivia,BOL,1960,0.261,0.263,1
Bolivia,BOL,1961,0.263,0.263,1
Bolivia,BOL,1962,0.258,0.263,1
Bolivia,BOL,1963,0.255,0.263,1
Bolivia,BOL,1964,0.227,0.206,1
Bolivia,BOL,1965,0.123,0.117,0
Bolivia,BOL,1966,0.137,0.086,1
Bolivia,BOL,1967,0.183,0.1,1
Bolivia,BOL,1968,0.183,0.1,1
Bolivia,BOL,1969,0.166,0.094,1
Bolivia,BOL,1970,0.108,0.083,0
Bolivia,BOL,1971,0.097,0.043,0
Bolivia,BOL,1972,0.09,0.043,0
Bolivia,BOL,1973,0.09,0.043,0
Bolivia,BOL,1974,0.089,0.043,0
Bolivia,BOL,1975,0.088,0.043,0
Bolivia,BOL,1976,0.088,0.043,0
Bolivia,BOL,1977,0.088,0.043,0
Bolivia,BOL,1978,0.107,0.05,1
Bolivia,BOL,1979,0.141,0.097,1
Bolivia,BOL,1980,0.126,0.077,1
Bolivia,BOL,1981,0.099,0.064,0
Bolivia,BOL,1982,0.201,0.339,0
Bolivia,BOL,1983,0.32,0.482,0
Bolivia,BOL,1984,0.325,0.525,0
Bolivia,BOL,1985,0.462,0.601,1
Bolivia,BOL,1986,0.622,0.601,2
Bolivia,BOL,1987,0.633,0.601,2
Bolivia,BOL,1988,0.636,0.601,2
Bolivia,BOL,1989,0.639,0.601,2
Bolivia,BOL,1990,0.651,0.601,2
Bolivia,BOL,1991,0.686,0.609,2
Bolivia,BOL,1992,0.697,0.609,2
Bolivia,BOL,1993,0.705,0.609,2
Bolivia,BOL,1994,0.718,0.612,2
Bolivia,BOL,1995,0.73,0.612,2
Bolivia,BOL,1996,0.73,0.612,2
Bolivia,BOL,1997,0.735,0.654,2
Bolivia,BOL,1998,0.735,0.654,2
Bolivia,BOL,1999,0.743,0.657,2
Bolivia,BOL,2000,0.743,0.662,2
Bolivia,BOL,2001,0.737,0.662,2
Bolivia,BOL,2002,0.719,0.662,2
Bolivia,BOL,2003,0.719,0.683,2
Bolivia,BOL,2004,0.753,0.678,2
Bolivia,BOL,2005,0.746,0.673,2
Bolivia,BOL,2006,0.724,0.569,2
Bolivia,BOL,2007,0.719,0.57,2
Bolivia,BOL,2008,0.719,0.565,2
Bolivia,BOL,2009,0.714,0.534,2
Bolivia,BOL,2010,0.68,0.509,2
Bolivia,BOL,2011,0.677,0.509,2
Bolivia,BOL,2012,0.67,0.504,2
Bolivia,BOL,2013,0.658,0.527,2
Bolivia,BOL,2014,0.647,0.527,2
Bolivia,BOL,2015,0.609,0.53,2
Bolivia,BOL,2016,0.62,0.532,2
Bolivia,BOL,2017,0.609,0.513,2
Bolivia,BOL,2018,0.593,0.498,2
Bolivia,BOL,2019,0.456,0.415,1
Bolivia,BOL,2020,0.275,0.546,1
Bolivia,BOL,2021,0.608,0.518,2
Bolivia,BOL,2022,0.587,0.496,2
Bolivia,BOL,2023,0.586,0.51,2
Bolivia,BOL,2024,0.577,0.452,2
Bolivia,BOL,2025,0.605,0.506,2
Haiti,HTI,1900,0.145,0.239,0
Haiti,HTI,1901,0.145,0.239,0
Haiti,HTI,1902,0.143,0.239,0
Haiti,HTI,1903,0.098,0.239,0
Haiti,HTI,1904,0.098,0.236,0
Haiti,HTI,1905,0.105,0.236,0
Haiti,HTI,1906,0.107,0.236,0
Haiti,HTI,1907,0.107,0.236,0
Haiti,HTI,1908,0.107,0.236,0
Haiti,HTI,1909,0.107,0.236,0
Haiti,HTI,1910,0.107,0.237,0
Haiti,HTI,1911,0.107,0.238,0
Haiti,HTI,1912,0.124,0.228,1
Haiti,HTI,1913,0.152,0.228,1
Haiti,HTI,1914,0.152,0.228,1
Haiti,HTI,1915,0.131,0.229,0
Haiti,HTI,1916,0.158,0.23,1
Haiti,HTI,1917,0.158,0.23,1
Haiti,HTI,1918,0.095,0.139,0
Haiti,HTI,1919,0.095,0.139,0
Haiti,HTI,1920,0.095,0.139,0
Haiti,HTI,1921,0.095,0.139,0
Haiti,HTI,1922,0.095,0.139,0
Haiti,HTI,1923,0.095,0.139,0
Haiti,HTI,1924,0.095,0.139,0
Haiti,HTI,1925,0.095,0.139,0
Haiti,HTI,1926,0.095,0.139,0
Haiti,HTI,1927,0.095,0.139,0
Haiti,HTI,1928,0.095,0.139,0
Haiti,HTI,1929,0.095,0.139,0
Haiti,HTI,1930,0.112,0.162,1
Haiti,HTI,1931,0.175,0.234,1
Haiti,HTI,1932,0.156,0.234,1
Haiti,HTI,1933,0.156,0.234,1
Haiti,HTI,1934,0.151,0.254,1
Haiti,HTI,1935,0.15,0.293,1
Haiti,HTI,1936,0.165,0.289,1
Haiti,HTI,1937,0.162,0.291,1
Haiti,HTI,1938,0.162,0.291,1
Haiti,HTI,1939,0.162,0.291,1
Haiti,HTI,1940,0.163,0.291,1
Haiti,HTI,1941,0.166,0.291,1
Haiti,HTI,1942,0.166,0.292,1
Haiti,HTI,1943,0.166,0.292,1
Haiti,HTI,1944,0.166,0.293,1
Haiti,HTI,1945,0.148,0.293,1
Haiti,HTI,1946,0.135,0.249,1
Haiti,HTI,1947,0.163,0.301,1
Haiti,HTI,1948,0.161,0.301,1
Haiti,HTI,1949,0.161,0.301,1
Haiti,HTI,1950,0.094,0.19,1
Haiti,HTI,1951,0.213,0.298,1
Haiti,HTI,1952,0.213,0.298,1
Haiti,HTI,1953,0.213,0.298,1
Haiti,HTI,1954,0.213,0.298,1
Haiti,HTI,1955,0.21,0.298,1
Haiti,HTI,1956,0.176,0.149,1
Haiti,HTI,1957,0.128,0.085,1
Haiti,HTI,1958,0.149,0.066,1
Haiti,HTI,1959,0.148,0.066,1
Haiti,HTI,1960,0.148,0.066,1
Haiti,HTI,1961,0.146,0.066,0
Haiti,HTI,1962,0.145,0.066,0
Haiti,HTI,1963,0.145,0.066,0
Haiti,HTI,1964,0.144,0.066,0
Haiti,HTI,1965,0.144,0.066,0
Haiti,HTI,1966,0.144,0.066,0
Haiti,HTI,1967,0.144,0.066,0
Haiti,HTI,1968,0.144,0.066,0
Haiti,HTI,1969,0.144,0.066,0
Haiti,HTI,1970,0.144,0.066,0
Haiti,HTI,1971,0.148,0.078,0
Haiti,HTI,1972,0.15,0.082,0
Haiti,HTI,1973,0.15,0.082,0
Haiti,HTI,1974,0.15,0.082,0
Haiti,HTI,1975,0.15,0.082,0
Haiti,HTI,1976,0.15,0.082,0
Haiti,HTI,1977,0.15,0.082,0
Haiti,HTI,1978,0.15,0.082,0
Haiti,HTI,1979,0.151,0.082,0
Haiti,HTI,1980,0.148,0.082,0
Haiti,HTI,1981,0.15,0.079,0
Haiti,HTI,1982,0.15,0.08,0
Haiti,HTI,1983,0.115,0.055,0
Haiti,HTI,1984,0.146,0.078,0
Haiti,HTI,1985,0.151,0.081,0
Haiti,HTI,1986,0.121,0.074,0
Haiti,HTI,1987,0.196,0.197,1
Haiti,HTI,1988,0.263,0.231,1
Haiti,HTI,1989,0.208,0.189,0
Haiti,HTI,1990,0.202,0.208,1
Haiti,HTI,1991,0.327,0.364,1
Haiti,HTI,1992,0.18,0.233,0
Haiti,HTI,1993,0.207,0.233,0
Haiti,HTI,1994,0.232,0.273,0
Haiti,HTI,1995,0.348,0.55,1
Haiti,HTI,1996,0.427,0.555,1
Haiti,HTI,1997,0.441,0.565,1
Haiti,HTI,1998,0.442,0.567,1
Haiti,HTI,1999,0.442,0.552,1
Haiti,HTI,2000,0.437,0.548,1
Haiti,HTI,2001,0.417,0.551,1
Haiti,HTI,2002,0.41,0.55,1
Haiti,HTI,2003,0.408,0.534,1
Haiti,HTI,2004,0.249,0.258,1
Haiti,HTI,2005,0.247,0.229,0
Haiti,HTI,2006,0.386,0.414,1
Haiti,HTI,2007,0.469,0.56,1
Haiti,HTI,2008,0.468,0.561,1
Haiti,HTI,2009,0.459,0.561,1
Haiti,HTI,2010,0.459,0.509,1
Haiti,HTI,2011,0.431,0.512,1
Haiti,HTI,2012,0.438,0.518,1
Haiti,HTI,2013,0.434,0.506,1
Haiti,HTI,2014,0.434,0.506,1
Haiti,HTI,2015,0.425,0.468,1
Haiti,HTI,2016,0.42,0.508,1
Haiti,HTI,2017,0.418,0.501,1
Haiti,HTI,2018,0.429,0.499,1
Haiti,HTI,2019,0.421,0.486,1
Haiti,HTI,2020,0.4,0.481,1
Haiti,HTI,2021,0.33,0.473,1
Haiti,HTI,2022,0.233,0.432,0
Haiti,HTI,2023,0.231,0.199,0
Haiti,HTI,2024,0.237,0.25,0
Haiti,HTI,2025,0.238,0.241,0
Honduras,HND,1900,0.16,0.221,1
Honduras,HND,1901,0.16,0.221,1
Honduras,HND,1902,0.16,0.221,1
Honduras,HND,1903,0.159,0.23,1
Honduras,HND,1904,0.16,0.23,1
Honduras,HND,1905,0.153,0.23,1
Honduras,HND,1906,0.151,0.263,1
Honduras,HND,1907,0.094,0.209,1
Honduras,HND,1908,0.075,0.254,0
Honduras,HND,1909,0.138,0.26,0
Honduras,HND,1910,0.138,0.254,0
Honduras,HND,1911,0.142,0.254,0
Honduras,HND,1912,0.162,0.249,1
Honduras,HND,1913,0.162,0.249,1
Honduras,HND,1914,0.163,0.249,1
Honduras,HND,1915,0.163,0.249,1
Honduras,HND,1916,0.166,0.249,1
Honduras,HND,1917,0.172,0.247,1
Honduras,HND,1918,0.172,0.247,1
Honduras,HND,1919,0.17,0.262,1
Honduras,HND,1920,0.16,0.251,1
Honduras,HND,1945,0.152,0.209,1
Honduras,HND,1946,0.152,0.209,1
Honduras,HND,1947,0.154,0.209,1
Honduras,HND,1948,0.161,0.212,1
Honduras,HND,1949,0.188,0.217,1
Honduras,HND,1950,0.246,0.308,1
Honduras,HND,1951,0.246,0.308,1
Honduras,HND,1952,0.246,0.308,1
Honduras,HND,1953,0.246,0.308,1
Honduras,HND,1954,0.241,0.331,1
Honduras,HND,1955,0.136,0.259,0
Honduras,HND,1956,0.169,0.259,0
Honduras,HND,1957,0.189,0.238,1
Honduras,HND,1958,0.178,0.256,0
Honduras,HND,1959,0.178,0.253,0
Honduras,HND,1960,0.181,0.254,0
Honduras,HND,1961,0.181,0.249,0
Honduras,HND,1962,0.181,0.254,0
Honduras,HND,1963,0.177,0.219,0
Honduras,HND,1964,0.136,0.172,0
Honduras,HND,1965,0.151,0.161,1
Honduras,HND,1966,0.141,0.161,0
Honduras,HND,1967,0.141,0.161,0
Honduras,HND,1968,0.141,0.158,0
Honduras,HND,1969,0.141,0.158,0
Honduras,HND,1970,0.141,0.156,0
Honduras,HND,1971,0.239,0.219,1
Honduras,HND,1972,0.25,0.259,1
Honduras,HND,1973,0.14,0.185,0
Honduras,HND,1974,0.14,0.185,0
Honduras,HND,1975,0.14,0.185,0
Honduras,HND,1976,0.14,0.188,0
Honduras,HND,1977,0.139,0.188,0
Honduras,HND,1978,0.138,0.164,0
Honduras,HND,1979,0.139,0.161,0
Honduras,HND,1980,0.176,0.204,0
Honduras,HND,1981,0.188,0.276,1
Honduras,HND,1982,0.37,0.336,1
Honduras,HND,1983,0.394,0.352,1
Honduras,HND,1984,0.394,0.352,1
Honduras,HND,1985,0.394,0.354,1
Honduras,HND,1986,0.395,0.367,1
Honduras,HND,1987,0.399,0.367,1
Honduras,HND,1988,0.399,0.374,1
Honduras,HND,1989,0.403,0.376,1
Honduras,HND,1990,0.484,0.434,1
Honduras,HND,1991,0.49,0.442,1
Honduras,HND,1992,0.49,0.455,1
Honduras,HND,1993,0.49,0.444,1
Honduras,HND,1994,0.527,0.454,2
Honduras,HND,1995,0.544,0.466,2
Honduras,HND,1996,0.557,0.464,2
Honduras,HND,1997,0.557,0.468,2
Honduras,HND,1998,0.555,0.47,2
Honduras,HND,1999,0.556,0.485,2
Honduras,HND,2000,0.556,0.508,2
Honduras,HND,2001,0.555,0.512,2
Honduras,HND,2002,0.555,0.512,2
Honduras,HND,2003,0.565,0.512,2
Honduras,HND,2004,0.565,0.512,2
Honduras,HND,2005,0.559,0.514,2
Honduras,HND,2006,0.521,0.521,2
Honduras,HND,2007,0.522,0.528,2
Honduras,HND,2008,0.519,0.551,2
Honduras,HND,2009,0.441,0.557,1
Honduras,HND,2010,0.408,0.48,1
Honduras,HND,2011,0.419,0.491,1
Honduras,HND,2012,0.418,0.468,1
Honduras,HND,2013,0.413,0.515,1
Honduras,HND,2014,0.433,0.529,1
Honduras,HND,2015,0.426,0.472,1
Honduras,HND,2016,0.425,0.497,1
Honduras,HND,2017,0.414,0.486,1
Honduras,HND,2018,0.361,0.523,1
Honduras,HND,2019,0.368,0.505,1
Honduras,HND,2020,0.372,0.506,1
Honduras,HND,2021,0.394,0.518,1
Honduras,HND,2022,0.544,0.669,2
Honduras,HND,2023,0.539,0.695,2
Honduras,HND,2024,0.538,0.664,2
Honduras,HND,2025,0.511,0.692,2
Mali,MLI,1900,0.03,0.136,0
Mali,MLI,1901,0.03,0.136,0
Mali,MLI,1902,0.03,0.136,0
Mali,MLI,1903,0.03,0.136,0
Mali,MLI,1904,0.03,0.136,0
Mali,MLI,1905,0.03,0.136,0
Mali,MLI,1906,0.03,0.136,0
Mali,MLI,1907,0.03,0.136,0
Mali,MLI,1908,0.03,0.136,0
Mali,MLI,1909,0.03,0.136,0
Mali,MLI,1910,0.03,0.136,0
Mali,MLI,1911,0.03,0.136,0
Mali,MLI,1912,0.03,0.136,0
Mali,MLI,1913,0.03,0.136,0
Mali,MLI,1914,0.03,0.136,0
Mali,MLI,1915,0.03,0.136,0
Mali,MLI,1916,0.03,0.136,0
Mali,MLI,1917,0.03,0.136,0
Mali,MLI,1918,0.03,0.136,0
Mali,MLI,1919,0.03,0.136,0
Mali,MLI,1920,0.03,0.136,0
Mali,MLI,1921,0.031,0.138,0
Mali,MLI,1922,0.031,0.138,0
Mali,MLI,1923,0.031,0.138,0
Mali,MLI,1924,0.031,0.138,0
Mali,MLI,1925,0.031,0.138,0
Mali,MLI,1926,0.031,0.138,0
Mali,MLI,1927,0.031,0.138,0
Mali,MLI,1928,0.031,0.138,0
Mali,MLI,1929,0.031,0.138,0
Mali,MLI,1930,0.031,0.137,0
Mali,MLI,1931,0.031,0.137,0
Mali,MLI,1932,0.031,0.137,0
Mali,MLI,1933,0.031,0.137,0
Mali,MLI,1934,0.031,0.137,0
Mali,MLI,1935,0.031,0.137,0
Mali,MLI,1936,0.031,0.137,0
Mali,MLI,1937,0.031,0.137,0
Mali,MLI,1938,0.031,0.137,0
Mali,MLI,1939,0.031,0.137,0
Mali,MLI,1940,0.031,0.142,0
Mali,MLI,1941,0.031,0.142,0
Mali,MLI,1942,0.031,0.142,0
Mali,MLI,1943,0.031,0.142,0
Mali,MLI,1944,0.031,0.142,0
Mali,MLI,1945,0.044,0.142,0
Mali,MLI,1946,0.06,0.142,0
Mali,MLI,1947,0.11,0.319,0
Mali,MLI,1948,0.107,0.32,0
Mali,MLI,1949,0.109,0.32,0
Mali,MLI,1950,0.109,0.32,0
Mali,MLI,1951,0.109,0.32,0
Mali,MLI,1952,0.113,0.32,0
Mali,MLI,1953,0.112,0.32,0
Mali,MLI,1954,0.112,0.32,0
Mali,MLI,1955,0.112,0.32,0
Mali,MLI,1956,0.113,0.324,0
Mali,MLI,1957,0.164,0.321,0
Mali,MLI,1958,0.164,0.249,0
Mali,MLI,1959,0.167,0.28,0
Mali,MLI,1960,0.221,0.474,1
Mali,MLI,1961,0.256,0.461,1
Mali,MLI,1962,0.256,0.476,1
Mali,MLI,1963,0.256,0.469,1
Mali,MLI,1964,0.242,0.475,1
Mali,MLI,1965,0.229,0.475,1
Mali,MLI,1966,0.229,0.475,1
Mali,MLI,1967,0.229,0.475,1
Mali,MLI,1968,0.201,0.469,0
Mali,MLI,1969,0.106,0.346,0
Mali,MLI,1970,0.104,0.342,0
Mali,MLI,1971,0.104,0.342,0
Mali,MLI,1972,0.104,0.342,0
Mali,MLI,1973,0.104,0.342,0
Mali,MLI,1974,0.104,0.34,0
Mali,MLI,1975,0.106,0.348,0
Mali,MLI,1976,0.106,0.348,0
Mali,MLI,1977,0.105,0.345,0
Mali,MLI,1978,0.105,0.342,0
Mali,MLI,1979,0.15,0.364,0
Mali,MLI,1980,0.191,0.373,0
Mali,MLI,1981,0.191,0.373,0
Mali,MLI,1982,0.192,0.373,0
Mali,MLI,1983,0.19,0.373,0
Mali,MLI,1984,0.19,0.373,0
Mali,MLI,1985,0.191,0.373,0
Mali,MLI,1986,0.19,0.373,0
Mali,MLI,1987,0.193,0.373,0
Mali,MLI,1988,0.198,0.373,0
Mali,MLI,1989,0.196,0.373,0
Mali,MLI,1990,0.202,0.434,0
Mali,MLI,1991,0.21,0.45,0
Mali,MLI,1992,0.473,0.642,1
Mali,MLI,1993,0.594,0.677,2
Mali,MLI,1994,0.594,0.677,2
Mali,MLI,1995,0.594,0.672,2
Mali,MLI,1996,0.594,0.672,2
Mali,MLI,1997,0.55,0.664,2
Mali,MLI,1998,0.519,0.654,2
Mali,MLI,1999,0.519,0.654,2
Mali,MLI,2000,0.519,0.658,2
Mali,MLI,2001,0.519,0.658,2
Mali,MLI,2002,0.601,0.617,2
Mali,MLI,2003,0.624,0.614,2
Mali,MLI,2004,0.624,0.614,2
Mali,MLI,2005,0.624,0.614,2
Mali,MLI,2006,0.625,0.614,2
Mali,MLI,2007,0.618,0.614,2
Mali,MLI,2008,0.608,0.615,2
Mali,MLI,2009,0.61,0.615,2
Mali,MLI,2010,0.608,0.606,2
Mali,MLI,2011,0.611,0.607,2
Mali,MLI,2012,0.355,0.508,1
Mali,MLI,2013,0.328,0.447,1
Mali,MLI,2014,0.54,0.526,2
Mali,MLI,2015,0.543,0.578,2
Mali,MLI,2016,0.543,0.578,2
Mali,MLI,2017,0.54,0.538,2
Mali,MLI,2018,0.518,0.511,1
Mali,MLI,2019,0.516,0.537,1
Mali,MLI,2020,0.421,0.489,1
Mali,MLI,2021,0.243,0.423,0
Mali,MLI,2022,0.231,0.412,0
Mali,MLI,2023,0.229,0.406,0
Mali,MLI,2024,0.192,0.428,0
Mali,MLI,2025,0.164,0.487,0
Pakistan,PAK,1947,0.18,0.496,0
Pakistan,PAK,1948,0.18,0.523,0
Pakistan,PAK,1949,0.196,0.505,0
Pakistan,PAK,1950,0.198,0.5,0
Pakistan,PAK,1951,0.198,0.493,0
Pakistan,PAK,1952,0.198,0.487,0
Pakistan,PAK,1953,0.182,0.505,0
Pakistan,PAK,1954,0.18,0.496,0
Pakistan,PAK,1955,0.18,0.492,0
Pakistan,PAK,1956,0.191,0.477,0
Pakistan,PAK,1957,0.196,0.477,0
Pakistan,PAK,1958,0.16,0.347,0
Pakistan,PAK,1959,0.128,0.269,0
Pakistan,PAK,1960,0.127,0.265,0
Pakistan,PAK,1961,0.128,0.265,0
Pakistan,PAK,1962,0.133,0.336,0
Pakistan,PAK,1963,0.138,0.399,0
Pakistan,PAK,1964,0.138,0.425,0
Pakistan,PAK,1965,0.138,0.423,0
Pakistan,PAK,1966,0.143,0.431,0
Pakistan,PAK,1967,0.139,0.431,0
Pakistan,PAK,1968,0.141,0.431,0
Pakistan,PAK,1969,0.142,0.284,0
Pakistan,PAK,1970,0.192,0.265,0
Pakistan,PAK,1971,0.155,0.209,0
Pakistan,PAK,1972,0.167,0.347,0
Pakistan,PAK,1973,0.192,0.4,0
Pakistan,PAK,1974,0.231,0.4,0
Pakistan,PAK,1975,0.226,0.398,0
Pakistan,PAK,1976,0.23,0.398,0
Pakistan,PAK,1977,0.218,0.299,1
Pakistan,PAK,1978,0.114,0.217,0
Pakistan,PAK,1979,0.107,0.202,0
Pakistan,PAK,1980,0.107,0.193,0
Pakistan,PAK,1981,0.107,0.193,0
Pakistan,PAK,1982,0.11,0.193,0
Pakistan,PAK,1983,0.11,0.193,0
Pakistan,PAK,1984,0.11,0.193,0
Pakistan,PAK,1985,0.157,0.318,1
Pakistan,PAK,1986,0.171,0.349,1
Pakistan,PAK,1987,0.171,0.354,1
Pakistan,PAK,1988,0.214,0.356,1
Pakistan,PAK,1989,0.371,0.423,1
Pakistan,PAK,1990,0.372,0.409,1
Pakistan,PAK,1991,0.367,0.409,1
Pakistan,PAK,1992,0.367,0.409,1
Pakistan,PAK,1993,0.368,0.422,1
Pakistan,PAK,1994,0.37,0.416,1
Pakistan,PAK,1995,0.37,0.416,1
Pakistan,PAK,1996,0.37,0.416,1
Pakistan,PAK,1997,0.386,0.388,1
Pakistan,PAK,1998,0.391,0.392,1
Pakistan,PAK,1999,0.34,0.349,0
Pakistan,PAK,2000,0.205,0.252,0
Pakistan,PAK,2001,0.203,0.243,0
Pakistan,PAK,2002,0.243,0.343,1
Pakistan,PAK,2003,0.356,0.403,1
Pakistan,PAK,2004,0.356,0.413,1
Pakistan,PAK,2005,0.358,0.401,1
Pakistan,PAK,2006,0.355,0.397,1
Pakistan,PAK,2007,0.351,0.393,1
Pakistan,PAK,2008,0.416,0.427,1
Pakistan,PAK,2009,0.451,0.48,1
Pakistan,PAK,2010,0.466,0.525,1
Pakistan,PAK,2011,0.466,0.52,1
Pakistan,PAK,2012,0.466,0.521,1
Pakistan,PAK,2013,0.47,0.525,1
Pakistan,PAK,2014,0.469,0.519,1
Pakistan,PAK,2015,0.441,0.504,1
Pakistan,PAK,2016,0.429,0.508,1
Pakistan,PAK,2017,0.419,0.516,1
Pakistan,PAK,2018,0.395,0.527,1
Pakistan,PAK,2019,0.368,0.514,1
Pakistan,PAK,2020,0.377,0.558,1
Pakistan,PAK,2021,0.394,0.519,1
Pakistan,PAK,2022,0.379,0.482,1
Pakistan,PAK,2023,0.334,0.475,1
Pakistan,PAK,2024,0.313,0.462,1
Pakistan,PAK,2025,0.302,0.425,1
Peru,PER,1900,0.262,0.449,1
Peru,PER,1901,0.262,0.449,1
Peru,PER,1902,0.262,0.449,1
Peru,PER,1903,0.252,0.449,1
Peru,PER,1904,0.246,0.449,1
Peru,PER,1905,0.248,0.488,1
Peru,PER,1906,0.249,0.488,1
Peru,PER,1907,0.249,0.488,1
Peru,PER,1908,0.248,0.488,1
Peru,PER,1909,0.249,0.488,1
Peru,PER,1910,0.251,0.489,1
Peru,PER,1911,0.25,0.492,1
Peru,PER,1912,0.25,0.505,1
Peru,PER,1913,0.244,0.41,1
Peru,PER,1914,0.169,0.41,1
Peru,PER,1915,0.192,0.361,1
Peru,PER,1916,0.247,0.356,1
Peru,PER,1917,0.247,0.356,1
Peru,PER,1918,0.247,0.356,1
Peru,PER,1919,0.201,0.269,1
Peru,PER,1920,0.129,0.166,1
Peru,PER,1921,0.185,0.166,1
Peru,PER,1922,0.185,0.166,1
Peru,PER,1923,0.185,0.166,1
Peru,PER,1924,0.185,0.173,1
Peru,PER,1925,0.181,0.173,1
Peru,PER,1926,0.181,0.173,1
Peru,PER,1927,0.181,0.173,1
Peru,PER,1928,0.181,0.173,1
Peru,PER,1929,0.181,0.21,1
Peru,PER,1930,0.157,0.216,0
Peru,PER,1931,0.122,0.213,1
Peru,PER,1932,0.152,0.159,1
Peru,PER,1933,0.132,0.168,0
Peru,PER,1934,0.122,0.177,0
Peru,PER,1935,0.122,0.177,0
Peru,PER,1936,0.122,0.177,0
Peru,PER,1937,0.122,0.177,0
Peru,PER,1938,0.122,0.177,0
Peru,PER,1939,0.146,0.21,1
Peru,PER,1940,0.25,0.424,1
Peru,PER,1941,0.25,0.424,1
Peru,PER,1942,0.25,0.424,1
Peru,PER,1943,0.25,0.424,1
Peru,PER,1944,0.25,0.424,1
Peru,PER,1945,0.301,0.52,1
Peru,PER,1946,0.297,0.646,1
Peru,PER,1947,0.303,0.646,1
Peru,PER,1948,0.174,0.372,1
Peru,PER,1949,0.086,0.102,0
Peru,PER,1950,0.119,0.123,0
Peru,PER,1951,0.163,0.148,0
Peru,PER,1952,0.163,0.148,0
Peru,PER,1953,0.163,0.146,0
Peru,PER,1954,0.163,0.146,0
Peru,PER,1955,0.163,0.146,0
Peru,PER,1956,0.265,0.306,1
Peru,PER,1957,0.349,0.594,1
Peru,PER,1958,0.349,0.608,1
Peru,PER,1959,0.349,0.608,1
Peru,PER,1960,0.35,0.608,1
Peru,PER,1961,0.357,0.592,1
Peru,PER,1962,0.278,0.415,1
Peru,PER,1963,0.293,0.431,1
Peru,PER,1964,0.411,0.73,1
Peru,PER,1965,0.411,0.74,1
Peru,PER,1966,0.411,0.74,1
Peru,PER,1967,0.406,0.74,1
Peru,PER,1968,0.267,0.439,1
Peru,PER,1969,0.089,0.119,0
Peru,PER,1970,0.097,0.117,0
Peru,PER,1971,0.097,0.117,0
Peru,PER,1972,0.097,0.117,0
Peru,PER,1973,0.093,0.117,0
Peru,PER,1974,0.091,0.112,0
Peru,PER,1975,0.091,0.12,0
Peru,PER,1976,0.1,0.124,0
Peru,PER,1977,0.1,0.124,0
Peru,PER,1978,0.195,0.135,0
Peru,PER,1979,0.18,0.135,0
Peru,PER,1980,0.441,0.259,1
Peru,PER,1981,0.667,0.65,2
Peru,PER,1982,0.663,0.637,2
Peru,PER,1983,0.663,0.64,2
Peru,PER,1984,0.663,0.64,2
Peru,PER,1985,0.654,0.607,2
Peru,PER,1986,0.655,0.584,2
Peru,PER,1987,0.655,0.589,2
Peru,PER,1988,0.655,0.589,2
Peru,PER,1989,0.655,0.589,2
Peru,PER,1990,0.612,0.58,2
Peru,PER,1991,0.59,0.607,2
Peru,PER,1992,0.249,0.283,0
Peru,PER,1993,0.252,0.218,0
Peru,PER,1994,0.246,0.218,0
Peru,PER,1995,0.285,0.223,1
Peru,PER,1996,0.362,0.224,1
Peru,PER,1997,0.362,0.211,1
Peru,PER,1998,0.349,0.208,1
Peru,PER,1999,0.349,0.208,1
Peru,PER,2000,0.413,0.328,1
Peru,PER,2001,0.723,0.756,2
Peru,PER,2002,0.792,0.804,2
Peru,PER,2003,0.792,0.808,2
Peru,PER,2004,0.792,0.808,2
Peru,PER,2005,0.792,0.822,2
Peru,PER,2006,0.792,0.812,2
Peru,PER,2007,0.796,0.795,2
Peru,PER,2008,0.801,0.795,2
Peru,PER,2009,0.8,0.794,2
Peru,PER,2010,0.804,0.801,2
Peru,PER,2011,0.812,0.81,2
Peru,PER,2012,0.827,0.833,2
Peru,PER,2013,0.821,0.828,2
Peru,PER,2014,0.822,0.83,2
Peru,PER,2015,0.817,0.833,2
Peru,PER,2016,0.788,0.851,2
Peru,PER,2017,0.789,0.855,2
Peru,PER,2018,0.81,0.862,2
Peru,PER,2019,0.801,0.867,2
Peru,PER,2020,0.818,0.861,2
Peru,PER,2021,0.771,0.858,2
Peru,PER,2022,0.733,0.844,2
Peru,PER,2023,0.7,0.813,2
Peru,PER,2024,0.642,0.764,2
Peru,PER,2025,0.667,0.738,2
Senegal,SEN,1904,0.051,0.193,0
Senegal,SEN,1905,0.053,0.193,0
Senegal,SEN,1906,0.053,0.193,0
Senegal,SEN,1907,0.053,0.193,0
Senegal,SEN,1908,0.055,0.193,0
Senegal,SEN,1909,0.053,0.197,0
Senegal,SEN,1910,0.053,0.193,0
Senegal,SEN,1911,0.053,0.193,0
Senegal,SEN,1912,0.053,0.193,0
Senegal,SEN,1913,0.053,0.193,0
Senegal,SEN,1914,0.053,0.193,0
Senegal,SEN,1915,0.053,0.193,0
Senegal,SEN,1916,0.053,0.193,0
Senegal,SEN,1917,0.053,0.193,0
Senegal,SEN,1918,0.053,0.193,0
Senegal,SEN,1919,0.053,0.193,0
Senegal,SEN,1920,0.053,0.193,0
Senegal,SEN,1921,0.048,0.193,0
Senegal,SEN,1922,0.048,0.193,0
Senegal,SEN,1923,0.048,0.193,0
Senegal,SEN,1924,0.048,0.193,0
Senegal,SEN,1925,0.048,0.193,0
Senegal,SEN,1926,0.055,0.193,0
Senegal,SEN,1927,0.055,0.193,0
Senegal,SEN,1928,0.055,0.193,0
Senegal,SEN,1929,0.055,0.193,0
Senegal,SEN,1930,0.049,0.193,0
Senegal,SEN,1931,0.049,0.193,0
Senegal,SEN,1932,0.049,0.193,0
Senegal,SEN,1933,0.049,0.193,0
Senegal,SEN,1934,0.049,0.193,0
Senegal,SEN,1935,0.049,0.193,0
Senegal,SEN,1936,0.056,0.193,0
Senegal,SEN,1937,0.056,0.193,0
Senegal,SEN,1938,0.056,0.193,0
Senegal,SEN,1939,0.056,0.193,0
Senegal,SEN,1940,0.05,0.193,0
Senegal,SEN,1941,0.05,0.193,0
Senegal,SEN,1942,0.05,0.193,0
Senegal,SEN,1943,0.05,0.193,0
Senegal,SEN,1944,0.05,0.193,0
Senegal,SEN,1945,0.102,0.193,0
Senegal,SEN,1946,0.233,0.302,0
Senegal,SEN,1947,0.233,0.303,0
Senegal,SEN,1948,0.238,0.303,0
Senegal,SEN,1949,0.238,0.303,0
Senegal,SEN,1950,0.244,0.303,0
Senegal,SEN,1951,0.244,0.303,0
Senegal,SEN,1952,0.245,0.303,0
Senegal,SEN,1953,0.238,0.303,0
Senegal,SEN,1954,0.238,0.303,0
Senegal,SEN,1955,0.238,0.303,0
Senegal,SEN,1956,0.238,0.303,0
Senegal,SEN,1957,0.246,0.303,0
Senegal,SEN,1958,0.246,0.303,0
Senegal,SEN,1959,0.243,0.317,0
Senegal,SEN,1960,0.307,0.624,1
Senegal,SEN,1961,0.393,0.629,1
Senegal,SEN,1962,0.393,0.645,1
Senegal,SEN,1963,0.389,0.657,1
Senegal,SEN,1964,0.326,0.657,1
Senegal,SEN,1965,0.326,0.657,1
Senegal,SEN,1966,0.329,0.657,1
Senegal,SEN,1967,0.329,0.657,1
Senegal,SEN,1968,0.353,0.657,1
Senegal,SEN,1969,0.368,0.657,1
Senegal,SEN,1970,0.38,0.673,1
Senegal,SEN,1971,0.38,0.67,1
Senegal,SEN,1972,0.385,0.67,1
Senegal,SEN,1973,0.369,0.67,1
Senegal,SEN,1974,0.36,0.67,1
Senegal,SEN,1975,0.36,0.67,1
Senegal,SEN,1976,0.368,0.679,1
Senegal,SEN,1977,0.368,0.679,1
Senegal,SEN,1978,0.394,0.679,1
Senegal,SEN,1979,0.398,0.679,1
Senegal,SEN,1980,0.417,0.682,1
Senegal,SEN,1981,0.451,0.694,1
Senegal,SEN,1982,0.467,0.696,1
Senegal,SEN,1983,0.489,0.701,1
Senegal,SEN,1984,0.492,0.701,1
Senegal,SEN,1985,0.492,0.701,1
Senegal,SEN,1986,0.492,0.701,1
Senegal,SEN,1987,0.492,0.701,1
Senegal,SEN,1988,0.492,0.701,1
Senegal,SEN,1989,0.492,0.701,1
Senegal,SEN,1990,0.505,0.705,2
Senegal,SEN,1991,0.522,0.705,2
Senegal,SEN,1992,0.53,0.705,2
Senegal,SEN,1993,0.61,0.705,2
Senegal,SEN,1994,0.627,0.705,2
Senegal,SEN,1995,0.635,0.705,2
Senegal,SEN,1996,0.638,0.705,2
Senegal,SEN,1997,0.638,0.706,2
Senegal,SEN,1998,0.641,0.706,2
Senegal,SEN,1999,0.642,0.706,2
Senegal,SEN,2000,0.679,0.723,2
Senegal,SEN,2001,0.602,0.664,2
Senegal,SEN,2002,0.685,0.758,2
Senegal,SEN,2003,0.685,0.758,2
Senegal,SEN,2004,0.685,0.758,2
Senegal,SEN,2005,0.685,0.758,2
Senegal,SEN,2006,0.685,0.758,2
Senegal,SEN,2007,0.672,0.758,2
Senegal,SEN,2008,0.674,0.758,2
Senegal,SEN,2009,0.668,0.758,2
Senegal,SEN,2010,0.684,0.759,2
Senegal,SEN,2011,0.684,0.759,2
Senegal,SEN,2012,0.696,0.759,2
Senegal,SEN,2013,0.722,0.793,2
Senegal,SEN,2014,0.726,0.793,2
Senegal,SEN,2015,0.726,0.799,2
Senegal,SEN,2016,0.726,0.781,2
Senegal,SEN,2017,0.701,0.778,2
Senegal,SEN,2018,0.688,0.762,2
Senegal,SEN,2019,0.697,0.765,2
Senegal,SEN,2020,0.728,0.756,2
Senegal,SEN,2021,0.714,0.763,2
Senegal,SEN,2022,0.686,0.761,2
Senegal,SEN,2023,0.625,0.727,2
Senegal,SEN,2024,0.605,0.742,2
Senegal,SEN,2025,0.633,0.743,2
South Sudan,SSD,2011,0.194,0.285,0
South Sudan,SSD,2012,0.194,0.28,0
South Sudan,SSD,2013,0.169,0.214,0
South Sudan,SSD,2014,0.164,0.192,0
South Sudan,SSD,2015,0.166,0.183,0
South Sudan,SSD,2016,0.158,0.145,0
South Sudan,SSD,2017,0.157,0.163,0
South Sudan,SSD,2018,0.153,0.144,0
South Sudan,SSD,2019,0.16,0.18,0
South Sudan,SSD,2020,0.169,0.191,0
South Sudan,SSD,2021,0.137,0.174,0
South Sudan,SSD,2022,0.13,0.196,0
South Sudan,SSD,2023,0.167,0.198,0
South Sudan,SSD,2024,0.154,0.21,0
South Sudan,SSD,2025,0.133,0.199,0
Sudan,SDN,1900,0.054,0.146,0
Sudan,SDN,1901,0.054,0.147,0
Sudan,SDN,1902,0.054,0.147,0
Sudan,SDN,1903,0.054,0.147,0
Sudan,SDN,1904,0.054,0.147,0
Sudan,SDN,1905,0.054,0.147,0
Sudan,SDN,1906,0.054,0.147,0
Sudan,SDN,1907,0.054,0.147,0
Sudan,SDN,1908,0.054,0.147,0
Sudan,SDN,1909,0.054,0.147,0
Sudan,SDN,1910,0.054,0.148,0
Sudan,SDN,1911,0.054,0.148,0
Sudan,SDN,1912,0.054,0.148,0
Sudan,SDN,1913,0.054,0.148,0
Sudan,SDN,1914,0.054,0.148,0
Sudan,SDN,1915,0.054,0.148,0
Sudan,SDN,1916,0.054,0.148,0
Sudan,SDN,1917,0.054,0.148,0
Sudan,SDN,1918,0.054,0.148,0
Sudan,SDN,1919,0.054,0.148,0
Sudan,SDN,1920,0.055,0.148,0
Sudan,SDN,1921,0.056,0.151,0
Sudan,SDN,1922,0.056,0.151,0
Sudan,SDN,1923,0.056,0.151,0
Sudan,SDN,1924,0.056,0.151,0
Sudan,SDN,1925,0.056,0.151,0
Sudan,SDN,1926,0.056,0.153,0
Sudan,SDN,1927,0.056,0.153,0
Sudan,SDN,1928,0.056,0.151,0
Sudan,SDN,1929,0.056,0.153,0
Sudan,SDN,1930,0.057,0.155,0
Sudan,SDN,1931,0.057,0.155,0
Sudan,SDN,1932,0.057,0.155,0
Sudan,SDN,1933,0.057,0.155,0
Sudan,SDN,1934,0.057,0.155,0
Sudan,SDN,1935,0.057,0.155,0
Sudan,SDN,1936,0.057,0.155,0
Sudan,SDN,1937,0.057,0.155,0
Sudan,SDN,1938,0.057,0.155,0
Sudan,SDN,1939,0.057,0.155,0
Sudan,SDN,1940,0.057,0.155,0
Sudan,SDN,1941,0.057,0.155,0
Sudan,SDN,1942,0.057,0.155,0
Sudan,SDN,1943,0.057,0.155,0
Sudan,SDN,1944,0.058,0.154,0
Sudan,SDN,1945,0.059,0.154,0
Sudan,SDN,1946,0.059,0.154,0
Sudan,SDN,1947,0.059,0.155,0
Sudan,SDN,1948,0.061,0.159,0
Sudan,SDN,1949,0.106,0.196,0
Sudan,SDN,1950,0.107,0.196,0
Sudan,SDN,1951,0.107,0.196,0
Sudan,SDN,1952,0.107,0.196,0
Sudan,SDN,1953,0.166,0.268,0
Sudan,SDN,1954,0.228,0.268,1
Sudan,SDN,1955,0.243,0.262,1
Sudan,SDN,1956,0.288,0.337,1
Sudan,SDN,1957,0.286,0.344,1
Sudan,SDN,1958,0.259,0.383,0
Sudan,SDN,1959,0.079,0.178,0
Sudan,SDN,1960,0.072,0.177,0
Sudan,SDN,1961,0.072,0.177,0
Sudan,SDN,1962,0.072,0.173,0
Sudan,SDN,1963,0.071,0.173,0
Sudan,SDN,1964,0.105,0.228,0
Sudan,SDN,1965,0.209,0.282,1
Sudan,SDN,1966,0.206,0.282,0
Sudan,SDN,1967,0.206,0.282,0
Sudan,SDN,1968,0.228,0.28,1
Sudan,SDN,1969,0.099,0.184,0
Sudan,SDN,1970,0.1,0.165,0
Sudan,SDN,1971,0.11,0.165,1
Sudan,SDN,1972,0.145,0.169,1
Sudan,SDN,1973,0.146,0.168,1
Sudan,SDN,1974,0.152,0.199,1
Sudan,SDN,1975,0.161,0.232,1
Sudan,SDN,1976,0.161,0.232,1
Sudan,SDN,1977,0.161,0.229,1
Sudan,SDN,1978,0.177,0.229,1
Sudan,SDN,1979,0.181,0.231,1
Sudan,SDN,1980,0.172,0.218,1
Sudan,SDN,1981,0.184,0.222,1
Sudan,SDN,1982,0.163,0.215,1
Sudan,SDN,1983,0.183,0.213,1
Sudan,SDN,1984,0.197,0.219,1
Sudan,SDN,1985,0.209,0.27,0
Sudan,SDN,1986,0.331,0.296,1
Sudan,SDN,1987,0.371,0.317,1
Sudan,SDN,1988,0.371,0.311,1
Sudan,SDN,1989,0.169,0.153,0
Sudan,SDN,1990,0.086,0.026,0
Sudan,SDN,1991,0.086,0.025,0
Sudan,SDN,1992,0.088,0.056,0
Sudan,SDN,1993,0.088,0.047,0
Sudan,SDN,1994,0.088,0.047,0
Sudan,SDN,1995,0.088,0.047,0
Sudan,SDN,1996,0.136,0.047,1
Sudan,SDN,1997,0.151,0.047,1
Sudan,SDN,1998,0.151,0.047,1
Sudan,SDN,1999,0.149,0.078,1
Sudan,SDN,2000,0.131,0.029,1
Sudan,SDN,2001,0.172,0.077,1
Sudan,SDN,2002,0.173,0.077,1
Sudan,SDN,2003,0.173,0.077,1
Sudan,SDN,2004,0.179,0.082,1
Sudan,SDN,2005,0.198,0.142,1
Sudan,SDN,2006,0.199,0.144,1
Sudan,SDN,2007,0.198,0.15,1
Sudan,SDN,2008,0.201,0.15,1
Sudan,SDN,2009,0.202,0.148,1
Sudan,SDN,2010,0.213,0.149,1
Sudan,SDN,2011,0.212,0.122,1
Sudan,SDN,2012,0.211,0.13,1
Sudan,SDN,2013,0.212,0.139,1
Sudan,SDN,2014,0.212,0.136,1
Sudan,SDN,2015,0.22,0.139,1
Sudan,SDN,2016,0.219,0.137,1
Sudan,SDN,2017,0.226,0.169,1
Sudan,SDN,2018,0.227,0.145,1
Sudan,SDN,2019,0.193,0.159,1
Sudan,SDN,2020,0.167,0.138,0
Sudan,SDN,2021,0.163,0.131,0
Sudan,SDN,2022,0.158,0.125,0
Sudan,SDN,2023,0.139,0.102,0
Sudan,SDN,2024,0.137,0.071,0
Sudan,SDN,2025,0.13,0.09,0
Vietnam,VNM,1945,0.083,0.197,0
Vietnam,VNM,1946,0.204,0.337,1
Vietnam,VNM,1947,0.285,0.36,1
Vietnam,VNM,1948,0.261,0.307,1
Vietnam,VNM,1949,0.257,0.307,1
Vietnam,VNM,1950,0.254,0.261,1
Vietnam,VNM,1951,0.247,0.223,1
Vietnam,VNM,1952,0.245,0.223,1
Vietnam,VNM,1953,0.245,0.208,1
Vietnam,VNM,1954,0.241,0.201,1
Vietnam,VNM,1955,0.231,0.191,1
Vietnam,VNM,1956,0.228,0.187,1
Vietnam,VNM,1957,0.225,0.187,1
Vietnam,VNM,1958,0.223,0.179,1
Vietnam,VNM,1959,0.223,0.177,1
Vietnam,VNM,1960,0.219,0.177,1
Vietnam,VNM,1961,0.216,0.168,1
Vietnam,VNM,1962,0.216,0.168,1
Vietnam,VNM,1963,0.216,0.168,1
Vietnam,VNM,1964,0.217,0.168,1
Vietnam,VNM,1965,0.218,0.168,1
Vietnam,VNM,1966,0.218,0.168,1
Vietnam,VNM,1967,0.218,0.168,1
Vietnam,VNM,1968,0.218,0.168,1
Vietnam,VNM,1969,0.218,0.166,1
Vietnam,VNM,1970,0.218,0.166,1
Vietnam,VNM,1971,0.218,0.166,1
Vietnam,VNM,1972,0.217,0.166,1
Vietnam,VNM,1973,0.217,0.166,1
Vietnam,VNM,1974,0.217,0.166,1
Vietnam,VNM,1975,0.215,0.166,1
Vietnam,VNM,1976,0.212,0.168,1
Vietnam,VNM,1977,0.212,0.168,0
Vietnam,VNM,1978,0.149,0.168,0
Vietnam,VNM,1979,0.149,0.172,0
Vietnam,VNM,1980,0.149,0.174,0
Vietnam,VNM,1981,0.146,0.174,0
Vietnam,VNM,1982,0.144,0.174,0
Vietnam,VNM,1983,0.144,0.174,0
Vietnam,VNM,1984,0.144,0.174,0
Vietnam,VNM,1985,0.144,0.173,0
Vietnam,VNM,1986,0.154,0.191,0
Vietnam,VNM,1987,0.163,0.197,0
Vietnam,VNM,1988,0.165,0.195,0
Vietnam,VNM,1989,0.161,0.198,0
Vietnam,VNM,1990,0.154,0.217,0
Vietnam,VNM,1991,0.155,0.224,0
Vietnam,VNM,1992,0.153,0.233,0
Vietnam,VNM,1993,0.15,0.232,0
Vietnam,VNM,1994,0.15,0.246,0
Vietnam,VNM,1995,0.15,0.246,0
Vietnam,VNM,1996,0.153,0.251,0
Vietnam,VNM,1997,0.153,0.251,0
Vietnam,VNM,1998,0.153,0.256,0
Vietnam,VNM,1999,0.153,0.274,0
Vietnam,VNM,2000,0.152,0.287,0
Vietnam,VNM,2001,0.152,0.288,0
Vietnam,VNM,2002,0.148,0.292,0
Vietnam,VNM,2003,0.146,0.292,0
Vietnam,VNM,2004,0.147,0.288,0
Vietnam,VNM,2005,0.147,0.33,0
Vietnam,VNM,2006,0.148,0.335,0
Vietnam,VNM,2007,0.149,0.337,0
Vietnam,VNM,2008,0.149,0.337,0
Vietnam,VNM,2009,0.148,0.337,0
Vietnam,VNM,2010,0.149,0.337,0
Vietnam,VNM,2011,0.149,0.334,0
Vietnam,VNM,2012,0.149,0.337,0
Vietnam,VNM,2013,0.147,0.37,0
Vietnam,VNM,2014,0.147,0.376,0
Vietnam,VNM,2015,0.148,0.376,0
Vietnam,VNM,2016,0.15,0.379,0
Vietnam,VNM,2017,0.15,0.372,0
Vietnam,VNM,2018,0.161,0.358,1
Vietnam,VNM,2019,0.211,0.327,1
Vietnam,VNM,2020,0.211,0.292,1
Vietnam,VNM,2021,0.169,0.332,0
Vietnam,VNM,2022,0.152,0.34,0
Vietnam,VNM,2023,0.148,0.363,0
Vietnam,VNM,2024,0.159,0.341,0
Vietnam,VNM,2025,0.146,0.332,0
Republic of Vietnam,VDR,1902,0.069,0.143,0
Republic of Vietnam,VDR,1903,0.069,0.143,0
Republic of Vietnam,VDR,1904,0.069,0.143,0
Republic of Vietnam,VDR,1905,0.069,0.143,0
Republic of Vietnam,VDR,1906,0.071,0.143,0
Republic of Vietnam,VDR,1907,0.071,0.143,0
Republic of Vietnam,VDR,1908,0.075,0.143,0
Republic of Vietnam,VDR,1909,0.077,0.143,0
Republic of Vietnam,VDR,1910,0.077,0.147,0
Republic of Vietnam,VDR,1911,0.077,0.147,0
Republic of Vietnam,VDR,1912,0.079,0.147,0
Republic of Vietnam,VDR,1913,0.079,0.147,0
Republic of Vietnam,VDR,1914,0.095,0.147,0
Republic of Vietnam,VDR,1915,0.095,0.147,0
Republic of Vietnam,VDR,1916,0.095,0.147,0
Republic of Vietnam,VDR,1917,0.095,0.147,0
Republic of Vietnam,VDR,1918,0.095,0.147,0
Republic of Vietnam,VDR,1919,0.095,0.147,0
Republic of Vietnam,VDR,1920,0.097,0.146,0
Republic of Vietnam,VDR,1921,0.097,0.146,0
Republic of Vietnam,VDR,1922,0.098,0.146,0
Republic of Vietnam,VDR,1923,0.098,0.146,0
Republic of Vietnam,VDR,1924,0.098,0.146,0
Republic of Vietnam,VDR,1925,0.098,0.146,0
Republic of Vietnam,VDR,1926,0.098,0.146,0
Republic of Vietnam,VDR,1927,0.098,0.146,0
Republic of Vietnam,VDR,1928,0.098,0.146,0
Republic of Vietnam,VDR,1929,0.098,0.146,0
Republic of Vietnam,VDR,1930,0.098,0.146,0
Republic of Vietnam,VDR,1931,0.098,0.149,0
Republic of Vietnam,VDR,1932,0.098,0.149,0
Republic of Vietnam,VDR,1933,0.098,0.149,0
Republic of Vietnam,VDR,1934,0.098,0.15,0
Republic of Vietnam,VDR,1935,0.098,0.15,0
Republic of Vietnam,VDR,1936,0.098,0.15,0
Republic of Vietnam,VDR,1937,0.098,0.15,0
Republic of Vietnam,VDR,1938,0.098,0.15,0
Republic of Vietnam,VDR,1939,0.098,0.15,0
Republic of Vietnam,VDR,1940,0.098,0.15,0
Republic of Vietnam,VDR,1941,0.098,0.15,0
Republic of Vietnam,VDR,1942,0.098,0.15,0
Republic of Vietnam,VDR,1943,0.095,0.15,0
Republic of Vietnam,VDR,1944,0.095,0.15,0
Republic of Vietnam,VDR,1945,0.098,0.15,0
Republic of Vietnam,VDR,1946,0.099,0.158,0
Republic of Vietnam,VDR,1947,0.161,0.158,0
Republic of Vietnam,VDR,1948,0.161,0.158,0
Republic of Vietnam,VDR,1949,0.166,0.188,0
Republic of Vietnam,VDR,1950,0.161,0.188,0
Republic of Vietnam,VDR,1951,0.161,0.188,0
Republic of Vietnam,VDR,1952,0.161,0.188,0
Republic of Vietnam,VDR,1953,0.161,0.188,0
Republic of Vietnam,VDR,1954,0.159,0.183,0
Republic of Vietnam,VDR,1955,0.175,0.169,1
Republic of Vietnam,VDR,1956,0.289,0.373,1
Republic of Vietnam,VDR,1957,0.297,0.398,1
Republic of Vietnam,VDR,1958,0.297,0.398,1
Republic of Vietnam,VDR,1959,0.297,0.398,1
Republic of Vietnam,VDR,1960,0.294,0.403,1
Republic of Vietnam,VDR,1961,0.295,0.403,1
Republic of Vietnam,VDR,1962,0.295,0.403,1
Republic of Vietnam,VDR,1963,0.277,0.37,1
Republic of Vietnam,VDR,1964,0.162,0.184,0
Republic of Vietnam,VDR,1965,0.155,0.183,0
Republic of Vietnam,VDR,1966,0.173,0.183,0
Republic of Vietnam,VDR,1967,0.199,0.232,1
Republic of Vietnam,VDR,1968,0.316,0.469,1
Republic of Vietnam,VDR,1969,0.316,0.469,1
Republic of Vietnam,VDR,1970,0.316,0.469,1
Republic of Vietnam,VDR,1971,0.316,0.469,1
Republic of Vietnam,VDR,1972,0.316,0.469,1
Republic of Vietnam,VDR,1973,0.316,0.469,1
Republic of Vietnam,VDR,1974,0.316,0.469,1
Republic of Vietnam,VDR,1975,0.315,0.472,1
Afghanistan,AFG,1900,0.018,0.1,0
Afghanistan,AFG,1901,0.018,0.1,0
Afghanistan,AFG,1902,0.021,0.125,0
Afghanistan,AFG,1903,0.021,0.123,0
Afghanistan,AFG,1904,0.021,0.123,0
Afghanistan,AFG,1905,0.021,0.123,0
Afghanistan,AFG,1906,0.021,0.123,0
Afghanistan,AFG,1907,0.021,0.123,0
Afghanistan,AFG,1908,0.021,0.123,0
Afghanistan,AFG,1909,0.021,0.123,0
Afghanistan,AFG,1910,0.023,0.125,0
Afghanistan,AFG,1911,0.023,0.125,0
Afghanistan,AFG,1912,0.023,0.125,0
Afghanistan,AFG,1913,0.023,0.125,0
Afghanistan,AFG,1914,0.023,0.125,0
Afghanistan,AFG,1915,0.023,0.125,0
Afghanistan,AFG,1916,0.023,0.125,0
Afghanistan,AFG,1917,0.023,0.125,0
Afghanistan,AFG,1918,0.023,0.125,0
Afghanistan,AFG,1919,0.028,0.14,0
Afghanistan,AFG,1920,0.035,0.172,0
Afghanistan,AFG,1921,0.036,0.172,0
Afghanistan,AFG,1922,0.036,0.169,0
Afghanistan,AFG,1923,0.037,0.238,0
Afghanistan,AFG,1924,0.112,0.239,0
Afghanistan,AFG,1925,0.11,0.239,0
Afghanistan,AFG,1926,0.11,0.239,0
Afghanistan,AFG,1927,0.11,0.237,0
Afghanistan,AFG,1928,0.11,0.237,0
Afghanistan,AFG,1929,0.104,0.236,0
Afghanistan,AFG,1930,0.102,0.218,0
Afghanistan,AFG,1931,0.116,0.218,0
Afghanistan,AFG,1932,0.085,0.218,0
Afghanistan,AFG,1933,0.085,0.231,0
Afghanistan,AFG,1934,0.087,0.236,0
Afghanistan,AFG,1935,0.087,0.236,0
Afghanistan,AFG,1936,0.087,0.236,0
Afghanistan,AFG,1937,0.086,0.236,0
Afghanistan,AFG,1938,0.087,0.236,0
Afghanistan,AFG,1939,0.087,0.236,0
Afghanistan,AFG,1940,0.088,0.236,0
Afghanistan,AFG,1941,0.088,0.236,0
Afghanistan,AFG,1942,0.088,0.236,0
Afghanistan,AFG,1943,0.084,0.236,0
Afghanistan,AFG,1944,0.084,0.236,0
Afghanistan,AFG,1945,0.084,0.236,0
Afghanistan,AFG,1946,0.089,0.236,0
Afghanistan,AFG,1947,0.089,0.236,0
Afghanistan,AFG,1948,0.089,0.236,0
Afghanistan,AFG,1949,0.093,0.236,0
Afghanistan,AFG,1950,0.099,0.236,0
Afghanistan,AFG,1951,0.099,0.236,0
Afghanistan,AFG,1952,0.088,0.236,0
Afghanistan,AFG,1953,0.085,0.236,0
Afghanistan,AFG,1954,0.079,0.236,0
Afghanistan,AFG,1955,0.08,0.236,0
Afghanistan,AFG,1956,0.081,0.236,0
Afghanistan,AFG,1957,0.081,0.236,0
Afghanistan,AFG,1958,0.081,0.236,0
Afghanistan,AFG,1959,0.081,0.236,0
Afghanistan,AFG,1960,0.082,0.236,0
Afghanistan,AFG,1961,0.082,0.236,0
Afghanistan,AFG,1962,0.082,0.236,0
Afghanistan,AFG,1963,0.086,0.25,0
Afghanistan,AFG,1964,0.138,0.296,0
Afghanistan,AFG,1965,0.152,0.297,0
Afghanistan,AFG,1966,0.163,0.297,0
Afghanistan,AFG,1967,0.164,0.297,0
Afghanistan,AFG,1968,0.164,0.297,0
Afghanistan,AFG,1969,0.163,0.297,0
Afghanistan,AFG,1970,0.162,0.297,0
Afghanistan,AFG,1971,0.162,0.297,0
Afghanistan,AFG,1972,0.157,0.295,0
Afghanistan,AFG,1973,0.151,0.245,0
Afghanistan,AFG,1974,0.104,0.166,0
Afghanistan,AFG,1975,0.104,0.166,0
Afghanistan,AFG,1976,0.104,0.166,0
Afghanistan,AFG,1977,0.102,0.166,0
Afghanistan,AFG,1978,0.087,0.17,0
Afghanistan,AFG,1979,0.083,0.157,0
Afghanistan,AFG,1980,0.084,0.142,0
Afghanistan,AFG,1981,0.084,0.149,0
Afghanistan,AFG,1982,0.084,0.153,0
Afghanistan,AFG,1983,0.084,0.153,0
Afghanistan,AFG,1984,0.084,0.153,0
Afghanistan,AFG,1985,0.084,0.153,0
Afghanistan,AFG,1986,0.084,0.153,0
Afghanistan,AFG,1987,0.085,0.153,0
Afghanistan,AFG,1988,0.091,0.158,0
Afghanistan,AFG,1989,0.094,0.158,0
Afghanistan,AFG,1990,0.094,0.148,0
Afghanistan,AFG,1991,0.094,0.133,0
Afghanistan,AFG,1992,0.095,0.1,0
Afghanistan,AFG,1993,0.093,0.065,0
Afghanistan,AFG,1994,0.093,0.066,0
Afghanistan,AFG,1995,0.093,0.063,0
Afghanistan,AFG,1996,0.076,0.058,0
Afghanistan,AFG,1997,0.073,0.07,0
Afghanistan,AFG,1998,0.073,0.07,0
Afghanistan,AFG,1999,0.073,0.07,0
Afghanistan,AFG,2000,0.073,0.07,0
Afghanistan,AFG,2001,0.083,0.089,0
Afghanistan,AFG,2002,0.218,0.21,0
Afghanistan,AFG,2003,0.224,0.209,0
Afghanistan,AFG,2004,0.235,0.212,1
Afghanistan,AFG,2005,0.311,0.216,1
Afghanistan,AFG,2006,0.364,0.402,1
Afghanistan,AFG,2007,0.364,0.404,1
Afghanistan,AFG,2008,0.368,0.406,1
Afghanistan,AFG,2009,0.361,0.417,1
Afghanistan,AFG,2010,0.347,0.422,1
Afghanistan,AFG,2011,0.346,0.424,1
Afghanistan,AFG,2012,0.35,0.423,1
Afghanistan,AFG,2013,0.345,0.426,1
Afghanistan,AFG,2014,0.35,0.439,1
Afghanistan,AFG,2015,0.348,0.443,1
Afghanistan,AFG,2016,0.34,0.419,1
Afghanistan,AFG,2017,0.334,0.407,1
Afghanistan,AFG,2018,0.33,0.393,1
Afghanistan,AFG,2019,0.329,0.351,1
Afghanistan,AFG,2020,0.336,0.359,1
Afghanistan,AFG,2021,0.144,0.102,1
Afghanistan,AFG,2022,0.076,0.027,0
Afghanistan,AFG,2023,0.073,0.042,0
Afghanistan,AFG,2024,0.08,0.038,0
Afghanistan,AFG,2025,0.069,0.055,0
Argentina,ARG,1900,0.341,0.665,1
Argentina,ARG,1901,0.341,0.665,1
Argentina,ARG,1902,0.341,0.663,1
Argentina,ARG,1903,0.341,0.663,1
Argentina,ARG,1904,0.331,0.663,1
Argentina,ARG,1905,0.328,0.662,1
Argentina,ARG,1906,0.328,0.662,1
Argentina,ARG,1907,0.328,0.663,1
Argentina,ARG,1908,0.328,0.663,1
Argentina,ARG,1909,0.328,0.663,1
Argentina,ARG,1910,0.354,0.666,1
Argentina,ARG,1911,0.36,0.666,1
Argentina,ARG,1912,0.419,0.669,1
Argentina,ARG,1913,0.427,0.684,1
Argentina,ARG,1914,0.423,0.684,1
Argentina,ARG,1915,0.422,0.684,1
Argentina,ARG,1916,0.443,0.737,1
Argentina,ARG,1917,0.463,0.739,1
Argentina,ARG,1918,0.472,0.733,1
Argentina,ARG,1919,0.467,0.733,1
Argentina,ARG,1920,0.475,0.731,1
Argentina,ARG,1921,0.476,0.731,1
Argentina,ARG,1922,0.481,0.718,1
Argentina,ARG,1923,0.487,0.726,1
Argentina,ARG,1924,0.488,0.733,1
Argentina,ARG,1925,0.488,0.733,1
Argentina,ARG,1926,0.486,0.733,1
Argentina,ARG,1927,0.486,0.733,1
Argentina,ARG,1928,0.486,0.731,1
Argentina,ARG,1929,0.486,0.734,1
Argentina,ARG,1930,0.284,0.644,1
Argentina,ARG,1931,0.118,0.416,1
Argentina,ARG,1932,0.245,0.626,1
Argentina,ARG,1933,0.29,0.664,1
Argentina,ARG,1934,0.28,0.676,1
Argentina,ARG,1935,0.28,0.676,1
Argentina,ARG,1936,0.28,0.676,1
Argentina,ARG,1937,0.282,0.676,1
Argentina,ARG,1938,0.284,0.671,1
Argentina,ARG,1939,0.285,0.671,1
Argentina,ARG,1940,0.297,0.658,1
Argentina,ARG,1941,0.298,0.66,1
Argentina,ARG,1942,0.3,0.66,1
Argentina,ARG,1943,0.169,0.476,1
Argentina,ARG,1944,0.105,0.352,0
Argentina,ARG,1945,0.089,0.398,0
Argentina,ARG,1946,0.317,0.557,1
Argentina,ARG,1947,0.341,0.465,1
Argentina,ARG,1948,0.385,0.445,1
Argentina,ARG,1949,0.372,0.442,1
Argentina,ARG,1950,0.348,0.422,1
Argentina,ARG,1951,0.339,0.422,1
Argentina,ARG,1952,0.334,0.422,1
Argentina,ARG,1953,0.331,0.418,1
Argentina,ARG,1954,0.327,0.418,1
Argentina,ARG,1955,0.286,0.353,1
Argentina,ARG,1956,0.15,0.328,0
Argentina,ARG,1957,0.185,0.347,0
Argentina,ARG,1958,0.383,0.503,1
Argentina,ARG,1959,0.486,0.654,1
Argentina,ARG,1960,0.492,0.655,1
Argentina,ARG,1961,0.494,0.67,1
Argentina,ARG,1962,0.274,0.522,1
Argentina,ARG,1963,0.31,0.543,1
Argentina,ARG,1964,0.528,0.778,2
Argentina,ARG,1965,0.527,0.787,2
Argentina,ARG,1966,0.228,0.564,1
Argentina,ARG,1967,0.102,0.313,0
Argentina,ARG,1968,0.106,0.298,0
Argentina,ARG,1969,0.108,0.288,0
Argentina,ARG,1970,0.109,0.318,0
Argentina,ARG,1971,0.12,0.318,0
Argentina,ARG,1972,0.13,0.311,0
Argentina,ARG,1973,0.456,0.516,1
Argentina,ARG,1974,0.557,0.499,2
Argentina,ARG,1975,0.509,0.482,2
Argentina,ARG,1976,0.133,0.194,1
Argentina,ARG,1977,0.071,0.167,0
Argentina,ARG,1978,0.071,0.169,0
Argentina,ARG,1979,0.071,0.169,0
Argentina,ARG,1980,0.071,0.183,0
Argentina,ARG,1981,0.071,0.183,0
Argentina,ARG,1982,0.074,0.183,0
Argentina,ARG,1983,0.267,0.553,1
Argentina,ARG,1984,0.83,0.79,2
Argentina,ARG,1985,0.829,0.79,2
Argentina,ARG,1986,0.825,0.79,2
Argentina,ARG,1987,0.827,0.79,2
Argentina,ARG,1988,0.831,0.79,2
Argentina,ARG,1989,0.828,0.79,2
Argentina,ARG,1990,0.826,0.702,2
Argentina,ARG,1991,0.829,0.72,2
Argentina,ARG,1992,0.829,0.723,2
Argentina,ARG,1993,0.829,0.723,2
Argentina,ARG,1994,0.834,0.723,2
Argentina,ARG,1995,0.833,0.735,2
Argentina,ARG,1996,0.83,0.725,2
Argentina,ARG,1997,0.829,0.725,2
Argentina,ARG,1998,0.828,0.726,2
Argentina,ARG,1999,0.828,0.738,2
Argentina,ARG,2000,0.833,0.781,2
Argentina,ARG,2001,0.833,0.788,2
Argentina,ARG,2002,0.826,0.775,2
Argentina,ARG,2003,0.807,0.766,2
Argentina,ARG,2004,0.795,0.769,2
Argentina,ARG,2005,0.793,0.765,2
Argentina,ARG,2006,0.78,0.765,2
Argentina,ARG,2007,0.781,0.758,2
Argentina,ARG,2008,0.766,0.743,2
Argentina,ARG,2009,0.756,0.743,2
Argentina,ARG,2010,0.746,0.749,2
Argentina,ARG,2011,0.749,0.735,2
Argentina,ARG,2012,0.763,0.731,2
Argentina,ARG,2013,0.772,0.728,2
Argentina,ARG,2014,0.777,0.735,2
Argentina,ARG,2015,0.765,0.743,2
Argentina,ARG,2016,0.751,0.806,2
Argentina,ARG,2017,0.751,0.801,2
Argentina,ARG,2018,0.78,0.789,2
Argentina,ARG,2019,0.779,0.775,2
Argentina,ARG,2020,0.797,0.772,2
Argentina,ARG,2021,0.796,0.783,2
Argentina,ARG,2022,0.831,0.757,2
Argentina,ARG,2023,0.838,0.81,2
Argentina,ARG,2024,0.721,0.753,2
Argentina,ARG,2025,0.69,0.736,2
Ethiopia,ETH,1900,0.011,0.057,0
Ethiopia,ETH,1901,0.011,0.057,0
Ethiopia,ETH,1902,0.011,0.057,0
Ethiopia,ETH,1903,0.011,0.057,0
Ethiopia,ETH,1904,0.011,0.057,0
Ethiopia,ETH,1905,0.011,0.057,0
Ethiopia,ETH,1906,0.011,0.057,0
Ethiopia,ETH,1907,0.011,0.057,0
Ethiopia,ETH,1908,0.011,0.057,0
Ethiopia,ETH,1909,0.011,0.057,0
Ethiopia,ETH,1910,0.011,0.057,0
Ethiopia,ETH,1911,0.011,0.057,0
Ethiopia,ETH,1912,0.011,0.059,0
Ethiopia,ETH,1913,0.011,0.059,0
Ethiopia,ETH,1914,0.011,0.06,0
Ethiopia,ETH,1915,0.011,0.06,0
Ethiopia,ETH,1916,0.011,0.06,0
Ethiopia,ETH,1917,0.011,0.062,0
Ethiopia,ETH,1918,0.011,0.062,0
Ethiopia,ETH,1919,0.011,0.062,0
Ethiopia,ETH,1920,0.011,0.062,0
Ethiopia,ETH,1921,0.011,0.062,0
Ethiopia,ETH,1922,0.011,0.062,0
Ethiopia,ETH,1923,0.011,0.063,0
Ethiopia,ETH,1924,0.011,0.063,0
Ethiopia,ETH,1925,0.011,0.063,0
Ethiopia,ETH,1926,0.011,0.063,0
Ethiopia,ETH,1927,0.011,0.063,0
Ethiopia,ETH,1928,0.011,0.063,0
Ethiopia,ETH,1929,0.011,0.061,0
Ethiopia,ETH,1930,0.011,0.061,0
Ethiopia,ETH,1931,0.011,0.079,0
Ethiopia,ETH,1932,0.011,0.079,0
Ethiopia,ETH,1933,0.011,0.079,0
Ethiopia,ETH,1934,0.011,0.079,0
Ethiopia,ETH,1935,0.011,0.079,0
Ethiopia,ETH,1936,0.01,0.054,0
Ethiopia,ETH,1937,0.01,0.054,0
Ethiopia,ETH,1938,0.01,0.054,0
Ethiopia,ETH,1939,0.01,0.054,0
Ethiopia,ETH,1940,0.011,0.054,0
Ethiopia,ETH,1941,0.011,0.076,0
Ethiopia,ETH,1942,0.012,0.092,0
Ethiopia,ETH,1943,0.012,0.093,0
Ethiopia,ETH,1944,0.012,0.093,0
Ethiopia,ETH,1945,0.014,0.093,0
Ethiopia,ETH,1946,0.014,0.093,0
Ethiopia,ETH,1947,0.014,0.093,0
Ethiopia,ETH,1948,0.014,0.093,0
Ethiopia,ETH,1949,0.014,0.093,0
Ethiopia,ETH,1950,0.014,0.093,0
Ethiopia,ETH,1951,0.014,0.093,0
Ethiopia,ETH,1952,0.014,0.093,0
Ethiopia,ETH,1953,0.014,0.093,0
Ethiopia,ETH,1954,0.014,0.093,0
Ethiopia,ETH,1955,0.03,0.104,0
Ethiopia,ETH,1956,0.093,0.104,0
Ethiopia,ETH,1957,0.093,0.104,0
Ethiopia,ETH,1958,0.093,0.104,0
Ethiopia,ETH,1959,0.093,0.104,0
Ethiopia,ETH,1960,0.093,0.106,0
Ethiopia,ETH,1961,0.093,0.109,0
Ethiopia,ETH,1962,0.093,0.109,0
Ethiopia,ETH,1963,0.093,0.109,0
Ethiopia,ETH,1964,0.093,0.109,0
Ethiopia,ETH,1965,0.093,0.109,0
Ethiopia,ETH,1966,0.093,0.109,0
Ethiopia,ETH,1967,0.093,0.109,0
Ethiopia,ETH,1968,0.094,0.109,0
Ethiopia,ETH,1969,0.094,0.109,0
Ethiopia,ETH,1970,0.094,0.113,0
Ethiopia,ETH,1971,0.094,0.113,0
Ethiopia,ETH,1972,0.095,0.116,0
Ethiopia,ETH,1973,0.095,0.113,0
Ethiopia,ETH,1974,0.086,0.087,0
Ethiopia,ETH,1975,0.077,0.042,0
Ethiopia,ETH,1976,0.072,0.044,0
Ethiopia,ETH,1977,0.072,0.044,0
Ethiopia,ETH,1978,0.072,0.044,0
Ethiopia,ETH,1979,0.072,0.044,0
Ethiopia,ETH,1980,0.072,0.045,0
Ethiopia,ETH,1981,0.072,0.047,0
Ethiopia,ETH,1982,0.072,0.047,0
Ethiopia,ETH,1983,0.072,0.047,0
Ethiopia,ETH,1984,0.072,0.047,0
Ethiopia,ETH,1985,0.072,0.047,0
Ethiopia,ETH,1986,0.072,0.047,0
Ethiopia,ETH,1987,0.099,0.05,0
Ethiopia,ETH,1988,0.149,0.067,0
Ethiopia,ETH,1989,0.149,0.067,0
Ethiopia,ETH,1990,0.15,0.071,0
Ethiopia,ETH,1991,0.203,0.191,0
Ethiopia,ETH,1992,0.23,0.232,0
Ethiopia,ETH,1993,0.23,0.241,0
Ethiopia,ETH,1994,0.195,0.224,1
Ethiopia,ETH,1995,0.223,0.247,1
Ethiopia,ETH,1996,0.245,0.274,1
Ethiopia,ETH,1997,0.245,0.274,1
Ethiopia,ETH,1998,0.245,0.274,1
Ethiopia,ETH,1999,0.245,0.274,1
Ethiopia,ETH,2000,0.241,0.274,1
Ethiopia,ETH,2001,0.241,0.274,1
Ethiopia,ETH,2002,0.242,0.274,1
Ethiopia,ETH,2003,0.242,0.277,1
Ethiopia,ETH,2004,0.241,0.277,1
Ethiopia,ETH,2005,0.256,0.277,1
Ethiopia,ETH,2006,0.241,0.279,1
Ethiopia,ETH,2007,0.244,0.28,1
Ethiopia,ETH,2008,0.244,0.281,1
Ethiopia,ETH,2009,0.244,0.285,1
Ethiopia,ETH,2010,0.229,0.281,1
Ethiopia,ETH,2011,0.223,0.276,1
Ethiopia,ETH,2012,0.225,0.276,1
Ethiopia,ETH,2013,0.223,0.27,1
Ethiopia,ETH,2014,0.227,0.27,1
Ethiopia,ETH,2015,0.228,0.26,1
Ethiopia,ETH,2016,0.226,0.252,1
Ethiopia,ETH,2017,0.228,0.247,1
Ethiopia,ETH,2018,0.271,0.317,1
Ethiopia,ETH,2019,0.329,0.341,1
Ethiopia,ETH,2020,0.32,0.329,1
Ethiopia,ETH,2021,0.29,0.31,1
Ethiopia,ETH,2022,0.3,0.293,1
Ethiopia,ETH,2023,0.279,0.229,1
Ethiopia,ETH,2024,0.26,0.205,1
Ethiopia,ETH,2025,0.257,0.228,1
India,IND,1900,0.076,0.347,0
India,IND,1901,0.076,0.347,0
India,IND,1902,0.076,0.347,0
India,IND,1903,0.076,0.347,0
India,IND,1904,0.076,0.347,0
India,IND,1905,0.074,0.347,0
India,IND,1906,0.075,0.347,0
India,IND,1907,0.075,0.347,0
India,IND,1908,0.075,0.347,0
India,IND,1909,0.075,0.347,0
India,IND,1910,0.076,0.353,0
India,IND,1911,0.076,0.353,0
India,IND,1912,0.076,0.353,0
India,IND,1913,0.076,0.353,0
India,IND,1914,0.076,0.353,0
India,IND,1915,0.076,0.353,0
India,IND,1916,0.076,0.353,0
India,IND,1917,0.076,0.353,0
India,IND,1918,0.076,0.353,0
India,IND,1919,0.076,0.353,0
India,IND,1920,0.087,0.353,0
India,IND,1921,0.139,0.353,0
India,IND,1922,0.139,0.353,0
India,IND,1923,0.14,0.353,0
India,IND,1924,0.144,0.353,0
India,IND,1925,0.144,0.353,0
India,IND,1926,0.143,0.353,0
India,IND,1927,0.138,0.353,0
India,IND,1928,0.138,0.353,0
India,IND,1929,0.138,0.353,0
India,IND,1930,0.137,0.353,0
India,IND,1931,0.139,0.353,0
India,IND,1932,0.139,0.353,0
India,IND,1933,0.139,0.353,0
India,IND,1934,0.141,0.353,0
India,IND,1935,0.177,0.496,0
India,IND,1936,0.176,0.496,0
India,IND,1937,0.18,0.496,0
India,IND,1938,0.18,0.496,0
India,IND,1939,0.18,0.496,0
India,IND,1940,0.179,0.496,0
India,IND,1941,0.179,0.496,0
India,IND,1942,0.179,0.496,0
India,IND,1943,0.179,0.496,0
India,IND,1944,0.179,0.496,0
India,IND,1945,0.197,0.496,0
India,IND,1946,0.21,0.496,1
India,IND,1947,0.226,0.39,1
India,IND,1948,0.185,0.478,0
India,IND,1949,0.187,0.478,0
India,IND,1950,0.272,0.734,0
India,IND,1951,0.312,0.741,1
India,IND,1952,0.596,0.749,2
India,IND,1953,0.661,0.749,2
India,IND,1954,0.661,0.749,2
India,IND,1955,0.661,0.749,2
India,IND,1956,0.661,0.747,2
India,IND,1957,0.668,0.747,2
India,IND,1958,0.67,0.747,2
India,IND,1959,0.67,0.747,2
India,IND,1960,0.67,0.747,2
India,IND,1961,0.67,0.747,2
India,IND,1962,0.655,0.747,2
India,IND,1963,0.653,0.747,2
India,IND,1964,0.65,0.747,2
India,IND,1965,0.644,0.737,2
India,IND,1966,0.645,0.737,2
India,IND,1967,0.66,0.737,2
India,IND,1968,0.665,0.737,2
India,IND,1969,0.665,0.737,2
India,IND,1970,0.664,0.715,2
India,IND,1971,0.618,0.715,2
India,IND,1972,0.612,0.715,2
India,IND,1973,0.612,0.715,2
India,IND,1974,0.57,0.715,2
India,IND,1975,0.39,0.633,1
India,IND,1976,0.381,0.591,1
India,IND,1977,0.494,0.635,1
India,IND,1978,0.652,0.769,2
India,IND,1979,0.656,0.769,2
India,IND,1980,0.646,0.759,2
India,IND,1981,0.643,0.755,2
India,IND,1982,0.641,0.755,2
India,IND,1983,0.641,0.755,2
India,IND,1984,0.642,0.752,2
India,IND,1985,0.658,0.763,2
India,IND,1986,0.668,0.761,2
India,IND,1987,0.668,0.761,2
India,IND,1988,0.664,0.761,2
India,IND,1989,0.665,0.762,2
India,IND,1990,0.693,0.76,2
India,IND,1991,0.713,0.766,2
India,IND,1992,0.726,0.766,2
India,IND,1993,0.731,0.769,2
India,IND,1994,0.738,0.769,2
India,IND,1995,0.738,0.769,2
India,IND,1996,0.741,0.779,2
India,IND,1997,0.742,0.778,2
India,IND,1998,0.746,0.778,2
India,IND,1999,0.737,0.78,2
India,IND,2000,0.735,0.78,2
India,IND,2001,0.735,0.78,2
India,IND,2002,0.739,0.779,2
India,IND,2003,0.736,0.775,2
India,IND,2004,0.731,0.775,2
India,IND,2005,0.723,0.776,2
India,IND,2006,0.721,0.776,2
India,IND,2007,0.721,0.776,2
India,IND,2008,0.721,0.776,2
India,IND,2009,0.683,0.776,2
India,IND,2010,0.671,0.783,2
India,IND,2011,0.671,0.782,2
India,IND,2012,0.659,0.783,2
India,IND,2013,0.65,0.791,2
India,IND,2014,0.617,0.773,2
India,IND,2015,0.543,0.737,2
India,IND,2016,0.524,0.735,2
India,IND,2017,0.488,0.712,1
India,IND,2018,0.482,0.702,1
India,IND,2019,0.43,0.675,1
India,IND,2020,0.39,0.65,1
India,IND,2021,0.398,0.684,1
India,IND,2022,0.384,0.657,1
India,IND,2023,0.374,0.624,1
India,IND,2024,0.381,0.629,1
India,IND,2025,0.377,0.575,1
Kenya,KEN,1900,0.01,0.087,0
Kenya,KEN,1901,0.01,0.087,0
Kenya,KEN,1902,0.01,0.087,0
Kenya,KEN,1903,0.01,0.087,0
Kenya,KEN,1904,0.01,0.087,0
Kenya,KEN,1905,0.01,0.088,0
Kenya,KEN,1906,0.01,0.091,0
Kenya,KEN,1907,0.01,0.091,0
Kenya,KEN,1908,0.01,0.174,0
Kenya,KEN,1909,0.01,0.174,0
Kenya,KEN,1910,0.01,0.175,0
Kenya,KEN,1911,0.01,0.175,0
Kenya,KEN,1912,0.01,0.175,0
Kenya,KEN,1913,0.01,0.175,0
Kenya,KEN,1914,0.01,0.175,0
Kenya,KEN,1915,0.01,0.171,0
Kenya,KEN,1916,0.01,0.171,0
Kenya,KEN,1917,0.01,0.171,0
Kenya,KEN,1918,0.01,0.171,0
Kenya,KEN,1919,0.01,0.171,0
Kenya,KEN,1920,0.062,0.169,0
Kenya,KEN,1921,0.067,0.169,0
Kenya,KEN,1922,0.067,0.169,0
Kenya,KEN,1923,0.067,0.169,0
Kenya,KEN,1924,0.07,0.169,0
Kenya,KEN,1925,0.071,0.169,0
Kenya,KEN,1926,0.071,0.169,0
Kenya,KEN,1927,0.068,0.17,0
Kenya,KEN,1928,0.074,0.17,0
Kenya,KEN,1929,0.074,0.17,0
Kenya,KEN,1930,0.076,0.17,0
Kenya,KEN,1931,0.075,0.185,0
Kenya,KEN,1932,0.075,0.185,0
Kenya,KEN,1933,0.075,0.185,0
Kenya,KEN,1934,0.053,0.185,0
Kenya,KEN,1935,0.046,0.185,0
Kenya,KEN,1936,0.046,0.185,0
Kenya,KEN,1937,0.046,0.185,0
Kenya,KEN,1938,0.068,0.185,0
Kenya,KEN,1939,0.075,0.185,0
Kenya,KEN,1940,0.074,0.185,0
Kenya,KEN,1941,0.074,0.185,0
Kenya,KEN,1942,0.074,0.185,0
Kenya,KEN,1943,0.074,0.185,0
Kenya,KEN,1944,0.074,0.185,0
Kenya,KEN,1945,0.076,0.185,0
Kenya,KEN,1946,0.079,0.185,0
Kenya,KEN,1947,0.079,0.185,0
Kenya,KEN,1948,0.082,0.185,0
Kenya,KEN,1949,0.082,0.185,0
Kenya,KEN,1950,0.085,0.183,0
Kenya,KEN,1951,0.084,0.183,0
Kenya,KEN,1952,0.081,0.179,0
Kenya,KEN,1953,0.078,0.179,0
Kenya,KEN,1954,0.077,0.179,0
Kenya,KEN,1955,0.08,0.179,0
Kenya,KEN,1956,0.094,0.18,0
Kenya,KEN,1957,0.097,0.222,0
Kenya,KEN,1958,0.1,0.221,0
Kenya,KEN,1959,0.102,0.221,0
Kenya,KEN,1960,0.111,0.233,0
Kenya,KEN,1961,0.122,0.237,0
Kenya,KEN,1962,0.123,0.236,0
Kenya,KEN,1963,0.21,0.331,1
Kenya,KEN,1964,0.238,0.397,1
Kenya,KEN,1965,0.275,0.399,1
Kenya,KEN,1966,0.247,0.398,1
Kenya,KEN,1967,0.219,0.4,1
Kenya,KEN,1968,0.217,0.396,1
Kenya,KEN,1969,0.2,0.371,1
Kenya,KEN,1970,0.196,0.33,1
Kenya,KEN,1971,0.197,0.33,1
Kenya,KEN,1972,0.196,0.33,1
Kenya,KEN,1973,0.198,0.33,1
Kenya,KEN,1974,0.202,0.333,1
Kenya,KEN,1975,0.209,0.329,1
Kenya,KEN,1976,0.21,0.331,1
Kenya,KEN,1977,0.21,0.331,1
Kenya,KEN,1978,0.21,0.318,1
Kenya,KEN,1979,0.211,0.325,1
Kenya,KEN,1980,0.207,0.323,1
Kenya,KEN,1981,0.205,0.323,1
Kenya,KEN,1982,0.197,0.299,1
Kenya,KEN,1983,0.193,0.293,1
Kenya,KEN,1984,0.181,0.294,1
Kenya,KEN,1985,0.181,0.294,1
Kenya,KEN,1986,0.183,0.292,1
Kenya,KEN,1987,0.183,0.292,1
Kenya,KEN,1988,0.177,0.283,1
Kenya,KEN,1989,0.175,0.288,1
Kenya,KEN,1990,0.189,0.369,1
Kenya,KEN,1991,0.203,0.384,1
Kenya,KEN,1992,0.291,0.468,1
Kenya,KEN,1993,0.329,0.485,1
Kenya,KEN,1994,0.334,0.485,1
Kenya,KEN,1995,0.337,0.485,1
Kenya,KEN,1996,0.337,0.485,1
Kenya,KEN,1997,0.336,0.486,1
Kenya,KEN,1998,0.363,0.497,1
Kenya,KEN,1999,0.363,0.497,1
Kenya,KEN,2000,0.374,0.562,1
Kenya,KEN,2001,0.376,0.562,1
Kenya,KEN,2002,0.419,0.605,1
Kenya,KEN,2003,0.51,0.638,2
Kenya,KEN,2004,0.51,0.638,2
Kenya,KEN,2005,0.51,0.648,2
Kenya,KEN,2006,0.51,0.648,2
Kenya,KEN,2007,0.511,0.641,1
Kenya,KEN,2008,0.415,0.648,1
Kenya,KEN,2009,0.416,0.65,1
Kenya,KEN,2010,0.427,0.78,1
Kenya,KEN,2011,0.428,0.78,1
Kenya,KEN,2012,0.425,0.773,1
Kenya,KEN,2013,0.524,0.759,2
Kenya,KEN,2014,0.539,0.76,2
Kenya,KEN,2015,0.539,0.76,2
Kenya,KEN,2016,0.534,0.762,2
Kenya,KEN,2017,0.512,0.763,1
Kenya,KEN,2018,0.496,0.758,1
Kenya,KEN,2019,0.501,0.763,1
Kenya,KEN,2020,0.503,0.769,1
Kenya,KEN,2021,0.507,0.81,1
Kenya,KEN,2022,0.55,0.8,2
Kenya,KEN,2023,0.57,0.795,2
Kenya,KEN,2024,0.557,0.758,2
Kenya,KEN,2025,0.563,0.767,2
North Korea,PRK,1945,0.02,0.087,0
North Korea,PRK,1946,0.016,0.026,0
North Korea,PRK,1947,0.016,0.026,0
North Korea,PRK,1948,0.02,0.022,0
North Korea,PRK,1949,0.098,0.042,0
North Korea,PRK,1950,0.096,0.042,0
North Korea,PRK,1951,0.096,0.042,0
North Korea,PRK,1952,0.096,0.042,0
North Korea,PRK,1953,0.096,0.042,0
North Korea,PRK,1954,0.096,0.042,0
North Korea,PRK,1955,0.096,0.041,0
North Korea,PRK,1956,0.096,0.039,0
North Korea,PRK,1957,0.094,0.04,0
North Korea,PRK,1958,0.092,0.038,0
North Korea,PRK,1959,0.092,0.038,0
North Korea,PRK,1960,0.092,0.036,0
North Korea,PRK,1961,0.092,0.036,0
North Korea,PRK,1962,0.091,0.036,0
North Korea,PRK,1963,0.089,0.036,0
North Korea,PRK,1964,0.089,0.036,0
North Korea,PRK,1965,0.089,0.036,0
North Korea,PRK,1966,0.089,0.036,0
North Korea,PRK,1967,0.089,0.036,0
North Korea,PRK,1968,0.088,0.036,0
North Korea,PRK,1969,0.088,0.036,0
North Korea,PRK,1970,0.088,0.036,0
North Korea,PRK,1971,0.088,0.036,0
North Korea,PRK,1972,0.086,0.036,0
North Korea,PRK,1973,0.087,0.034,0
North Korea,PRK,1974,0.087,0.034,0
North Korea,PRK,1975,0.087,0.034,0
North Korea,PRK,1976,0.087,0.034,0
North Korea,PRK,1977,0.086,0.034,0
North Korea,PRK,1978,0.086,0.034,0
North Korea,PRK,1979,0.086,0.034,0
North Korea,PRK,1980,0.086,0.034,0
North Korea,PRK,1981,0.086,0.034,0
North Korea,PRK,1982,0.086,0.034,0
North Korea,PRK,1983,0.087,0.034,0
North Korea,PRK,1984,0.087,0.034,0
North Korea,PRK,1985,0.087,0.034,0
North Korea,PRK,1986,0.086,0.034,0
North Korea,PRK,1987,0.084,0.034,0
North Korea,PRK,1988,0.084,0.034,0
North Korea,PRK,1989,0.084,0.034,0
North Korea,PRK,1990,0.086,0.034,0
North Korea,PRK,1991,0.087,0.034,0
North Korea,PRK,1992,0.084,0.034,0
North Korea,PRK,1993,0.084,0.034,0
North Korea,PRK,1994,0.084,0.034,0
North Korea,PRK,1995,0.084,0.033,0
North Korea,PRK,1996,0.084,0.033,0
North Korea,PRK,1997,0.084,0.033,0
North Korea,PRK,1998,0.084,0.033,0
North Korea,PRK,1999,0.083,0.033,0
North Korea,PRK,2000,0.083,0.033,0
North Korea,PRK,2001,0.083,0.033,0
North Korea,PRK,2002,0.083,0.033,0
North Korea,PRK,2003,0.083,0.033,0
North Korea,PRK,2004,0.085,0.033,0
North Korea,PRK,2005,0.085,0.033,0
North Korea,PRK,2006,0.085,0.033,0
North Korea,PRK,2007,0.085,0.033,0
North Korea,PRK,2008,0.085,0.033,0
North Korea,PRK,2009,0.085,0.033,0
North Korea,PRK,2010,0.086,0.033,0
North Korea,PRK,2011,0.086,0.033,0
North Korea,PRK,2012,0.086,0.033,0
North Korea,PRK,2013,0.086,0.034,0
North Korea,PRK,2014,0.085,0.034,0
North Korea,PRK,2015,0.085,0.034,0
North Korea,PRK,2016,0.085,0.034,0
North Korea,PRK,2017,0.085,0.034,0
North Korea,PRK,2018,0.085,0.034,0
North Korea,PRK,2019,0.083,0.035,0
North Korea,PRK,2020,0.083,0.034,0
North Korea,PRK,2021,0.083,0.034,0
North Korea,PRK,2022,0.083,0.034,0
North Korea,PRK,2023,0.083,0.034,0
North Korea,PRK,2024,0.084,0.034,0
North Korea,PRK,2025,0.083,0.034,0
South Korea,KOR,1900,0.027,0.129,0
South Korea,KOR,1901,0.027,0.129,0
South Korea,KOR,1902,0.027,0.129,0
South Korea,KOR,1903,0.027,0.129,0
South Korea,KOR,1904,0.02,0.129,0
South Korea,KOR,1905,0.018,0.127,0
South Korea,KOR,1906,0.017,0.127,0
South Korea,KOR,1907,0.017,0.127,0
South Korea,KOR,1908,0.017,0.127,0
South Korea,KOR,1909,0.017,0.127,0
South Korea,KOR,1910,0.013,0.082,0
South Korea,KOR,1911,0.012,0.082,0
South Korea,KOR,1912,0.012,0.082,0
South Korea,KOR,1913,0.012,0.082,0
South Korea,KOR,1914,0.012,0.082,0
South Korea,KOR,1915,0.012,0.082,0
South Korea,KOR,1916,0.012,0.082,0
South Korea,KOR,1917,0.012,0.082,0
South Korea,KOR,1918,0.012,0.082,0
South Korea,KOR,1919,0.014,0.082,0
South Korea,KOR,1920,0.014,0.082,0
South Korea,KOR,1921,0.014,0.082,0
South Korea,KOR,1922,0.014,0.082,0
South Korea,KOR,1923,0.014,0.083,0
South Korea,KOR,1924,0.014,0.083,0
South Korea,KOR,1925,0.014,0.083,0
South Korea,KOR,1926,0.014,0.083,0
South Korea,KOR,1927,0.014,0.083,0
South Korea,KOR,1928,0.014,0.083,0
South Korea,KOR,1929,0.014,0.083,0
South Korea,KOR,1930,0.014,0.083,0
South Korea,KOR,1931,0.014,0.083,0
South Korea,KOR,1932,0.014,0.083,0
South Korea,KOR,1933,0.014,0.083,0
South Korea,KOR,1934,0.014,0.083,0
South Korea,KOR,1935,0.014,0.083,0
South Korea,KOR,1936,0.014,0.083,0
South Korea,KOR,1937,0.014,0.081,0
South Korea,KOR,1938,0.014,0.079,0
South Korea,KOR,1939,0.014,0.075,0
South Korea,KOR,1940,0.014,0.076,0
South Korea,KOR,1941,0.013,0.066,0
South Korea,KOR,1942,0.013,0.066,0
South Korea,KOR,1943,0.013,0.066,0
South Korea,KOR,1944,0.013,0.066,0
South Korea,KOR,1945,0.076,0.102,0
South Korea,KOR,1946,0.088,0.221,0
South Korea,KOR,1947,0.081,0.22,0
South Korea,KOR,1948,0.137,0.336,1
South Korea,KOR,1949,0.26,0.4,1
South Korea,KOR,1950,0.253,0.38,1
South Korea,KOR,1951,0.252,0.368,1
South Korea,KOR,1952,0.252,0.368,1
South Korea,KOR,1953,0.253,0.388,1
South Korea,KOR,1954,0.261,0.375,1
South Korea,KOR,1955,0.261,0.379,1
South Korea,KOR,1956,0.257,0.379,1
South Korea,KOR,1957,0.257,0.379,1
South Korea,KOR,1958,0.261,0.373,1
South Korea,KOR,1959,0.261,0.373,1
South Korea,KOR,1960,0.331,0.529,1
South Korea,KOR,1961,0.216,0.337,1
South Korea,KOR,1962,0.163,0.317,1
South Korea,KOR,1963,0.175,0.325,1
South Korea,KOR,1964,0.273,0.331,1
South Korea,KOR,1965,0.273,0.326,1
South Korea,KOR,1966,0.273,0.326,1
South Korea,KOR,1967,0.276,0.326,1
South Korea,KOR,1968,0.278,0.326,1
South Korea,KOR,1969,0.278,0.326,1
South Korea,KOR,1970,0.276,0.326,1
South Korea,KOR,1971,0.274,0.326,1
South Korea,KOR,1972,0.231,0.271,1
South Korea,KOR,1973,0.208,0.264,1
South Korea,KOR,1974,0.211,0.264,1
South Korea,KOR,1975,0.211,0.264,1
South Korea,KOR,1976,0.209,0.264,1
South Korea,KOR,1977,0.209,0.264,1
South Korea,KOR,1978,0.209,0.264,1
South Korea,KOR,1979,0.208,0.264,1
South Korea,KOR,1980,0.199,0.287,1
South Korea,KOR,1981,0.21,0.288,1
South Korea,KOR,1982,0.22,0.316,1
South Korea,KOR,1983,0.228,0.315,1
South Korea,KOR,1984,0.245,0.315,1
South Korea,KOR,1985,0.303,0.32,1
South Korea,KOR,1986,0.312,0.332,1
South Korea,KOR,1987,0.38,0.462,1
South Korea,KOR,1988,0.616,0.735,2
South Korea,KOR,1989,0.646,0.748,2
South Korea,KOR,1990,0.647,0.75,2
South Korea,KOR,1991,0.647,0.75,2
South Korea,KOR,1992,0.651,0.768,2
South Korea,KOR,1993,0.724,0.84,3
South Korea,KOR,1994,0.731,0.84,3
South Korea,KOR,1995,0.731,0.84,3
South Korea,KOR,1996,0.736,0.84,3
South Korea,KOR,1997,0.743,0.864,3
South Korea,KOR,1998,0.804,0.919,3
South Korea,KOR,1999,0.811,0.919,3
South Korea,KOR,2000,0.829,0.919,3
South Korea,KOR,2001,0.833,0.919,3
South Korea,KOR,2002,0.833,0.923,3
South Korea,KOR,2003,0.835,0.921,3
South Korea,KOR,2004,0.834,0.921,3
South Korea,KOR,2005,0.834,0.921,3
South Korea,KOR,2006,0.834,0.921,3
South Korea,KOR,2007,0.834,0.92,3
South Korea,KOR,2008,0.759,0.88,3
South Korea,KOR,2009,0.759,0.88,3
South Korea,KOR,2010,0.762,0.88,3
South Korea,KOR,2011,0.762,0.88,3
South Korea,KOR,2012,0.753,0.88,3
South Korea,KOR,2013,0.716,0.851,3
South Korea,KOR,2014,0.705,0.851,3
South Korea,KOR,2015,0.705,0.851,3
South Korea,KOR,2016,0.718,0.867,3
South Korea,KOR,2017,0.852,0.941,3
South Korea,KOR,2018,0.857,0.935,3
South Korea,KOR,2019,0.842,0.937,3
South Korea,KOR,2020,0.85,0.932,3
South Korea,KOR,2021,0.852,0.915,3
South Korea,KOR,2022,0.802,0.904,3
South Korea,KOR,2023,0.722,0.866,3
South Korea,KOR,2024,0.724,0.875,2
South Korea,KOR,2025,0.819,0.912,3
Kosovo,XKX,1999,0.219,0.401,0
Kosovo,XKX,2000,0.238,0.422,0
Kosovo,XKX,2001,0.25,0.441,0
Kosovo,XKX,2002,0.493,0.638,1
Kosovo,XKX,2003,0.532,0.663,2
Kosovo,XKX,2004,0.527,0.663,2
Kosovo,XKX,2005,0.512,0.656,2
Kosovo,XKX,2006,0.512,0.656,2
Kosovo,XKX,2007,0.519,0.659,2
Kosovo,XKX,2008,0.512,0.656,2
Kosovo,XKX,2009,0.514,0.676,2
Kosovo,XKX,2010,0.533,0.679,2
Kosovo,XKX,2011,0.504,0.692,2
Kosovo,XKX,2012,0.507,0.693,2
Kosovo,XKX,2013,0.519,0.643,2
Kosovo,XKX,2014,0.593,0.646,2
Kosovo,XKX,2015,0.651,0.647,2
Kosovo,XKX,2016,0.653,0.649,2
Kosovo,XKX,2017,0.574,0.618,2
Kosovo,XKX,2018,0.662,0.672,2
Kosovo,XKX,2019,0.677,0.701,2
Kosovo,XKX,2020,0.67,0.703,2
Kosovo,XKX,2021,0.674,0.702,2
Kosovo,XKX,2022,0.676,0.728,2
Kosovo,XKX,2023,0.676,0.697,2
Kosovo,XKX,2024,0.648,0.692,2
Kosovo,XKX,2025,0.631,0.686,2
Lebanon,LBN,1919,0.12,0.307,0
Lebanon,LBN,1920,0.127,0.307,0
Lebanon,LBN,1921,0.127,0.307,0
Lebanon,LBN,1922,0.129,0.459,0
Lebanon,LBN,1923,0.16,0.459,0
Lebanon,LBN,1924,0.159,0.459,0
Lebanon,LBN,1925,0.158,0.459,0
Lebanon,LBN,1926,0.174,0.459,0
Lebanon,LBN,1927,0.188,0.466,0
Lebanon,LBN,1928,0.18,0.466,0
Lebanon,LBN,1929,0.18,0.466,0
Lebanon,LBN,1930,0.18,0.466,0
Lebanon,LBN,1931,0.18,0.466,0
Lebanon,LBN,1932,0.178,0.466,0
Lebanon,LBN,1933,0.18,0.466,0
Lebanon,LBN,1934,0.221,0.466,0
Lebanon,LBN,1935,0.221,0.466,0
Lebanon,LBN,1936,0.221,0.466,0
Lebanon,LBN,1937,0.221,0.466,0
Lebanon,LBN,1938,0.221,0.466,0
Lebanon,LBN,1939,0.221,0.466,0
Lebanon,LBN,1940,0.219,0.46,0
Lebanon,LBN,1941,0.219,0.46,0
Lebanon,LBN,1942,0.222,0.46,0
Lebanon,LBN,1943,0.266,0.448,1
Lebanon,LBN,1944,0.322,0.46,1
Lebanon,LBN,1945,0.322,0.46,1
Lebanon,LBN,1946,0.322,0.46,1
Lebanon,LBN,1947,0.319,0.46,1
Lebanon,LBN,1948,0.318,0.46,1
Lebanon,LBN,1949,0.318,0.46,1
Lebanon,LBN,1950,0.318,0.46,1
Lebanon,LBN,1951,0.309,0.46,1
Lebanon,LBN,1952,0.305,0.46,1
Lebanon,LBN,1953,0.371,0.46,1
Lebanon,LBN,1954,0.383,0.46,1
Lebanon,LBN,1955,0.385,0.46,1
Lebanon,LBN,1956,0.385,0.46,1
Lebanon,LBN,1957,0.36,0.46,1
Lebanon,LBN,1958,0.342,0.46,1
Lebanon,LBN,1959,0.342,0.479,1
Lebanon,LBN,1960,0.373,0.479,1
Lebanon,LBN,1961,0.395,0.479,1
Lebanon,LBN,1962,0.394,0.479,1
Lebanon,LBN,1963,0.394,0.479,1
Lebanon,LBN,1964,0.389,0.479,1
Lebanon,LBN,1965,0.387,0.479,1
Lebanon,LBN,1966,0.387,0.479,1
Lebanon,LBN,1967,0.387,0.479,1
Lebanon,LBN,1968,0.386,0.479,1
Lebanon,LBN,1969,0.386,0.479,1
Lebanon,LBN,1970,0.395,0.462,1
Lebanon,LBN,1971,0.395,0.462,1
Lebanon,LBN,1972,0.376,0.462,1
Lebanon,LBN,1973,0.369,0.462,1
Lebanon,LBN,1974,0.369,0.462,1
Lebanon,LBN,1975,0.358,0.441,1
Lebanon,LBN,1976,0.348,0.428,1
Lebanon,LBN,1977,0.348,0.428,1
Lebanon,LBN,1978,0.348,0.428,1
Lebanon,LBN,1979,0.348,0.428,1
Lebanon,LBN,1980,0.348,0.428,1
Lebanon,LBN,1981,0.348,0.428,1
Lebanon,LBN,1982,0.348,0.415,1
Lebanon,LBN,1983,0.348,0.415,1
Lebanon,LBN,1984,0.348,0.415,1
Lebanon,LBN,1985,0.348,0.415,1
Lebanon,LBN,1986,0.348,0.415,1
Lebanon,LBN,1987,0.348,0.415,1
Lebanon,LBN,1988,0.334,0.415,1
Lebanon,LBN,1989,0.304,0.415,1
Lebanon,LBN,1990,0.342,0.433,1
Lebanon,LBN,1991,0.336,0.433,1
Lebanon,LBN,1992,0.336,0.433,1
Lebanon,LBN,1993,0.317,0.448,1
Lebanon,LBN,1994,0.312,0.448,1
Lebanon,LBN,1995,0.312,0.448,1
Lebanon,LBN,1996,0.312,0.448,1
Lebanon,LBN,1997,0.312,0.448,1
Lebanon,LBN,1998,0.312,0.448,1
Lebanon,LBN,1999,0.312,0.448,1
Lebanon,LBN,2000,0.323,0.456,1
Lebanon,LBN,2001,0.354,0.455,1
Lebanon,LBN,2002,0.351,0.455,1
Lebanon,LBN,2003,0.351,0.455,1
Lebanon,LBN,2004,0.355,0.455,1
Lebanon,LBN,2005,0.402,0.468,1
Lebanon,LBN,2006,0.441,0.482,1
Lebanon,LBN,2007,0.442,0.491,1
Lebanon,LBN,2008,0.443,0.487,1
Lebanon,LBN,2009,0.467,0.498,1
Lebanon,LBN,2010,0.466,0.494,1
Lebanon,LBN,2011,0.479,0.494,1
Lebanon,LBN,2012,0.477,0.504,1
Lebanon,LBN,2013,0.486,0.543,1
Lebanon,LBN,2014,0.486,0.543,1
Lebanon,LBN,2015,0.48,0.533,1
Lebanon,LBN,2016,0.479,0.539,1
Lebanon,LBN,2017,0.47,0.537,1
Lebanon,LBN,2018,0.44,0.552,1
Lebanon,LBN,2019,0.429,0.548,1
Lebanon,LBN,2020,0.436,0.54,1
Lebanon,LBN,2021,0.433,0.511,1
Lebanon,LBN,2022,0.405,0.511,1
Lebanon,LBN,2023,0.361,0.528,1
Lebanon,LBN,2024,0.347,0.523,1
Lebanon,LBN,2025,0.419,0.542,1
Nigeria,NGA,1914,0.114,0.21,0
Nigeria,NGA,1915,0.114,0.21,0
Nigeria,NGA,1916,0.114,0.21,0
Nigeria,NGA,1917,0.114,0.21,0
Nigeria,NGA,1918,0.114,0.21,0
Nigeria,NGA,1919,0.113,0.21,0
Nigeria,NGA,1920,0.109,0.21,0
Nigeria,NGA,1921,0.109,0.21,0
Nigeria,NGA,1922,0.133,0.21,0
Nigeria,NGA,1923,0.14,0.332,0
Nigeria,NGA,1924,0.14,0.332,0
Nigeria,NGA,1925,0.14,0.332,0
Nigeria,NGA,1926,0.14,0.332,0
Nigeria,NGA,1927,0.14,0.332,0
Nigeria,NGA,1928,0.14,0.332,0
Nigeria,NGA,1929,0.14,0.332,0
Nigeria,NGA,1930,0.14,0.332,0
Nigeria,NGA,1931,0.14,0.332,0
Nigeria,NGA,1932,0.14,0.332,0
Nigeria,NGA,1933,0.14,0.332,0
Nigeria,NGA,1934,0.141,0.332,0
Nigeria,NGA,1935,0.141,0.332,0
Nigeria,NGA,1936,0.141,0.332,0
Nigeria,NGA,1937,0.141,0.332,0
Nigeria,NGA,1938,0.141,0.332,0
Nigeria,NGA,1939,0.141,0.332,0
Nigeria,NGA,1940,0.141,0.333,0
Nigeria,NGA,1941,0.141,0.333,0
Nigeria,NGA,1942,0.141,0.333,0
Nigeria,NGA,1943,0.141,0.333,0
Nigeria,NGA,1944,0.141,0.333,0
Nigeria,NGA,1945,0.138,0.336,0
Nigeria,NGA,1946,0.142,0.336,0
Nigeria,NGA,1947,0.144,0.347,0
Nigeria,NGA,1948,0.144,0.347,0
Nigeria,NGA,1949,0.144,0.347,0
Nigeria,NGA,1950,0.144,0.347,0
Nigeria,NGA,1951,0.144,0.347,0
Nigeria,NGA,1952,0.149,0.347,0
Nigeria,NGA,1953,0.18,0.347,0
Nigeria,NGA,1954,0.184,0.378,0
Nigeria,NGA,1955,0.18,0.386,0
Nigeria,NGA,1956,0.18,0.386,0
Nigeria,NGA,1957,0.19,0.386,0
Nigeria,NGA,1958,0.211,0.386,0
Nigeria,NGA,1960,0.25,0.547,0
Nigeria,NGA,1961,0.249,0.55,0
Nigeria,NGA,1962,0.249,0.55,0
Nigeria,NGA,1963,0.249,0.55,0
Nigeria,NGA,1964,0.249,0.53,0
Nigeria,NGA,1965,0.233,0.53,0
Nigeria,NGA,1966,0.213,0.299,0
Nigeria,NGA,1967,0.181,0.24,0
Nigeria,NGA,1968,0.181,0.24,0
Nigeria,NGA,1969,0.181,0.24,0
Nigeria,NGA,1970,0.181,0.246,0
Nigeria,NGA,1971,0.181,0.251,0
Nigeria,NGA,1972,0.181,0.272,0
Nigeria,NGA,1973,0.179,0.272,0
Nigeria,NGA,1974,0.179,0.272,0
Nigeria,NGA,1975,0.18,0.268,0
Nigeria,NGA,1976,0.181,0.273,0
Nigeria,NGA,1977,0.191,0.273,0
Nigeria,NGA,1978,0.2,0.276,0
Nigeria,NGA,1979,0.262,0.372,1
Nigeria,NGA,1980,0.376,0.561,1
Nigeria,NGA,1981,0.376,0.569,1
Nigeria,NGA,1982,0.376,0.569,1
Nigeria,NGA,1983,0.311,0.537,1
Nigeria,NGA,1984,0.187,0.267,0
Nigeria,NGA,1985,0.189,0.271,0
Nigeria,NGA,1986,0.193,0.276,0
Nigeria,NGA,1987,0.193,0.276,0
Nigeria,NGA,1988,0.193,0.276,0
Nigeria,NGA,1989,0.199,0.276,0
Nigeria,NGA,1990,0.203,0.276,0
Nigeria,NGA,1991,0.204,0.276,0
Nigeria,NGA,1992,0.223,0.288,0
Nigeria,NGA,1993,0.229,0.416,1
Nigeria,NGA,1994,0.197,0.274,0
Nigeria,NGA,1995,0.189,0.27,0
Nigeria,NGA,1996,0.189,0.268,0
Nigeria,NGA,1997,0.2,0.268,0
Nigeria,NGA,1998,0.222,0.286,0
Nigeria,NGA,1999,0.376,0.515,1
Nigeria,NGA,2000,0.471,0.624,1
Nigeria,NGA,2001,0.471,0.624,1
Nigeria,NGA,2002,0.471,0.624,1
Nigeria,NGA,2003,0.428,0.624,1
Nigeria,NGA,2004,0.412,0.624,1
Nigeria,NGA,2005,0.412,0.624,1
Nigeria,NGA,2006,0.417,0.616,1
Nigeria,NGA,2007,0.408,0.635,1
Nigeria,NGA,2008,0.414,0.644,1
Nigeria,NGA,2009,0.413,0.644,1
Nigeria,NGA,2010,0.43,0.665,1
Nigeria,NGA,2011,0.481,0.661,1
Nigeria,NGA,2012,0.506,0.657,2
Nigeria,NGA,2013,0.52,0.688,2
Nigeria,NGA,2014,0.525,0.693,2
Nigeria,NGA,2015,0.554,0.68,2
Nigeria,NGA,2016,0.555,0.669,2
Nigeria,NGA,2017,0.556,0.665,2
Nigeria,NGA,2018,0.555,0.661,2
Nigeria,NGA,2019,0.52,0.635,2
Nigeria,NGA,2020,0.512,0.62,2
Nigeria,NGA,2021,0.488,0.61,1
Nigeria,NGA,2022,0.49,0.58,1
Nigeria,NGA,2023,0.484,0.575,1
Nigeria,NGA,2024,0.499,0.554,1
Nigeria,NGA,2025,0.505,0.539,2
Philippines,PHL,1900,0.065,0.33,0
Philippines,PHL,1901,0.067,0.351,0
Philippines,PHL,1902,0.068,0.351,0
Philippines,PHL,1903,0.07,0.379,0
Philippines,PHL,1904,0.07,0.379,0
Philippines,PHL,1905,0.07,0.379,0
Philippines,PHL,1906,0.071,0.379,0
Philippines,PHL,1907,0.112,0.411,0
Philippines,PHL,1908,0.143,0.411,0
Philippines,PHL,1909,0.147,0.411,0
Philippines,PHL,1910,0.158,0.421,0
Philippines,PHL,1911,0.158,0.421,0
Philippines,PHL,1912,0.156,0.421,0
Philippines,PHL,1913,0.154,0.421,0
Philippines,PHL,1914,0.154,0.427,0
Philippines,PHL,1915,0.154,0.427,0
Philippines,PHL,1916,0.159,0.441,0
Philippines,PHL,1917,0.164,0.441,0
Philippines,PHL,1918,0.165,0.452,0
Philippines,PHL,1919,0.17,0.452,0
Philippines,PHL,1920,0.176,0.452,0
Philippines,PHL,1921,0.176,0.452,0
Philippines,PHL,1922,0.168,0.452,0
Philippines,PHL,1923,0.162,0.452,0
Philippines,PHL,1924,0.162,0.452,0
Philippines,PHL,1925,0.17,0.452,0
Philippines,PHL,1926,0.175,0.452,0
Philippines,PHL,1927,0.175,0.452,0
Philippines,PHL,1928,0.168,0.452,0
Philippines,PHL,1929,0.164,0.452,0
Philippines,PHL,1930,0.164,0.452,0
Philippines,PHL,1931,0.162,0.452,0
Philippines,PHL,1932,0.158,0.452,0
Philippines,PHL,1933,0.158,0.452,0
Philippines,PHL,1934,0.169,0.452,0
Philippines,PHL,1935,0.198,0.453,1
Philippines,PHL,1936,0.228,0.509,1
Philippines,PHL,1937,0.25,0.508,1
Philippines,PHL,1938,0.249,0.508,1
Philippines,PHL,1939,0.247,0.509,1
Philippines,PHL,1940,0.257,0.509,1
Philippines,PHL,1941,0.233,0.424,1
Philippines,PHL,1942,0.059,0.155,1
Philippines,PHL,1943,0.079,0.172,0
Philippines,PHL,1944,0.134,0.208,0
Philippines,PHL,1945,0.128,0.222,0
Philippines,PHL,1946,0.3,0.612,1
Philippines,PHL,1947,0.349,0.62,1
Philippines,PHL,1948,0.349,0.62,1
Philippines,PHL,1949,0.347,0.62,1
Philippines,PHL,1950,0.342,0.62,1
Philippines,PHL,1951,0.346,0.62,1
Philippines,PHL,1952,0.346,0.627,1
Philippines,PHL,1953,0.349,0.627,1
Philippines,PHL,1954,0.368,0.627,1
Philippines,PHL,1955,0.375,0.634,1
Philippines,PHL,1956,0.375,0.634,1
Philippines,PHL,1957,0.376,0.634,1
Philippines,PHL,1958,0.382,0.642,1
Philippines,PHL,1959,0.382,0.642,1
Philippines,PHL,1960,0.402,0.637,1
Philippines,PHL,1961,0.399,0.637,1
Philippines,PHL,1962,0.398,0.637,1
Philippines,PHL,1963,0.398,0.637,1
Philippines,PHL,1964,0.398,0.637,1
Philippines,PHL,1965,0.404,0.621,1
Philippines,PHL,1966,0.392,0.625,1
Philippines,PHL,1967,0.392,0.626,1
Philippines,PHL,1968,0.391,0.604,1
Philippines,PHL,1969,0.387,0.593,1
Philippines,PHL,1970,0.35,0.571,1
Philippines,PHL,1971,0.331,0.497,1
Philippines,PHL,1972,0.141,0.194,0
Philippines,PHL,1973,0.077,0.129,0
Philippines,PHL,1974,0.077,0.129,0
Philippines,PHL,1975,0.077,0.129,0
Philippines,PHL,1976,0.077,0.129,0
Philippines,PHL,1977,0.077,0.129,1
Philippines,PHL,1978,0.155,0.151,1
Philippines,PHL,1979,0.167,0.162,1
Philippines,PHL,1980,0.167,0.162,1
Philippines,PHL,1981,0.171,0.162,0
Philippines,PHL,1982,0.174,0.162,0
Philippines,PHL,1983,0.177,0.162,0
Philippines,PHL,1984,0.179,0.162,0
Philippines,PHL,1985,0.182,0.162,0
Philippines,PHL,1986,0.235,0.338,1
Philippines,PHL,1987,0.431,0.521,1
Philippines,PHL,1988,0.552,0.718,2
Philippines,PHL,1989,0.552,0.718,2
Philippines,PHL,1990,0.565,0.728,2
Philippines,PHL,1991,0.565,0.73,2
Philippines,PHL,1992,0.555,0.736,2
Philippines,PHL,1993,0.542,0.713,2
Philippines,PHL,1994,0.542,0.72,2
Philippines,PHL,1995,0.55,0.72,2
Philippines,PHL,1996,0.555,0.72,2
Philippines,PHL,1997,0.555,0.72,2
Philippines,PHL,1998,0.579,0.706,2
Philippines,PHL,1999,0.576,0.725,2
Philippines,PHL,2000,0.585,0.72,2
Philippines,PHL,2001,0.545,0.713,2
Philippines,PHL,2002,0.531,0.697,2
Philippines,PHL,2003,0.529,0.697,2
Philippines,PHL,2004,0.486,0.67,1
Philippines,PHL,2005,0.463,0.689,1
Philippines,PHL,2006,0.463,0.69,1
Philippines,PHL,2007,0.459,0.693,1
Philippines,PHL,2008,0.456,0.699,1
Philippines,PHL,2009,0.46,0.698,1
Philippines,PHL,2010,0.506,0.74,2
Philippines,PHL,2011,0.524,0.751,2
Philippines,PHL,2012,0.524,0.751,2
Philippines,PHL,2013,0.521,0.745,2
Philippines,PHL,2014,0.521,0.745,2
Philippines,PHL,2015,0.522,0.753,2
Philippines,PHL,2016,0.485,0.653,1
Philippines,PHL,2017,0.469,0.608,1
Philippines,PHL,2018,0.45,0.57,1
Philippines,PHL,2019,0.428,0.566,1
Philippines,PHL,2020,0.405,0.569,1
Philippines,PHL,2021,0.411,0.56,1
Philippines,PHL,2022,0.411,0.583,1
Philippines,PHL,2023,0.416,0.599,1
Philippines,PHL,2024,0.411,0.642,1
Philippines,PHL,2025,0.392,0.643,1
Tanzania,TZA,1915,0.044,0.279,0
Tanzania,TZA,1916,0.044,0.279,0
Tanzania,TZA,1917,0.039,0.279,0
Tanzania,TZA,1918,0.039,0.279,0
Tanzania,TZA,1919,0.044,0.285,0
Tanzania,TZA,1920,0.045,0.285,0
Tanzania,TZA,1921,0.045,0.285,0
Tanzania,TZA,1922,0.045,0.285,0
Tanzania,TZA,1923,0.045,0.285,0
Tanzania,TZA,1924,0.045,0.285,0
Tanzania,TZA,1925,0.045,0.285,0
Tanzania,TZA,1926,0.045,0.289,0
Tanzania,TZA,1927,0.045,0.343,0
Tanzania,TZA,1928,0.045,0.343,0
Tanzania,TZA,1929,0.045,0.343,0
Tanzania,TZA,1930,0.047,0.343,0
Tanzania,TZA,1931,0.047,0.343,0
Tanzania,TZA,1932,0.047,0.343,0
Tanzania,TZA,1933,0.047,0.343,0
Tanzania,TZA,1934,0.047,0.343,0
Tanzania,TZA,1935,0.047,0.343,0
Tanzania,TZA,1936,0.047,0.343,0
Tanzania,TZA,1937,0.047,0.343,0
Tanzania,TZA,1938,0.052,0.343,0
Tanzania,TZA,1939,0.052,0.343,0
Tanzania,TZA,1940,0.052,0.343,0
Tanzania,TZA,1941,0.052,0.343,0
Tanzania,TZA,1942,0.052,0.343,0
Tanzania,TZA,1943,0.052,0.343,0
Tanzania,TZA,1944,0.052,0.343,0
Tanzania,TZA,1945,0.052,0.343,0
Tanzania,TZA,1946,0.052,0.343,0
Tanzania,TZA,1947,0.052,0.343,0
Tanzania,TZA,1948,0.052,0.343,0
Tanzania,TZA,1949,0.052,0.343,0
Tanzania,TZA,1950,0.052,0.343,0
Tanzania,TZA,1951,0.057,0.343,0
Tanzania,TZA,1952,0.057,0.343,0
Tanzania,TZA,1953,0.057,0.355,0
Tanzania,TZA,1954,0.063,0.35,0
Tanzania,TZA,1955,0.069,0.35,0
Tanzania,TZA,1956,0.072,0.35,0
Tanzania,TZA,1957,0.072,0.353,0
Tanzania,TZA,1958,0.11,0.353,0
Tanzania,TZA,1959,0.155,0.353,0
Tanzania,TZA,1960,0.165,0.369,0
Tanzania,TZA,1961,0.21,0.588,0
Tanzania,TZA,1962,0.246,0.717,1
Tanzania,TZA,1963,0.324,0.717,1
Tanzania,TZA,1964,0.318,0.716,1
Tanzania,TZA,1965,0.269,0.7,1
Tanzania,TZA,1966,0.254,0.698,1
Tanzania,TZA,1967,0.245,0.705,1
Tanzania,TZA,1968,0.243,0.705,1
Tanzania,TZA,1969,0.243,0.705,1
Tanzania,TZA,1970,0.242,0.704,1
Tanzania,TZA,1971,0.242,0.704,1
Tanzania,TZA,1972,0.242,0.694,1
Tanzania,TZA,1973,0.242,0.703,1
Tanzania,TZA,1974,0.242,0.703,1
Tanzania,TZA,1975,0.242,0.703,1
Tanzania,TZA,1976,0.241,0.703,1
Tanzania,TZA,1977,0.243,0.703,1
Tanzania,TZA,1978,0.243,0.703,1
Tanzania,TZA,1979,0.243,0.703,1
Tanzania,TZA,1980,0.242,0.703,1
Tanzania,TZA,1981,0.244,0.703,1
Tanzania,TZA,1982,0.248,0.703,1
Tanzania,TZA,1983,0.248,0.703,1
Tanzania,TZA,1984,0.248,0.703,1
Tanzania,TZA,1985,0.256,0.701,1
Tanzania,TZA,1986,0.263,0.703,1
Tanzania,TZA,1987,0.267,0.706,1
Tanzania,TZA,1988,0.267,0.709,1
Tanzania,TZA,1989,0.267,0.709,1
Tanzania,TZA,1990,0.287,0.738,1
Tanzania,TZA,1991,0.294,0.752,1
Tanzania,TZA,1992,0.393,0.753,1
Tanzania,TZA,1993,0.402,0.753,1
Tanzania,TZA,1994,0.414,0.76,1
Tanzania,TZA,1995,0.473,0.789,1
Tanzania,TZA,1996,0.491,0.786,1
Tanzania,TZA,1997,0.491,0.786,1
Tanzania,TZA,1998,0.491,0.786,1
Tanzania,TZA,1999,0.491,0.786,1
Tanzania,TZA,2000,0.477,0.79,1
Tanzania,TZA,2001,0.44,0.79,1
Tanzania,TZA,2002,0.44,0.79,1
Tanzania,TZA,2003,0.44,0.79,1
Tanzania,TZA,2004,0.44,0.79,1
Tanzania,TZA,2005,0.429,0.805,1
Tanzania,TZA,2006,0.465,0.806,1
Tanzania,TZA,2007,0.462,0.806,1
Tanzania,TZA,2008,0.464,0.806,1
Tanzania,TZA,2009,0.465,0.806,1
Tanzania,TZA,2010,0.467,0.811,1
Tanzania,TZA,2011,0.477,0.813,1
Tanzania,TZA,2012,0.475,0.81,1
Tanzania,TZA,2013,0.47,0.8,1
Tanzania,TZA,2014,0.467,0.798,1
Tanzania,TZA,2015,0.453,0.815,1
Tanzania,TZA,2016,0.409,0.798,1
Tanzania,TZA,2017,0.401,0.798,1
Tanzania,TZA,2018,0.385,0.764,1
Tanzania,TZA,2019,0.383,0.754,1
Tanzania,TZA,2020,0.383,0.771,1
Tanzania,TZA,2021,0.366,0.778,1
Tanzania,TZA,2022,0.397,0.794,1
Tanzania,TZA,2023,0.409,0.79,1
Tanzania,TZA,2024,0.413,0.798,1
Tanzania,TZA,2025,0.365,0.704,1
Taiwan,TWN,1900,0.018,0.149,0
Taiwan,TWN,1901,0.018,0.149,0
Taiwan,TWN,1902,0.018,0.149,0
Taiwan,TWN,1903,0.018,0.149,0
Taiwan,TWN,1904,0.018,0.149,0
Taiwan,TWN,1905,0.018,0.149,0
Taiwan,TWN,1906,0.018,0.149,0
Taiwan,TWN,1907,0.017,0.149,0
Taiwan,TWN,1908,0.017,0.149,0
Taiwan,TWN,1909,0.017,0.149,0
Taiwan,TWN,1910,0.017,0.149,0
Taiwan,TWN,1911,0.017,0.149,0
Taiwan,TWN,1912,0.017,0.149,0
Taiwan,TWN,1913,0.017,0.149,0
Taiwan,TWN,1914,0.017,0.149,0
Taiwan,TWN,1915,0.017,0.149,0
Taiwan,TWN,1916,0.017,0.168,0
Taiwan,TWN,1917,0.018,0.168,0
Taiwan,TWN,1918,0.018,0.168,0
Taiwan,TWN,1919,0.018,0.168,0
Taiwan,TWN,1920,0.018,0.174,0
Taiwan,TWN,1921,0.018,0.184,0
Taiwan,TWN,1922,0.018,0.184,0
Taiwan,TWN,1923,0.018,0.184,0
Taiwan,TWN,1924,0.018,0.18,0
Taiwan,TWN,1925,0.018,0.18,0
Taiwan,TWN,1926,0.018,0.18,0
Taiwan,TWN,1927,0.018,0.18,0
Taiwan,TWN,1928,0.019,0.18,0
Taiwan,TWN,1929,0.019,0.18,0
Taiwan,TWN,1930,0.018,0.175,0
Taiwan,TWN,1931,0.018,0.177,0
Taiwan,TWN,1932,0.018,0.177,0
Taiwan,TWN,1933,0.018,0.177,0
Taiwan,TWN,1934,0.018,0.17,0
Taiwan,TWN,1935,0.018,0.17,0
Taiwan,TWN,1936,0.018,0.17,0
Taiwan,TWN,1937,0.017,0.163,0
Taiwan,TWN,1938,0.016,0.143,0
Taiwan,TWN,1939,0.015,0.143,0
Taiwan,TWN,1940,0.015,0.145,0
Taiwan,TWN,1941,0.015,0.145,0
Taiwan,TWN,1942,0.015,0.145,0
Taiwan,TWN,1943,0.015,0.145,0
Taiwan,TWN,1944,0.015,0.145,0
Taiwan,TWN,1945,0.022,0.15,0
Taiwan,TWN,1946,0.023,0.121,0
Taiwan,TWN,1947,0.085,0.109,0
Taiwan,TWN,1948,0.098,0.097,0
Taiwan,TWN,1949,0.074,0.124,0
Taiwan,TWN,1950,0.074,0.18,0
Taiwan,TWN,1951,0.076,0.185,0
Taiwan,TWN,1952,0.077,0.194,0
Taiwan,TWN,1953,0.077,0.193,0
Taiwan,TWN,1954,0.077,0.199,0
Taiwan,TWN,1955,0.077,0.197,0
Taiwan,TWN,1956,0.077,0.197,0
Taiwan,TWN,1957,0.077,0.197,0
Taiwan,TWN,1958,0.078,0.197,0
Taiwan,TWN,1959,0.078,0.197,0
Taiwan,TWN,1960,0.081,0.212,0
Taiwan,TWN,1961,0.081,0.212,0
Taiwan,TWN,1962,0.081,0.216,0
Taiwan,TWN,1963,0.081,0.216,0
Taiwan,TWN,1964,0.081,0.219,0
Taiwan,TWN,1965,0.081,0.219,0
Taiwan,TWN,1966,0.081,0.219,0
Taiwan,TWN,1967,0.081,0.216,0
Taiwan,TWN,1968,0.082,0.216,0
Taiwan,TWN,1969,0.083,0.216,0
Taiwan,TWN,1970,0.114,0.229,0
Taiwan,TWN,1971,0.111,0.225,0
Taiwan,TWN,1972,0.112,0.223,0
Taiwan,TWN,1973,0.111,0.224,0
Taiwan,TWN,1974,0.112,0.232,0
Taiwan,TWN,1975,0.112,0.249,0
Taiwan,TWN,1976,0.115,0.271,0
Taiwan,TWN,1977,0.117,0.273,0
Taiwan,TWN,1978,0.118,0.259,0
Taiwan,TWN,1979,0.118,0.251,0
Taiwan,TWN,1980,0.126,0.284,0
Taiwan,TWN,1981,0.132,0.295,0
Taiwan,TWN,1982,0.134,0.323,0
Taiwan,TWN,1983,0.135,0.327,0
Taiwan,TWN,1984,0.139,0.338,0
Taiwan,TWN,1985,0.14,0.338,0
Taiwan,TWN,1986,0.155,0.376,0
Taiwan,TWN,1987,0.198,0.377,0
Taiwan,TWN,1988,0.22,0.494,0
Taiwan,TWN,1989,0.24,0.567,0
Taiwan,TWN,1990,0.263,0.627,0
Taiwan,TWN,1991,0.265,0.669,0
Taiwan,TWN,1992,0.296,0.69,0
Taiwan,TWN,1993,0.319,0.706,0
Taiwan,TWN,1994,0.32,0.71,0
Taiwan,TWN,1995,0.324,0.711,0
Taiwan,TWN,1996,0.505,0.716,2
Taiwan,TWN,1997,0.643,0.724,2
Taiwan,TWN,1998,0.659,0.724,2
Taiwan,TWN,1999,0.649,0.724,2
Taiwan,TWN,2000,0.772,0.88,3
Taiwan,TWN,2001,0.782,0.88,3
Taiwan,TWN,2002,0.787,0.88,3
Taiwan,TWN,2003,0.784,0.88,3
Taiwan,TWN,2004,0.776,0.88,3
Taiwan,TWN,2005,0.771,0.881,3
Taiwan,TWN,2006,0.776,0.881,3
Taiwan,TWN,2007,0.775,0.881,3
Taiwan,TWN,2008,0.793,0.865,3
Taiwan,TWN,2009,0.794,0.833,3
Taiwan,TWN,2010,0.798,0.828,3
Taiwan,TWN,2011,0.798,0.828,3
Taiwan,TWN,2012,0.799,0.841,3
Taiwan,TWN,2013,0.803,0.846,3
Taiwan,TWN,2014,0.806,0.847,3
Taiwan,TWN,2015,0.806,0.849,3
Taiwan,TWN,2016,0.835,0.87,3
Taiwan,TWN,2017,0.845,0.869,3
Taiwan,TWN,2018,0.845,0.87,3
Taiwan,TWN,2019,0.834,0.865,3
Taiwan,TWN,2020,0.82,0.876,3
Taiwan,TWN,2021,0.82,0.866,3
Taiwan,TWN,2022,0.827,0.883,3
Taiwan,TWN,2023,0.823,0.883,3
Taiwan,TWN,2024,0.804,0.884,3
Taiwan,TWN,2025,0.801,0.886,3
Thailand,THA,1900,0.023,0.206,0
Thailand,THA,1901,0.023,0.209,0
Thailand,THA,1902,0.023,0.209,0
Thailand,THA,1903,0.023,0.209,0
Thailand,THA,1904,0.023,0.209,0
Thailand,THA,1905,0.023,0.227,0
Thailand,THA,1906,0.023,0.229,0
Thailand,THA,1907,0.023,0.229,0
Thailand,THA,1908,0.023,0.235,0
Thailand,THA,1909,0.023,0.235,0
Thailand,THA,1910,0.024,0.267,0
Thailand,THA,1911,0.024,0.27,0
Thailand,THA,1912,0.024,0.27,0
Thailand,THA,1913,0.024,0.27,0
Thailand,THA,1914,0.024,0.27,0
Thailand,THA,1915,0.024,0.27,0
Thailand,THA,1916,0.028,0.27,0
Thailand,THA,1917,0.028,0.27,0
Thailand,THA,1918,0.028,0.27,0
Thailand,THA,1919,0.028,0.27,0
Thailand,THA,1920,0.028,0.27,0
Thailand,THA,1921,0.028,0.27,0
Thailand,THA,1922,0.028,0.27,0
Thailand,THA,1923,0.028,0.27,0
Thailand,THA,1924,0.028,0.27,0
Thailand,THA,1925,0.028,0.27,0
Thailand,THA,1926,0.028,0.27,0
Thailand,THA,1927,0.028,0.27,0
Thailand,THA,1928,0.028,0.27,0
Thailand,THA,1929,0.028,0.27,0
Thailand,THA,1930,0.028,0.27,0
Thailand,THA,1931,0.028,0.27,0
Thailand,THA,1932,0.027,0.305,0
Thailand,THA,1933,0.108,0.349,1
Thailand,THA,1934,0.131,0.366,1
Thailand,THA,1935,0.131,0.366,1
Thailand,THA,1936,0.133,0.363,1
Thailand,THA,1937,0.149,0.363,1
Thailand,THA,1938,0.152,0.354,1
Thailand,THA,1939,0.151,0.347,1
Thailand,THA,1940,0.148,0.342,1
Thailand,THA,1941,0.155,0.342,1
Thailand,THA,1942,0.155,0.342,1
Thailand,THA,1943,0.155,0.342,1
Thailand,THA,1944,0.155,0.391,1
Thailand,THA,1945,0.162,0.395,1
Thailand,THA,1946,0.172,0.403,0
Thailand,THA,1947,0.143,0.376,0
Thailand,THA,1948,0.13,0.376,0
Thailand,THA,1949,0.13,0.362,0
Thailand,THA,1950,0.131,0.356,0
Thailand,THA,1951,0.129,0.358,0
Thailand,THA,1952,0.118,0.355,0
Thailand,THA,1953,0.121,0.355,0
Thailand,THA,1954,0.123,0.355,0
Thailand,THA,1955,0.133,0.355,0
Thailand,THA,1956,0.137,0.355,0
Thailand,THA,1957,0.142,0.33,0
Thailand,THA,1958,0.127,0.303,0
Thailand,THA,1959,0.108,0.284,0
Thailand,THA,1960,0.112,0.287,0
Thailand,THA,1961,0.112,0.287,0
Thailand,THA,1962,0.112,0.287,0
Thailand,THA,1963,0.112,0.287,0
Thailand,THA,1964,0.112,0.288,0
Thailand,THA,1965,0.112,0.288,0
Thailand,THA,1966,0.112,0.288,0
Thailand,THA,1967,0.114,0.288,0
Thailand,THA,1968,0.126,0.288,0
Thailand,THA,1969,0.15,0.341,0
Thailand,THA,1970,0.154,0.356,0
Thailand,THA,1971,0.148,0.351,0
Thailand,THA,1972,0.114,0.341,0
Thailand,THA,1973,0.127,0.383,0
Thailand,THA,1974,0.177,0.507,0
Thailand,THA,1975,0.271,0.513,1
Thailand,THA,1976,0.231,0.349,1
Thailand,THA,1977,0.124,0.345,0
Thailand,THA,1978,0.125,0.368,0
Thailand,THA,1979,0.142,0.376,0
Thailand,THA,1980,0.25,0.508,1
Thailand,THA,1981,0.288,0.512,1
Thailand,THA,1982,0.292,0.512,1
Thailand,THA,1983,0.316,0.524,1
Thailand,THA,1984,0.326,0.524,1
Thailand,THA,1985,0.327,0.529,1
Thailand,THA,1986,0.322,0.538,1
Thailand,THA,1987,0.327,0.533,1
Thailand,THA,1988,0.345,0.599,1
Thailand,THA,1989,0.363,0.599,1
Thailand,THA,1990,0.371,0.601,1
Thailand,THA,1991,0.209,0.466,0
Thailand,THA,1992,0.271,0.531,1
Thailand,THA,1993,0.405,0.658,1
Thailand,THA,1994,0.404,0.659,1
Thailand,THA,1995,0.412,0.659,1
Thailand,THA,1996,0.394,0.597,1
Thailand,THA,1997,0.476,0.67,1
Thailand,THA,1998,0.507,0.715,2
Thailand,THA,1999,0.507,0.714,2
Thailand,THA,2000,0.501,0.736,2
Thailand,THA,2001,0.55,0.711,2
Thailand,THA,2002,0.547,0.714,2
Thailand,THA,2003,0.537,0.685,2
Thailand,THA,2004,0.53,0.671,2
Thailand,THA,2005,0.507,0.653,2
Thailand,THA,2006,0.227,0.47,1
Thailand,THA,2007,0.181,0.576,0
Thailand,THA,2008,0.402,0.751,1
Thailand,THA,2009,0.418,0.73,1
Thailand,THA,2010,0.411,0.722,1
Thailand,THA,2011,0.462,0.758,1
Thailand,THA,2012,0.493,0.771,1
Thailand,THA,2013,0.446,0.72,1
Thailand,THA,2014,0.162,0.367,0
Thailand,THA,2015,0.16,0.331,0
Thailand,THA,2016,0.16,0.329,0
Thailand,THA,2017,0.154,0.322,0
Thailand,THA,2018,0.17,0.337,0
Thailand,THA,2019,0.208,0.559,0
Thailand,THA,2020,0.201,0.58,0
Thailand,THA,2021,0.208,0.568,0
Thailand,THA,2022,0.216,0.589,0
Thailand,THA,2023,0.295,0.643,1
Thailand,THA,2024,0.41,0.657,1
Thailand,THA,2025,0.424,0.666,1
Uganda,UGA,1900,0.062,0.209,0
Uganda,UGA,1901,0.062,0.209,0
Uganda,UGA,1902,0.062,0.209,0
Uganda,UGA,1903,0.062,0.209,0
Uganda,UGA,1904,0.062,0.209,0
Uganda,UGA,1905,0.062,0.209,0
Uganda,UGA,1906,0.062,0.209,0
Uganda,UGA,1907,0.062,0.209,0
Uganda,UGA,1908,0.062,0.208,0
Uganda,UGA,1909,0.062,0.208,0
Uganda,UGA,1910,0.062,0.208,0
Uganda,UGA,1911,0.062,0.208,0
Uganda,UGA,1912,0.062,0.208,0
Uganda,UGA,1913,0.062,0.208,0
Uganda,UGA,1914,0.062,0.208,0
Uganda,UGA,1915,0.062,0.208,0
Uganda,UGA,1916,0.062,0.208,0
Uganda,UGA,1917,0.062,0.208,0
Uganda,UGA,1918,0.062,0.208,0
Uganda,UGA,1919,0.062,0.208,0
Uganda,UGA,1920,0.062,0.208,0
Uganda,UGA,1921,0.061,0.373,0
Uganda,UGA,1922,0.061,0.373,0
Uganda,UGA,1923,0.061,0.373,0
Uganda,UGA,1924,0.061,0.373,0
Uganda,UGA,1925,0.061,0.373,0
Uganda,UGA,1926,0.061,0.373,0
Uganda,UGA,1927,0.061,0.373,0
Uganda,UGA,1928,0.061,0.373,0
Uganda,UGA,1929,0.061,0.373,0
Uganda,UGA,1930,0.061,0.373,0
Uganda,UGA,1931,0.061,0.373,0
Uganda,UGA,1932,0.061,0.373,0
Uganda,UGA,1933,0.061,0.373,0
Uganda,UGA,1934,0.061,0.373,0
Uganda,UGA,1935,0.061,0.373,0
Uganda,UGA,1936,0.061,0.373,0
Uganda,UGA,1937,0.061,0.373,0
Uganda,UGA,1938,0.061,0.373,0
Uganda,UGA,1939,0.061,0.373,0
Uganda,UGA,1940,0.061,0.373,0
Uganda,UGA,1941,0.061,0.373,0
Uganda,UGA,1942,0.061,0.373,0
Uganda,UGA,1943,0.061,0.373,0
Uganda,UGA,1944,0.061,0.373,0
Uganda,UGA,1945,0.061,0.373,0
Uganda,UGA,1946,0.061,0.379,0
Uganda,UGA,1947,0.061,0.379,0
Uganda,UGA,1948,0.061,0.379,0
Uganda,UGA,1949,0.061,0.379,0
Uganda,UGA,1950,0.063,0.379,0
Uganda,UGA,1951,0.073,0.379,0
Uganda,UGA,1952,0.074,0.393,0
Uganda,UGA,1953,0.076,0.393,0
Uganda,UGA,1954,0.076,0.396,0
Uganda,UGA,1955,0.076,0.399,0
Uganda,UGA,1956,0.087,0.409,0
Uganda,UGA,1957,0.087,0.409,0
Uganda,UGA,1958,0.166,0.418,0
Uganda,UGA,1959,0.163,0.418,0
Uganda,UGA,1960,0.175,0.418,0
Uganda,UGA,1961,0.183,0.42,0
Uganda,UGA,1962,0.252,0.425,0
Uganda,UGA,1963,0.391,0.468,1
Uganda,UGA,1964,0.386,0.471,1
Uganda,UGA,1965,0.386,0.471,1
Uganda,UGA,1966,0.238,0.404,0
Uganda,UGA,1967,0.224,0.261,0
Uganda,UGA,1968,0.224,0.268,0
Uganda,UGA,1969,0.201,0.268,0
Uganda,UGA,1970,0.194,0.268,0
Uganda,UGA,1971,0.12,0.095,0
Uganda,UGA,1972,0.084,0.061,0
Uganda,UGA,1973,0.083,0.048,0
Uganda,UGA,1974,0.083,0.048,0
Uganda,UGA,1975,0.083,0.047,0
Uganda,UGA,1976,0.083,0.047,0
Uganda,UGA,1977,0.083,0.047,0
Uganda,UGA,1978,0.083,0.047,0
Uganda,UGA,1979,0.084,0.047,0
Uganda,UGA,1980,0.147,0.111,1
Uganda,UGA,1981,0.221,0.254,1
Uganda,UGA,1982,0.22,0.25,1
Uganda,UGA,1983,0.22,0.236,1
Uganda,UGA,1984,0.22,0.236,1
Uganda,UGA,1985,0.182,0.182,0
Uganda,UGA,1986,0.122,0.367,0
Uganda,UGA,1987,0.124,0.477,0
Uganda,UGA,1988,0.132,0.477,0
Uganda,UGA,1989,0.171,0.477,0
Uganda,UGA,1990,0.178,0.511,1
Uganda,UGA,1991,0.255,0.52,1
Uganda,UGA,1992,0.258,0.521,1
Uganda,UGA,1993,0.265,0.526,1
Uganda,UGA,1994,0.287,0.537,0
Uganda,UGA,1995,0.293,0.589,0
Uganda,UGA,1996,0.304,0.619,1
Uganda,UGA,1997,0.305,0.617,1
Uganda,UGA,1998,0.305,0.617,1
Uganda,UGA,1999,0.305,0.617,1
Uganda,UGA,2000,0.304,0.604,1
Uganda,UGA,2001,0.27,0.605,1
Uganda,UGA,2002,0.262,0.593,1
Uganda,UGA,2003,0.257,0.595,1
Uganda,UGA,2004,0.265,0.595,1
Uganda,UGA,2005,0.294,0.606,1
Uganda,UGA,2006,0.318,0.608,1
Uganda,UGA,2007,0.323,0.611,1
Uganda,UGA,2008,0.32,0.608,1
Uganda,UGA,2009,0.318,0.599,1
Uganda,UGA,2010,0.317,0.593,1
Uganda,UGA,2011,0.317,0.581,1
Uganda,UGA,2012,0.316,0.577,1
Uganda,UGA,2013,0.312,0.578,1
Uganda,UGA,2014,0.305,0.576,1
Uganda,UGA,2015,0.3,0.567,1
Uganda,UGA,2016,0.289,0.529,1
Uganda,UGA,2017,0.291,0.513,1
Uganda,UGA,2018,0.283,0.503,1
Uganda,UGA,2019,0.284,0.498,1
Uganda,UGA,2020,0.285,0.493,1
Uganda,UGA,2021,0.274,0.467,1
Uganda,UGA,2022,0.269,0.492,1
Uganda,UGA,2023,0.259,0.479,1
Uganda,UGA,2024,0.261,0.445,1
Uganda,UGA,2025,0.253,0.439,1
Venezuela,VEN,1900,0.025,0.141,0
Venezuela,VEN,1901,0.025,0.141,0
Venezuela,VEN,1902,0.025,0.141,0
Venezuela,VEN,1903,0.025,0.141,0
Venezuela,VEN,1904,0.025,0.141,0
Venezuela,VEN,1905,0.025,0.141,0
Venezuela,VEN,1906,0.025,0.141,0
Venezuela,VEN,1907,0.024,0.141,0
Venezuela,VEN,1908,0.024,0.147,0
Venezuela,VEN,1909,0.026,0.136,0
Venezuela,VEN,1910,0.026,0.139,0
Venezuela,VEN,1911,0.026,0.139,0
Venezuela,VEN,1912,0.026,0.139,0
Venezuela,VEN,1913,0.026,0.139,0
Venezuela,VEN,1914,0.023,0.139,0
Venezuela,VEN,1915,0.022,0.119,0
Venezuela,VEN,1916,0.021,0.119,0
Venezuela,VEN,1917,0.02,0.117,0
Venezuela,VEN,1918,0.02,0.113,0
Venezuela,VEN,1919,0.02,0.113,0
Venezuela,VEN,1920,0.024,0.113,0
Venezuela,VEN,1921,0.024,0.113,0
Venezuela,VEN,1922,0.024,0.113,0
Venezuela,VEN,1923,0.024,0.113,0
Venezuela,VEN,1924,0.024,0.113,0
Venezuela,VEN,1925,0.024,0.117,0
Venezuela,VEN,1926,0.024,0.117,0
Venezuela,VEN,1927,0.024,0.117,0
Venezuela,VEN,1928,0.024,0.115,0
Venezuela,VEN,1929,0.024,0.115,0
Venezuela,VEN,1930,0.024,0.115,0
Venezuela,VEN,1931,0.024,0.115,0
Venezuela,VEN,1932,0.024,0.115,0
Venezuela,VEN,1933,0.024,0.115,0
Venezuela,VEN,1934,0.024,0.115,0
Venezuela,VEN,1935,0.024,0.125,0
Venezuela,VEN,1936,0.053,0.317,0
Venezuela,VEN,1937,0.072,0.411,0
Venezuela,VEN,1938,0.074,0.411,0
Venezuela,VEN,1939,0.076,0.411,0
Venezuela,VEN,1940,0.083,0.411,0
Venezuela,VEN,1941,0.106,0.414,0
Venezuela,VEN,1942,0.109,0.414,0
Venezuela,VEN,1943,0.11,0.414,0
Venezuela,VEN,1944,0.113,0.414,0
Venezuela,VEN,1945,0.157,0.426,0
Venezuela,VEN,1946,0.184,0.484,0
Venezuela,VEN,1947,0.308,0.484,1
Venezuela,VEN,1948,0.374,0.45,1
Venezuela,VEN,1949,0.102,0.236,0
Venezuela,VEN,1950,0.096,0.179,0
Venezuela,VEN,1951,0.096,0.171,0
Venezuela,VEN,1952,0.095,0.168,0
Venezuela,VEN,1953,0.09,0.16,0
Venezuela,VEN,1954,0.09,0.16,0
Venezuela,VEN,1955,0.09,0.16,0
Venezuela,VEN,1956,0.09,0.16,0
Venezuela,VEN,1957,0.094,0.165,0
Venezuela,VEN,1958,0.263,0.448,1
Venezuela,VEN,1959,0.593,0.777,2
Venezuela,VEN,1960,0.65,0.778,2
Venezuela,VEN,1961,0.663,0.786,2
Venezuela,VEN,1962,0.658,0.791,2
Venezuela,VEN,1963,0.655,0.791,2
Venezuela,VEN,1964,0.631,0.786,2
Venezuela,VEN,1965,0.638,0.786,2
Venezuela,VEN,1966,0.638,0.786,2
Venezuela,VEN,1967,0.638,0.786,2
Venezuela,VEN,1968,0.643,0.794,2
Venezuela,VEN,1969,0.671,0.805,2
Venezuela,VEN,1970,0.685,0.802,2
Venezuela,VEN,1971,0.689,0.802,2
Venezuela,VEN,1972,0.702,0.802,2
Venezuela,VEN,1973,0.7,0.791,2
Venezuela,VEN,1974,0.736,0.785,2
Venezuela,VEN,1975,0.736,0.78,2
Venezuela,VEN,1976,0.736,0.788,2
Venezuela,VEN,1977,0.736,0.788,2
Venezuela,VEN,1978,0.732,0.788,2
Venezuela,VEN,1979,0.728,0.796,2
Venezuela,VEN,1980,0.731,0.798,2
Venezuela,VEN,1981,0.731,0.793,2
Venezuela,VEN,1982,0.731,0.792,2
Venezuela,VEN,1983,0.732,0.792,2
Venezuela,VEN,1984,0.731,0.79,2
Venezuela,VEN,1985,0.73,0.79,2
Venezuela,VEN,1986,0.726,0.79,2
Venezuela,VEN,1987,0.726,0.79,2
Venezuela,VEN,1988,0.732,0.785,2
Venezuela,VEN,1989,0.735,0.779,2
Venezuela,VEN,1990,0.741,0.788,2
Venezuela,VEN,1991,0.742,0.827,2
Venezuela,VEN,1992,0.733,0.827,2
Venezuela,VEN,1993,0.744,0.82,2
Venezuela,VEN,1994,0.748,0.791,2
Venezuela,VEN,1995,0.748,0.795,2
Venezuela,VEN,1996,0.748,0.795,2
Venezuela,VEN,1997,0.746,0.795,2
Venezuela,VEN,1998,0.73,0.771,2
Venezuela,VEN,1999,0.665,0.607,2
Venezuela,VEN,2000,0.573,0.451,2
Venezuela,VEN,2001,0.529,0.452,2
Venezuela,VEN,2002,0.495,0.417,1
Venezuela,VEN,2003,0.487,0.395,1
Venezuela,VEN,2004,0.475,0.344,1
Venezuela,VEN,2005,0.474,0.262,1
Venezuela,VEN,2006,0.45,0.247,1
Venezuela,VEN,2007,0.434,0.247,1
Venezuela,VEN,2008,0.432,0.246,1
Venezuela,VEN,2009,0.431,0.247,1
Venezuela,VEN,2010,0.419,0.241,1
Venezuela,VEN,2011,0.415,0.239,1
Venezuela,VEN,2012,0.399,0.236,1
Venezuela,VEN,2013,0.327,0.199,1
Venezuela,VEN,2014,0.312,0.186,1
Venezuela,VEN,2015,0.3,0.202,1
Venezuela,VEN,2016,0.293,0.25,1
Venezuela,VEN,2017,0.233,0.189,1
Venezuela,VEN,2018,0.213,0.135,1
Venezuela,VEN,2019,0.209,0.132,1
Venezuela,VEN,2020,0.206,0.12,1
Venezuela,VEN,2021,0.215,0.114,1
Venezuela,VEN,2022,0.209,0.112,1
Venezuela,VEN,2023,0.206,0.111,1
Venezuela,VEN,2024,0.196,0.094,1
Venezuela,VEN,2025,0.181,0.089,1
Benin,BEN,1900,0.032,0.16,0
Benin,BEN,1901,0.032,0.16,0
Benin,BEN,1902,0.032,0.16,0
Benin,BEN,1903,0.032,0.16,0
Benin,BEN,1904,0.032,0.16,0
Benin,BEN,1905,0.032,0.16,0
Benin,BEN,1906,0.032,0.16,0
Benin,BEN,1907,0.032,0.16,0
Benin,BEN,1908,0.032,0.16,0
Benin,BEN,1909,0.032,0.16,0
Benin,BEN,1910,0.032,0.16,0
Benin,BEN,1911,0.032,0.16,0
Benin,BEN,1912,0.032,0.16,0
Benin,BEN,1913,0.032,0.16,0
Benin,BEN,1914,0.032,0.16,0
Benin,BEN,1915,0.032,0.16,0
Benin,BEN,1916,0.032,0.16,0
Benin,BEN,1917,0.032,0.16,0
Benin,BEN,1918,0.032,0.16,0
Benin,BEN,1919,0.032,0.16,0
Benin,BEN,1920,0.032,0.16,0
Benin,BEN,1921,0.032,0.16,0
Benin,BEN,1922,0.032,0.16,0
Benin,BEN,1923,0.032,0.16,0
Benin,BEN,1924,0.032,0.16,0
Benin,BEN,1925,0.033,0.16,0
Benin,BEN,1926,0.033,0.16,0
Benin,BEN,1927,0.033,0.16,0
Benin,BEN,1928,0.033,0.16,0
Benin,BEN,1929,0.033,0.16,0
Benin,BEN,1930,0.033,0.16,0
Benin,BEN,1931,0.033,0.16,0
Benin,BEN,1932,0.033,0.16,0
Benin,BEN,1933,0.033,0.16,0
Benin,BEN,1934,0.033,0.16,0
Benin,BEN,1935,0.033,0.16,0
Benin,BEN,1936,0.033,0.16,0
Benin,BEN,1937,0.033,0.16,0
Benin,BEN,1938,0.033,0.16,0
Benin,BEN,1939,0.033,0.16,0
Benin,BEN,1940,0.033,0.16,0
Benin,BEN,1941,0.033,0.16,0
Benin,BEN,1942,0.033,0.16,0
Benin,BEN,1943,0.033,0.16,0
Benin,BEN,1944,0.033,0.16,0
Benin,BEN,1945,0.038,0.16,0
Benin,BEN,1946,0.049,0.16,0
Benin,BEN,1947,0.049,0.16,0
Benin,BEN,1948,0.049,0.163,0
Benin,BEN,1949,0.049,0.163,0
Benin,BEN,1950,0.049,0.163,0
Benin,BEN,1951,0.049,0.163,0
Benin,BEN,1952,0.077,0.28,0
Benin,BEN,1953,0.084,0.26,0
Benin,BEN,1954,0.084,0.26,0
Benin,BEN,1955,0.084,0.26,0
Benin,BEN,1956,0.134,0.26,0
Benin,BEN,1957,0.133,0.267,0
Benin,BEN,1958,0.135,0.267,0
Benin,BEN,1959,0.151,0.272,0
Benin,BEN,1960,0.269,0.519,1
Benin,BEN,1961,0.331,0.528,1
Benin,BEN,1962,0.331,0.528,1
Benin,BEN,1963,0.331,0.528,1
Benin,BEN,1964,0.314,0.523,1
Benin,BEN,1965,0.31,0.55,0
Benin,BEN,1966,0.174,0.33,0
Benin,BEN,1967,0.174,0.33,0
Benin,BEN,1968,0.221,0.33,1
Benin,BEN,1969,0.257,0.33,0
Benin,BEN,1970,0.176,0.336,0
Benin,BEN,1971,0.17,0.324,0
Benin,BEN,1972,0.123,0.293,0
Benin,BEN,1973,0.093,0.292,0
Benin,BEN,1974,0.088,0.292,0
Benin,BEN,1975,0.085,0.292,0
Benin,BEN,1976,0.085,0.292,0
Benin,BEN,1977,0.085,0.292,0
Benin,BEN,1978,0.085,0.292,0
Benin,BEN,1979,0.087,0.292,0
Benin,BEN,1980,0.106,0.292,0
Benin,BEN,1981,0.106,0.292,0
Benin,BEN,1982,0.106,0.293,0
Benin,BEN,1983,0.106,0.293,0
Benin,BEN,1984,0.104,0.293,0
Benin,BEN,1985,0.101,0.293,0
Benin,BEN,1986,0.101,0.293,0
Benin,BEN,1987,0.102,0.293,0
Benin,BEN,1988,0.102,0.293,0
Benin,BEN,1989,0.102,0.293,0
Benin,BEN,1990,0.221,0.469,0
Benin,BEN,1991,0.462,0.705,1
Benin,BEN,1992,0.598,0.812,2
Benin,BEN,1993,0.598,0.812,2
Benin,BEN,1994,0.598,0.812,2
Benin,BEN,1995,0.624,0.812,2
Benin,BEN,1996,0.617,0.812,2
Benin,BEN,1997,0.618,0.8,2
Benin,BEN,1998,0.618,0.8,2
Benin,BEN,1999,0.613,0.8,2
Benin,BEN,2000,0.611,0.81,2
Benin,BEN,2001,0.609,0.81,2
Benin,BEN,2002,0.61,0.81,2
Benin,BEN,2003,0.603,0.81,2
Benin,BEN,2004,0.601,0.81,2
Benin,BEN,2005,0.622,0.807,2
Benin,BEN,2006,0.659,0.799,2
Benin,BEN,2007,0.645,0.8,2
Benin,BEN,2008,0.635,0.8,2
Benin,BEN,2009,0.633,0.8,2
Benin,BEN,2010,0.635,0.8,2
Benin,BEN,2011,0.599,0.8,2
Benin,BEN,2012,0.596,0.8,2
Benin,BEN,2013,0.603,0.781,2
Benin,BEN,2014,0.606,0.784,2
Benin,BEN,2015,0.652,0.792,2
Benin,BEN,2016,0.712,0.803,2
Benin,BEN,2017,0.713,0.833,2
Benin,BEN,2018,0.606,0.761,2
Benin,BEN,2019,0.452,0.666,1
Benin,BEN,2020,0.408,0.6,1
Benin,BEN,2021,0.39,0.589,1
Benin,BEN,2022,0.423,0.585,1
Benin,BEN,2023,0.487,0.567,1
Benin,BEN,2024,0.491,0.586,1
Benin,BEN,2025,0.493,0.586,1
Bhutan,BTN,1900,0.026,0.226,0
Bhutan,BTN,1901,0.026,0.226,0
Bhutan,BTN,1902,0.027,0.226,0
Bhutan,BTN,1903,0.027,0.226,0
Bhutan,BTN,1904,0.027,0.226,0
Bhutan,BTN,1905,0.027,0.226,0
Bhutan,BTN,1906,0.027,0.226,0
Bhutan,BTN,1907,0.025,0.285,0
Bhutan,BTN,1908,0.025,0.297,0
Bhutan,BTN,1909,0.025,0.297,0
Bhutan,BTN,1910,0.025,0.297,0
Bhutan,BTN,1911,0.025,0.297,0
Bhutan,BTN,1912,0.025,0.297,0
Bhutan,BTN,1913,0.025,0.297,0
Bhutan,BTN,1914,0.025,0.297,0
Bhutan,BTN,1915,0.025,0.297,0
Bhutan,BTN,1916,0.025,0.297,0
Bhutan,BTN,1917,0.025,0.297,0
Bhutan,BTN,1918,0.025,0.297,0
Bhutan,BTN,1919,0.025,0.297,0
Bhutan,BTN,1920,0.025,0.297,0
Bhutan,BTN,1921,0.025,0.297,0
Bhutan,BTN,1922,0.025,0.297,0
Bhutan,BTN,1923,0.025,0.297,0
Bhutan,BTN,1924,0.025,0.297,0
Bhutan,BTN,1925,0.025,0.297,0
Bhutan,BTN,1926,0.025,0.297,0
Bhutan,BTN,1927,0.025,0.303,0
Bhutan,BTN,1928,0.025,0.306,0
Bhutan,BTN,1929,0.025,0.306,0
Bhutan,BTN,1930,0.025,0.306,0
Bhutan,BTN,1931,0.025,0.306,0
Bhutan,BTN,1932,0.025,0.31,0
Bhutan,BTN,1933,0.025,0.31,0
Bhutan,BTN,1934,0.025,0.31,0
Bhutan,BTN,1935,0.025,0.31,0
Bhutan,BTN,1936,0.025,0.31,0
Bhutan,BTN,1937,0.025,0.31,0
Bhutan,BTN,1938,0.025,0.31,0
Bhutan,BTN,1939,0.025,0.31,0
Bhutan,BTN,1940,0.025,0.31,0
Bhutan,BTN,1941,0.025,0.31,0
Bhutan,BTN,1942,0.025,0.31,0
Bhutan,BTN,1943,0.03,0.31,0
Bhutan,BTN,1944,0.025,0.31,0
Bhutan,BTN,1945,0.031,0.31,0
Bhutan,BTN,1946,0.031,0.31,0
Bhutan,BTN,1947,0.031,0.31,0
Bhutan,BTN,1948,0.031,0.31,0
Bhutan,BTN,1949,0.031,0.31,0
Bhutan,BTN,1950,0.033,0.314,0
Bhutan,BTN,1951,0.033,0.314,0
Bhutan,BTN,1952,0.035,0.336,0
Bhutan,BTN,1953,0.035,0.397,0
Bhutan,BTN,1954,0.036,0.407,0
Bhutan,BTN,1955,0.038,0.409,0
Bhutan,BTN,1956,0.038,0.411,0
Bhutan,BTN,1957,0.038,0.436,0
Bhutan,BTN,1958,0.038,0.46,0
Bhutan,BTN,1959,0.038,0.456,0
Bhutan,BTN,1960,0.04,0.462,0
Bhutan,BTN,1961,0.04,0.466,0
Bhutan,BTN,1962,0.04,0.466,0
Bhutan,BTN,1963,0.04,0.47,0
Bhutan,BTN,1964,0.04,0.47,0
Bhutan,BTN,1965,0.04,0.467,0
Bhutan,BTN,1966,0.04,0.467,0
Bhutan,BTN,1967,0.047,0.467,0
Bhutan,BTN,1968,0.047,0.472,0
Bhutan,BTN,1969,0.047,0.472,0
Bhutan,BTN,1970,0.047,0.476,0
Bhutan,BTN,1971,0.049,0.476,0
Bhutan,BTN,1972,0.049,0.48,0
Bhutan,BTN,1973,0.05,0.48,0
Bhutan,BTN,1974,0.05,0.48,0
Bhutan,BTN,1975,0.05,0.48,0
Bhutan,BTN,1976,0.053,0.48,0
Bhutan,BTN,1977,0.053,0.478,0
Bhutan,BTN,1978,0.053,0.478,0
Bhutan,BTN,1979,0.053,0.48,0
Bhutan,BTN,1980,0.053,0.485,0
Bhutan,BTN,1981,0.053,0.485,0
Bhutan,BTN,1982,0.053,0.485,0
Bhutan,BTN,1983,0.053,0.485,0
Bhutan,BTN,1984,0.053,0.484,0
Bhutan,BTN,1985,0.053,0.474,0
Bhutan,BTN,1986,0.057,0.474,0
Bhutan,BTN,1987,0.059,0.474,0
Bhutan,BTN,1988,0.059,0.474,0
Bhutan,BTN,1989,0.059,0.482,0
Bhutan,BTN,1990,0.059,0.487,0
Bhutan,BTN,1991,0.059,0.487,0
Bhutan,BTN,1992,0.063,0.491,0
Bhutan,BTN,1993,0.065,0.497,0
Bhutan,BTN,1994,0.064,0.497,0
Bhutan,BTN,1995,0.064,0.497,0
Bhutan,BTN,1996,0.064,0.497,0
Bhutan,BTN,1997,0.064,0.497,0
Bhutan,BTN,1998,0.064,0.536,0
Bhutan,BTN,1999,0.088,0.545,0
Bhutan,BTN,2000,0.091,0.553,0
Bhutan,BTN,2001,0.093,0.559,0
Bhutan,BTN,2002,0.095,0.581,0
Bhutan,BTN,2003,0.096,0.579,0
Bhutan,BTN,2004,0.098,0.58,0
Bhutan,BTN,2005,0.099,0.576,0
Bhutan,BTN,2006,0.107,0.583,0
Bhutan,BTN,2007,0.133,0.586,0
Bhutan,BTN,2008,0.491,0.83,1
Bhutan,BTN,2009,0.587,0.844,3
Bhutan,BTN,2010,0.601,0.843,3
Bhutan,BTN,2011,0.601,0.842,3
Bhutan,BTN,2012,0.597,0.845,3
Bhutan,BTN,2013,0.573,0.831,2
Bhutan,BTN,2014,0.564,0.832,2
Bhutan,BTN,2015,0.568,0.832,2
Bhutan,BTN,2016,0.558,0.834,2
Bhutan,BTN,2017,0.571,0.833,2
Bhutan,BTN,2018,0.579,0.838,2
Bhutan,BTN,2019,0.598,0.867,2
Bhutan,BTN,2020,0.598,0.865,2
Bhutan,BTN,2021,0.574,0.836,3
Bhutan,BTN,2022,0.558,0.824,3
Bhutan,BTN,2023,0.532,0.817,3
Bhutan,BTN,2024,0.565,0.79,2
Bhutan,BTN,2025,0.566,0.791,2
Burkina Faso,BFA,1919,0.083,0.322,0
Burkina Faso,BFA,1920,0.083,0.318,0
Burkina Faso,BFA,1921,0.083,0.318,0
Burkina Faso,BFA,1922,0.084,0.318,0
Burkina Faso,BFA,1923,0.084,0.318,0
Burkina Faso,BFA,1924,0.084,0.318,0
Burkina Faso,BFA,1925,0.084,0.318,0
Burkina Faso,BFA,1926,0.084,0.318,0
Burkina Faso,BFA,1927,0.084,0.318,0
Burkina Faso,BFA,1928,0.084,0.318,0
Burkina Faso,BFA,1929,0.084,0.319,0
Burkina Faso,BFA,1930,0.084,0.32,0
Burkina Faso,BFA,1931,0.084,0.32,0
Burkina Faso,BFA,1947,0.104,0.374,0
Burkina Faso,BFA,1948,0.104,0.37,0
Burkina Faso,BFA,1949,0.137,0.428,0
Burkina Faso,BFA,1950,0.14,0.431,0
Burkina Faso,BFA,1951,0.14,0.431,0
Burkina Faso,BFA,1952,0.148,0.431,0
Burkina Faso,BFA,1953,0.148,0.431,0
Burkina Faso,BFA,1954,0.148,0.431,0
Burkina Faso,BFA,1955,0.152,0.431,0
Burkina Faso,BFA,1956,0.152,0.431,0
Burkina Faso,BFA,1957,0.202,0.431,0
Burkina Faso,BFA,1958,0.201,0.441,0
Burkina Faso,BFA,1959,0.226,0.445,0
Burkina Faso,BFA,1960,0.299,0.46,1
Burkina Faso,BFA,1961,0.364,0.466,1
Burkina Faso,BFA,1962,0.364,0.465,1
Burkina Faso,BFA,1963,0.364,0.465,1
Burkina Faso,BFA,1964,0.364,0.465,1
Burkina Faso,BFA,1965,0.347,0.465,1
Burkina Faso,BFA,1966,0.186,0.38,0
Burkina Faso,BFA,1967,0.174,0.356,0
Burkina Faso,BFA,1968,0.174,0.356,0
Burkina Faso,BFA,1969,0.174,0.356,0
Burkina Faso,BFA,1970,0.181,0.387,0
Burkina Faso,BFA,1971,0.178,0.387,0
Burkina Faso,BFA,1972,0.178,0.478,0
Burkina Faso,BFA,1973,0.178,0.478,0
Burkina Faso,BFA,1974,0.178,0.391,0
Burkina Faso,BFA,1975,0.178,0.353,0
Burkina Faso,BFA,1976,0.178,0.353,0
Burkina Faso,BFA,1977,0.179,0.346,0
Burkina Faso,BFA,1978,0.234,0.411,1
Burkina Faso,BFA,1979,0.378,0.456,1
Burkina Faso,BFA,1980,0.316,0.433,1
Burkina Faso,BFA,1981,0.159,0.331,0
Burkina Faso,BFA,1982,0.159,0.335,0
Burkina Faso,BFA,1983,0.16,0.359,0
Burkina Faso,BFA,1984,0.158,0.357,0
Burkina Faso,BFA,1985,0.155,0.355,0
Burkina Faso,BFA,1986,0.155,0.361,0
Burkina Faso,BFA,1987,0.159,0.358,0
Burkina Faso,BFA,1988,0.159,0.314,0
Burkina Faso,BFA,1989,0.159,0.312,0
Burkina Faso,BFA,1990,0.167,0.313,0
Burkina Faso,BFA,1991,0.193,0.332,1
Burkina Faso,BFA,1992,0.415,0.397,1
Burkina Faso,BFA,1993,0.481,0.434,1
Burkina Faso,BFA,1994,0.481,0.434,1
Burkina Faso,BFA,1995,0.481,0.434,1
Burkina Faso,BFA,1996,0.484,0.434,1
Burkina Faso,BFA,1997,0.486,0.431,1
Burkina Faso,BFA,1998,0.492,0.434,1
Burkina Faso,BFA,1999,0.487,0.545,1
Burkina Faso,BFA,2000,0.516,0.554,2
Burkina Faso,BFA,2001,0.519,0.554,2
Burkina Faso,BFA,2002,0.517,0.554,2
Burkina Faso,BFA,2003,0.516,0.554,2
Burkina Faso,BFA,2004,0.516,0.554,2
Burkina Faso,BFA,2005,0.52,0.554,2
Burkina Faso,BFA,2006,0.542,0.556,2
Burkina Faso,BFA,2007,0.534,0.556,2
Burkina Faso,BFA,2008,0.531,0.556,2
Burkina Faso,BFA,2009,0.537,0.557,2
Burkina Faso,BFA,2010,0.559,0.561,2
Burkina Faso,BFA,2011,0.561,0.561,2
Burkina Faso,BFA,2012,0.571,0.559,2
Burkina Faso,BFA,2013,0.598,0.627,2
Burkina Faso,BFA,2014,0.569,0.68,2
Burkina Faso,BFA,2015,0.376,0.703,1
Burkina Faso,BFA,2016,0.683,0.704,2
Burkina Faso,BFA,2017,0.683,0.717,2
Burkina Faso,BFA,2018,0.666,0.694,2
Burkina Faso,BFA,2019,0.657,0.693,2
Burkina Faso,BFA,2020,0.662,0.702,2
Burkina Faso,BFA,2021,0.634,0.688,2
Burkina Faso,BFA,2022,0.275,0.602,1
Burkina Faso,BFA,2023,0.212,0.538,0
Burkina Faso,BFA,2024,0.154,0.406,0
Burkina Faso,BFA,2025,0.134,0.342,0
Cambodia,KHM,1900,0.034,0.162,0
Cambodia,KHM,1901,0.034,0.162,0
Cambodia,KHM,1902,0.034,0.162,0
Cambodia,KHM,1903,0.034,0.162,0
Cambodia,KHM,1904,0.034,0.162,0
Cambodia,KHM,1905,0.034,0.162,0
Cambodia,KHM,1906,0.034,0.162,0
Cambodia,KHM,1907,0.034,0.162,0
Cambodia,KHM,1908,0.034,0.162,0
Cambodia,KHM,1909,0.034,0.162,0
Cambodia,KHM,1910,0.034,0.162,0
Cambodia,KHM,1911,0.034,0.162,0
Cambodia,KHM,1912,0.034,0.162,0
Cambodia,KHM,1913,0.034,0.162,0
Cambodia,KHM,1914,0.034,0.162,0
Cambodia,KHM,1915,0.034,0.162,0
Cambodia,KHM,1916,0.034,0.162,0
Cambodia,KHM,1917,0.034,0.162,0
Cambodia,KHM,1918,0.034,0.162,0
Cambodia,KHM,1919,0.034,0.162,0
Cambodia,KHM,1920,0.034,0.162,0
Cambodia,KHM,1921,0.034,0.162,0
Cambodia,KHM,1922,0.034,0.162,0
Cambodia,KHM,1923,0.034,0.162,0
Cambodia,KHM,1924,0.034,0.162,0
Cambodia,KHM,1925,0.034,0.162,0
Cambodia,KHM,1926,0.034,0.162,0
Cambodia,KHM,1927,0.034,0.162,0
Cambodia,KHM,1928,0.034,0.162,0
Cambodia,KHM,1929,0.034,0.162,0
Cambodia,KHM,1930,0.034,0.162,0
Cambodia,KHM,1931,0.034,0.162,0
Cambodia,KHM,1932,0.034,0.162,0
Cambodia,KHM,1933,0.034,0.162,0
Cambodia,KHM,1934,0.034,0.162,0
Cambodia,KHM,1935,0.034,0.162,0
Cambodia,KHM,1936,0.034,0.162,0
Cambodia,KHM,1937,0.034,0.162,0
Cambodia,KHM,1938,0.034,0.162,0
Cambodia,KHM,1939,0.034,0.162,0
Cambodia,KHM,1940,0.034,0.162,0
Cambodia,KHM,1941,0.034,0.162,0
Cambodia,KHM,1942,0.034,0.162,0
Cambodia,KHM,1943,0.034,0.162,0
Cambodia,KHM,1944,0.034,0.162,0
Cambodia,KHM,1945,0.035,0.162,0
Cambodia,KHM,1946,0.04,0.166,0
Cambodia,KHM,1947,0.07,0.178,0
Cambodia,KHM,1948,0.099,0.33,0
Cambodia,KHM,1949,0.09,0.24,0
Cambodia,KHM,1950,0.071,0.154,0
Cambodia,KHM,1951,0.081,0.196,0
Cambodia,KHM,1952,0.086,0.209,0
Cambodia,KHM,1953,0.069,0.159,0
Cambodia,KHM,1954,0.102,0.241,0
Cambodia,KHM,1955,0.141,0.302,1
Cambodia,KHM,1956,0.266,0.382,1
Cambodia,KHM,1957,0.266,0.385,1
Cambodia,KHM,1958,0.264,0.385,1
Cambodia,KHM,1959,0.263,0.385,1
Cambodia,KHM,1960,0.27,0.389,1
Cambodia,KHM,1961,0.27,0.389,1
Cambodia,KHM,1962,0.265,0.389,1
Cambodia,KHM,1963,0.263,0.389,1
Cambodia,KHM,1964,0.262,0.387,1
Cambodia,KHM,1965,0.262,0.387,1
Cambodia,KHM,1966,0.262,0.387,1
Cambodia,KHM,1967,0.262,0.387,1
Cambodia,KHM,1968,0.262,0.387,1
Cambodia,KHM,1969,0.262,0.387,1
Cambodia,KHM,1970,0.16,0.247,1
Cambodia,KHM,1971,0.137,0.209,0
Cambodia,KHM,1972,0.147,0.229,1
Cambodia,KHM,1973,0.163,0.258,0
Cambodia,KHM,1974,0.163,0.258,0
Cambodia,KHM,1975,0.067,0.011,0
Cambodia,KHM,1976,0.103,0.024,0
Cambodia,KHM,1977,0.13,0.03,0
Cambodia,KHM,1978,0.13,0.03,0
Cambodia,KHM,1979,0.069,0.034,0
Cambodia,KHM,1980,0.07,0.072,0
Cambodia,KHM,1981,0.089,0.072,1
Cambodia,KHM,1982,0.105,0.049,1
Cambodia,KHM,1983,0.105,0.051,1
Cambodia,KHM,1984,0.105,0.051,1
Cambodia,KHM,1985,0.105,0.051,1
Cambodia,KHM,1986,0.105,0.052,1
Cambodia,KHM,1987,0.105,0.053,1
Cambodia,KHM,1988,0.105,0.053,1
Cambodia,KHM,1989,0.105,0.053,1
Cambodia,KHM,1990,0.138,0.058,1
Cambodia,KHM,1991,0.139,0.061,1
Cambodia,KHM,1992,0.164,0.094,1
Cambodia,KHM,1993,0.318,0.187,1
Cambodia,KHM,1994,0.365,0.253,1
Cambodia,KHM,1995,0.365,0.251,1
Cambodia,KHM,1996,0.365,0.251,1
Cambodia,KHM,1997,0.365,0.246,1
Cambodia,KHM,1998,0.347,0.245,1
Cambodia,KHM,1999,0.321,0.247,1
Cambodia,KHM,2000,0.318,0.249,1
Cambodia,KHM,2001,0.317,0.255,1
Cambodia,KHM,2002,0.317,0.249,1
Cambodia,KHM,2003,0.321,0.251,1
Cambodia,KHM,2004,0.324,0.251,1
Cambodia,KHM,2005,0.32,0.245,1
Cambodia,KHM,2006,0.32,0.245,1
Cambodia,KHM,2007,0.319,0.245,1
Cambodia,KHM,2008,0.316,0.24,1
Cambodia,KHM,2009,0.308,0.24,1
Cambodia,KHM,2010,0.308,0.24,1
Cambodia,KHM,2011,0.308,0.24,1
Cambodia,KHM,2012,0.305,0.243,1
Cambodia,KHM,2013,0.297,0.234,1
Cambodia,KHM,2014,0.293,0.244,1
Cambodia,KHM,2015,0.291,0.246,1
Cambodia,KHM,2016,0.275,0.222,1
Cambodia,KHM,2017,0.234,0.175,1
Cambodia,KHM,2018,0.211,0.166,1
Cambodia,KHM,2019,0.194,0.162,1
Cambodia,KHM,2020,0.191,0.155,1
Cambodia,KHM,2021,0.19,0.142,1
Cambodia,KHM,2022,0.199,0.135,1
Cambodia,KHM,2023,0.189,0.117,1
Cambodia,KHM,2024,0.184,0.107,1
Cambodia,KHM,2025,0.183,0.119,1
Indonesia,IDN,1900,0.023,0.083,0
Indonesia,IDN,1901,0.025,0.083,0
Indonesia,IDN,1902,0.025,0.083,0
Indonesia,IDN,1903,0.025,0.083,0
Indonesia,IDN,1904,0.025,0.083,0
Indonesia,IDN,1905,0.025,0.083,0
Indonesia,IDN,1906,0.031,0.083,0
Indonesia,IDN,1907,0.031,0.083,0
Indonesia,IDN,1908,0.037,0.083,0
Indonesia,IDN,1909,0.038,0.083,0
Indonesia,IDN,1910,0.037,0.083,0
Indonesia,IDN,1911,0.037,0.083,0
Indonesia,IDN,1912,0.037,0.083,0
Indonesia,IDN,1913,0.037,0.083,0
Indonesia,IDN,1914,0.037,0.083,0
Indonesia,IDN,1915,0.037,0.083,0
Indonesia,IDN,1916,0.037,0.083,0
Indonesia,IDN,1917,0.037,0.083,0
Indonesia,IDN,1918,0.037,0.083,0
Indonesia,IDN,1919,0.043,0.083,0
Indonesia,IDN,1920,0.043,0.083,0
Indonesia,IDN,1921,0.043,0.083,0
Indonesia,IDN,1922,0.043,0.083,0
Indonesia,IDN,1923,0.043,0.083,0
Indonesia,IDN,1924,0.043,0.083,0
Indonesia,IDN,1925,0.043,0.083,0
Indonesia,IDN,1926,0.042,0.083,0
Indonesia,IDN,1927,0.042,0.083,0
Indonesia,IDN,1928,0.038,0.083,0
Indonesia,IDN,1929,0.038,0.083,0
Indonesia,IDN,1930,0.038,0.083,0
Indonesia,IDN,1931,0.035,0.083,0
Indonesia,IDN,1932,0.035,0.083,0
Indonesia,IDN,1933,0.035,0.084,0
Indonesia,IDN,1934,0.035,0.084,0
Indonesia,IDN,1935,0.035,0.084,0
Indonesia,IDN,1936,0.035,0.117,0
Indonesia,IDN,1937,0.035,0.114,0
Indonesia,IDN,1938,0.035,0.114,0
Indonesia,IDN,1939,0.035,0.114,0
Indonesia,IDN,1940,0.033,0.112,0
Indonesia,IDN,1941,0.033,0.112,0
Indonesia,IDN,1942,0.026,0.096,0
Indonesia,IDN,1943,0.026,0.096,0
Indonesia,IDN,1944,0.026,0.096,0
Indonesia,IDN,1945,0.112,0.313,0
Indonesia,IDN,1946,0.169,0.395,0
Indonesia,IDN,1947,0.169,0.395,0
Indonesia,IDN,1948,0.169,0.404,0
Indonesia,IDN,1949,0.197,0.437,0
Indonesia,IDN,1950,0.222,0.537,0
Indonesia,IDN,1951,0.261,0.538,0
Indonesia,IDN,1952,0.261,0.538,0
Indonesia,IDN,1953,0.261,0.54,0
Indonesia,IDN,1954,0.261,0.541,0
Indonesia,IDN,1955,0.281,0.548,1
Indonesia,IDN,1956,0.605,0.542,2
Indonesia,IDN,1957,0.535,0.516,2
Indonesia,IDN,1958,0.459,0.381,1
Indonesia,IDN,1959,0.416,0.304,1
Indonesia,IDN,1960,0.241,0.269,1
Indonesia,IDN,1961,0.224,0.276,0
Indonesia,IDN,1962,0.224,0.276,0
Indonesia,IDN,1963,0.224,0.266,0
Indonesia,IDN,1964,0.224,0.266,0
Indonesia,IDN,1965,0.216,0.225,0
Indonesia,IDN,1966,0.195,0.193,0
Indonesia,IDN,1967,0.194,0.173,0
Indonesia,IDN,1968,0.194,0.163,0
Indonesia,IDN,1969,0.194,0.168,0
Indonesia,IDN,1970,0.189,0.148,0
Indonesia,IDN,1971,0.208,0.139,1
Indonesia,IDN,1972,0.233,0.139,1
Indonesia,IDN,1973,0.23,0.143,1
Indonesia,IDN,1974,0.225,0.154,1
Indonesia,IDN,1975,0.217,0.154,1
Indonesia,IDN,1976,0.217,0.154,1
Indonesia,IDN,1977,0.199,0.14,1
Indonesia,IDN,1978,0.193,0.143,1
Indonesia,IDN,1979,0.193,0.137,1
Indonesia,IDN,1980,0.193,0.136,1
Indonesia,IDN,1981,0.193,0.136,1
Indonesia,IDN,1982,0.192,0.137,1
Indonesia,IDN,1983,0.192,0.137,1
Indonesia,IDN,1984,0.192,0.137,1
Indonesia,IDN,1985,0.192,0.135,1
Indonesia,IDN,1986,0.192,0.135,1
Indonesia,IDN,1987,0.192,0.135,1
Indonesia,IDN,1988,0.192,0.13,1
Indonesia,IDN,1989,0.192,0.13,1
Indonesia,IDN,1990,0.192,0.133,1
Indonesia,IDN,1991,0.195,0.133,1
Indonesia,IDN,1992,0.194,0.115,1
Indonesia,IDN,1993,0.193,0.115,1
Indonesia,IDN,1994,0.193,0.115,1
Indonesia,IDN,1995,0.193,0.116,1
Indonesia,IDN,1996,0.193,0.111,1
Indonesia,IDN,1997,0.2,0.112,1
Indonesia,IDN,1998,0.286,0.255,1
Indonesia,IDN,1999,0.55,0.72,2
Indonesia,IDN,2000,0.666,0.733,2
Indonesia,IDN,2001,0.666,0.733,2
Indonesia,IDN,2002,0.666,0.748,2
Indonesia,IDN,2003,0.666,0.749,2
Indonesia,IDN,2004,0.689,0.745,2
Indonesia,IDN,2005,0.7,0.74,2
Indonesia,IDN,2006,0.696,0.743,2
Indonesia,IDN,2007,0.697,0.748,2
Indonesia,IDN,2008,0.707,0.75,2
Indonesia,IDN,2009,0.684,0.75,2
Indonesia,IDN,2010,0.686,0.771,2
Indonesia,IDN,2011,0.686,0.763,2
Indonesia,IDN,2012,0.685,0.764,2
Indonesia,IDN,2013,0.668,0.758,2
Indonesia,IDN,2014,0.658,0.76,2
Indonesia,IDN,2015,0.654,0.767,2
Indonesia,IDN,2016,0.639,0.758,2
Indonesia,IDN,2017,0.627,0.75,2
Indonesia,IDN,2018,0.599,0.75,2
Indonesia,IDN,2019,0.596,0.745,2
Indonesia,IDN,2020,0.566,0.685,2
Indonesia,IDN,2021,0.545,0.691,2
Indonesia,IDN,2022,0.561,0.647,2
Indonesia,IDN,2023,0.538,0.584,2
Indonesia,IDN,2024,0.496,0.6,1
Indonesia,IDN,2025,0.462,0.562,1
Mozambique,MOZ,1900,0.029,0.082,0
Mozambique,MOZ,1901,0.029,0.082,0
Mozambique,MOZ,1902,0.029,0.082,0
Mozambique,MOZ,1903,0.029,0.082,0
Mozambique,MOZ,1904,0.029,0.082,0
Mozambique,MOZ,1905,0.029,0.082,0
Mozambique,MOZ,1906,0.029,0.082,0
Mozambique,MOZ,1907,0.029,0.082,0
Mozambique,MOZ,1908,0.029,0.082,0
Mozambique,MOZ,1909,0.029,0.082,0
Mozambique,MOZ,1910,0.029,0.082,0
Mozambique,MOZ,1911,0.029,0.082,0
Mozambique,MOZ,1912,0.029,0.082,0
Mozambique,MOZ,1913,0.029,0.082,0
Mozambique,MOZ,1914,0.029,0.082,0
Mozambique,MOZ,1915,0.029,0.082,0
Mozambique,MOZ,1916,0.029,0.082,0
Mozambique,MOZ,1917,0.029,0.082,0
Mozambique,MOZ,1918,0.029,0.082,0
Mozambique,MOZ,1919,0.029,0.082,0
Mozambique,MOZ,1920,0.029,0.082,0
Mozambique,MOZ,1921,0.029,0.082,0
Mozambique,MOZ,1922,0.029,0.082,0
Mozambique,MOZ,1923,0.029,0.082,0
Mozambique,MOZ,1924,0.029,0.082,0
Mozambique,MOZ,1925,0.029,0.082,0
Mozambique,MOZ,1926,0.028,0.082,0
Mozambique,MOZ,1927,0.028,0.082,0
Mozambique,MOZ,1928,0.028,0.082,0
Mozambique,MOZ,1929,0.028,0.082,0
Mozambique,MOZ,1930,0.027,0.079,0
Mozambique,MOZ,1931,0.027,0.079,0
Mozambique,MOZ,1932,0.027,0.079,0
Mozambique,MOZ,1933,0.027,0.077,0
Mozambique,MOZ,1934,0.027,0.077,0
Mozambique,MOZ,1935,0.027,0.077,0
Mozambique,MOZ,1936,0.027,0.077,0
Mozambique,MOZ,1937,0.027,0.077,0
Mozambique,MOZ,1938,0.027,0.077,0
Mozambique,MOZ,1939,0.027,0.077,0
Mozambique,MOZ,1940,0.027,0.077,0
Mozambique,MOZ,1941,0.027,0.077,0
Mozambique,MOZ,1942,0.027,0.077,0
Mozambique,MOZ,1943,0.027,0.077,0
Mozambique,MOZ,1944,0.027,0.077,0
Mozambique,MOZ,1945,0.026,0.077,0
Mozambique,MOZ,1946,0.026,0.077,0
Mozambique,MOZ,1947,0.026,0.077,0
Mozambique,MOZ,1948,0.026,0.077,0
Mozambique,MOZ,1949,0.026,0.077,0
Mozambique,MOZ,1950,0.026,0.077,0
Mozambique,MOZ,1951,0.026,0.077,0
Mozambique,MOZ,1952,0.026,0.077,0
Mozambique,MOZ,1953,0.026,0.077,0
Mozambique,MOZ,1954,0.026,0.077,0
Mozambique,MOZ,1955,0.026,0.077,0
Mozambique,MOZ,1956,0.026,0.077,0
Mozambique,MOZ,1957,0.026,0.077,0
Mozambique,MOZ,1958,0.026,0.077,0
Mozambique,MOZ,1959,0.026,0.077,0
Mozambique,MOZ,1960,0.026,0.08,0
Mozambique,MOZ,1961,0.026,0.077,0
Mozambique,MOZ,1962,0.027,0.076,0
Mozambique,MOZ,1963,0.027,0.076,0
Mozambique,MOZ,1964,0.027,0.076,0
Mozambique,MOZ,1965,0.027,0.076,0
Mozambique,MOZ,1966,0.027,0.076,0
Mozambique,MOZ,1967,0.027,0.076,0
Mozambique,MOZ,1968,0.027,0.076,0
Mozambique,MOZ,1969,0.027,0.076,0
Mozambique,MOZ,1970,0.027,0.078,0
Mozambique,MOZ,1971,0.027,0.079,0
Mozambique,MOZ,1972,0.027,0.077,0
Mozambique,MOZ,1973,0.05,0.122,0
Mozambique,MOZ,1974,0.034,0.114,0
Mozambique,MOZ,1975,0.024,0.191,0
Mozambique,MOZ,1976,0.08,0.181,0
Mozambique,MOZ,1977,0.08,0.171,0
Mozambique,MOZ,1978,0.08,0.171,0
Mozambique,MOZ,1979,0.08,0.171,0
Mozambique,MOZ,1980,0.08,0.167,0
Mozambique,MOZ,1981,0.08,0.167,0
Mozambique,MOZ,1982,0.08,0.167,0
Mozambique,MOZ,1983,0.08,0.167,0
Mozambique,MOZ,1984,0.08,0.167,0
Mozambique,MOZ,1985,0.08,0.167,0
Mozambique,MOZ,1986,0.08,0.167,0
Mozambique,MOZ,1987,0.081,0.174,0
Mozambique,MOZ,1988,0.081,0.177,0
Mozambique,MOZ,1989,0.081,0.177,0
Mozambique,MOZ,1990,0.123,0.378,0
Mozambique,MOZ,1991,0.16,0.425,0
Mozambique,MOZ,1992,0.183,0.428,0
Mozambique,MOZ,1993,0.22,0.446,0
Mozambique,MOZ,1994,0.246,0.564,1
Mozambique,MOZ,1995,0.463,0.583,1
Mozambique,MOZ,1996,0.457,0.583,1
Mozambique,MOZ,1997,0.457,0.576,1
Mozambique,MOZ,1998,0.46,0.576,1
Mozambique,MOZ,1999,0.453,0.576,1
Mozambique,MOZ,2000,0.419,0.62,1
Mozambique,MOZ,2001,0.419,0.62,1
Mozambique,MOZ,2002,0.419,0.613,1
Mozambique,MOZ,2003,0.422,0.619,1
Mozambique,MOZ,2004,0.425,0.611,1
Mozambique,MOZ,2005,0.463,0.601,1
Mozambique,MOZ,2006,0.464,0.601,1
Mozambique,MOZ,2007,0.464,0.601,1
Mozambique,MOZ,2008,0.456,0.602,1
Mozambique,MOZ,2009,0.453,0.6,1
Mozambique,MOZ,2010,0.425,0.605,1
Mozambique,MOZ,2011,0.427,0.606,1
Mozambique,MOZ,2012,0.427,0.608,1
Mozambique,MOZ,2013,0.437,0.609,1
Mozambique,MOZ,2014,0.43,0.612,1
Mozambique,MOZ,2015,0.437,0.604,1
Mozambique,MOZ,2016,0.433,0.587,1
Mozambique,MOZ,2017,0.408,0.577,1
Mozambique,MOZ,2018,0.4,0.56,1
Mozambique,MOZ,2019,0.397,0.539,1
Mozambique,MOZ,2020,0.364,0.533,1
Mozambique,MOZ,2021,0.367,0.544,1
Mozambique,MOZ,2022,0.366,0.537,1
Mozambique,MOZ,2023,0.351,0.507,1
Mozambique,MOZ,2024,0.31,0.455,1
Mozambique,MOZ,2025,0.279,0.447,1
Nepal,NPL,1900,0.01,0.074,0
Nepal,NPL,1901,0.01,0.074,0
Nepal,NPL,1902,0.01,0.074,0
Nepal,NPL,1903,0.01,0.074,0
Nepal,NPL,1904,0.01,0.074,0
Nepal,NPL,1905,0.01,0.074,0
Nepal,NPL,1906,0.01,0.074,0
Nepal,NPL,1907,0.01,0.074,0
Nepal,NPL,1908,0.01,0.074,0
Nepal,NPL,1909,0.01,0.074,0
Nepal,NPL,1910,0.01,0.074,0
Nepal,NPL,1911,0.01,0.074,0
Nepal,NPL,1912,0.01,0.074,0
Nepal,NPL,1913,0.01,0.074,0
Nepal,NPL,1914,0.01,0.074,0
Nepal,NPL,1915,0.01,0.074,0
Nepal,NPL,1916,0.01,0.074,0
Nepal,NPL,1917,0.01,0.074,0
Nepal,NPL,1918,0.01,0.074,0
Nepal,NPL,1919,0.01,0.074,0
Nepal,NPL,1920,0.009,0.074,0
Nepal,NPL,1921,0.009,0.074,0
Nepal,NPL,1922,0.009,0.074,0
Nepal,NPL,1923,0.009,0.075,0
Nepal,NPL,1924,0.009,0.075,0
Nepal,NPL,1925,0.009,0.075,0
Nepal,NPL,1926,0.009,0.075,0
Nepal,NPL,1927,0.009,0.075,0
Nepal,NPL,1928,0.009,0.075,0
Nepal,NPL,1929,0.009,0.075,0
Nepal,NPL,1930,0.009,0.075,0
Nepal,NPL,1931,0.009,0.075,0
Nepal,NPL,1932,0.01,0.074,0
Nepal,NPL,1933,0.01,0.074,0
Nepal,NPL,1934,0.01,0.074,0
Nepal,NPL,1935,0.01,0.074,0
Nepal,NPL,1936,0.01,0.074,0
Nepal,NPL,1937,0.01,0.074,0
Nepal,NPL,1938,0.01,0.074,0
Nepal,NPL,1939,0.01,0.074,0
Nepal,NPL,1940,0.01,0.074,0
Nepal,NPL,1941,0.01,0.074,0
Nepal,NPL,1942,0.01,0.074,0
Nepal,NPL,1943,0.01,0.074,0
Nepal,NPL,1944,0.01,0.074,0
Nepal,NPL,1945,0.013,0.074,0
Nepal,NPL,1946,0.013,0.074,0
Nepal,NPL,1947,0.014,0.075,0
Nepal,NPL,1948,0.014,0.075,0
Nepal,NPL,1949,0.014,0.075,0
Nepal,NPL,1950,0.027,0.086,0
Nepal,NPL,1951,0.054,0.206,0
Nepal,NPL,1952,0.141,0.215,0
Nepal,NPL,1953,0.141,0.22,0
Nepal,NPL,1954,0.141,0.22,0
Nepal,NPL,1955,0.141,0.22,0
Nepal,NPL,1956,0.141,0.227,0
Nepal,NPL,1957,0.141,0.22,0
Nepal,NPL,1958,0.143,0.22,0
Nepal,NPL,1959,0.207,0.383,1
Nepal,NPL,1960,0.199,0.333,0
Nepal,NPL,1961,0.101,0.192,0
Nepal,NPL,1962,0.092,0.169,0
Nepal,NPL,1963,0.092,0.283,0
Nepal,NPL,1964,0.092,0.287,0
Nepal,NPL,1965,0.092,0.29,0
Nepal,NPL,1966,0.092,0.29,0
Nepal,NPL,1967,0.092,0.29,0
Nepal,NPL,1968,0.092,0.29,0
Nepal,NPL,1969,0.092,0.29,0
Nepal,NPL,1970,0.092,0.295,0
Nepal,NPL,1971,0.094,0.295,0
Nepal,NPL,1972,0.094,0.279,0
Nepal,NPL,1973,0.094,0.282,0
Nepal,NPL,1974,0.094,0.282,0
Nepal,NPL,1975,0.094,0.277,0
Nepal,NPL,1976,0.094,0.284,0
Nepal,NPL,1977,0.094,0.284,0
Nepal,NPL,1978,0.094,0.28,0
Nepal,NPL,1979,0.094,0.277,0
Nepal,NPL,1980,0.098,0.362,0
Nepal,NPL,1981,0.106,0.359,0
Nepal,NPL,1982,0.11,0.358,0
Nepal,NPL,1983,0.11,0.358,0
Nepal,NPL,1984,0.11,0.358,0
Nepal,NPL,1985,0.11,0.358,0
Nepal,NPL,1986,0.112,0.358,0
Nepal,NPL,1987,0.112,0.358,0
Nepal,NPL,1988,0.112,0.358,0
Nepal,NPL,1989,0.112,0.355,0
Nepal,NPL,1990,0.258,0.606,0
Nepal,NPL,1991,0.383,0.704,1
Nepal,NPL,1992,0.407,0.704,1
Nepal,NPL,1993,0.407,0.716,1
Nepal,NPL,1994,0.407,0.716,1
Nepal,NPL,1995,0.405,0.696,1
Nepal,NPL,1996,0.398,0.69,1
Nepal,NPL,1997,0.395,0.693,1
Nepal,NPL,1998,0.395,0.692,1
Nepal,NPL,1999,0.388,0.692,1
Nepal,NPL,2000,0.36,0.692,1
Nepal,NPL,2001,0.352,0.679,1
Nepal,NPL,2002,0.271,0.599,0
Nepal,NPL,2003,0.224,0.41,0
Nepal,NPL,2004,0.224,0.411,0
Nepal,NPL,2005,0.222,0.425,0
Nepal,NPL,2006,0.23,0.621,0
Nepal,NPL,2007,0.274,0.782,0
Nepal,NPL,2008,0.478,0.817,1
Nepal,NPL,2009,0.56,0.829,2
Nepal,NPL,2010,0.554,0.829,2
Nepal,NPL,2011,0.556,0.837,2
Nepal,NPL,2012,0.39,0.66,1
Nepal,NPL,2013,0.28,0.499,1
Nepal,NPL,2014,0.625,0.78,2
Nepal,NPL,2015,0.643,0.829,2
Nepal,NPL,2016,0.665,0.836,2
Nepal,NPL,2017,0.66,0.84,2
Nepal,NPL,2018,0.633,0.818,2
Nepal,NPL,2019,0.606,0.779,2
Nepal,NPL,2020,0.598,0.78,2
Nepal,NPL,2021,0.609,0.793,2
Nepal,NPL,2022,0.631,0.782,2
Nepal,NPL,2023,0.685,0.756,2
Nepal,NPL,2024,0.669,0.758,2
Nepal,NPL,2025,0.656,0.746,2
Nicaragua,NIC,1900,0.107,0.186,0
Nicaragua,NIC,1901,0.106,0.186,0
Nicaragua,NIC,1902,0.099,0.186,0
Nicaragua,NIC,1903,0.099,0.18,0
Nicaragua,NIC,1904,0.099,0.185,0
Nicaragua,NIC,1905,0.1,0.185,0
Nicaragua,NIC,1906,0.1,0.185,0
Nicaragua,NIC,1907,0.096,0.185,0
Nicaragua,NIC,1908,0.096,0.185,0
Nicaragua,NIC,1909,0.096,0.183,0
Nicaragua,NIC,1910,0.101,0.164,0
Nicaragua,NIC,1911,0.097,0.171,0
Nicaragua,NIC,1912,0.099,0.154,1
Nicaragua,NIC,1913,0.131,0.161,1
Nicaragua,NIC,1914,0.133,0.161,1
Nicaragua,NIC,1915,0.162,0.161,1
Nicaragua,NIC,1916,0.162,0.164,0
Nicaragua,NIC,1917,0.161,0.165,0
Nicaragua,NIC,1918,0.161,0.165,0
Nicaragua,NIC,1919,0.161,0.165,0
Nicaragua,NIC,1920,0.162,0.16,1
Nicaragua,NIC,1921,0.164,0.16,1
Nicaragua,NIC,1922,0.164,0.16,1
Nicaragua,NIC,1923,0.165,0.16,1
Nicaragua,NIC,1924,0.168,0.16,1
Nicaragua,NIC,1925,0.169,0.16,1
Nicaragua,NIC,1926,0.113,0.16,1
Nicaragua,NIC,1927,0.109,0.156,0
Nicaragua,NIC,1928,0.099,0.178,1
Nicaragua,NIC,1929,0.109,0.178,1
Nicaragua,NIC,1930,0.108,0.178,1
Nicaragua,NIC,1931,0.107,0.178,1
Nicaragua,NIC,1932,0.107,0.178,1
Nicaragua,NIC,1933,0.096,0.12,1
Nicaragua,NIC,1934,0.152,0.107,1
Nicaragua,NIC,1935,0.148,0.109,1
Nicaragua,NIC,1936,0.146,0.093,0
Nicaragua,NIC,1937,0.142,0.075,0
Nicaragua,NIC,1938,0.142,0.082,0
Nicaragua,NIC,1939,0.142,0.082,0
Nicaragua,NIC,1940,0.143,0.082,0
Nicaragua,NIC,1941,0.143,0.082,0
Nicaragua,NIC,1942,0.143,0.082,0
Nicaragua,NIC,1943,0.143,0.082,0
Nicaragua,NIC,1944,0.143,0.082,0
Nicaragua,NIC,1945,0.142,0.082,0
Nicaragua,NIC,1946,0.142,0.082,0
Nicaragua,NIC,1947,0.128,0.076,1
Nicaragua,NIC,1948,0.137,0.077,0
Nicaragua,NIC,1949,0.137,0.077,0
Nicaragua,NIC,1950,0.139,0.065,1
Nicaragua,NIC,1951,0.14,0.065,1
Nicaragua,NIC,1952,0.14,0.065,1
Nicaragua,NIC,1953,0.14,0.065,1
Nicaragua,NIC,1954,0.14,0.065,1
Nicaragua,NIC,1955,0.14,0.067,1
Nicaragua,NIC,1956,0.172,0.067,1
Nicaragua,NIC,1957,0.172,0.065,1
Nicaragua,NIC,1958,0.172,0.065,1
Nicaragua,NIC,1959,0.17,0.065,1
Nicaragua,NIC,1960,0.172,0.065,1
Nicaragua,NIC,1961,0.173,0.065,1
Nicaragua,NIC,1962,0.174,0.065,1
Nicaragua,NIC,1963,0.174,0.065,1
Nicaragua,NIC,1964,0.175,0.065,1
Nicaragua,NIC,1965,0.175,0.065,1
Nicaragua,NIC,1966,0.174,0.065,1
Nicaragua,NIC,1967,0.176,0.065,1
Nicaragua,NIC,1968,0.175,0.065,1
Nicaragua,NIC,1969,0.175,0.065,1
Nicaragua,NIC,1970,0.175,0.073,1
Nicaragua,NIC,1971,0.175,0.065,1
Nicaragua,NIC,1972,0.161,0.06,1
Nicaragua,NIC,1973,0.171,0.065,1
Nicaragua,NIC,1974,0.172,0.065,1
Nicaragua,NIC,1975,0.174,0.065,1
Nicaragua,NIC,1976,0.174,0.065,1
Nicaragua,NIC,1977,0.172,0.066,1
Nicaragua,NIC,1978,0.172,0.066,1
Nicaragua,NIC,1979,0.147,0.062,1
Nicaragua,NIC,1980,0.182,0.229,0
Nicaragua,NIC,1981,0.187,0.229,0
Nicaragua,NIC,1982,0.17,0.193,0
Nicaragua,NIC,1983,0.177,0.193,0
Nicaragua,NIC,1984,0.198,0.244,1
Nicaragua,NIC,1985,0.362,0.331,1
Nicaragua,NIC,1986,0.365,0.306,1
Nicaragua,NIC,1987,0.364,0.302,1
Nicaragua,NIC,1988,0.382,0.318,1
Nicaragua,NIC,1989,0.401,0.318,1
Nicaragua,NIC,1990,0.631,0.601,2
Nicaragua,NIC,1991,0.688,0.635,2
Nicaragua,NIC,1992,0.688,0.648,2
Nicaragua,NIC,1993,0.691,0.657,2
Nicaragua,NIC,1994,0.69,0.657,2
Nicaragua,NIC,1995,0.689,0.662,2
Nicaragua,NIC,1996,0.676,0.612,2
Nicaragua,NIC,1997,0.632,0.583,2
Nicaragua,NIC,1998,0.632,0.583,2
Nicaragua,NIC,1999,0.597,0.581,2
Nicaragua,NIC,2000,0.586,0.584,2
Nicaragua,NIC,2001,0.588,0.574,2
Nicaragua,NIC,2002,0.601,0.566,2
Nicaragua,NIC,2003,0.591,0.566,2
Nicaragua,NIC,2004,0.591,0.568,2
Nicaragua,NIC,2005,0.591,0.568,2
Nicaragua,NIC,2006,0.563,0.497,2
Nicaragua,NIC,2007,0.457,0.364,1
Nicaragua,NIC,2008,0.445,0.345,1
Nicaragua,NIC,2009,0.441,0.332,1
Nicaragua,NIC,2010,0.436,0.322,1
Nicaragua,NIC,2011,0.425,0.322,1
Nicaragua,NIC,2012,0.371,0.293,1
Nicaragua,NIC,2013,0.319,0.254,1
Nicaragua,NIC,2014,0.319,0.254,1
Nicaragua,NIC,2015,0.318,0.249,1
Nicaragua,NIC,2016,0.305,0.25,1
Nicaragua,NIC,2017,0.281,0.216,1
Nicaragua,NIC,2018,0.221,0.093,1
Nicaragua,NIC,2019,0.215,0.08,1
Nicaragua,NIC,2020,0.215,0.075,1
Nicaragua,NIC,2021,0.195,0.053,1
Nicaragua,NIC,2022,0.158,0.047,1
Nicaragua,NIC,2023,0.158,0.027,1
Nicaragua,NIC,2024,0.151,0.025,1
Nicaragua,NIC,2025,0.151,0.023,1
Niger,NER,1922,0.015,0.253,0
Niger,NER,1923,0.015,0.253,0
Niger,NER,1924,0.015,0.253,0
Niger,NER,1925,0.015,0.253,0
Niger,NER,1926,0.015,0.253,0
Niger,NER,1927,0.015,0.253,0
Niger,NER,1928,0.015,0.253,0
Niger,NER,1929,0.015,0.253,0
Niger,NER,1930,0.016,0.266,0
Niger,NER,1931,0.016,0.266,0
Niger,NER,1932,0.016,0.266,0
Niger,NER,1933,0.016,0.266,0
Niger,NER,1934,0.016,0.266,0
Niger,NER,1935,0.016,0.266,0
Niger,NER,1936,0.016,0.266,0
Niger,NER,1937,0.016,0.266,0
Niger,NER,1938,0.016,0.266,0
Niger,NER,1939,0.016,0.266,0
Niger,NER,1940,0.016,0.265,0
Niger,NER,1941,0.016,0.265,0
Niger,NER,1942,0.016,0.265,0
Niger,NER,1943,0.016,0.265,0
Niger,NER,1944,0.016,0.265,0
Niger,NER,1945,0.018,0.272,0
Niger,NER,1946,0.028,0.276,0
Niger,NER,1947,0.055,0.28,0
Niger,NER,1948,0.03,0.279,0
Niger,NER,1949,0.03,0.279,0
Niger,NER,1950,0.031,0.279,0
Niger,NER,1951,0.031,0.279,0
Niger,NER,1952,0.037,0.279,0
Niger,NER,1953,0.037,0.279,0
Niger,NER,1954,0.038,0.279,0
Niger,NER,1955,0.038,0.279,0
Niger,NER,1956,0.038,0.3,0
Niger,NER,1957,0.113,0.323,0
Niger,NER,1958,0.114,0.329,0
Niger,NER,1959,0.133,0.329,0
Niger,NER,1960,0.142,0.389,1
Niger,NER,1961,0.199,0.388,1
Niger,NER,1962,0.196,0.388,1
Niger,NER,1963,0.198,0.388,1
Niger,NER,1964,0.198,0.388,1
Niger,NER,1965,0.195,0.388,0
Niger,NER,1966,0.186,0.388,0
Niger,NER,1967,0.186,0.388,0
Niger,NER,1968,0.186,0.388,0
Niger,NER,1969,0.186,0.388,0
Niger,NER,1970,0.187,0.383,0
Niger,NER,1971,0.185,0.383,0
Niger,NER,1972,0.185,0.383,0
Niger,NER,1973,0.187,0.383,0
Niger,NER,1974,0.115,0.354,0
Niger,NER,1975,0.089,0.305,0
Niger,NER,1976,0.089,0.305,0
Niger,NER,1977,0.089,0.307,0
Niger,NER,1978,0.089,0.304,0
Niger,NER,1979,0.089,0.304,0
Niger,NER,1980,0.09,0.307,0
Niger,NER,1981,0.09,0.307,0
Niger,NER,1982,0.09,0.307,0
Niger,NER,1983,0.09,0.307,0
Niger,NER,1984,0.09,0.307,0
Niger,NER,1985,0.09,0.307,0
Niger,NER,1986,0.09,0.307,0
Niger,NER,1987,0.093,0.324,0
Niger,NER,1988,0.112,0.35,0
Niger,NER,1989,0.153,0.389,1
Niger,NER,1990,0.35,0.492,1
Niger,NER,1991,0.385,0.552,1
Niger,NER,1992,0.334,0.564,1
Niger,NER,1993,0.528,0.721,2
Niger,NER,1994,0.541,0.721,2
Niger,NER,1995,0.532,0.721,2
Niger,NER,1996,0.292,0.47,1
Niger,NER,1997,0.385,0.481,1
Niger,NER,1998,0.385,0.481,1
Niger,NER,1999,0.255,0.465,1
Niger,NER,2000,0.546,0.707,2
Niger,NER,2001,0.543,0.707,2
Niger,NER,2002,0.543,0.707,2
Niger,NER,2003,0.543,0.707,2
Niger,NER,2004,0.547,0.707,2
Niger,NER,2005,0.573,0.707,2
Niger,NER,2006,0.578,0.707,2
Niger,NER,2007,0.578,0.71,2
Niger,NER,2008,0.576,0.698,2
Niger,NER,2009,0.421,0.536,1
Niger,NER,2010,0.265,0.5,0
Niger,NER,2011,0.541,0.643,2
Niger,NER,2012,0.624,0.751,2
Niger,NER,2013,0.629,0.78,2
Niger,NER,2014,0.633,0.777,2
Niger,NER,2015,0.622,0.776,2
Niger,NER,2016,0.573,0.781,2
Niger,NER,2017,0.542,0.755,2
Niger,NER,2018,0.53,0.727,2
Niger,NER,2019,0.528,0.721,2
Niger,NER,2020,0.544,0.698,2
Niger,NER,2021,0.523,0.73,2
Niger,NER,2022,0.504,0.728,2
Niger,NER,2023,0.388,0.61,1
Niger,NER,2024,0.237,0.518,0
Niger,NER,2025,0.227,0.513,0
Zambia,ZMB,1911,0.039,0.261,0
Zambia,ZMB,1912,0.038,0.261,0
Zambia,ZMB,1913,0.038,0.261,0
Zambia,ZMB,1914,0.038,0.261,0
Zambia,ZMB,1915,0.038,0.261,0
Zambia,ZMB,1916,0.038,0.261,0
Zambia,ZMB,1917,0.038,0.261,0
Zambia,ZMB,1918,0.038,0.261,0
Zambia,ZMB,1919,0.038,0.261,0
Zambia,ZMB,1920,0.038,0.261,0
Zambia,ZMB,1921,0.038,0.261,0
Zambia,ZMB,1922,0.038,0.261,0
Zambia,ZMB,1923,0.039,0.261,0
Zambia,ZMB,1924,0.041,0.279,0
Zambia,ZMB,1925,0.039,0.263,0
Zambia,ZMB,1926,0.064,0.381,0
Zambia,ZMB,1927,0.064,0.381,0
Zambia,ZMB,1928,0.064,0.381,0
Zambia,ZMB,1929,0.066,0.381,0
Zambia,ZMB,1930,0.068,0.381,0
Zambia,ZMB,1931,0.068,0.381,0
Zambia,ZMB,1932,0.068,0.381,0
Zambia,ZMB,1933,0.068,0.381,0
Zambia,ZMB,1934,0.068,0.381,0
Zambia,ZMB,1935,0.066,0.381,0
Zambia,ZMB,1936,0.066,0.381,0
Zambia,ZMB,1937,0.066,0.381,0
Zambia,ZMB,1938,0.064,0.381,0
Zambia,ZMB,1939,0.066,0.381,0
Zambia,ZMB,1940,0.067,0.381,0
Zambia,ZMB,1941,0.076,0.381,0
Zambia,ZMB,1942,0.074,0.381,0
Zambia,ZMB,1943,0.073,0.381,0
Zambia,ZMB,1944,0.069,0.381,0
Zambia,ZMB,1945,0.069,0.381,0
Zambia,ZMB,1946,0.07,0.381,0
Zambia,ZMB,1947,0.074,0.381,0
Zambia,ZMB,1948,0.088,0.381,0
Zambia,ZMB,1949,0.097,0.381,0
Zambia,ZMB,1950,0.096,0.381,0
Zambia,ZMB,1951,0.101,0.381,0
Zambia,ZMB,1952,0.101,0.381,0
Zambia,ZMB,1953,0.101,0.376,0
Zambia,ZMB,1954,0.105,0.376,0
Zambia,ZMB,1955,0.105,0.376,0
Zambia,ZMB,1956,0.105,0.376,0
Zambia,ZMB,1957,0.105,0.376,0
Zambia,ZMB,1958,0.107,0.376,0
Zambia,ZMB,1959,0.109,0.376,0
Zambia,ZMB,1960,0.115,0.376,0
Zambia,ZMB,1961,0.118,0.376,0
Zambia,ZMB,1962,0.125,0.376,0
Zambia,ZMB,1963,0.137,0.39,0
Zambia,ZMB,1964,0.227,0.48,1
Zambia,ZMB,1965,0.306,0.525,1
Zambia,ZMB,1966,0.307,0.529,1
Zambia,ZMB,1967,0.307,0.534,1
Zambia,ZMB,1968,0.306,0.536,1
Zambia,ZMB,1969,0.286,0.536,1
Zambia,ZMB,1970,0.283,0.532,1
Zambia,ZMB,1971,0.258,0.537,1
Zambia,ZMB,1972,0.254,0.537,1
Zambia,ZMB,1973,0.209,0.473,1
Zambia,ZMB,1974,0.194,0.448,1
Zambia,ZMB,1975,0.194,0.448,1
Zambia,ZMB,1976,0.193,0.448,1
Zambia,ZMB,1977,0.193,0.448,1
Zambia,ZMB,1978,0.193,0.448,1
Zambia,ZMB,1979,0.192,0.448,1
Zambia,ZMB,1980,0.192,0.448,1
Zambia,ZMB,1981,0.192,0.448,1
Zambia,ZMB,1982,0.192,0.448,1
Zambia,ZMB,1983,0.192,0.448,1
Zambia,ZMB,1984,0.192,0.452,1
Zambia,ZMB,1985,0.192,0.452,1
Zambia,ZMB,1986,0.192,0.452,1
Zambia,ZMB,1987,0.192,0.452,1
Zambia,ZMB,1988,0.192,0.452,1
Zambia,ZMB,1989,0.193,0.452,1
Zambia,ZMB,1990,0.217,0.469,1
Zambia,ZMB,1991,0.287,0.667,1
Zambia,ZMB,1992,0.439,0.717,1
Zambia,ZMB,1993,0.447,0.735,1
Zambia,ZMB,1994,0.482,0.735,1
Zambia,ZMB,1995,0.482,0.735,1
Zambia,ZMB,1996,0.49,0.735,1
Zambia,ZMB,1997,0.478,0.735,1
Zambia,ZMB,1998,0.478,0.735,1
Zambia,ZMB,1999,0.478,0.735,1
Zambia,ZMB,2000,0.486,0.735,1
Zambia,ZMB,2001,0.489,0.766,1
Zambia,ZMB,2002,0.484,0.799,1
Zambia,ZMB,2003,0.484,0.799,1
Zambia,ZMB,2004,0.484,0.799,1
Zambia,ZMB,2005,0.498,0.81,1
Zambia,ZMB,2006,0.498,0.81,1
Zambia,ZMB,2007,0.5,0.81,2
Zambia,ZMB,2008,0.51,0.807,2
Zambia,ZMB,2009,0.517,0.798,2
Zambia,ZMB,2010,0.514,0.805,2
Zambia,ZMB,2011,0.503,0.805,2
Zambia,ZMB,2012,0.503,0.805,2
Zambia,ZMB,2013,0.485,0.762,1
Zambia,ZMB,2014,0.478,0.767,1
Zambia,ZMB,2015,0.458,0.756,1
Zambia,ZMB,2016,0.397,0.739,1
Zambia,ZMB,2017,0.36,0.695,1
Zambia,ZMB,2018,0.37,0.683,1
Zambia,ZMB,2019,0.358,0.72,1
Zambia,ZMB,2020,0.353,0.706,1
Zambia,ZMB,2021,0.421,0.73,1
Zambia,ZMB,2022,0.52,0.818,2
Zambia,ZMB,2023,0.525,0.787,2
Zambia,ZMB,2024,0.512,0.721,2
Zambia,ZMB,2025,0.497,0.706,1
Zimbabwe,ZWE,1900,0.184,0.416,0
Zimbabwe,ZWE,1901,0.184,0.416,0
Zimbabwe,ZWE,1902,0.183,0.416,0
Zimbabwe,ZWE,1903,0.182,0.416,0
Zimbabwe,ZWE,1904,0.182,0.416,0
Zimbabwe,ZWE,1905,0.183,0.416,0
Zimbabwe,ZWE,1906,0.183,0.416,0
Zimbabwe,ZWE,1907,0.183,0.416,0
Zimbabwe,ZWE,1908,0.183,0.416,0
Zimbabwe,ZWE,1909,0.183,0.416,0
Zimbabwe,ZWE,1910,0.183,0.416,0
Zimbabwe,ZWE,1911,0.184,0.416,0
Zimbabwe,ZWE,1912,0.185,0.416,0
Zimbabwe,ZWE,1913,0.185,0.416,0
Zimbabwe,ZWE,1914,0.184,0.416,0
Zimbabwe,ZWE,1915,0.183,0.416,0
Zimbabwe,ZWE,1916,0.183,0.416,0
Zimbabwe,ZWE,1917,0.183,0.416,0
Zimbabwe,ZWE,1918,0.183,0.416,0
Zimbabwe,ZWE,1919,0.193,0.416,0
Zimbabwe,ZWE,1920,0.183,0.416,0
Zimbabwe,ZWE,1921,0.183,0.416,0
Zimbabwe,ZWE,1922,0.183,0.416,0
Zimbabwe,ZWE,1923,0.216,0.484,1
Zimbabwe,ZWE,1924,0.268,0.477,1
Zimbabwe,ZWE,1925,0.27,0.477,1
Zimbabwe,ZWE,1926,0.27,0.477,1
Zimbabwe,ZWE,1927,0.27,0.477,1
Zimbabwe,ZWE,1928,0.269,0.477,1
Zimbabwe,ZWE,1929,0.268,0.477,1
Zimbabwe,ZWE,1930,0.268,0.477,1
Zimbabwe,ZWE,1931,0.268,0.477,1
Zimbabwe,ZWE,1932,0.268,0.477,1
Zimbabwe,ZWE,1933,0.268,0.477,1
Zimbabwe,ZWE,1934,0.269,0.477,1
Zimbabwe,ZWE,1935,0.268,0.477,1
Zimbabwe,ZWE,1936,0.268,0.477,1
Zimbabwe,ZWE,1937,0.268,0.477,1
Zimbabwe,ZWE,1938,0.268,0.477,1
Zimbabwe,ZWE,1939,0.268,0.477,1
Zimbabwe,ZWE,1940,0.268,0.477,1
Zimbabwe,ZWE,1941,0.268,0.477,1
Zimbabwe,ZWE,1942,0.268,0.477,1
Zimbabwe,ZWE,1943,0.268,0.477,1
Zimbabwe,ZWE,1944,0.268,0.477,1
Zimbabwe,ZWE,1945,0.259,0.483,1
Zimbabwe,ZWE,1946,0.259,0.489,1
Zimbabwe,ZWE,1947,0.259,0.489,1
Zimbabwe,ZWE,1948,0.259,0.489,1
Zimbabwe,ZWE,1949,0.258,0.489,1
Zimbabwe,ZWE,1950,0.258,0.489,1
Zimbabwe,ZWE,1951,0.258,0.489,1
Zimbabwe,ZWE,1952,0.258,0.489,1
Zimbabwe,ZWE,1953,0.256,0.51,1
Zimbabwe,ZWE,1954,0.255,0.514,1
Zimbabwe,ZWE,1955,0.255,0.514,1
Zimbabwe,ZWE,1956,0.254,0.514,1
Zimbabwe,ZWE,1957,0.245,0.514,1
Zimbabwe,ZWE,1958,0.239,0.509,1
Zimbabwe,ZWE,1959,0.228,0.506,1
Zimbabwe,ZWE,1960,0.233,0.497,1
Zimbabwe,ZWE,1961,0.233,0.497,1
Zimbabwe,ZWE,1962,0.233,0.497,1
Zimbabwe,ZWE,1963,0.228,0.497,1
Zimbabwe,ZWE,1964,0.213,0.411,1
Zimbabwe,ZWE,1965,0.204,0.362,1
Zimbabwe,ZWE,1966,0.197,0.363,1
Zimbabwe,ZWE,1967,0.197,0.363,1
Zimbabwe,ZWE,1968,0.197,0.363,1
Zimbabwe,ZWE,1969,0.197,0.354,1
Zimbabwe,ZWE,1970,0.197,0.354,1
Zimbabwe,ZWE,1971,0.193,0.354,1
Zimbabwe,ZWE,1972,0.193,0.354,1
Zimbabwe,ZWE,1973,0.193,0.354,1
Zimbabwe,ZWE,1974,0.194,0.354,1
Zimbabwe,ZWE,1975,0.194,0.355,1
Zimbabwe,ZWE,1976,0.194,0.355,1
Zimbabwe,ZWE,1977,0.193,0.355,1
Zimbabwe,ZWE,1978,0.056,0.355,0
Zimbabwe,ZWE,1979,0.165,0.355,1
Zimbabwe,ZWE,1980,0.303,0.542,1
Zimbabwe,ZWE,1981,0.33,0.554,1
Zimbabwe,ZWE,1982,0.327,0.554,1
Zimbabwe,ZWE,1983,0.327,0.554,1
Zimbabwe,ZWE,1984,0.32,0.554,1
Zimbabwe,ZWE,1985,0.313,0.554,1
Zimbabwe,ZWE,1986,0.311,0.554,1
Zimbabwe,ZWE,1987,0.217,0.551,1
Zimbabwe,ZWE,1988,0.306,0.557,1
Zimbabwe,ZWE,1989,0.309,0.558,1
Zimbabwe,ZWE,1990,0.303,0.565,1
Zimbabwe,ZWE,1991,0.31,0.565,1
Zimbabwe,ZWE,1992,0.31,0.565,1
Zimbabwe,ZWE,1993,0.31,0.565,1
Zimbabwe,ZWE,1994,0.31,0.565,1
Zimbabwe,ZWE,1995,0.31,0.565,1
Zimbabwe,ZWE,1996,0.313,0.568,1
Zimbabwe,ZWE,1997,0.309,0.576,1
Zimbabwe,ZWE,1998,0.308,0.571,1
Zimbabwe,ZWE,1999,0.31,0.571,1
Zimbabwe,ZWE,2000,0.284,0.476,1
Zimbabwe,ZWE,2001,0.267,0.422,1
Zimbabwe,ZWE,2002,0.268,0.436,1
Zimbabwe,ZWE,2003,0.269,0.4,1
Zimbabwe,ZWE,2004,0.259,0.4,1
Zimbabwe,ZWE,2005,0.258,0.4,1
Zimbabwe,ZWE,2006,0.255,0.4,1
Zimbabwe,ZWE,2007,0.255,0.4,1
Zimbabwe,ZWE,2008,0.251,0.392,1
Zimbabwe,ZWE,2009,0.254,0.493,1
Zimbabwe,ZWE,2010,0.265,0.546,1
Zimbabwe,ZWE,2011,0.266,0.546,1
Zimbabwe,ZWE,2012,0.266,0.548,1
Zimbabwe,ZWE,2013,0.289,0.54,1
Zimbabwe,ZWE,2014,0.303,0.538,1
Zimbabwe,ZWE,2015,0.302,0.535,1
Zimbabwe,ZWE,2016,0.297,0.512,1
Zimbabwe,ZWE,2017,0.3,0.578,1
Zimbabwe,ZWE,2018,0.313,0.534,1
Zimbabwe,ZWE,2019,0.304,0.503,1
Zimbabwe,ZWE,2020,0.299,0.476,1
Zimbabwe,ZWE,2021,0.297,0.481,1
Zimbabwe,ZWE,2022,0.292,0.466,1
Zimbabwe,ZWE,2023,0.296,0.425,1
Zimbabwe,ZWE,2024,0.272,0.395,1
Zimbabwe,ZWE,2025,0.268,0.37,1
Guinea,GIN,1900,0.032,0.107,0
Guinea,GIN,1901,0.032,0.107,0
Guinea,GIN,1902,0.032,0.107,0
Guinea,GIN,1903,0.032,0.107,0
Guinea,GIN,1904,0.032,0.107,0
Guinea,GIN,1905,0.032,0.107,0
Guinea,GIN,1906,0.032,0.107,0
Guinea,GIN,1907,0.032,0.107,0
Guinea,GIN,1908,0.032,0.107,0
Guinea,GIN,1909,0.032,0.107,0
Guinea,GIN,1910,0.032,0.107,0
Guinea,GIN,1911,0.032,0.107,0
Guinea,GIN,1912,0.032,0.107,0
Guinea,GIN,1913,0.032,0.109,0
Guinea,GIN,1914,0.032,0.109,0
Guinea,GIN,1915,0.032,0.109,0
Guinea,GIN,1916,0.032,0.109,0
Guinea,GIN,1917,0.032,0.109,0
Guinea,GIN,1918,0.032,0.109,0
Guinea,GIN,1919,0.032,0.109,0
Guinea,GIN,1920,0.032,0.109,0
Guinea,GIN,1921,0.032,0.109,0
Guinea,GIN,1922,0.032,0.109,0
Guinea,GIN,1923,0.032,0.111,0
Guinea,GIN,1924,0.032,0.111,0
Guinea,GIN,1925,0.033,0.111,0
Guinea,GIN,1926,0.033,0.111,0
Guinea,GIN,1927,0.033,0.111,0
Guinea,GIN,1928,0.033,0.111,0
Guinea,GIN,1929,0.033,0.111,0
Guinea,GIN,1930,0.033,0.115,0
Guinea,GIN,1931,0.033,0.113,0
Guinea,GIN,1932,0.033,0.113,0
Guinea,GIN,1933,0.033,0.113,0
Guinea,GIN,1934,0.033,0.113,0
Guinea,GIN,1935,0.033,0.117,0
Guinea,GIN,1936,0.033,0.117,0
Guinea,GIN,1937,0.033,0.117,0
Guinea,GIN,1938,0.033,0.117,0
Guinea,GIN,1939,0.033,0.117,0
Guinea,GIN,1940,0.033,0.117,0
Guinea,GIN,1941,0.033,0.117,0
Guinea,GIN,1942,0.033,0.117,0
Guinea,GIN,1943,0.033,0.117,0
Guinea,GIN,1944,0.033,0.117,0
Guinea,GIN,1945,0.04,0.117,0
Guinea,GIN,1946,0.064,0.125,0
Guinea,GIN,1947,0.1,0.158,0
Guinea,GIN,1948,0.102,0.158,0
Guinea,GIN,1949,0.104,0.158,0
Guinea,GIN,1950,0.105,0.158,0
Guinea,GIN,1951,0.105,0.157,0
Guinea,GIN,1952,0.111,0.123,0
Guinea,GIN,1953,0.085,0.157,0
Guinea,GIN,1954,0.076,0.157,0
Guinea,GIN,1955,0.076,0.158,0
Guinea,GIN,1956,0.078,0.158,0
Guinea,GIN,1957,0.164,0.154,0
Guinea,GIN,1958,0.156,0.143,1
Guinea,GIN,1959,0.193,0.137,1
Guinea,GIN,1960,0.182,0.104,1
Guinea,GIN,1961,0.155,0.097,0
Guinea,GIN,1962,0.155,0.097,0
Guinea,GIN,1963,0.149,0.094,0
Guinea,GIN,1964,0.147,0.094,0
Guinea,GIN,1965,0.145,0.093,0
Guinea,GIN,1966,0.145,0.093,0
Guinea,GIN,1967,0.143,0.093,0
Guinea,GIN,1968,0.143,0.093,0
Guinea,GIN,1969,0.143,0.088,0
Guinea,GIN,1970,0.143,0.088,0
Guinea,GIN,1971,0.143,0.088,0
Guinea,GIN,1972,0.143,0.088,0
Guinea,GIN,1973,0.143,0.088,0
Guinea,GIN,1974,0.143,0.088,0
Guinea,GIN,1975,0.143,0.09,0
Guinea,GIN,1976,0.143,0.09,0
Guinea,GIN,1977,0.143,0.09,0
Guinea,GIN,1978,0.143,0.09,0
Guinea,GIN,1979,0.143,0.09,0
Guinea,GIN,1980,0.142,0.091,0
Guinea,GIN,1981,0.142,0.091,0
Guinea,GIN,1982,0.143,0.091,0
Guinea,GIN,1983,0.143,0.093,0
Guinea,GIN,1984,0.092,0.096,0
Guinea,GIN,1985,0.096,0.129,0
Guinea,GIN,1986,0.096,0.129,0
Guinea,GIN,1987,0.098,0.123,0
Guinea,GIN,1988,0.098,0.123,0
Guinea,GIN,1989,0.101,0.123,0
Guinea,GIN,1990,0.117,0.145,0
Guinea,GIN,1991,0.142,0.23,0
Guinea,GIN,1992,0.163,0.235,0
Guinea,GIN,1993,0.166,0.24,0
Guinea,GIN,1994,0.185,0.235,1
Guinea,GIN,1995,0.255,0.238,1
Guinea,GIN,1996,0.259,0.256,1
Guinea,GIN,1997,0.262,0.247,1
Guinea,GIN,1998,0.259,0.254,1
Guinea,GIN,1999,0.265,0.254,1
Guinea,GIN,2000,0.272,0.249,1
Guinea,GIN,2001,0.277,0.249,1
Guinea,GIN,2002,0.273,0.249,1
Guinea,GIN,2003,0.277,0.266,1
Guinea,GIN,2004,0.274,0.266,1
Guinea,GIN,2005,0.274,0.269,1
Guinea,GIN,2006,0.271,0.275,1
Guinea,GIN,2007,0.271,0.288,1
Guinea,GIN,2008,0.271,0.205,1
Guinea,GIN,2009,0.177,0.141,0
Guinea,GIN,2010,0.236,0.221,1
Guinea,GIN,2011,0.318,0.224,1
Guinea,GIN,2012,0.318,0.224,1
Guinea,GIN,2013,0.322,0.226,1
Guinea,GIN,2014,0.375,0.302,1
Guinea,GIN,2015,0.375,0.304,1
Guinea,GIN,2016,0.377,0.314,1
Guinea,GIN,2017,0.369,0.307,1
Guinea,GIN,2018,0.373,0.296,1
Guinea,GIN,2019,0.36,0.259,1
Guinea,GIN,2020,0.295,0.238,1
Guinea,GIN,2021,0.258,0.217,1
Guinea,GIN,2022,0.172,0.237,0
Guinea,GIN,2023,0.169,0.231,0
Guinea,GIN,2024,0.159,0.22,0
Guinea,GIN,2025,0.187,0.273,0
Ivory Coast,CIV,1900,0.029,0.21,0
Ivory Coast,CIV,1901,0.029,0.21,0
Ivory Coast,CIV,1902,0.029,0.21,0
Ivory Coast,CIV,1903,0.029,0.21,0
Ivory Coast,CIV,1904,0.029,0.21,0
Ivory Coast,CIV,1905,0.029,0.21,0
Ivory Coast,CIV,1906,0.029,0.21,0
Ivory Coast,CIV,1907,0.029,0.21,0
Ivory Coast,CIV,1908,0.029,0.21,0
Ivory Coast,CIV,1909,0.029,0.21,0
Ivory Coast,CIV,1910,0.029,0.21,0
Ivory Coast,CIV,1911,0.029,0.21,0
Ivory Coast,CIV,1912,0.028,0.21,0
Ivory Coast,CIV,1913,0.029,0.21,0
Ivory Coast,CIV,1914,0.029,0.21,0
Ivory Coast,CIV,1915,0.029,0.21,0
Ivory Coast,CIV,1916,0.029,0.21,0
Ivory Coast,CIV,1917,0.029,0.21,0
Ivory Coast,CIV,1918,0.029,0.21,0
Ivory Coast,CIV,1919,0.029,0.21,0
Ivory Coast,CIV,1920,0.029,0.209,0
Ivory Coast,CIV,1921,0.029,0.209,0
Ivory Coast,CIV,1922,0.029,0.209,0
Ivory Coast,CIV,1923,0.029,0.209,0
Ivory Coast,CIV,1924,0.029,0.209,0
Ivory Coast,CIV,1925,0.029,0.209,0
Ivory Coast,CIV,1926,0.029,0.209,0
Ivory Coast,CIV,1927,0.029,0.209,0
Ivory Coast,CIV,1928,0.029,0.209,0
Ivory Coast,CIV,1929,0.029,0.209,0
Ivory Coast,CIV,1930,0.029,0.209,0
Ivory Coast,CIV,1931,0.029,0.209,0
Ivory Coast,CIV,1932,0.029,0.209,0
Ivory Coast,CIV,1933,0.029,0.209,0
Ivory Coast,CIV,1934,0.029,0.214,0
Ivory Coast,CIV,1935,0.029,0.214,0
Ivory Coast,CIV,1936,0.03,0.216,0
Ivory Coast,CIV,1937,0.03,0.217,0
Ivory Coast,CIV,1938,0.03,0.217,0
Ivory Coast,CIV,1939,0.029,0.217,0
Ivory Coast,CIV,1940,0.029,0.217,0
Ivory Coast,CIV,1941,0.028,0.217,0
Ivory Coast,CIV,1942,0.028,0.217,0
Ivory Coast,CIV,1943,0.028,0.217,0
Ivory Coast,CIV,1944,0.035,0.215,0
Ivory Coast,CIV,1945,0.056,0.218,0
Ivory Coast,CIV,1946,0.078,0.235,0
Ivory Coast,CIV,1947,0.107,0.28,0
Ivory Coast,CIV,1948,0.108,0.279,0
Ivory Coast,CIV,1949,0.108,0.279,0
Ivory Coast,CIV,1950,0.108,0.279,0
Ivory Coast,CIV,1951,0.108,0.279,0
Ivory Coast,CIV,1952,0.114,0.279,0
Ivory Coast,CIV,1953,0.114,0.279,0
Ivory Coast,CIV,1954,0.114,0.279,0
Ivory Coast,CIV,1955,0.114,0.279,0
Ivory Coast,CIV,1956,0.114,0.279,0
Ivory Coast,CIV,1957,0.149,0.279,0
Ivory Coast,CIV,1958,0.145,0.279,0
Ivory Coast,CIV,1959,0.142,0.279,0
Ivory Coast,CIV,1960,0.143,0.436,1
Ivory Coast,CIV,1961,0.187,0.438,1
Ivory Coast,CIV,1962,0.187,0.438,1
Ivory Coast,CIV,1963,0.187,0.44,1
Ivory Coast,CIV,1964,0.187,0.44,1
Ivory Coast,CIV,1965,0.185,0.44,0
Ivory Coast,CIV,1966,0.175,0.44,0
Ivory Coast,CIV,1967,0.175,0.44,0
Ivory Coast,CIV,1968,0.175,0.44,0
Ivory Coast,CIV,1969,0.175,0.44,0
Ivory Coast,CIV,1970,0.176,0.442,0
Ivory Coast,CIV,1971,0.172,0.443,0
Ivory Coast,CIV,1972,0.172,0.443,0
Ivory Coast,CIV,1973,0.172,0.443,0
Ivory Coast,CIV,1974,0.172,0.443,0
Ivory Coast,CIV,1975,0.172,0.443,0
Ivory Coast,CIV,1976,0.172,0.443,0
Ivory Coast,CIV,1977,0.172,0.443,0
Ivory Coast,CIV,1978,0.172,0.443,0
Ivory Coast,CIV,1979,0.172,0.443,0
Ivory Coast,CIV,1980,0.173,0.443,0
Ivory Coast,CIV,1981,0.172,0.443,0
Ivory Coast,CIV,1982,0.172,0.443,0
Ivory Coast,CIV,1983,0.172,0.443,0
Ivory Coast,CIV,1984,0.172,0.443,0
Ivory Coast,CIV,1985,0.174,0.443,1
Ivory Coast,CIV,1986,0.175,0.443,1
Ivory Coast,CIV,1987,0.175,0.443,1
Ivory Coast,CIV,1988,0.176,0.443,1
Ivory Coast,CIV,1989,0.176,0.443,1
Ivory Coast,CIV,1990,0.306,0.46,1
Ivory Coast,CIV,1991,0.306,0.462,1
Ivory Coast,CIV,1992,0.306,0.468,1
Ivory Coast,CIV,1993,0.329,0.477,1
Ivory Coast,CIV,1994,0.356,0.484,1
Ivory Coast,CIV,1995,0.263,0.478,1
Ivory Coast,CIV,1996,0.397,0.495,1
Ivory Coast,CIV,1997,0.396,0.495,1
Ivory Coast,CIV,1998,0.392,0.506,1
Ivory Coast,CIV,1999,0.389,0.518,1
Ivory Coast,CIV,2000,0.274,0.452,1
Ivory Coast,CIV,2001,0.447,0.55,1
Ivory Coast,CIV,2002,0.446,0.552,1
Ivory Coast,CIV,2003,0.439,0.552,1
Ivory Coast,CIV,2004,0.446,0.55,1
Ivory Coast,CIV,2005,0.434,0.556,1
Ivory Coast,CIV,2006,0.434,0.559,1
Ivory Coast,CIV,2007,0.435,0.56,1
Ivory Coast,CIV,2008,0.436,0.556,1
Ivory Coast,CIV,2009,0.435,0.55,1
Ivory Coast,CIV,2010,0.446,0.55,1
Ivory Coast,CIV,2011,0.427,0.554,1
Ivory Coast,CIV,2012,0.461,0.58,1
Ivory Coast,CIV,2013,0.465,0.553,1
Ivory Coast,CIV,2014,0.463,0.562,1
Ivory Coast,CIV,2015,0.473,0.563,1
Ivory Coast,CIV,2016,0.529,0.559,2
Ivory Coast,CIV,2017,0.539,0.529,2
Ivory Coast,CIV,2018,0.54,0.534,2
Ivory Coast,CIV,2019,0.534,0.508,2
Ivory Coast,CIV,2020,0.499,0.425,1
Ivory Coast,CIV,2021,0.435,0.43,1
Ivory Coast,CIV,2022,0.443,0.432,1
Ivory Coast,CIV,2023,0.445,0.436,1
Ivory Coast,CIV,2024,0.429,0.48,1
Ivory Coast,CIV,2025,0.394,0.467,1
Mauritania,MRT,1904,0.031,0.25,0
Mauritania,MRT,1905,0.031,0.25,0
Mauritania,MRT,1906,0.031,0.25,0
Mauritania,MRT,1907,0.031,0.25,0
Mauritania,MRT,1908,0.032,0.25,0
Mauritania,MRT,1909,0.032,0.25,0
Mauritania,MRT,1910,0.032,0.25,0
Mauritania,MRT,1911,0.032,0.25,0
Mauritania,MRT,1912,0.032,0.25,0
Mauritania,MRT,1913,0.032,0.25,0
Mauritania,MRT,1914,0.032,0.25,0
Mauritania,MRT,1915,0.032,0.25,0
Mauritania,MRT,1916,0.032,0.25,0
Mauritania,MRT,1917,0.032,0.25,0
Mauritania,MRT,1918,0.032,0.25,0
Mauritania,MRT,1919,0.032,0.25,0
Mauritania,MRT,1920,0.032,0.25,0
Mauritania,MRT,1921,0.032,0.25,0
Mauritania,MRT,1922,0.032,0.25,0
Mauritania,MRT,1923,0.032,0.25,0
Mauritania,MRT,1924,0.032,0.25,0
Mauritania,MRT,1925,0.032,0.25,0
Mauritania,MRT,1926,0.032,0.25,0
Mauritania,MRT,1927,0.032,0.25,0
Mauritania,MRT,1928,0.032,0.25,0
Mauritania,MRT,1929,0.032,0.25,0
Mauritania,MRT,1930,0.032,0.25,0
Mauritania,MRT,1931,0.032,0.25,0
Mauritania,MRT,1932,0.032,0.25,0
Mauritania,MRT,1933,0.032,0.25,0
Mauritania,MRT,1934,0.032,0.25,0
Mauritania,MRT,1935,0.032,0.25,0
Mauritania,MRT,1936,0.032,0.25,0
Mauritania,MRT,1937,0.032,0.25,0
Mauritania,MRT,1938,0.032,0.25,0
Mauritania,MRT,1939,0.032,0.25,0
Mauritania,MRT,1940,0.032,0.25,0
Mauritania,MRT,1941,0.032,0.25,0
Mauritania,MRT,1942,0.032,0.25,0
Mauritania,MRT,1943,0.032,0.25,0
Mauritania,MRT,1944,0.032,0.25,0
Mauritania,MRT,1945,0.056,0.25,0
Mauritania,MRT,1946,0.068,0.257,0
Mauritania,MRT,1947,0.117,0.279,0
Mauritania,MRT,1948,0.123,0.279,0
Mauritania,MRT,1949,0.123,0.279,0
Mauritania,MRT,1950,0.123,0.279,0
Mauritania,MRT,1951,0.123,0.279,0
Mauritania,MRT,1952,0.127,0.279,0
Mauritania,MRT,1953,0.127,0.279,0
Mauritania,MRT,1954,0.127,0.279,0
Mauritania,MRT,1955,0.127,0.279,0
Mauritania,MRT,1956,0.123,0.279,0
Mauritania,MRT,1957,0.23,0.279,1
Mauritania,MRT,1958,0.258,0.281,1
Mauritania,MRT,1959,0.258,0.284,1
Mauritania,MRT,1960,0.24,0.391,0
Mauritania,MRT,1961,0.194,0.308,1
Mauritania,MRT,1962,0.228,0.322,1
Mauritania,MRT,1963,0.228,0.322,1
Mauritania,MRT,1964,0.228,0.322,1
Mauritania,MRT,1965,0.216,0.322,1
Mauritania,MRT,1966,0.208,0.322,1
Mauritania,MRT,1967,0.208,0.322,1
Mauritania,MRT,1968,0.208,0.322,1
Mauritania,MRT,1969,0.208,0.322,1
Mauritania,MRT,1970,0.209,0.328,1
Mauritania,MRT,1971,0.209,0.328,1
Mauritania,MRT,1972,0.209,0.328,1
Mauritania,MRT,1973,0.209,0.327,1
Mauritania,MRT,1974,0.209,0.327,1
Mauritania,MRT,1975,0.209,0.327,1
Mauritania,MRT,1976,0.208,0.327,1
Mauritania,MRT,1977,0.208,0.327,1
Mauritania,MRT,1978,0.146,0.273,1
Mauritania,MRT,1979,0.094,0.141,0
Mauritania,MRT,1980,0.094,0.141,0
Mauritania,MRT,1981,0.094,0.145,0
Mauritania,MRT,1982,0.094,0.133,0
Mauritania,MRT,1983,0.094,0.133,0
Mauritania,MRT,1984,0.1,0.133,0
Mauritania,MRT,1985,0.1,0.14,0
Mauritania,MRT,1986,0.1,0.14,0
Mauritania,MRT,1987,0.107,0.14,0
Mauritania,MRT,1988,0.107,0.14,0
Mauritania,MRT,1989,0.111,0.135,0
Mauritania,MRT,1990,0.114,0.137,0
Mauritania,MRT,1991,0.13,0.143,0
Mauritania,MRT,1992,0.272,0.236,1
Mauritania,MRT,1993,0.301,0.256,1
Mauritania,MRT,1994,0.307,0.256,1
Mauritania,MRT,1995,0.311,0.256,1
Mauritania,MRT,1996,0.308,0.291,1
Mauritania,MRT,1997,0.3,0.291,1
Mauritania,MRT,1998,0.302,0.291,1
Mauritania,MRT,1999,0.302,0.291,1
Mauritania,MRT,2000,0.308,0.302,1
Mauritania,MRT,2001,0.315,0.302,1
Mauritania,MRT,2002,0.318,0.306,1
Mauritania,MRT,2003,0.313,0.3,1
Mauritania,MRT,2004,0.319,0.314,1
Mauritania,MRT,2005,0.29,0.26,1
Mauritania,MRT,2006,0.25,0.307,0
Mauritania,MRT,2007,0.45,0.413,1
Mauritania,MRT,2008,0.4,0.395,1
Mauritania,MRT,2009,0.364,0.394,1
Mauritania,MRT,2010,0.468,0.378,1
Mauritania,MRT,2011,0.468,0.381,1
Mauritania,MRT,2012,0.471,0.381,1
Mauritania,MRT,2013,0.416,0.296,1
Mauritania,MRT,2014,0.422,0.293,1
Mauritania,MRT,2015,0.431,0.293,1
Mauritania,MRT,2016,0.431,0.293,1
Mauritania,MRT,2017,0.389,0.279,1
Mauritania,MRT,2018,0.391,0.316,1
Mauritania,MRT,2019,0.407,0.337,1
Mauritania,MRT,2020,0.389,0.411,1
Mauritania,MRT,2021,0.391,0.383,1
Mauritania,MRT,2022,0.396,0.371,1
Mauritania,MRT,2023,0.368,0.37,1
Mauritania,MRT,2024,0.337,0.266,1
Mauritania,MRT,2025,0.328,0.249,1
Canada,CAN,1900,0.471,0.831,1
Canada,CAN,1901,0.481,0.831,1
Canada,CAN,1902,0.481,0.831,1
Canada,CAN,1903,0.481,0.831,1
Canada,CAN,1904,0.481,0.831,1
Canada,CAN,1905,0.479,0.831,1
Canada,CAN,1906,0.479,0.831,1
Canada,CAN,1907,0.479,0.831,1
Canada,CAN,1908,0.479,0.833,1
Canada,CAN,1909,0.482,0.833,1
Canada,CAN,1910,0.482,0.833,1
Canada,CAN,1911,0.482,0.832,1
Canada,CAN,1912,0.481,0.832,1
Canada,CAN,1913,0.481,0.832,1
Canada,CAN,1914,0.472,0.831,1
Canada,CAN,1915,0.466,0.831,1
Canada,CAN,1916,0.466,0.831,1
Canada,CAN,1917,0.465,0.831,1
Canada,CAN,1918,0.431,0.83,1
Canada,CAN,1919,0.442,0.832,1
Canada,CAN,1920,0.463,0.832,1
Canada,CAN,1921,0.587,0.835,2
Canada,CAN,1922,0.654,0.841,2
Canada,CAN,1923,0.654,0.841,2
Canada,CAN,1924,0.654,0.841,2
Canada,CAN,1925,0.667,0.841,2
Canada,CAN,1926,0.667,0.841,2
Canada,CAN,1927,0.667,0.841,2
Canada,CAN,1928,0.667,0.841,2
Canada,CAN,1929,0.671,0.841,2
Canada,CAN,1930,0.663,0.836,2
Canada,CAN,1931,0.651,0.83,2
Canada,CAN,1932,0.651,0.83,2
Canada,CAN,1933,0.651,0.83,2
Canada,CAN,1934,0.651,0.838,2
Canada,CAN,1935,0.662,0.838,2
Canada,CAN,1936,0.677,0.838,2
Canada,CAN,1937,0.677,0.838,2
Canada,CAN,1938,0.694,0.838,2
Canada,CAN,1939,0.681,0.836,2
Canada,CAN,1940,0.662,0.836,2
Canada,CAN,1941,0.655,0.837,2
Canada,CAN,1942,0.655,0.837,2
Canada,CAN,1943,0.655,0.837,2
Canada,CAN,1944,0.652,0.837,2
Canada,CAN,1945,0.652,0.861,2
Canada,CAN,1946,0.711,0.869,2
Canada,CAN,1947,0.711,0.869,2
Canada,CAN,1948,0.711,0.869,2
Canada,CAN,1949,0.716,0.888,2
Canada,CAN,1950,0.744,0.889,2
Canada,CAN,1951,0.744,0.889,2
Canada,CAN,1952,0.744,0.889,2
Canada,CAN,1953,0.748,0.889,2
Canada,CAN,1954,0.754,0.889,2
Canada,CAN,1955,0.754,0.889,2
Canada,CAN,1956,0.754,0.889,2
Canada,CAN,1957,0.754,0.889,2
Canada,CAN,1958,0.754,0.895,2
Canada,CAN,1959,0.754,0.89,2
Canada,CAN,1960,0.776,0.897,2
Canada,CAN,1961,0.8,0.899,2
Canada,CAN,1962,0.81,0.899,2
Canada,CAN,1963,0.816,0.903,2
Canada,CAN,1964,0.816,0.903,2
Canada,CAN,1965,0.816,0.906,2
Canada,CAN,1966,0.817,0.908,2
Canada,CAN,1967,0.817,0.908,2
Canada,CAN,1968,0.814,0.904,2
Canada,CAN,1969,0.812,0.904,2
Canada,CAN,1970,0.82,0.906,2
Canada,CAN,1971,0.827,0.907,2
Canada,CAN,1972,0.828,0.907,2
Canada,CAN,1973,0.832,0.907,2
Canada,CAN,1974,0.823,0.907,2
Canada,CAN,1975,0.823,0.907,2
Canada,CAN,1976,0.823,0.909,3
Canada,CAN,1977,0.823,0.909,3
Canada,CAN,1978,0.823,0.909,3
Canada,CAN,1979,0.828,0.909,3
Canada,CAN,1980,0.829,0.911,3
Canada,CAN,1981,0.829,0.909,3
Canada,CAN,1982,0.828,0.909,3
Canada,CAN,1983,0.828,0.914,3
Canada,CAN,1984,0.834,0.914,3
Canada,CAN,1985,0.835,0.914,3
Canada,CAN,1986,0.835,0.914,3
Canada,CAN,1987,0.835,0.914,3
Canada,CAN,1988,0.835,0.914,3
Canada,CAN,1989,0.833,0.901,3
Canada,CAN,1990,0.833,0.911,3
Canada,CAN,1991,0.833,0.911,3
Canada,CAN,1992,0.831,0.911,3
Canada,CAN,1993,0.832,0.911,3
Canada,CAN,1994,0.842,0.911,3
Canada,CAN,1995,0.842,0.911,3
Canada,CAN,1996,0.846,0.911,3
Canada,CAN,1997,0.84,0.912,3
Canada,CAN,1998,0.836,0.912,3
Canada,CAN,1999,0.836,0.912,3
Canada,CAN,2000,0.836,0.912,3
Canada,CAN,2001,0.832,0.912,3
Canada,CAN,2002,0.825,0.912,3
Canada,CAN,2003,0.825,0.912,3
Canada,CAN,2004,0.825,0.92,3
Canada,CAN,2005,0.824,0.92,3
Canada,CAN,2006,0.83,0.923,3
Canada,CAN,2007,0.832,0.923,3
Canada,CAN,2008,0.827,0.923,3
Canada,CAN,2009,0.826,0.923,3
Canada,CAN,2010,0.826,0.927,3
Canada,CAN,2011,0.811,0.924,3
Canada,CAN,2012,0.81,0.926,3
Canada,CAN,2013,0.817,0.922,3
Canada,CAN,2014,0.814,0.924,3
Canada,CAN,2015,0.807,0.923,3
Canada,CAN,2016,0.834,0.92,3
Canada,CAN,2017,0.839,0.925,3
Canada,CAN,2018,0.84,0.918,3
Canada,CAN,2019,0.85,0.899,3
Canada,CAN,2020,0.849,0.876,2
Canada,CAN,2021,0.843,0.891,3
Canada,CAN,2022,0.848,0.876,2
Canada,CAN,2023,0.847,0.873,2
Canada,CAN,2024,0.841,0.883,2
Canada,CAN,2025,0.84,0.872,2
Australia,AUS,1901,0.654,0.905,3
Australia,AUS,1902,0.768,0.905,3
Australia,AUS,1903,0.765,0.911,3
Australia,AUS,1904,0.777,0.911,3
Australia,AUS,1905,0.777,0.913,3
Australia,AUS,1906,0.777,0.915,3
Australia,AUS,1907,0.782,0.915,3
Australia,AUS,1908,0.782,0.915,3
Australia,AUS,1909,0.782,0.915,3
Australia,AUS,1910,0.775,0.916,3
Australia,AUS,1911,0.775,0.916,3
Australia,AUS,1912,0.775,0.916,3
Australia,AUS,1913,0.777,0.916,3
Australia,AUS,1914,0.754,0.916,3
Australia,AUS,1915,0.743,0.915,3
Australia,AUS,1916,0.735,0.904,2
Australia,AUS,1917,0.719,0.904,2
Australia,AUS,1918,0.74,0.915,3
Australia,AUS,1919,0.764,0.915,3
Australia,AUS,1920,0.796,0.915,3
Australia,AUS,1921,0.796,0.915,3
Australia,AUS,1922,0.796,0.915,3
Australia,AUS,1923,0.797,0.915,3
Australia,AUS,1924,0.797,0.915,3
Australia,AUS,1925,0.797,0.915,3
Australia,AUS,1926,0.797,0.914,3
Australia,AUS,1927,0.797,0.914,3
Australia,AUS,1928,0.797,0.914,3
Australia,AUS,1929,0.796,0.914,3
Australia,AUS,1930,0.799,0.917,3
Australia,AUS,1931,0.799,0.917,3
Australia,AUS,1932,0.799,0.915,3
Australia,AUS,1933,0.799,0.915,3
Australia,AUS,1934,0.799,0.915,3
Australia,AUS,1935,0.8,0.915,3
Australia,AUS,1936,0.8,0.915,3
Australia,AUS,1937,0.8,0.915,3
Australia,AUS,1938,0.8,0.915,3
Australia,AUS,1939,0.763,0.912,3
Australia,AUS,1940,0.739,0.91,3
Australia,AUS,1941,0.745,0.91,3
Australia,AUS,1942,0.771,0.91,3
Australia,AUS,1943,0.771,0.91,3
Australia,AUS,1944,0.777,0.91,3
Australia,AUS,1945,0.777,0.91,3
Australia,AUS,1946,0.817,0.917,3
Australia,AUS,1947,0.818,0.917,3
Australia,AUS,1948,0.818,0.919,3
Australia,AUS,1949,0.818,0.919,3
Australia,AUS,1950,0.804,0.945,3
Australia,AUS,1951,0.802,0.945,3
Australia,AUS,1952,0.808,0.945,3
Australia,AUS,1953,0.822,0.945,3
Australia,AUS,1954,0.826,0.945,3
Australia,AUS,1955,0.83,0.945,3
Australia,AUS,1956,0.834,0.945,3
Australia,AUS,1957,0.834,0.946,3
Australia,AUS,1958,0.835,0.946,3
Australia,AUS,1959,0.835,0.946,3
Australia,AUS,1960,0.834,0.946,3
Australia,AUS,1961,0.834,0.946,3
Australia,AUS,1962,0.837,0.946,3
Australia,AUS,1963,0.845,0.946,3
Australia,AUS,1964,0.842,0.946,3
Australia,AUS,1965,0.842,0.946,3
Australia,AUS,1966,0.842,0.946,3
Australia,AUS,1967,0.847,0.946,3
Australia,AUS,1968,0.847,0.949,3
Australia,AUS,1969,0.846,0.949,3
Australia,AUS,1970,0.86,0.951,3
Australia,AUS,1971,0.86,0.951,3
Australia,AUS,1972,0.861,0.951,3
Australia,AUS,1973,0.873,0.951,3
Australia,AUS,1974,0.87,0.951,3
Australia,AUS,1975,0.868,0.952,3
Australia,AUS,1976,0.862,0.961,3
Australia,AUS,1977,0.862,0.961,3
Australia,AUS,1978,0.863,0.961,3
Australia,AUS,1979,0.863,0.961,3
Australia,AUS,1980,0.871,0.967,3
Australia,AUS,1981,0.877,0.967,3
Australia,AUS,1982,0.877,0.967,3
Australia,AUS,1983,0.877,0.967,3
Australia,AUS,1984,0.884,0.967,3
Australia,AUS,1985,0.886,0.967,3
Australia,AUS,1986,0.886,0.967,3
Australia,AUS,1987,0.885,0.967,3
Australia,AUS,1988,0.885,0.967,3
Australia,AUS,1989,0.885,0.967,3
Australia,AUS,1990,0.892,0.967,3
Australia,AUS,1991,0.892,0.967,3
Australia,AUS,1992,0.892,0.967,3
Australia,AUS,1993,0.89,0.967,3
Australia,AUS,1994,0.889,0.967,3
Australia,AUS,1995,0.889,0.967,3
Australia,AUS,1996,0.891,0.967,3
Australia,AUS,1997,0.882,0.967,3
Australia,AUS,1998,0.882,0.967,3
Australia,AUS,1999,0.883,0.967,3
Australia,AUS,2000,0.888,0.967,3
Australia,AUS,2001,0.885,0.967,3
Australia,AUS,2002,0.879,0.967,3
Australia,AUS,2003,0.879,0.967,3
Australia,AUS,2004,0.879,0.967,3
Australia,AUS,2005,0.878,0.967,3
Australia,AUS,2006,0.878,0.967,3
Australia,AUS,2007,0.88,0.967,3
Australia,AUS,2008,0.889,0.969,3
Australia,AUS,2009,0.889,0.969,3
Australia,AUS,2010,0.896,0.969,3
Australia,AUS,2011,0.896,0.969,3
Australia,AUS,2012,0.896,0.969,3
Australia,AUS,2013,0.862,0.971,3
Australia,AUS,2014,0.855,0.971,3
Australia,AUS,2015,0.865,0.97,3
Australia,AUS,2016,0.871,0.972,3
Australia,AUS,2017,0.871,0.965,3
Australia,AUS,2018,0.86,0.966,3
Australia,AUS,2019,0.825,0.965,3
Australia,AUS,2020,0.837,0.96,3
Australia,AUS,2021,0.828,0.959,3
Australia,AUS,2022,0.846,0.956,3
Australia,AUS,2023,0.851,0.955,3
Australia,AUS,2024,0.848,0.955,3
Australia,AUS,2025,0.844,0.955,3
Botswana,BWA,1900,0.03,0.374,0
Botswana,BWA,1901,0.03,0.374,0
Botswana,BWA,1902,0.03,0.374,0
Botswana,BWA,1903,0.03,0.374,0
Botswana,BWA,1904,0.03,0.374,0
Botswana,BWA,1905,0.03,0.374,0
Botswana,BWA,1906,0.03,0.374,0
Botswana,BWA,1907,0.03,0.374,0
Botswana,BWA,1908,0.03,0.374,0
Botswana,BWA,1909,0.03,0.374,0
Botswana,BWA,1910,0.03,0.374,0
Botswana,BWA,1911,0.03,0.374,0
Botswana,BWA,1912,0.03,0.374,0
Botswana,BWA,1913,0.03,0.374,0
Botswana,BWA,1914,0.03,0.374,0
Botswana,BWA,1915,0.03,0.374,0
Botswana,BWA,1916,0.03,0.374,0
Botswana,BWA,1917,0.03,0.374,0
Botswana,BWA,1918,0.03,0.374,0
Botswana,BWA,1919,0.03,0.374,0
Botswana,BWA,1920,0.031,0.374,0
Botswana,BWA,1921,0.031,0.374,0
Botswana,BWA,1922,0.031,0.374,0
Botswana,BWA,1923,0.031,0.374,0
Botswana,BWA,1924,0.031,0.374,0
Botswana,BWA,1925,0.031,0.374,0
Botswana,BWA,1926,0.031,0.374,0
Botswana,BWA,1927,0.031,0.374,0
Botswana,BWA,1928,0.031,0.374,0
Botswana,BWA,1929,0.031,0.374,0
Botswana,BWA,1930,0.031,0.377,0
Botswana,BWA,1931,0.031,0.377,0
Botswana,BWA,1932,0.031,0.377,0
Botswana,BWA,1933,0.03,0.377,0
Botswana,BWA,1934,0.033,0.377,0
Botswana,BWA,1935,0.033,0.377,0
Botswana,BWA,1936,0.033,0.377,0
Botswana,BWA,1937,0.033,0.377,0
Botswana,BWA,1938,0.033,0.377,0
Botswana,BWA,1939,0.033,0.377,0
Botswana,BWA,1940,0.033,0.377,0
Botswana,BWA,1941,0.033,0.382,0
Botswana,BWA,1942,0.033,0.382,0
Botswana,BWA,1943,0.032,0.382,0
Botswana,BWA,1944,0.032,0.382,0
Botswana,BWA,1945,0.032,0.386,0
Botswana,BWA,1946,0.033,0.397,0
Botswana,BWA,1947,0.033,0.397,0
Botswana,BWA,1948,0.033,0.397,0
Botswana,BWA,1949,0.034,0.397,0
Botswana,BWA,1950,0.034,0.397,0
Botswana,BWA,1951,0.035,0.397,0
Botswana,BWA,1952,0.035,0.397,0
Botswana,BWA,1953,0.035,0.397,0
Botswana,BWA,1954,0.035,0.397,0
Botswana,BWA,1955,0.035,0.397,0
Botswana,BWA,1956,0.035,0.397,0
Botswana,BWA,1957,0.042,0.397,0
Botswana,BWA,1958,0.042,0.397,0
Botswana,BWA,1959,0.053,0.397,0
Botswana,BWA,1960,0.077,0.405,0
Botswana,BWA,1961,0.183,0.477,0
Botswana,BWA,1962,0.218,0.506,0
Botswana,BWA,1963,0.218,0.511,0
Botswana,BWA,1964,0.218,0.511,0
Botswana,BWA,1965,0.271,0.511,1
Botswana,BWA,1966,0.404,0.791,1
Botswana,BWA,1967,0.594,0.8,2
Botswana,BWA,1968,0.594,0.8,2
Botswana,BWA,1969,0.6,0.8,2
Botswana,BWA,1970,0.624,0.8,2
Botswana,BWA,1971,0.624,0.804,2
Botswana,BWA,1972,0.624,0.804,2
Botswana,BWA,1973,0.624,0.804,2
Botswana,BWA,1974,0.625,0.804,2
Botswana,BWA,1975,0.627,0.805,2
Botswana,BWA,1976,0.632,0.808,2
Botswana,BWA,1977,0.632,0.808,2
Botswana,BWA,1978,0.632,0.808,2
Botswana,BWA,1979,0.632,0.808,2
Botswana,BWA,1980,0.629,0.808,2
Botswana,BWA,1981,0.633,0.816,2
Botswana,BWA,1982,0.643,0.816,2
Botswana,BWA,1983,0.643,0.816,2
Botswana,BWA,1984,0.653,0.832,2
Botswana,BWA,1985,0.655,0.834,2
Botswana,BWA,1986,0.655,0.838,2
Botswana,BWA,1987,0.655,0.838,2
Botswana,BWA,1988,0.664,0.838,2
Botswana,BWA,1989,0.666,0.846,2
Botswana,BWA,1990,0.683,0.846,2
Botswana,BWA,1991,0.683,0.846,2
Botswana,BWA,1992,0.683,0.846,2
Botswana,BWA,1993,0.683,0.846,2
Botswana,BWA,1994,0.676,0.862,2
Botswana,BWA,1995,0.684,0.867,2
Botswana,BWA,1996,0.684,0.867,2
Botswana,BWA,1997,0.698,0.867,2
Botswana,BWA,1998,0.702,0.871,2
Botswana,BWA,1999,0.703,0.87,3
Botswana,BWA,2000,0.702,0.87,3
Botswana,BWA,2001,0.702,0.87,3
Botswana,BWA,2002,0.702,0.87,3
Botswana,BWA,2003,0.702,0.87,3
Botswana,BWA,2004,0.713,0.87,3
Botswana,BWA,2005,0.717,0.87,3
Botswana,BWA,2006,0.722,0.87,3
Botswana,BWA,2007,0.72,0.869,3
Botswana,BWA,2008,0.715,0.869,3
Botswana,BWA,2009,0.712,0.868,3
Botswana,BWA,2010,0.717,0.875,3
Botswana,BWA,2011,0.719,0.875,3
Botswana,BWA,2012,0.719,0.862,3
Botswana,BWA,2013,0.713,0.859,3
Botswana,BWA,2014,0.711,0.864,3
Botswana,BWA,2015,0.69,0.854,3
Botswana,BWA,2016,0.685,0.853,3
Botswana,BWA,2017,0.675,0.841,3
Botswana,BWA,2018,0.672,0.857,3
Botswana,BWA,2019,0.656,0.858,3
Botswana,BWA,2020,0.589,0.81,3
Botswana,BWA,2021,0.587,0.801,2
Botswana,BWA,2022,0.573,0.782,2
Botswana,BWA,2023,0.564,0.76,2
Botswana,BWA,2024,0.595,0.772,2
Botswana,BWA,2025,0.665,0.764,2
Burundi,BDI,1916,0.019,0.195,0
Burundi,BDI,1917,0.019,0.195,0
Burundi,BDI,1918,0.019,0.195,0
Burundi,BDI,1919,0.019,0.195,0
Burundi,BDI,1920,0.018,0.195,0
Burundi,BDI,1921,0.018,0.195,0
Burundi,BDI,1922,0.018,0.196,0
Burundi,BDI,1923,0.018,0.195,0
Burundi,BDI,1924,0.018,0.195,0
Burundi,BDI,1925,0.018,0.195,0
Burundi,BDI,1926,0.02,0.195,0
Burundi,BDI,1927,0.02,0.195,0
Burundi,BDI,1928,0.02,0.195,0
Burundi,BDI,1929,0.02,0.195,0
Burundi,BDI,1930,0.02,0.195,0
Burundi,BDI,1931,0.02,0.195,0
Burundi,BDI,1932,0.02,0.195,0
Burundi,BDI,1933,0.02,0.195,0
Burundi,BDI,1934,0.02,0.195,0
Burundi,BDI,1935,0.02,0.195,0
Burundi,BDI,1936,0.02,0.195,0
Burundi,BDI,1937,0.02,0.195,0
Burundi,BDI,1938,0.02,0.195,0
Burundi,BDI,1939,0.02,0.195,0
Burundi,BDI,1940,0.023,0.195,0
Burundi,BDI,1941,0.023,0.195,0
Burundi,BDI,1942,0.023,0.195,0
Burundi,BDI,1943,0.023,0.195,0
Burundi,BDI,1944,0.023,0.195,0
Burundi,BDI,1945,0.023,0.195,0
Burundi,BDI,1946,0.023,0.195,0
Burundi,BDI,1947,0.023,0.195,0
Burundi,BDI,1948,0.023,0.195,0
Burundi,BDI,1949,0.023,0.195,0
Burundi,BDI,1950,0.023,0.195,0
Burundi,BDI,1951,0.023,0.205,0
Burundi,BDI,1952,0.023,0.205,0
Burundi,BDI,1953,0.038,0.205,0
Burundi,BDI,1954,0.038,0.205,0
Burundi,BDI,1955,0.038,0.205,0
Burundi,BDI,1956,0.038,0.205,0
Burundi,BDI,1957,0.044,0.205,0
Burundi,BDI,1958,0.053,0.205,0
Burundi,BDI,1959,0.065,0.205,0
Burundi,BDI,1960,0.108,0.207,0
Burundi,BDI,1961,0.127,0.252,0
Burundi,BDI,1962,0.19,0.394,0
Burundi,BDI,1963,0.195,0.404,0
Burundi,BDI,1964,0.195,0.398,0
Burundi,BDI,1965,0.181,0.398,0
Burundi,BDI,1966,0.123,0.353,0
Burundi,BDI,1967,0.086,0.234,0
Burundi,BDI,1968,0.086,0.234,0
Burundi,BDI,1969,0.083,0.234,0
Burundi,BDI,1970,0.083,0.239,0
Burundi,BDI,1971,0.083,0.235,0
Burundi,BDI,1972,0.083,0.231,0
Burundi,BDI,1973,0.083,0.231,0
Burundi,BDI,1974,0.083,0.239,0
Burundi,BDI,1975,0.083,0.244,0
Burundi,BDI,1976,0.08,0.274,0
Burundi,BDI,1977,0.082,0.283,0
Burundi,BDI,1978,0.082,0.292,0
Burundi,BDI,1979,0.082,0.292,0
Burundi,BDI,1980,0.084,0.296,0
Burundi,BDI,1981,0.09,0.296,0
Burundi,BDI,1982,0.137,0.318,0
Burundi,BDI,1983,0.136,0.407,0
Burundi,BDI,1984,0.136,0.407,1
Burundi,BDI,1985,0.193,0.407,1
Burundi,BDI,1986,0.193,0.406,1
Burundi,BDI,1987,0.159,0.4,1
Burundi,BDI,1988,0.088,0.304,0
Burundi,BDI,1989,0.088,0.304,0
Burundi,BDI,1990,0.089,0.311,0
Burundi,BDI,1991,0.089,0.299,0
Burundi,BDI,1992,0.165,0.303,0
Burundi,BDI,1993,0.277,0.394,1
Burundi,BDI,1994,0.237,0.474,1
Burundi,BDI,1995,0.253,0.464,1
Burundi,BDI,1996,0.224,0.443,0
Burundi,BDI,1997,0.188,0.464,0
Burundi,BDI,1998,0.183,0.464,0
Burundi,BDI,1999,0.185,0.458,0
Burundi,BDI,2000,0.187,0.456,0
Burundi,BDI,2001,0.188,0.459,0
Burundi,BDI,2002,0.202,0.447,0
Burundi,BDI,2003,0.209,0.447,0
Burundi,BDI,2004,0.208,0.45,0
Burundi,BDI,2005,0.299,0.334,1
Burundi,BDI,2006,0.418,0.329,1
Burundi,BDI,2007,0.413,0.323,1
Burundi,BDI,2008,0.405,0.32,1
Burundi,BDI,2009,0.397,0.321,1
Burundi,BDI,2010,0.323,0.305,1
Burundi,BDI,2011,0.287,0.307,1
Burundi,BDI,2012,0.287,0.307,1
Burundi,BDI,2013,0.278,0.237,1
Burundi,BDI,2014,0.27,0.223,1
Burundi,BDI,2015,0.196,0.15,1
Burundi,BDI,2016,0.166,0.11,1
Burundi,BDI,2017,0.157,0.115,1
Burundi,BDI,2018,0.157,0.109,1
Burundi,BDI,2019,0.159,0.148,1
Burundi,BDI,2020,0.168,0.122,1
Burundi,BDI,2021,0.181,0.178,1
Burundi,BDI,2022,0.189,0.206,1
Burundi,BDI,2023,0.186,0.135,1
Burundi,BDI,2024,0.178,0.161,1
Burundi,BDI,2025,0.185,0.15,1
Cape Verde,CPV,1900,0.023,0.128,0
Cape Verde,CPV,1901,0.023,0.128,0
Cape Verde,CPV,1902,0.023,0.128,0
Cape Verde,CPV,1903,0.023,0.128,0
Cape Verde,CPV,1904,0.023,0.128,0
Cape Verde,CPV,1905,0.023,0.128,0
Cape Verde,CPV,1906,0.023,0.128,0
Cape Verde,CPV,1907,0.023,0.128,0
Cape Verde,CPV,1908,0.023,0.128,0
Cape Verde,CPV,1909,0.023,0.128,0
Cape Verde,CPV,1910,0.027,0.129,0
Cape Verde,CPV,1911,0.026,0.129,0
Cape Verde,CPV,1912,0.026,0.129,0
Cape Verde,CPV,1913,0.026,0.129,0
Cape Verde,CPV,1914,0.026,0.129,0
Cape Verde,CPV,1915,0.026,0.129,0
Cape Verde,CPV,1916,0.026,0.129,0
Cape Verde,CPV,1917,0.026,0.129,0
Cape Verde,CPV,1918,0.026,0.129,0
Cape Verde,CPV,1919,0.026,0.129,0
Cape Verde,CPV,1920,0.026,0.129,0
Cape Verde,CPV,1921,0.026,0.129,0
Cape Verde,CPV,1922,0.026,0.129,0
Cape Verde,CPV,1923,0.026,0.129,0
Cape Verde,CPV,1924,0.026,0.129,0
Cape Verde,CPV,1925,0.026,0.129,0
Cape Verde,CPV,1926,0.022,0.129,0
Cape Verde,CPV,1927,0.022,0.129,0
Cape Verde,CPV,1928,0.022,0.129,0
Cape Verde,CPV,1929,0.022,0.129,0
Cape Verde,CPV,1930,0.022,0.129,0
Cape Verde,CPV,1931,0.022,0.129,0
Cape Verde,CPV,1932,0.02,0.129,0
Cape Verde,CPV,1933,0.017,0.129,0
Cape Verde,CPV,1934,0.017,0.129,0
Cape Verde,CPV,1935,0.017,0.129,0
Cape Verde,CPV,1936,0.017,0.129,0
Cape Verde,CPV,1937,0.017,0.129,0
Cape Verde,CPV,1938,0.017,0.129,0
Cape Verde,CPV,1939,0.017,0.129,0
Cape Verde,CPV,1940,0.017,0.129,0
Cape Verde,CPV,1941,0.017,0.129,0
Cape Verde,CPV,1942,0.017,0.129,0
Cape Verde,CPV,1943,0.017,0.129,0
Cape Verde,CPV,1944,0.017,0.129,0
Cape Verde,CPV,1945,0.017,0.131,0
Cape Verde,CPV,1946,0.017,0.131,0
Cape Verde,CPV,1947,0.017,0.131,0
Cape Verde,CPV,1948,0.017,0.131,0
Cape Verde,CPV,1949,0.017,0.131,0
Cape Verde,CPV,1950,0.022,0.131,0
Cape Verde,CPV,1951,0.022,0.131,0
Cape Verde,CPV,1952,0.022,0.131,0
Cape Verde,CPV,1953,0.022,0.131,0
Cape Verde,CPV,1954,0.022,0.131,0
Cape Verde,CPV,1955,0.022,0.131,0
Cape Verde,CPV,1956,0.022,0.131,0
Cape Verde,CPV,1957,0.022,0.131,0
Cape Verde,CPV,1958,0.022,0.131,0
Cape Verde,CPV,1959,0.022,0.131,0
Cape Verde,CPV,1960,0.022,0.131,0
Cape Verde,CPV,1961,0.022,0.131,0
Cape Verde,CPV,1962,0.022,0.131,0
Cape Verde,CPV,1963,0.022,0.131,0
Cape Verde,CPV,1964,0.022,0.131,0
Cape Verde,CPV,1965,0.022,0.131,0
Cape Verde,CPV,1966,0.022,0.131,0
Cape Verde,CPV,1967,0.022,0.131,0
Cape Verde,CPV,1968,0.022,0.131,0
Cape Verde,CPV,1969,0.022,0.131,0
Cape Verde,CPV,1970,0.022,0.132,0
Cape Verde,CPV,1971,0.023,0.132,0
Cape Verde,CPV,1972,0.038,0.132,0
Cape Verde,CPV,1973,0.038,0.335,0
Cape Verde,CPV,1974,0.038,0.315,0
Cape Verde,CPV,1975,0.194,0.569,1
Cape Verde,CPV,1976,0.156,0.519,0
Cape Verde,CPV,1977,0.156,0.519,0
Cape Verde,CPV,1978,0.156,0.519,0
Cape Verde,CPV,1979,0.156,0.519,0
Cape Verde,CPV,1980,0.166,0.538,1
Cape Verde,CPV,1981,0.302,0.684,1
Cape Verde,CPV,1982,0.302,0.684,1
Cape Verde,CPV,1983,0.302,0.684,1
Cape Verde,CPV,1984,0.302,0.689,1
Cape Verde,CPV,1985,0.302,0.689,1
Cape Verde,CPV,1986,0.312,0.689,1
Cape Verde,CPV,1987,0.312,0.694,1
Cape Verde,CPV,1988,0.321,0.707,1
Cape Verde,CPV,1989,0.321,0.707,1
Cape Verde,CPV,1990,0.338,0.714,1
Cape Verde,CPV,1991,0.662,0.871,2
Cape Verde,CPV,1992,0.714,0.9,2
Cape Verde,CPV,1993,0.714,0.9,2
Cape Verde,CPV,1994,0.714,0.9,2
Cape Verde,CPV,1995,0.732,0.9,2
Cape Verde,CPV,1996,0.776,0.9,2
Cape Verde,CPV,1997,0.778,0.9,2
Cape Verde,CPV,1998,0.778,0.9,2
Cape Verde,CPV,1999,0.778,0.899,2
Cape Verde,CPV,2000,0.772,0.899,2
Cape Verde,CPV,2001,0.762,0.9,2
Cape Verde,CPV,2002,0.767,0.9,2
Cape Verde,CPV,2003,0.767,0.9,2
Cape Verde,CPV,2004,0.767,0.9,2
Cape Verde,CPV,2005,0.767,0.903,2
Cape Verde,CPV,2006,0.778,0.903,2
Cape Verde,CPV,2007,0.781,0.903,2
Cape Verde,CPV,2008,0.782,0.903,2
Cape Verde,CPV,2009,0.782,0.903,2
Cape Verde,CPV,2010,0.779,0.903,2
Cape Verde,CPV,2011,0.788,0.903,2
Cape Verde,CPV,2012,0.788,0.903,2
Cape Verde,CPV,2013,0.794,0.903,2
Cape Verde,CPV,2014,0.794,0.9,2
Cape Verde,CPV,2015,0.795,0.899,2
Cape Verde,CPV,2016,0.8,0.9,2
Cape Verde,CPV,2017,0.797,0.895,2
Cape Verde,CPV,2018,0.783,0.909,2
Cape Verde,CPV,2019,0.79,0.907,2
Cape Verde,CPV,2020,0.793,0.892,2
Cape Verde,CPV,2021,0.775,0.88,2
Cape Verde,CPV,2022,0.754,0.868,2
Cape Verde,CPV,2023,0.75,0.861,2
Cape Verde,CPV,2024,0.752,0.858,2
Cape Verde,CPV,2025,0.745,0.845,2
Central African Republic,CAF,1920,0.027,0.163,0
Central African Republic,CAF,1921,0.027,0.163,0
Central African Republic,CAF,1922,0.027,0.165,0
Central African Republic,CAF,1923,0.027,0.165,0
Central African Republic,CAF,1924,0.027,0.165,0
Central African Republic,CAF,1925,0.027,0.165,0
Central African Republic,CAF,1926,0.027,0.165,0
Central African Republic,CAF,1927,0.027,0.165,0
Central African Republic,CAF,1928,0.027,0.165,0
Central African Republic,CAF,1929,0.027,0.165,0
Central African Republic,CAF,1930,0.027,0.165,0
Central African Republic,CAF,1931,0.027,0.165,0
Central African Republic,CAF,1932,0.028,0.165,0
Central African Republic,CAF,1933,0.027,0.167,0
Central African Republic,CAF,1934,0.027,0.167,0
Central African Republic,CAF,1935,0.03,0.167,0
Central African Republic,CAF,1936,0.03,0.166,0
Central African Republic,CAF,1937,0.03,0.166,0
Central African Republic,CAF,1938,0.03,0.166,0
Central African Republic,CAF,1939,0.03,0.166,0
Central African Republic,CAF,1940,0.025,0.166,0
Central African Republic,CAF,1941,0.025,0.166,0
Central African Republic,CAF,1942,0.025,0.166,0
Central African Republic,CAF,1943,0.025,0.166,0
Central African Republic,CAF,1944,0.025,0.166,0
Central African Republic,CAF,1945,0.025,0.167,0
Central African Republic,CAF,1946,0.062,0.188,0
Central African Republic,CAF,1947,0.108,0.372,0
Central African Republic,CAF,1948,0.108,0.372,0
Central African Republic,CAF,1949,0.108,0.372,0
Central African Republic,CAF,1950,0.125,0.372,0
Central African Republic,CAF,1951,0.125,0.376,0
Central African Republic,CAF,1952,0.14,0.376,0
Central African Republic,CAF,1953,0.142,0.381,0
Central African Republic,CAF,1954,0.142,0.386,0
Central African Republic,CAF,1955,0.142,0.386,0
Central African Republic,CAF,1956,0.148,0.386,0
Central African Republic,CAF,1957,0.214,0.402,0
Central African Republic,CAF,1958,0.215,0.411,0
Central African Republic,CAF,1959,0.219,0.387,0
Central African Republic,CAF,1960,0.219,0.272,1
Central African Republic,CAF,1961,0.262,0.281,1
Central African Republic,CAF,1962,0.256,0.285,1
Central African Republic,CAF,1963,0.219,0.285,1
Central African Republic,CAF,1966,0.092,0.122,0
Central African Republic,CAF,1967,0.092,0.122,0
Central African Republic,CAF,1968,0.092,0.122,0
Central African Republic,CAF,1969,0.092,0.116,0
Central African Republic,CAF,1970,0.091,0.116,0
Central African Republic,CAF,1971,0.091,0.116,0
Central African Republic,CAF,1972,0.091,0.109,0
Central African Republic,CAF,1973,0.091,0.108,0
Central African Republic,CAF,1974,0.091,0.108,0
Central African Republic,CAF,1975,0.091,0.108,0
Central African Republic,CAF,1976,0.091,0.108,0
Central African Republic,CAF,1977,0.087,0.081,0
Central African Republic,CAF,1978,0.087,0.081,0
Central African Republic,CAF,1979,0.091,0.103,0
Central African Republic,CAF,1980,0.165,0.212,0
Central African Republic,CAF,1981,0.185,0.231,1
Central African Republic,CAF,1982,0.107,0.215,0
Central African Republic,CAF,1983,0.107,0.217,0
Central African Republic,CAF,1984,0.107,0.217,0
Central African Republic,CAF,1985,0.107,0.217,0
Central African Republic,CAF,1986,0.119,0.224,1
Central African Republic,CAF,1987,0.18,0.27,1
Central African Republic,CAF,1988,0.199,0.334,1
Central African Republic,CAF,1989,0.199,0.334,1
Central African Republic,CAF,1990,0.224,0.334,1
Central African Republic,CAF,1991,0.249,0.336,1
Central African Republic,CAF,1992,0.289,0.361,1
Central African Republic,CAF,1993,0.346,0.48,1
Central African Republic,CAF,1994,0.352,0.502,1
Central African Republic,CAF,1995,0.352,0.497,1
Central African Republic,CAF,1996,0.352,0.497,1
Central African Republic,CAF,1997,0.352,0.497,1
Central African Republic,CAF,1998,0.352,0.497,1
Central African Republic,CAF,1999,0.346,0.497,1
Central African Republic,CAF,2000,0.341,0.498,1
Central African Republic,CAF,2001,0.341,0.498,1
Central African Republic,CAF,2002,0.341,0.498,1
Central African Republic,CAF,2003,0.245,0.29,1
Central African Republic,CAF,2004,0.221,0.231,0
Central African Republic,CAF,2005,0.294,0.425,1
Central African Republic,CAF,2006,0.342,0.425,1
Central African Republic,CAF,2007,0.342,0.425,1
Central African Republic,CAF,2008,0.342,0.425,1
Central African Republic,CAF,2009,0.342,0.425,1
Central African Republic,CAF,2010,0.343,0.428,1
Central African Republic,CAF,2011,0.319,0.426,1
Central African Republic,CAF,2012,0.317,0.426,1
Central African Republic,CAF,2013,0.272,0.377,1
Central African Republic,CAF,2014,0.282,0.429,1
Central African Republic,CAF,2015,0.284,0.457,1
Central African Republic,CAF,2016,0.4,0.465,1
Central African Republic,CAF,2017,0.396,0.472,1
Central African Republic,CAF,2018,0.406,0.505,1
Central African Republic,CAF,2019,0.379,0.445,1
Central African Republic,CAF,2020,0.374,0.415,1
Central African Republic,CAF,2021,0.343,0.378,1
Central African Republic,CAF,2022,0.326,0.376,1
Central African Republic,CAF,2023,0.301,0.193,1
Central African Republic,CAF,2024,0.299,0.182,1
Central African Republic,CAF,2025,0.293,0.206,1
Chile,CHL,1900,0.289,0.622,1
Chile,CHL,1901,0.29,0.622,1
Chile,CHL,1902,0.29,0.629,1
Chile,CHL,1903,0.288,0.632,1
Chile,CHL,1904,0.287,0.632,1
Chile,CHL,1905,0.287,0.632,1
Chile,CHL,1906,0.287,0.632,1
Chile,CHL,1907,0.289,0.632,1
Chile,CHL,1908,0.289,0.632,1
Chile,CHL,1909,0.289,0.632,1
Chile,CHL,1910,0.293,0.632,1
Chile,CHL,1911,0.294,0.632,1
Chile,CHL,1912,0.295,0.632,1
Chile,CHL,1913,0.295,0.632,1
Chile,CHL,1914,0.295,0.632,1
Chile,CHL,1915,0.299,0.632,1
Chile,CHL,1916,0.299,0.632,1
Chile,CHL,1917,0.299,0.632,1
Chile,CHL,1918,0.294,0.632,1
Chile,CHL,1919,0.293,0.632,1
Chile,CHL,1920,0.298,0.624,1
Chile,CHL,1921,0.302,0.606,1
Chile,CHL,1922,0.304,0.606,1
Chile,CHL,1923,0.304,0.606,1
Chile,CHL,1924,0.257,0.539,1
Chile,CHL,1925,0.155,0.385,1
Chile,CHL,1926,0.205,0.386,1
Chile,CHL,1927,0.239,0.548,1
Chile,CHL,1928,0.196,0.548,0
Chile,CHL,1929,0.194,0.548,0
Chile,CHL,1930,0.198,0.548,0
Chile,CHL,1931,0.216,0.548,1
Chile,CHL,1932,0.304,0.602,1
Chile,CHL,1933,0.347,0.633,1
Chile,CHL,1934,0.347,0.637,1
Chile,CHL,1935,0.353,0.637,1
Chile,CHL,1936,0.353,0.637,1
Chile,CHL,1937,0.366,0.637,1
Chile,CHL,1938,0.359,0.657,1
Chile,CHL,1939,0.363,0.66,1
Chile,CHL,1940,0.367,0.66,1
Chile,CHL,1941,0.369,0.66,1
Chile,CHL,1942,0.368,0.658,1
Chile,CHL,1943,0.369,0.658,1
Chile,CHL,1944,0.371,0.658,1
Chile,CHL,1945,0.376,0.658,1
Chile,CHL,1946,0.367,0.638,1
Chile,CHL,1947,0.363,0.623,1
Chile,CHL,1948,0.358,0.631,1
Chile,CHL,1949,0.34,0.625,1
Chile,CHL,1950,0.414,0.616,1
Chile,CHL,1951,0.414,0.617,1
Chile,CHL,1952,0.412,0.619,1
Chile,CHL,1953,0.416,0.622,1
Chile,CHL,1954,0.415,0.622,1
Chile,CHL,1955,0.415,0.622,1
Chile,CHL,1956,0.415,0.622,1
Chile,CHL,1957,0.421,0.622,1
Chile,CHL,1958,0.45,0.632,1
Chile,CHL,1959,0.517,0.671,2
Chile,CHL,1960,0.537,0.685,2
Chile,CHL,1961,0.543,0.685,2
Chile,CHL,1962,0.544,0.685,2
Chile,CHL,1963,0.551,0.688,2
Chile,CHL,1964,0.581,0.701,2
Chile,CHL,1965,0.586,0.701,2
Chile,CHL,1966,0.586,0.704,2
Chile,CHL,1967,0.586,0.706,2
Chile,CHL,1968,0.586,0.717,2
Chile,CHL,1969,0.589,0.714,2
Chile,CHL,1970,0.604,0.724,2
Chile,CHL,1971,0.705,0.724,2
Chile,CHL,1972,0.688,0.724,2
Chile,CHL,1973,0.311,0.438,1
Chile,CHL,1974,0.071,0.109,0
Chile,CHL,1975,0.071,0.109,0
Chile,CHL,1976,0.071,0.109,0
Chile,CHL,1977,0.072,0.109,0
Chile,CHL,1978,0.072,0.109,0
Chile,CHL,1979,0.074,0.109,0
Chile,CHL,1980,0.075,0.154,0
Chile,CHL,1981,0.075,0.155,0
Chile,CHL,1982,0.075,0.159,0
Chile,CHL,1983,0.075,0.168,0
Chile,CHL,1984,0.075,0.169,0
Chile,CHL,1985,0.078,0.169,0
Chile,CHL,1986,0.078,0.171,0
Chile,CHL,1987,0.082,0.183,0
Chile,CHL,1988,0.111,0.197,0
Chile,CHL,1989,0.135,0.238,1
Chile,CHL,1990,0.721,0.841,2
Chile,CHL,1991,0.816,0.931,2
Chile,CHL,1992,0.816,0.931,2
Chile,CHL,1993,0.813,0.931,2
Chile,CHL,1994,0.85,0.931,2
Chile,CHL,1995,0.85,0.931,2
Chile,CHL,1996,0.85,0.933,3
Chile,CHL,1997,0.85,0.933,3
Chile,CHL,1998,0.851,0.933,3
Chile,CHL,1999,0.85,0.933,3
Chile,CHL,2000,0.876,0.932,3
Chile,CHL,2001,0.876,0.932,3
Chile,CHL,2002,0.88,0.933,3
Chile,CHL,2003,0.88,0.933,3
Chile,CHL,2004,0.88,0.933,3
Chile,CHL,2005,0.877,0.945,3
Chile,CHL,2006,0.894,0.947,3
Chile,CHL,2007,0.894,0.95,3
Chile,CHL,2008,0.894,0.95,3
Chile,CHL,2009,0.887,0.95,3
Chile,CHL,2010,0.888,0.954,3
Chile,CHL,2011,0.889,0.954,3
Chile,CHL,2012,0.893,0.955,3
Chile,CHL,2013,0.894,0.958,3
Chile,CHL,2014,0.893,0.962,3
Chile,CHL,2015,0.886,0.957,3
Chile,CHL,2016,0.886,0.957,3
Chile,CHL,2017,0.889,0.958,3
Chile,CHL,2018,0.87,0.931,3
Chile,CHL,2019,0.829,0.931,2
Chile,CHL,2020,0.837,0.925,2
Chile,CHL,2021,0.841,0.937,3
Chile,CHL,2022,0.833,0.947,3
Chile,CHL,2023,0.836,0.948,3
Chile,CHL,2024,0.845,0.946,3
Chile,CHL,2025,0.839,0.946,3
Costa Rica,CRI,1900,0.277,0.552,1
Costa Rica,CRI,1901,0.256,0.552,1
Costa Rica,CRI,1902,0.26,0.568,1
Costa Rica,CRI,1903,0.26,0.568,1
Costa Rica,CRI,1904,0.26,0.568,1
Costa Rica,CRI,1905,0.26,0.568,1
Costa Rica,CRI,1906,0.26,0.568,1
Costa Rica,CRI,1907,0.26,0.568,1
Costa Rica,CRI,1908,0.26,0.568,1
Costa Rica,CRI,1909,0.264,0.568,1
Costa Rica,CRI,1910,0.27,0.568,1
Costa Rica,CRI,1911,0.27,0.569,1
Costa Rica,CRI,1912,0.27,0.569,1
Costa Rica,CRI,1913,0.315,0.569,1
Costa Rica,CRI,1914,0.316,0.569,1
Costa Rica,CRI,1915,0.316,0.569,1
Costa Rica,CRI,1916,0.316,0.569,1
Costa Rica,CRI,1917,0.209,0.366,1
Costa Rica,CRI,1918,0.206,0.354,1
Costa Rica,CRI,1919,0.22,0.35,1
Costa Rica,CRI,1920,0.284,0.598,1
Costa Rica,CRI,1921,0.315,0.598,1
Costa Rica,CRI,1922,0.315,0.598,1
Costa Rica,CRI,1923,0.316,0.598,1
Costa Rica,CRI,1924,0.327,0.598,1
Costa Rica,CRI,1925,0.327,0.598,1
Costa Rica,CRI,1926,0.327,0.598,1
Costa Rica,CRI,1927,0.327,0.598,1
Costa Rica,CRI,1928,0.327,0.598,1
Costa Rica,CRI,1929,0.327,0.598,1
Costa Rica,CRI,1930,0.327,0.606,1
Costa Rica,CRI,1931,0.328,0.606,1
Costa Rica,CRI,1932,0.331,0.606,1
Costa Rica,CRI,1933,0.332,0.606,1
Costa Rica,CRI,1934,0.332,0.606,1
Costa Rica,CRI,1935,0.332,0.606,1
Costa Rica,CRI,1936,0.322,0.606,1
Costa Rica,CRI,1937,0.322,0.606,1
Costa Rica,CRI,1938,0.322,0.606,1
Costa Rica,CRI,1939,0.322,0.606,1
Costa Rica,CRI,1940,0.319,0.634,1
Costa Rica,CRI,1941,0.32,0.634,1
Costa Rica,CRI,1942,0.32,0.634,1
Costa Rica,CRI,1943,0.319,0.634,1
Costa Rica,CRI,1944,0.322,0.634,1
Costa Rica,CRI,1945,0.322,0.634,1
Costa Rica,CRI,1946,0.324,0.634,1
Costa Rica,CRI,1947,0.324,0.634,1
Costa Rica,CRI,1948,0.218,0.458,1
Costa Rica,CRI,1949,0.269,0.57,0
Costa Rica,CRI,1950,0.564,0.866,2
Costa Rica,CRI,1951,0.577,0.869,2
Costa Rica,CRI,1952,0.579,0.869,2
Costa Rica,CRI,1953,0.65,0.869,2
Costa Rica,CRI,1954,0.721,0.873,2
Costa Rica,CRI,1955,0.721,0.873,2
Costa Rica,CRI,1956,0.721,0.873,2
Costa Rica,CRI,1957,0.721,0.873,2
Costa Rica,CRI,1958,0.722,0.873,2
Costa Rica,CRI,1959,0.729,0.881,2
Costa Rica,CRI,1960,0.719,0.883,2
Costa Rica,CRI,1961,0.719,0.883,2
Costa Rica,CRI,1962,0.721,0.89,2
Costa Rica,CRI,1963,0.721,0.89,2
Costa Rica,CRI,1964,0.721,0.89,2
Costa Rica,CRI,1965,0.721,0.89,2
Costa Rica,CRI,1966,0.731,0.89,2
Costa Rica,CRI,1967,0.732,0.89,2
Costa Rica,CRI,1968,0.732,0.89,2
Costa Rica,CRI,1969,0.732,0.89,2
Costa Rica,CRI,1970,0.742,0.892,2
Costa Rica,CRI,1971,0.744,0.892,2
Costa Rica,CRI,1972,0.744,0.892,2
Costa Rica,CRI,1973,0.744,0.891,2
Costa Rica,CRI,1974,0.746,0.891,2
Costa Rica,CRI,1975,0.793,0.891,2
Costa Rica,CRI,1976,0.807,0.891,2
Costa Rica,CRI,1977,0.81,0.891,2
Costa Rica,CRI,1978,0.825,0.891,2
Costa Rica,CRI,1979,0.826,0.898,2
Costa Rica,CRI,1980,0.848,0.912,2
Costa Rica,CRI,1981,0.848,0.91,2
Costa Rica,CRI,1982,0.866,0.911,2
Costa Rica,CRI,1983,0.867,0.911,2
Costa Rica,CRI,1984,0.867,0.911,2
Costa Rica,CRI,1985,0.867,0.911,2
Costa Rica,CRI,1986,0.866,0.916,2
Costa Rica,CRI,1987,0.865,0.924,2
Costa Rica,CRI,1988,0.876,0.924,2
Costa Rica,CRI,1989,0.876,0.935,3
Costa Rica,CRI,1990,0.891,0.949,3
Costa Rica,CRI,1991,0.892,0.952,3
Costa Rica,CRI,1992,0.892,0.952,3
Costa Rica,CRI,1993,0.892,0.952,3
Costa Rica,CRI,1994,0.893,0.951,3
Costa Rica,CRI,1995,0.893,0.951,3
Costa Rica,CRI,1996,0.893,0.951,3
Costa Rica,CRI,1997,0.893,0.944,3
Costa Rica,CRI,1998,0.893,0.95,3
Costa Rica,CRI,1999,0.893,0.95,3
Costa Rica,CRI,2000,0.892,0.95,3
Costa Rica,CRI,2001,0.892,0.952,3
Costa Rica,CRI,2002,0.895,0.952,3
Costa Rica,CRI,2003,0.895,0.952,3
Costa Rica,CRI,2004,0.894,0.952,3
Costa Rica,CRI,2005,0.894,0.948,3
Costa Rica,CRI,2006,0.905,0.947,3
Costa Rica,CRI,2007,0.908,0.947,3
Costa Rica,CRI,2008,0.908,0.947,3
Costa Rica,CRI,2009,0.908,0.948,3
Costa Rica,CRI,2010,0.91,0.947,3
Costa Rica,CRI,2011,0.91,0.949,3
Costa Rica,CRI,2012,0.91,0.95,3
Costa Rica,CRI,2013,0.907,0.945,3
Costa Rica,CRI,2014,0.906,0.949,3
Costa Rica,CRI,2015,0.906,0.951,3
Costa Rica,CRI,2016,0.902,0.952,3
Costa Rica,CRI,2017,0.898,0.954,3
Costa Rica,CRI,2018,0.89,0.945,3
Costa Rica,CRI,2019,0.893,0.95,3
Costa Rica,CRI,2020,0.895,0.951,3
Costa Rica,CRI,2021,0.894,0.951,3
Costa Rica,CRI,2022,0.866,0.951,3
Costa Rica,CRI,2023,0.862,0.951,3
Costa Rica,CRI,2024,0.862,0.951,3
Costa Rica,CRI,2025,0.862,0.951,3
Timor-Leste,TLS,1999,0.11,0.307,0
Timor-Leste,TLS,2000,0.222,0.54,0
Timor-Leste,TLS,2001,0.289,0.589,1
Timor-Leste,TLS,2002,0.561,0.706,2
Timor-Leste,TLS,2003,0.573,0.678,2
Timor-Leste,TLS,2004,0.573,0.678,2
Timor-Leste,TLS,2005,0.572,0.668,2
Timor-Leste,TLS,2006,0.569,0.669,2
Timor-Leste,TLS,2007,0.609,0.716,2
Timor-Leste,TLS,2008,0.618,0.716,2
Timor-Leste,TLS,2009,0.617,0.72,2
Timor-Leste,TLS,2010,0.632,0.732,2
Timor-Leste,TLS,2011,0.632,0.732,2
Timor-Leste,TLS,2012,0.65,0.736,2
Timor-Leste,TLS,2013,0.661,0.733,2
Timor-Leste,TLS,2014,0.639,0.706,2
Timor-Leste,TLS,2015,0.644,0.689,2
Timor-Leste,TLS,2016,0.628,0.696,2
Timor-Leste,TLS,2017,0.671,0.694,2
Timor-Leste,TLS,2018,0.689,0.694,2
Timor-Leste,TLS,2019,0.703,0.701,2
Timor-Leste,TLS,2020,0.679,0.685,2
Timor-Leste,TLS,2021,0.693,0.688,2
Timor-Leste,TLS,2022,0.709,0.691,2
Timor-Leste,TLS,2023,0.714,0.698,2
Timor-Leste,TLS,2024,0.734,0.707,2
Timor-Leste,TLS,2025,0.736,0.713,2
Ecuador,ECU,1900,0.277,0.453,0
Ecuador,ECU,1901,0.274,0.408,1
Ecuador,ECU,1902,0.27,0.408,1
Ecuador,ECU,1903,0.27,0.408,1
Ecuador,ECU,1904,0.27,0.412,1
Ecuador,ECU,1905,0.267,0.412,1
Ecuador,ECU,1906,0.167,0.453,1
Ecuador,ECU,1907,0.163,0.454,0
Ecuador,ECU,1908,0.163,0.454,0
Ecuador,ECU,1909,0.163,0.458,0
Ecuador,ECU,1910,0.162,0.441,0
Ecuador,ECU,1911,0.212,0.441,1
Ecuador,ECU,1912,0.262,0.432,1
Ecuador,ECU,1913,0.262,0.412,1
Ecuador,ECU,1914,0.262,0.412,1
Ecuador,ECU,1915,0.261,0.412,1
Ecuador,ECU,1916,0.26,0.36,1
Ecuador,ECU,1917,0.266,0.36,1
Ecuador,ECU,1918,0.257,0.36,1
Ecuador,ECU,1919,0.257,0.36,1
Ecuador,ECU,1920,0.259,0.31,1
Ecuador,ECU,1921,0.26,0.31,1
Ecuador,ECU,1922,0.259,0.301,1
Ecuador,ECU,1923,0.26,0.307,1
Ecuador,ECU,1924,0.259,0.307,1
Ecuador,ECU,1925,0.212,0.308,1
Ecuador,ECU,1926,0.209,0.306,1
Ecuador,ECU,1927,0.225,0.306,1
Ecuador,ECU,1928,0.228,0.306,1
Ecuador,ECU,1929,0.263,0.306,1
Ecuador,ECU,1930,0.287,0.306,1
Ecuador,ECU,1931,0.282,0.306,1
Ecuador,ECU,1932,0.266,0.306,1
Ecuador,ECU,1933,0.266,0.306,1
Ecuador,ECU,1934,0.269,0.309,1
Ecuador,ECU,1935,0.227,0.187,1
Ecuador,ECU,1936,0.152,0.179,0
Ecuador,ECU,1937,0.149,0.179,0
Ecuador,ECU,1938,0.206,0.195,1
Ecuador,ECU,1939,0.25,0.31,1
Ecuador,ECU,1940,0.245,0.251,1
Ecuador,ECU,1941,0.242,0.251,1
Ecuador,ECU,1942,0.242,0.251,1
Ecuador,ECU,1943,0.242,0.251,1
Ecuador,ECU,1944,0.193,0.271,1
Ecuador,ECU,1945,0.166,0.32,0
Ecuador,ECU,1946,0.157,0.303,0
Ecuador,ECU,1947,0.232,0.305,1
Ecuador,ECU,1948,0.344,0.372,1
Ecuador,ECU,1949,0.364,0.385,1
Ecuador,ECU,1950,0.37,0.385,1
Ecuador,ECU,1951,0.369,0.385,1
Ecuador,ECU,1952,0.357,0.385,1
Ecuador,ECU,1953,0.347,0.385,1
Ecuador,ECU,1954,0.352,0.385,1
Ecuador,ECU,1955,0.363,0.385,1
Ecuador,ECU,1956,0.363,0.385,1
Ecuador,ECU,1957,0.37,0.385,1
Ecuador,ECU,1958,0.374,0.387,1
Ecuador,ECU,1959,0.378,0.387,1
Ecuador,ECU,1960,0.359,0.387,1
Ecuador,ECU,1961,0.358,0.377,1
Ecuador,ECU,1962,0.365,0.381,1
Ecuador,ECU,1963,0.216,0.173,1
Ecuador,ECU,1964,0.133,0.176,0
Ecuador,ECU,1965,0.136,0.184,0
Ecuador,ECU,1966,0.138,0.198,0
Ecuador,ECU,1967,0.178,0.374,0
Ecuador,ECU,1968,0.273,0.374,1
Ecuador,ECU,1969,0.376,0.392,1
Ecuador,ECU,1970,0.294,0.233,1
Ecuador,ECU,1971,0.206,0.232,1
Ecuador,ECU,1972,0.172,0.206,0
Ecuador,ECU,1973,0.146,0.184,0
Ecuador,ECU,1974,0.146,0.195,0
Ecuador,ECU,1975,0.146,0.195,0
Ecuador,ECU,1976,0.146,0.197,0
Ecuador,ECU,1977,0.147,0.21,0
Ecuador,ECU,1978,0.198,0.221,0
Ecuador,ECU,1979,0.393,0.316,1
Ecuador,ECU,1980,0.688,0.57,2
Ecuador,ECU,1981,0.688,0.569,2
Ecuador,ECU,1982,0.688,0.575,2
Ecuador,ECU,1983,0.684,0.577,2
Ecuador,ECU,1984,0.69,0.541,2
Ecuador,ECU,1985,0.672,0.52,2
Ecuador,ECU,1986,0.671,0.526,2
Ecuador,ECU,1987,0.67,0.526,2
Ecuador,ECU,1988,0.692,0.546,2
Ecuador,ECU,1989,0.716,0.592,2
Ecuador,ECU,1990,0.716,0.592,2
Ecuador,ECU,1991,0.716,0.592,2
Ecuador,ECU,1992,0.714,0.592,2
Ecuador,ECU,1993,0.706,0.58,2
Ecuador,ECU,1994,0.697,0.58,2
Ecuador,ECU,1995,0.699,0.58,2
Ecuador,ECU,1996,0.696,0.567,2
Ecuador,ECU,1997,0.695,0.584,2
Ecuador,ECU,1998,0.696,0.602,2
Ecuador,ECU,1999,0.693,0.597,2
Ecuador,ECU,2000,0.689,0.585,2
Ecuador,ECU,2001,0.689,0.585,2
Ecuador,ECU,2002,0.689,0.585,2
Ecuador,ECU,2003,0.698,0.591,2
Ecuador,ECU,2004,0.698,0.589,2
Ecuador,ECU,2005,0.698,0.59,2
Ecuador,ECU,2006,0.693,0.59,2
Ecuador,ECU,2007,0.671,0.533,2
Ecuador,ECU,2008,0.634,0.451,2
Ecuador,ECU,2009,0.613,0.447,2
Ecuador,ECU,2010,0.588,0.431,2
Ecuador,ECU,2011,0.581,0.431,2
Ecuador,ECU,2012,0.586,0.424,2
Ecuador,ECU,2013,0.538,0.392,2
Ecuador,ECU,2014,0.534,0.385,2
Ecuador,ECU,2015,0.533,0.388,2
Ecuador,ECU,2016,0.54,0.387,2
Ecuador,ECU,2017,0.552,0.542,2
Ecuador,ECU,2018,0.641,0.679,2
Ecuador,ECU,2019,0.617,0.686,2
Ecuador,ECU,2020,0.626,0.745,2
Ecuador,ECU,2021,0.625,0.691,2
Ecuador,ECU,2022,0.661,0.734,2
Ecuador,ECU,2023,0.641,0.685,2
Ecuador,ECU,2024,0.641,0.645,2
Ecuador,ECU,2025,0.607,0.572,2
France,FRA,1900,0.555,0.804,2
France,FRA,1901,0.562,0.804,2
France,FRA,1902,0.561,0.802,2
France,FRA,1903,0.561,0.802,2
France,FRA,1904,0.561,0.802,2
France,FRA,1905,0.561,0.808,2
France,FRA,1906,0.56,0.812,2
France,FRA,1907,0.559,0.812,2
France,FRA,1908,0.559,0.812,2
France,FRA,1909,0.559,0.812,2
France,FRA,1910,0.564,0.812,2
France,FRA,1911,0.566,0.812,2
France,FRA,1912,0.566,0.812,2
France,FRA,1913,0.566,0.812,2
France,FRA,1914,0.512,0.794,2
France,FRA,1915,0.513,0.793,2
France,FRA,1916,0.513,0.792,2
France,FRA,1917,0.513,0.792,2
France,FRA,1918,0.519,0.792,2
France,FRA,1919,0.533,0.804,2
France,FRA,1920,0.566,0.811,2
France,FRA,1921,0.566,0.811,2
France,FRA,1922,0.566,0.811,2
France,FRA,1923,0.566,0.811,2
France,FRA,1924,0.564,0.811,2
France,FRA,1925,0.56,0.811,2
France,FRA,1926,0.56,0.811,2
France,FRA,1927,0.56,0.811,2
France,FRA,1928,0.561,0.811,2
France,FRA,1929,0.561,0.811,2
France,FRA,1930,0.561,0.811,2
France,FRA,1931,0.561,0.811,2
France,FRA,1932,0.56,0.811,2
France,FRA,1933,0.56,0.811,2
France,FRA,1934,0.559,0.811,2
France,FRA,1935,0.557,0.811,2
France,FRA,1936,0.552,0.811,2
France,FRA,1937,0.552,0.811,2
France,FRA,1938,0.552,0.809,2
France,FRA,1939,0.534,0.806,2
France,FRA,1940,0.186,0.343,0
France,FRA,1941,0.082,0.21,0
France,FRA,1942,0.082,0.21,0
France,FRA,1943,0.082,0.21,0
France,FRA,1944,0.084,0.207,0
France,FRA,1945,0.208,0.539,0
France,FRA,1946,0.362,0.622,0
France,FRA,1947,0.705,0.841,3
France,FRA,1948,0.737,0.841,3
France,FRA,1949,0.737,0.841,3
France,FRA,1950,0.747,0.841,3
France,FRA,1951,0.748,0.841,3
France,FRA,1952,0.748,0.841,3
France,FRA,1953,0.748,0.841,3
France,FRA,1954,0.722,0.832,3
France,FRA,1955,0.736,0.832,3
France,FRA,1956,0.743,0.832,3
France,FRA,1957,0.751,0.832,3
France,FRA,1958,0.754,0.829,3
France,FRA,1959,0.747,0.842,3
France,FRA,1960,0.748,0.847,3
France,FRA,1961,0.748,0.847,3
France,FRA,1962,0.749,0.849,3
France,FRA,1963,0.775,0.86,3
France,FRA,1964,0.775,0.86,3
France,FRA,1965,0.775,0.86,3
France,FRA,1966,0.775,0.861,3
France,FRA,1967,0.782,0.861,3
France,FRA,1968,0.78,0.865,3
France,FRA,1969,0.805,0.9,3
France,FRA,1970,0.829,0.911,3
France,FRA,1971,0.835,0.912,3
France,FRA,1972,0.828,0.912,3
France,FRA,1973,0.84,0.912,3
France,FRA,1974,0.844,0.912,3
France,FRA,1975,0.852,0.912,3
France,FRA,1976,0.852,0.913,3
France,FRA,1977,0.852,0.913,3
France,FRA,1978,0.854,0.913,3
France,FRA,1979,0.854,0.913,3
France,FRA,1980,0.854,0.913,3
France,FRA,1981,0.862,0.922,3
France,FRA,1982,0.867,0.922,3
France,FRA,1983,0.867,0.922,3
France,FRA,1984,0.867,0.922,3
France,FRA,1985,0.867,0.922,3
France,FRA,1986,0.864,0.922,3
France,FRA,1987,0.864,0.922,3
France,FRA,1988,0.874,0.922,3
France,FRA,1989,0.875,0.922,3
France,FRA,1990,0.875,0.922,3
France,FRA,1991,0.875,0.922,3
France,FRA,1992,0.875,0.925,3
France,FRA,1993,0.875,0.916,3
France,FRA,1994,0.875,0.924,3
France,FRA,1995,0.869,0.924,3
France,FRA,1996,0.874,0.924,3
France,FRA,1997,0.874,0.924,3
France,FRA,1998,0.873,0.924,3
France,FRA,1999,0.873,0.924,3
France,FRA,2000,0.873,0.924,3
France,FRA,2001,0.873,0.924,3
France,FRA,2002,0.874,0.924,3
France,FRA,2003,0.874,0.924,3
France,FRA,2004,0.874,0.924,3
France,FRA,2005,0.874,0.924,3
France,FRA,2006,0.874,0.924,3
France,FRA,2007,0.877,0.928,3
France,FRA,2008,0.885,0.928,3
France,FRA,2009,0.885,0.928,3
France,FRA,2010,0.885,0.928,3
France,FRA,2011,0.887,0.928,3
France,FRA,2012,0.89,0.927,3
France,FRA,2013,0.89,0.927,3
France,FRA,2014,0.889,0.927,3
France,FRA,2015,0.883,0.927,3
France,FRA,2016,0.883,0.927,3
France,FRA,2017,0.886,0.927,3
France,FRA,2018,0.874,0.922,3
France,FRA,2019,0.866,0.924,3
France,FRA,2020,0.866,0.919,3
France,FRA,2021,0.868,0.913,3
France,FRA,2022,0.875,0.929,3
France,FRA,2023,0.871,0.936,3
France,FRA,2024,0.864,0.936,3
France,FRA,2025,0.865,0.936,3
Germany,DEU,1900,0.238,0.657,0
Germany,DEU,1901,0.239,0.658,0
Germany,DEU,1902,0.239,0.656,0
Germany,DEU,1903,0.248,0.657,0
Germany,DEU,1904,0.255,0.657,0
Germany,DEU,1905,0.255,0.657,0
Germany,DEU,1906,0.254,0.657,0
Germany,DEU,1907,0.253,0.657,0
Germany,DEU,1908,0.254,0.657,0
Germany,DEU,1909,0.256,0.657,0
Germany,DEU,1910,0.256,0.657,0
Germany,DEU,1911,0.256,0.656,0
Germany,DEU,1912,0.254,0.655,0
Germany,DEU,1913,0.256,0.655,0
Germany,DEU,1914,0.245,0.634,0
Germany,DEU,1915,0.24,0.626,0
Germany,DEU,1916,0.24,0.623,0
Germany,DEU,1917,0.24,0.625,0
Germany,DEU,1918,0.248,0.643,0
Germany,DEU,1919,0.577,0.763,2
Germany,DEU,1920,0.635,0.783,2
Germany,DEU,1921,0.646,0.782,2
Germany,DEU,1922,0.642,0.782,2
Germany,DEU,1923,0.629,0.782,2
Germany,DEU,1924,0.614,0.785,2
Germany,DEU,1925,0.604,0.785,2
Germany,DEU,1926,0.614,0.785,2
Germany,DEU,1927,0.614,0.785,2
Germany,DEU,1928,0.611,0.785,2
Germany,DEU,1929,0.613,0.785,2
Germany,DEU,1930,0.593,0.782,2
Germany,DEU,1931,0.573,0.782,2
Germany,DEU,1932,0.558,0.749,2
Germany,DEU,1933,0.201,0.146,1
Germany,DEU,1934,0.109,0.035,0
Germany,DEU,1935,0.072,0.035,0
Germany,DEU,1936,0.087,0.035,0
Germany,DEU,1937,0.072,0.034,0
Germany,DEU,1938,0.085,0.033,0
Germany,DEU,1939,0.071,0.027,0
Germany,DEU,1940,0.071,0.027,0
Germany,DEU,1941,0.071,0.027,0
Germany,DEU,1942,0.071,0.027,0
Germany,DEU,1943,0.072,0.027,0
Germany,DEU,1944,0.072,0.027,0
Germany,DEU,1949,0.793,0.832,3
Germany,DEU,1950,0.813,0.962,3
Germany,DEU,1951,0.813,0.962,3
Germany,DEU,1952,0.8,0.964,3
Germany,DEU,1953,0.812,0.964,3
Germany,DEU,1954,0.828,0.964,3
Germany,DEU,1955,0.828,0.964,3
Germany,DEU,1956,0.824,0.964,3
Germany,DEU,1957,0.832,0.964,3
Germany,DEU,1958,0.831,0.964,3
Germany,DEU,1959,0.831,0.964,3
Germany,DEU,1960,0.831,0.964,3
Germany,DEU,1961,0.835,0.964,3
Germany,DEU,1962,0.84,0.964,3
Germany,DEU,1963,0.845,0.965,3
Germany,DEU,1964,0.845,0.965,3
Germany,DEU,1965,0.846,0.965,3
Germany,DEU,1966,0.843,0.96,3
Germany,DEU,1967,0.843,0.96,3
Germany,DEU,1968,0.843,0.962,3
Germany,DEU,1969,0.842,0.962,3
Germany,DEU,1970,0.855,0.965,3
Germany,DEU,1971,0.855,0.965,3
Germany,DEU,1972,0.854,0.965,3
Germany,DEU,1973,0.852,0.965,3
Germany,DEU,1974,0.852,0.965,3
Germany,DEU,1975,0.852,0.965,3
Germany,DEU,1976,0.854,0.965,3
Germany,DEU,1977,0.855,0.965,3
Germany,DEU,1978,0.858,0.966,3
Germany,DEU,1979,0.861,0.966,3
Germany,DEU,1980,0.864,0.968,3
Germany,DEU,1981,0.865,0.968,3
Germany,DEU,1982,0.865,0.968,3
Germany,DEU,1983,0.864,0.968,3
Germany,DEU,1984,0.863,0.968,3
Germany,DEU,1985,0.863,0.968,3
Germany,DEU,1986,0.863,0.968,3
Germany,DEU,1987,0.864,0.968,3
Germany,DEU,1988,0.864,0.968,3
Germany,DEU,1989,0.864,0.968,3
Germany,DEU,1990,0.892,0.969,3
Germany,DEU,1991,0.893,0.969,3
Germany,DEU,1992,0.893,0.969,3
Germany,DEU,1993,0.893,0.969,3
Germany,DEU,1994,0.893,0.969,3
Germany,DEU,1995,0.893,0.969,3
Germany,DEU,1996,0.893,0.97,3
Germany,DEU,1997,0.893,0.97,3
Germany,DEU,1998,0.894,0.97,3
Germany,DEU,1999,0.899,0.97,3
Germany,DEU,2000,0.899,0.97,3
Germany,DEU,2001,0.899,0.97,3
Germany,DEU,2002,0.898,0.97,3
Germany,DEU,2003,0.896,0.97,3
Germany,DEU,2004,0.896,0.97,3
Germany,DEU,2005,0.896,0.972,3
Germany,DEU,2006,0.902,0.97,3
Germany,DEU,2007,0.902,0.97,3
Germany,DEU,2008,0.902,0.97,3
Germany,DEU,2009,0.9,0.97,3
Germany,DEU,2010,0.898,0.974,3
Germany,DEU,2011,0.9,0.974,3
Germany,DEU,2012,0.899,0.974,3
Germany,DEU,2013,0.892,0.968,3
Germany,DEU,2014,0.885,0.968,3
Germany,DEU,2015,0.883,0.971,3
Germany,DEU,2016,0.888,0.971,3
Germany,DEU,2017,0.889,0.961,3
Germany,DEU,2018,0.881,0.961,3
Germany,DEU,2019,0.878,0.961,3
Germany,DEU,2020,0.87,0.96,3
Germany,DEU,2021,0.863,0.96,3
Germany,DEU,2022,0.855,0.96,3
Germany,DEU,2023,0.855,0.969,3
Germany,DEU,2024,0.825,0.964,3
Germany,DEU,2025,0.828,0.966,3
Guatemala,GTM,1900,0.095,0.167,0
Guatemala,GTM,1901,0.095,0.167,0
Guatemala,GTM,1902,0.095,0.167,0
Guatemala,GTM,1903,0.095,0.167,0
Guatemala,GTM,1904,0.093,0.167,0
Guatemala,GTM,1905,0.092,0.167,0
Guatemala,GTM,1906,0.092,0.167,0
Guatemala,GTM,1907,0.092,0.167,0
Guatemala,GTM,1908,0.092,0.167,0
Guatemala,GTM,1909,0.092,0.167,0
Guatemala,GTM,1910,0.095,0.172,0
Guatemala,GTM,1911,0.095,0.172,0
Guatemala,GTM,1912,0.095,0.172,0
Guatemala,GTM,1913,0.095,0.172,0
Guatemala,GTM,1914,0.095,0.172,0
Guatemala,GTM,1915,0.095,0.172,0
Guatemala,GTM,1916,0.096,0.172,0
Guatemala,GTM,1917,0.095,0.172,0
Guatemala,GTM,1918,0.095,0.172,0
Guatemala,GTM,1919,0.095,0.177,0
Guatemala,GTM,1920,0.11,0.22,0
Guatemala,GTM,1921,0.12,0.232,0
Guatemala,GTM,1922,0.125,0.232,1
Guatemala,GTM,1923,0.14,0.232,1
Guatemala,GTM,1924,0.136,0.232,1
Guatemala,GTM,1925,0.136,0.232,1
Guatemala,GTM,1926,0.137,0.232,1
Guatemala,GTM,1927,0.137,0.232,1
Guatemala,GTM,1928,0.137,0.232,1
Guatemala,GTM,1929,0.137,0.232,1
Guatemala,GTM,1930,0.129,0.231,1
Guatemala,GTM,1931,0.104,0.183,1
Guatemala,GTM,1932,0.102,0.184,1
Guatemala,GTM,1933,0.102,0.184,1
Guatemala,GTM,1934,0.102,0.184,1
Guatemala,GTM,1935,0.1,0.184,0
Guatemala,GTM,1936,0.099,0.182,0
Guatemala,GTM,1937,0.096,0.182,0
Guatemala,GTM,1938,0.096,0.182,0
Guatemala,GTM,1939,0.096,0.182,0
Guatemala,GTM,1940,0.098,0.182,0
Guatemala,GTM,1941,0.098,0.182,0
Guatemala,GTM,1942,0.098,0.182,0
Guatemala,GTM,1943,0.098,0.18,0
Guatemala,GTM,1944,0.136,0.241,1
Guatemala,GTM,1945,0.292,0.496,1
Guatemala,GTM,1946,0.361,0.495,1
Guatemala,GTM,1947,0.389,0.492,1
Guatemala,GTM,1948,0.39,0.48,1
Guatemala,GTM,1949,0.381,0.479,1
Guatemala,GTM,1950,0.381,0.472,1
Guatemala,GTM,1951,0.381,0.472,1
Guatemala,GTM,1952,0.38,0.469,1
Guatemala,GTM,1953,0.373,0.384,1
Guatemala,GTM,1954,0.243,0.292,1
Guatemala,GTM,1955,0.079,0.194,0
Guatemala,GTM,1956,0.086,0.231,0
Guatemala,GTM,1957,0.101,0.231,0
Guatemala,GTM,1958,0.152,0.24,0
Guatemala,GTM,1959,0.154,0.24,0
Guatemala,GTM,1960,0.154,0.236,0
Guatemala,GTM,1961,0.157,0.236,0
Guatemala,GTM,1962,0.156,0.229,0
Guatemala,GTM,1963,0.102,0.199,0
Guatemala,GTM,1964,0.088,0.192,0
Guatemala,GTM,1965,0.086,0.192,0
Guatemala,GTM,1966,0.128,0.249,1
Guatemala,GTM,1967,0.184,0.25,1
Guatemala,GTM,1968,0.184,0.246,1
Guatemala,GTM,1969,0.184,0.245,1
Guatemala,GTM,1970,0.176,0.228,1
Guatemala,GTM,1971,0.171,0.228,1
Guatemala,GTM,1972,0.171,0.228,1
Guatemala,GTM,1973,0.173,0.227,1
Guatemala,GTM,1974,0.173,0.224,1
Guatemala,GTM,1975,0.174,0.228,1
Guatemala,GTM,1976,0.17,0.226,1
Guatemala,GTM,1977,0.17,0.221,1
Guatemala,GTM,1978,0.165,0.187,1
Guatemala,GTM,1979,0.163,0.186,1
Guatemala,GTM,1980,0.163,0.185,1
Guatemala,GTM,1981,0.163,0.185,1
Guatemala,GTM,1982,0.109,0.16,1
Guatemala,GTM,1983,0.095,0.166,0
Guatemala,GTM,1984,0.125,0.171,0
Guatemala,GTM,1985,0.149,0.199,1
Guatemala,GTM,1986,0.345,0.342,1
Guatemala,GTM,1987,0.37,0.405,1
Guatemala,GTM,1988,0.37,0.405,1
Guatemala,GTM,1989,0.37,0.405,1
Guatemala,GTM,1990,0.371,0.43,1
Guatemala,GTM,1991,0.382,0.424,1
Guatemala,GTM,1992,0.382,0.424,1
Guatemala,GTM,1993,0.385,0.446,1
Guatemala,GTM,1994,0.396,0.467,1
Guatemala,GTM,1995,0.412,0.481,1
Guatemala,GTM,1996,0.454,0.484,1
Guatemala,GTM,1997,0.489,0.494,1
Guatemala,GTM,1998,0.489,0.497,1
Guatemala,GTM,1999,0.491,0.509,1
Guatemala,GTM,2000,0.542,0.611,2
Guatemala,GTM,2001,0.542,0.613,2
Guatemala,GTM,2002,0.542,0.613,2
Guatemala,GTM,2003,0.543,0.613,2
Guatemala,GTM,2004,0.552,0.618,2
Guatemala,GTM,2005,0.552,0.627,2
Guatemala,GTM,2006,0.552,0.625,2
Guatemala,GTM,2007,0.563,0.634,2
Guatemala,GTM,2008,0.582,0.634,2
Guatemala,GTM,2009,0.58,0.635,2
Guatemala,GTM,2010,0.583,0.634,2
Guatemala,GTM,2011,0.581,0.628,2
Guatemala,GTM,2012,0.576,0.627,2
Guatemala,GTM,2013,0.574,0.669,2
Guatemala,GTM,2014,0.572,0.677,2
Guatemala,GTM,2015,0.587,0.686,2
Guatemala,GTM,2016,0.626,0.687,2
Guatemala,GTM,2017,0.621,0.678,2
Guatemala,GTM,2018,0.602,0.644,2
Guatemala,GTM,2019,0.597,0.65,2
Guatemala,GTM,2020,0.589,0.637,2
Guatemala,GTM,2021,0.555,0.586,2
Guatemala,GTM,2022,0.509,0.542,2
Guatemala,GTM,2023,0.506,0.603,2
Guatemala,GTM,2024,0.609,0.794,2
Guatemala,GTM,2025,0.637,0.814,2
Iran,IRN,1900,0.029,0.027,0
Iran,IRN,1901,0.029,0.027,0
Iran,IRN,1902,0.029,0.027,0
Iran,IRN,1903,0.029,0.027,0
Iran,IRN,1904,0.029,0.027,0
Iran,IRN,1905,0.029,0.027,0
Iran,IRN,1906,0.08,0.088,0
Iran,IRN,1907,0.121,0.203,0
Iran,IRN,1908,0.118,0.122,0
Iran,IRN,1909,0.106,0.068,0
Iran,IRN,1910,0.137,0.201,0
Iran,IRN,1911,0.136,0.205,0
Iran,IRN,1912,0.121,0.058,0
Iran,IRN,1913,0.121,0.058,0
Iran,IRN,1914,0.121,0.066,0
Iran,IRN,1915,0.121,0.198,0
Iran,IRN,1916,0.121,0.056,0
Iran,IRN,1917,0.121,0.056,0
Iran,IRN,1918,0.121,0.056,0
Iran,IRN,1919,0.121,0.056,0
Iran,IRN,1920,0.121,0.055,0
Iran,IRN,1921,0.088,0.055,0
Iran,IRN,1922,0.145,0.168,0
Iran,IRN,1923,0.113,0.173,0
Iran,IRN,1924,0.115,0.166,0
Iran,IRN,1925,0.08,0.107,0
Iran,IRN,1926,0.056,0.103,0
Iran,IRN,1927,0.115,0.106,0
Iran,IRN,1928,0.115,0.106,0
Iran,IRN,1929,0.115,0.106,0
Iran,IRN,1930,0.115,0.106,0
Iran,IRN,1931,0.115,0.106,0
Iran,IRN,1932,0.114,0.106,0
Iran,IRN,1933,0.113,0.106,0
Iran,IRN,1934,0.113,0.122,0
Iran,IRN,1935,0.113,0.122,0
Iran,IRN,1936,0.113,0.122,0
Iran,IRN,1937,0.113,0.122,0
Iran,IRN,1938,0.113,0.122,0
Iran,IRN,1939,0.113,0.122,0
Iran,IRN,1940,0.113,0.122,0
Iran,IRN,1941,0.1,0.163,0
Iran,IRN,1942,0.122,0.279,0
Iran,IRN,1943,0.127,0.279,0
Iran,IRN,1944,0.158,0.279,0
Iran,IRN,1945,0.164,0.312,0
Iran,IRN,1946,0.161,0.312,0
Iran,IRN,1947,0.161,0.312,0
Iran,IRN,1948,0.159,0.312,0
Iran,IRN,1949,0.159,0.312,0
Iran,IRN,1950,0.156,0.37,0
Iran,IRN,1951,0.185,0.376,0
Iran,IRN,1952,0.205,0.376,0
Iran,IRN,1953,0.118,0.301,0
Iran,IRN,1954,0.058,0.232,0
Iran,IRN,1955,0.102,0.252,0
Iran,IRN,1956,0.057,0.239,0
Iran,IRN,1957,0.058,0.239,0
Iran,IRN,1958,0.058,0.239,0
Iran,IRN,1959,0.058,0.243,0
Iran,IRN,1960,0.061,0.247,0
Iran,IRN,1961,0.061,0.252,0
Iran,IRN,1962,0.06,0.267,0
Iran,IRN,1963,0.061,0.269,0
Iran,IRN,1964,0.109,0.275,0
Iran,IRN,1965,0.11,0.275,0
Iran,IRN,1966,0.11,0.275,0
Iran,IRN,1967,0.11,0.275,0
Iran,IRN,1968,0.111,0.281,0
Iran,IRN,1969,0.111,0.281,0
Iran,IRN,1970,0.113,0.282,0
Iran,IRN,1971,0.113,0.282,0
Iran,IRN,1972,0.113,0.282,0
Iran,IRN,1973,0.113,0.282,0
Iran,IRN,1974,0.113,0.282,0
Iran,IRN,1975,0.107,0.277,0
Iran,IRN,1976,0.107,0.277,0
Iran,IRN,1977,0.107,0.277,0
Iran,IRN,1978,0.11,0.276,0
Iran,IRN,1979,0.159,0.229,0
Iran,IRN,1980,0.167,0.262,1
Iran,IRN,1981,0.121,0.316,1
Iran,IRN,1982,0.106,0.315,1
Iran,IRN,1983,0.104,0.295,1
Iran,IRN,1984,0.108,0.306,1
Iran,IRN,1985,0.109,0.31,1
Iran,IRN,1986,0.109,0.31,1
Iran,IRN,1987,0.171,0.31,1
Iran,IRN,1988,0.177,0.31,1
Iran,IRN,1989,0.168,0.332,1
Iran,IRN,1990,0.16,0.35,1
Iran,IRN,1991,0.16,0.35,1
Iran,IRN,1992,0.159,0.34,1
Iran,IRN,1993,0.162,0.371,1
Iran,IRN,1994,0.165,0.377,1
Iran,IRN,1995,0.165,0.377,1
Iran,IRN,1996,0.174,0.382,1
Iran,IRN,1997,0.218,0.429,1
Iran,IRN,1998,0.231,0.448,1
Iran,IRN,1999,0.234,0.448,1
Iran,IRN,2000,0.233,0.457,1
Iran,IRN,2001,0.234,0.431,1
Iran,IRN,2002,0.232,0.431,1
Iran,IRN,2003,0.232,0.431,1
Iran,IRN,2004,0.207,0.417,1
Iran,IRN,2005,0.177,0.395,1
Iran,IRN,2006,0.173,0.393,1
Iran,IRN,2007,0.173,0.395,1
Iran,IRN,2008,0.167,0.394,1
Iran,IRN,2009,0.158,0.391,1
Iran,IRN,2010,0.144,0.386,1
Iran,IRN,2011,0.145,0.388,1
Iran,IRN,2012,0.158,0.388,1
Iran,IRN,2013,0.174,0.401,1
Iran,IRN,2014,0.183,0.4,1
Iran,IRN,2015,0.186,0.415,1
Iran,IRN,2016,0.186,0.421,1
Iran,IRN,2017,0.185,0.411,1
Iran,IRN,2018,0.182,0.4,1
Iran,IRN,2019,0.181,0.387,1
Iran,IRN,2020,0.165,0.373,1
Iran,IRN,2021,0.158,0.28,0
Iran,IRN,2022,0.148,0.241,0
Iran,IRN,2023,0.153,0.231,0
Iran,IRN,2024,0.166,0.264,1
Iran,IRN,2025,0.159,0.32,1
Iraq,IRQ,1920,0.082,0.402,0
Iraq,IRQ,1921,0.082,0.402,0
Iraq,IRQ,1922,0.107,0.402,0
Iraq,IRQ,1923,0.107,0.402,0
Iraq,IRQ,1924,0.106,0.402,0
Iraq,IRQ,1925,0.111,0.498,0
Iraq,IRQ,1926,0.115,0.571,0
Iraq,IRQ,1927,0.114,0.571,0
Iraq,IRQ,1928,0.115,0.571,0
Iraq,IRQ,1929,0.115,0.571,0
Iraq,IRQ,1930,0.115,0.574,0
Iraq,IRQ,1931,0.112,0.574,0
Iraq,IRQ,1932,0.119,0.566,0
Iraq,IRQ,1933,0.144,0.566,0
Iraq,IRQ,1934,0.144,0.566,0
Iraq,IRQ,1935,0.144,0.566,0
Iraq,IRQ,1936,0.142,0.566,0
Iraq,IRQ,1937,0.141,0.566,0
Iraq,IRQ,1938,0.142,0.566,0
Iraq,IRQ,1939,0.144,0.566,0
Iraq,IRQ,1940,0.144,0.569,0
Iraq,IRQ,1941,0.138,0.569,0
Iraq,IRQ,1942,0.136,0.569,0
Iraq,IRQ,1943,0.136,0.569,0
Iraq,IRQ,1944,0.136,0.569,0
Iraq,IRQ,1945,0.136,0.552,0
Iraq,IRQ,1946,0.139,0.55,0
Iraq,IRQ,1947,0.143,0.55,0
Iraq,IRQ,1948,0.143,0.55,0
Iraq,IRQ,1949,0.144,0.55,0
Iraq,IRQ,1950,0.144,0.557,0
Iraq,IRQ,1951,0.144,0.557,0
Iraq,IRQ,1952,0.145,0.557,0
Iraq,IRQ,1953,0.178,0.557,1
Iraq,IRQ,1954,0.179,0.537,1
Iraq,IRQ,1955,0.21,0.557,1
Iraq,IRQ,1956,0.21,0.557,1
Iraq,IRQ,1957,0.21,0.557,1
Iraq,IRQ,1958,0.154,0.408,0
Iraq,IRQ,1959,0.097,0.278,0
Iraq,IRQ,1960,0.098,0.278,0
Iraq,IRQ,1961,0.09,0.271,0
Iraq,IRQ,1962,0.091,0.27,0
Iraq,IRQ,1963,0.069,0.193,0
Iraq,IRQ,1964,0.07,0.239,0
Iraq,IRQ,1965,0.073,0.245,0
Iraq,IRQ,1966,0.076,0.245,0
Iraq,IRQ,1967,0.08,0.251,0
Iraq,IRQ,1968,0.056,0.264,0
Iraq,IRQ,1969,0.051,0.244,0
Iraq,IRQ,1970,0.052,0.233,0
Iraq,IRQ,1971,0.052,0.233,0
Iraq,IRQ,1972,0.052,0.233,0
Iraq,IRQ,1973,0.052,0.233,0
Iraq,IRQ,1974,0.053,0.233,0
Iraq,IRQ,1975,0.051,0.233,0
Iraq,IRQ,1976,0.052,0.233,0
Iraq,IRQ,1977,0.05,0.233,0
Iraq,IRQ,1978,0.05,0.233,0
Iraq,IRQ,1979,0.046,0.222,0
Iraq,IRQ,1980,0.046,0.213,0
Iraq,IRQ,1981,0.081,0.238,0
Iraq,IRQ,1982,0.081,0.236,0
Iraq,IRQ,1983,0.081,0.236,0
Iraq,IRQ,1984,0.081,0.236,0
Iraq,IRQ,1985,0.081,0.236,0
Iraq,IRQ,1986,0.081,0.236,0
Iraq,IRQ,1987,0.081,0.236,0
Iraq,IRQ,1988,0.081,0.236,0
Iraq,IRQ,1989,0.081,0.236,0
Iraq,IRQ,1990,0.081,0.222,0
Iraq,IRQ,1991,0.08,0.212,0
Iraq,IRQ,1992,0.08,0.212,0
Iraq,IRQ,1993,0.082,0.212,0
Iraq,IRQ,1994,0.083,0.212,0
Iraq,IRQ,1995,0.097,0.212,1
Iraq,IRQ,1996,0.146,0.212,1
Iraq,IRQ,1997,0.146,0.212,1
Iraq,IRQ,1998,0.146,0.212,1
Iraq,IRQ,1999,0.146,0.212,1
Iraq,IRQ,2000,0.145,0.208,0
Iraq,IRQ,2001,0.147,0.208,0
Iraq,IRQ,2002,0.147,0.302,0
Iraq,IRQ,2003,0.184,0.349,0
Iraq,IRQ,2004,0.21,0.296,0
Iraq,IRQ,2005,0.237,0.27,1
Iraq,IRQ,2006,0.397,0.468,1
Iraq,IRQ,2007,0.426,0.516,1
Iraq,IRQ,2008,0.426,0.517,1
Iraq,IRQ,2009,0.425,0.507,1
Iraq,IRQ,2010,0.414,0.509,1
Iraq,IRQ,2011,0.413,0.505,1
Iraq,IRQ,2012,0.41,0.505,1
Iraq,IRQ,2013,0.414,0.469,1
Iraq,IRQ,2014,0.403,0.482,1
Iraq,IRQ,2015,0.396,0.487,1
Iraq,IRQ,2016,0.39,0.504,1
Iraq,IRQ,2017,0.375,0.503,1
Iraq,IRQ,2018,0.398,0.489,1
Iraq,IRQ,2019,0.393,0.468,1
Iraq,IRQ,2020,0.376,0.446,1
Iraq,IRQ,2021,0.374,0.465,1
Iraq,IRQ,2022,0.385,0.41,1
Iraq,IRQ,2023,0.371,0.439,1
Iraq,IRQ,2024,0.361,0.457,1
Iraq,IRQ,2025,0.369,0.475,1
Ireland,IRL,1919,0.273,0.644,0
Ireland,IRL,1920,0.279,0.635,0
Ireland,IRL,1921,0.439,0.638,1
Ireland,IRL,1922,0.6,0.719,2
Ireland,IRL,1923,0.643,0.793,2
Ireland,IRL,1924,0.723,0.831,3
Ireland,IRL,1925,0.723,0.837,3
Ireland,IRL,1926,0.723,0.846,3
Ireland,IRL,1927,0.728,0.846,3
Ireland,IRL,1928,0.74,0.846,3
Ireland,IRL,1929,0.74,0.851,3
Ireland,IRL,1930,0.74,0.851,3
Ireland,IRL,1931,0.74,0.851,3
Ireland,IRL,1932,0.748,0.851,3
Ireland,IRL,1933,0.75,0.851,3
Ireland,IRL,1934,0.75,0.851,3
Ireland,IRL,1935,0.75,0.856,3
Ireland,IRL,1936,0.759,0.856,3
Ireland,IRL,1937,0.76,0.856,3
Ireland,IRL,1938,0.756,0.856,3
Ireland,IRL,1939,0.741,0.856,3
Ireland,IRL,1940,0.741,0.856,3
Ireland,IRL,1941,0.741,0.856,3
Ireland,IRL,1942,0.741,0.856,3
Ireland,IRL,1943,0.744,0.856,3
Ireland,IRL,1944,0.747,0.856,3
Ireland,IRL,1945,0.75,0.856,3
Ireland,IRL,1946,0.766,0.856,3
Ireland,IRL,1947,0.766,0.856,3
Ireland,IRL,1948,0.767,0.85,3
Ireland,IRL,1949,0.777,0.857,3
Ireland,IRL,1950,0.777,0.862,3
Ireland,IRL,1951,0.775,0.859,3
Ireland,IRL,1952,0.776,0.863,3
Ireland,IRL,1953,0.776,0.863,3
Ireland,IRL,1954,0.776,0.863,3
Ireland,IRL,1955,0.776,0.863,3
Ireland,IRL,1956,0.776,0.863,3
Ireland,IRL,1957,0.778,0.866,3
Ireland,IRL,1958,0.778,0.867,3
Ireland,IRL,1959,0.778,0.867,3
Ireland,IRL,1960,0.783,0.867,3
Ireland,IRL,1961,0.79,0.867,3
Ireland,IRL,1962,0.804,0.867,3
Ireland,IRL,1963,0.803,0.867,3
Ireland,IRL,1964,0.811,0.868,3
Ireland,IRL,1965,0.808,0.869,3
Ireland,IRL,1966,0.809,0.869,3
Ireland,IRL,1967,0.811,0.869,3
Ireland,IRL,1968,0.811,0.869,3
Ireland,IRL,1969,0.809,0.869,3
Ireland,IRL,1970,0.819,0.869,3
Ireland,IRL,1971,0.819,0.871,3
Ireland,IRL,1972,0.819,0.871,3
Ireland,IRL,1973,0.816,0.871,3
Ireland,IRL,1974,0.824,0.884,3
Ireland,IRL,1975,0.824,0.884,3
Ireland,IRL,1976,0.824,0.884,3
Ireland,IRL,1977,0.824,0.884,3
Ireland,IRL,1978,0.825,0.884,3
Ireland,IRL,1979,0.825,0.884,3
Ireland,IRL,1980,0.825,0.884,3
Ireland,IRL,1981,0.831,0.884,3
Ireland,IRL,1982,0.83,0.878,3
Ireland,IRL,1983,0.829,0.884,3
Ireland,IRL,1984,0.829,0.893,3
Ireland,IRL,1985,0.833,0.893,3
Ireland,IRL,1986,0.833,0.9,3
Ireland,IRL,1987,0.842,0.9,3
Ireland,IRL,1988,0.843,0.9,3
Ireland,IRL,1989,0.841,0.9,3
Ireland,IRL,1990,0.851,0.894,3
Ireland,IRL,1991,0.866,0.899,3
Ireland,IRL,1992,0.867,0.906,3
Ireland,IRL,1993,0.871,0.906,3
Ireland,IRL,1994,0.871,0.906,3
Ireland,IRL,1995,0.871,0.906,3
Ireland,IRL,1996,0.875,0.906,3
Ireland,IRL,1997,0.878,0.917,3
Ireland,IRL,1998,0.88,0.917,3
Ireland,IRL,1999,0.88,0.917,3
Ireland,IRL,2000,0.885,0.917,3
Ireland,IRL,2001,0.885,0.917,3
Ireland,IRL,2002,0.883,0.917,3
Ireland,IRL,2003,0.882,0.917,3
Ireland,IRL,2004,0.882,0.917,3
Ireland,IRL,2005,0.882,0.917,3
Ireland,IRL,2006,0.882,0.917,3
Ireland,IRL,2007,0.891,0.917,3
Ireland,IRL,2008,0.896,0.917,3
Ireland,IRL,2009,0.896,0.917,3
Ireland,IRL,2010,0.896,0.917,3
Ireland,IRL,2011,0.896,0.917,3
Ireland,IRL,2012,0.897,0.918,3
Ireland,IRL,2013,0.895,0.923,3
Ireland,IRL,2014,0.895,0.923,3
Ireland,IRL,2015,0.895,0.923,3
Ireland,IRL,2016,0.886,0.923,3
Ireland,IRL,2017,0.887,0.932,3
Ireland,IRL,2018,0.89,0.93,3
Ireland,IRL,2019,0.887,0.934,3
Ireland,IRL,2020,0.891,0.932,3
Ireland,IRL,2021,0.898,0.932,3
Ireland,IRL,2022,0.892,0.934,3
Ireland,IRL,2023,0.894,0.934,3
Ireland,IRL,2024,0.895,0.934,3
Ireland,IRL,2025,0.887,0.934,3
Italy,ITA,1900,0.307,0.635,1
Italy,ITA,1901,0.303,0.636,1
Italy,ITA,1902,0.303,0.638,1
Italy,ITA,1903,0.303,0.638,1
Italy,ITA,1904,0.304,0.638,1
Italy,ITA,1905,0.308,0.638,1
Italy,ITA,1906,0.308,0.638,1
Italy,ITA,1907,0.308,0.638,1
Italy,ITA,1908,0.308,0.641,1
Italy,ITA,1909,0.306,0.641,1
Italy,ITA,1910,0.307,0.641,1
Italy,ITA,1911,0.309,0.641,1
Italy,ITA,1912,0.309,0.641,1
Italy,ITA,1913,0.367,0.64,1
Italy,ITA,1914,0.364,0.625,1
Italy,ITA,1915,0.34,0.591,1
Italy,ITA,1916,0.339,0.59,1
Italy,ITA,1917,0.339,0.589,1
Italy,ITA,1918,0.338,0.59,1
Italy,ITA,1919,0.367,0.644,1
Italy,ITA,1920,0.375,0.647,1
Italy,ITA,1921,0.362,0.647,1
Italy,ITA,1922,0.301,0.588,1
Italy,ITA,1923,0.26,0.295,1
Italy,ITA,1924,0.186,0.27,0
Italy,ITA,1925,0.088,0.167,0
Italy,ITA,1926,0.068,0.126,0
Italy,ITA,1927,0.068,0.125,0
Italy,ITA,1928,0.068,0.124,0
Italy,ITA,1929,0.06,0.119,0
Italy,ITA,1930,0.058,0.121,0
Italy,ITA,1931,0.057,0.121,0
Italy,ITA,1932,0.057,0.121,0
Italy,ITA,1933,0.058,0.122,0
Italy,ITA,1934,0.054,0.122,0
Italy,ITA,1935,0.053,0.122,0
Italy,ITA,1936,0.053,0.122,0
Italy,ITA,1937,0.054,0.122,0
Italy,ITA,1938,0.054,0.116,0
Italy,ITA,1939,0.054,0.117,0
Italy,ITA,1940,0.054,0.124,0
Italy,ITA,1941,0.054,0.124,0
Italy,ITA,1942,0.054,0.124,0
Italy,ITA,1943,0.052,0.115,0
Italy,ITA,1944,0.1,0.332,0
Italy,ITA,1945,0.132,0.401,0
Italy,ITA,1946,0.429,0.72,1
Italy,ITA,1947,0.629,0.763,2
Italy,ITA,1948,0.623,0.798,2
Italy,ITA,1949,0.678,0.796,2
Italy,ITA,1950,0.678,0.796,2
Italy,ITA,1951,0.678,0.796,2
Italy,ITA,1952,0.678,0.796,2
Italy,ITA,1953,0.684,0.796,2
Italy,ITA,1954,0.688,0.796,2
Italy,ITA,1955,0.688,0.796,2
Italy,ITA,1956,0.705,0.836,2
Italy,ITA,1957,0.705,0.836,2
Italy,ITA,1958,0.709,0.836,2
Italy,ITA,1959,0.711,0.836,2
Italy,ITA,1960,0.727,0.837,2
Italy,ITA,1961,0.727,0.837,2
Italy,ITA,1962,0.727,0.841,2
Italy,ITA,1963,0.728,0.848,2
Italy,ITA,1964,0.729,0.848,2
Italy,ITA,1965,0.729,0.848,2
Italy,ITA,1966,0.729,0.848,2
Italy,ITA,1967,0.729,0.848,2
Italy,ITA,1968,0.729,0.854,2
Italy,ITA,1969,0.732,0.852,2
Italy,ITA,1970,0.744,0.865,3
Italy,ITA,1971,0.741,0.866,3
Italy,ITA,1972,0.742,0.866,3
Italy,ITA,1973,0.748,0.865,3
Italy,ITA,1974,0.748,0.865,3
Italy,ITA,1975,0.752,0.871,3
Italy,ITA,1976,0.758,0.877,3
Italy,ITA,1977,0.764,0.88,3
Italy,ITA,1978,0.764,0.88,3
Italy,ITA,1979,0.763,0.88,3
Italy,ITA,1980,0.792,0.884,3
Italy,ITA,1981,0.802,0.888,3
Italy,ITA,1982,0.802,0.887,3
Italy,ITA,1983,0.806,0.887,3
Italy,ITA,1984,0.819,0.887,3
Italy,ITA,1985,0.819,0.887,3
Italy,ITA,1986,0.819,0.887,3
Italy,ITA,1987,0.82,0.887,3
Italy,ITA,1988,0.821,0.887,3
Italy,ITA,1989,0.821,0.887,3
Italy,ITA,1990,0.821,0.895,3
Italy,ITA,1991,0.829,0.895,3
Italy,ITA,1992,0.831,0.904,3
Italy,ITA,1993,0.835,0.902,3
Italy,ITA,1994,0.83,0.899,3
Italy,ITA,1995,0.828,0.904,3
Italy,ITA,1996,0.835,0.904,3
Italy,ITA,1997,0.843,0.904,3
Italy,ITA,1998,0.843,0.904,3
Italy,ITA,1999,0.843,0.904,3
Italy,ITA,2000,0.84,0.904,3
Italy,ITA,2001,0.833,0.901,3
Italy,ITA,2002,0.837,0.903,3
Italy,ITA,2003,0.837,0.907,3
Italy,ITA,2004,0.837,0.907,3
Italy,ITA,2005,0.846,0.907,3
Italy,ITA,2006,0.852,0.917,3
Italy,ITA,2007,0.861,0.913,3
Italy,ITA,2008,0.855,0.901,3
Italy,ITA,2009,0.857,0.908,3
Italy,ITA,2010,0.856,0.909,3
Italy,ITA,2011,0.862,0.917,3
Italy,ITA,2012,0.869,0.914,3
Italy,ITA,2013,0.864,0.917,3
Italy,ITA,2014,0.865,0.917,3
Italy,ITA,2015,0.865,0.917,3
Italy,ITA,2016,0.869,0.917,3
Italy,ITA,2017,0.87,0.921,3
Italy,ITA,2018,0.864,0.915,3
Italy,ITA,2019,0.854,0.918,3
Italy,ITA,2020,0.857,0.907,3
Italy,ITA,2021,0.857,0.908,3
Italy,ITA,2022,0.842,0.913,3
Italy,ITA,2023,0.806,0.913,3
Italy,ITA,2024,0.784,0.881,3
Italy,ITA,2025,0.745,0.866,3
Jordan,JOR,1922,0.064,0.354,0
Jordan,JOR,1923,0.068,0.354,0
Jordan,JOR,1924,0.099,0.354,0
Jordan,JOR,1925,0.099,0.354,0
Jordan,JOR,1926,0.099,0.354,0
Jordan,JOR,1927,0.099,0.354,0
Jordan,JOR,1928,0.099,0.354,0
Jordan,JOR,1929,0.102,0.54,0
Jordan,JOR,1930,0.102,0.554,0
Jordan,JOR,1931,0.102,0.554,0
Jordan,JOR,1932,0.102,0.554,0
Jordan,JOR,1933,0.102,0.546,0
Jordan,JOR,1934,0.102,0.549,0
Jordan,JOR,1935,0.102,0.56,0
Jordan,JOR,1936,0.102,0.56,0
Jordan,JOR,1937,0.102,0.56,0
Jordan,JOR,1938,0.102,0.56,0
Jordan,JOR,1939,0.102,0.56,0
Jordan,JOR,1940,0.101,0.56,0
Jordan,JOR,1941,0.101,0.56,0
Jordan,JOR,1942,0.101,0.56,0
Jordan,JOR,1943,0.101,0.56,0
Jordan,JOR,1944,0.101,0.56,0
Jordan,JOR,1945,0.101,0.56,0
Jordan,JOR,1946,0.102,0.563,0
Jordan,JOR,1947,0.108,0.566,0
Jordan,JOR,1948,0.131,0.568,0
Jordan,JOR,1949,0.131,0.568,0
Jordan,JOR,1950,0.129,0.573,0
Jordan,JOR,1951,0.132,0.569,0
Jordan,JOR,1952,0.165,0.576,1
Jordan,JOR,1953,0.164,0.584,0
Jordan,JOR,1954,0.154,0.584,0
Jordan,JOR,1955,0.16,0.584,0
Jordan,JOR,1956,0.162,0.592,0
Jordan,JOR,1957,0.141,0.575,0
Jordan,JOR,1958,0.14,0.549,0
Jordan,JOR,1959,0.14,0.549,0
Jordan,JOR,1960,0.14,0.547,0
Jordan,JOR,1961,0.137,0.547,0
Jordan,JOR,1962,0.125,0.572,0
Jordan,JOR,1963,0.124,0.572,0
Jordan,JOR,1964,0.124,0.566,0
Jordan,JOR,1965,0.124,0.567,0
Jordan,JOR,1966,0.124,0.567,0
Jordan,JOR,1967,0.126,0.558,0
Jordan,JOR,1968,0.124,0.555,0
Jordan,JOR,1969,0.124,0.555,0
Jordan,JOR,1970,0.124,0.56,0
Jordan,JOR,1971,0.121,0.568,0
Jordan,JOR,1972,0.121,0.555,0
Jordan,JOR,1973,0.121,0.555,0
Jordan,JOR,1974,0.121,0.555,0
Jordan,JOR,1975,0.128,0.377,0
Jordan,JOR,1976,0.128,0.377,0
Jordan,JOR,1977,0.128,0.377,0
Jordan,JOR,1978,0.128,0.377,0
Jordan,JOR,1979,0.128,0.377,0
Jordan,JOR,1980,0.128,0.404,0
Jordan,JOR,1981,0.128,0.404,0
Jordan,JOR,1982,0.128,0.404,0
Jordan,JOR,1983,0.128,0.404,0
Jordan,JOR,1984,0.128,0.577,0
Jordan,JOR,1985,0.128,0.598,0
Jordan,JOR,1986,0.128,0.598,0
Jordan,JOR,1987,0.128,0.598,0
Jordan,JOR,1988,0.13,0.598,0
Jordan,JOR,1989,0.15,0.598,0
Jordan,JOR,1990,0.22,0.586,0
Jordan,JOR,1991,0.221,0.586,0
Jordan,JOR,1992,0.227,0.578,0
Jordan,JOR,1993,0.235,0.578,0
Jordan,JOR,1994,0.227,0.578,0
Jordan,JOR,1995,0.227,0.578,0
Jordan,JOR,1996,0.227,0.578,0
Jordan,JOR,1997,0.224,0.578,0
Jordan,JOR,1998,0.224,0.578,0
Jordan,JOR,1999,0.222,0.583,0
Jordan,JOR,2000,0.186,0.401,0
Jordan,JOR,2001,0.185,0.401,0
Jordan,JOR,2002,0.185,0.401,0
Jordan,JOR,2003,0.208,0.45,0
Jordan,JOR,2004,0.228,0.598,0
Jordan,JOR,2005,0.228,0.602,0
Jordan,JOR,2006,0.229,0.602,0
Jordan,JOR,2007,0.229,0.602,0
Jordan,JOR,2008,0.232,0.602,0
Jordan,JOR,2009,0.233,0.602,0
Jordan,JOR,2010,0.239,0.61,0
Jordan,JOR,2011,0.247,0.617,0
Jordan,JOR,2012,0.246,0.624,0
Jordan,JOR,2013,0.255,0.622,0
Jordan,JOR,2014,0.255,0.627,0
Jordan,JOR,2015,0.255,0.627,0
Jordan,JOR,2016,0.239,0.556,0
Jordan,JOR,2017,0.263,0.649,0
Jordan,JOR,2018,0.261,0.688,0
Jordan,JOR,2019,0.26,0.68,0
Jordan,JOR,2020,0.258,0.683,0
Jordan,JOR,2021,0.257,0.714,0
Jordan,JOR,2022,0.256,0.7,0
Jordan,JOR,2023,0.252,0.722,0
Jordan,JOR,2024,0.274,0.759,0
Jordan,JOR,2025,0.282,0.757,0
Latvia,LVA,1920,0.374,0.565,1
Latvia,LVA,1921,0.374,0.569,1
Latvia,LVA,1922,0.43,0.601,1
Latvia,LVA,1923,0.741,0.815,2
Latvia,LVA,1924,0.745,0.815,2
Latvia,LVA,1925,0.744,0.815,2
Latvia,LVA,1926,0.742,0.815,2
Latvia,LVA,1927,0.742,0.815,2
Latvia,LVA,1928,0.74,0.815,2
Latvia,LVA,1929,0.733,0.815,2
Latvia,LVA,1930,0.733,0.815,2
Latvia,LVA,1931,0.734,0.815,2
Latvia,LVA,1932,0.737,0.815,2
Latvia,LVA,1933,0.737,0.815,2
Latvia,LVA,1934,0.329,0.569,0
Latvia,LVA,1935,0.135,0.486,0
Latvia,LVA,1936,0.133,0.481,0
Latvia,LVA,1937,0.135,0.481,0
Latvia,LVA,1938,0.136,0.481,0
Latvia,LVA,1939,0.136,0.481,0
Latvia,LVA,1990,0.562,0.705,2
Latvia,LVA,1991,0.594,0.823,2
Latvia,LVA,1992,0.674,0.826,2
Latvia,LVA,1993,0.749,0.834,2
Latvia,LVA,1994,0.8,0.844,2
Latvia,LVA,1995,0.799,0.833,2
Latvia,LVA,1996,0.788,0.857,2
Latvia,LVA,1997,0.808,0.857,2
Latvia,LVA,1998,0.809,0.857,2
Latvia,LVA,1999,0.816,0.857,2
Latvia,LVA,2000,0.816,0.859,2
Latvia,LVA,2001,0.816,0.859,2
Latvia,LVA,2002,0.815,0.865,2
Latvia,LVA,2003,0.822,0.865,2
Latvia,LVA,2004,0.822,0.866,2
Latvia,LVA,2005,0.822,0.858,2
Latvia,LVA,2006,0.814,0.858,2
Latvia,LVA,2007,0.793,0.866,2
Latvia,LVA,2008,0.792,0.868,2
Latvia,LVA,2009,0.793,0.881,3
Latvia,LVA,2010,0.798,0.887,3
Latvia,LVA,2011,0.816,0.889,3
Latvia,LVA,2012,0.82,0.893,3
Latvia,LVA,2013,0.83,0.901,2
Latvia,LVA,2014,0.832,0.904,3
Latvia,LVA,2015,0.838,0.905,3
Latvia,LVA,2016,0.84,0.893,2
Latvia,LVA,2017,0.833,0.9,3
Latvia,LVA,2018,0.832,0.903,3
Latvia,LVA,2019,0.826,0.903,3
Latvia,LVA,2020,0.822,0.905,3
Latvia,LVA,2021,0.831,0.894,3
Latvia,LVA,2022,0.829,0.899,3
Latvia,LVA,2023,0.846,0.906,3
Latvia,LVA,2024,0.834,0.92,3
Latvia,LVA,2025,0.834,0.908,3
Lesotho,LSO,1900,0.045,0.307,0
Lesotho,LSO,1901,0.045,0.307,0
Lesotho,LSO,1902,0.045,0.307,0
Lesotho,LSO,1903,0.045,0.307,0
Lesotho,LSO,1904,0.045,0.307,0
Lesotho,LSO,1905,0.045,0.307,0
Lesotho,LSO,1906,0.045,0.307,0
Lesotho,LSO,1907,0.045,0.307,0
Lesotho,LSO,1908,0.045,0.307,0
Lesotho,LSO,1909,0.045,0.307,0
Lesotho,LSO,1910,0.045,0.31,0
Lesotho,LSO,1911,0.045,0.31,0
Lesotho,LSO,1912,0.045,0.31,0
Lesotho,LSO,1913,0.045,0.31,0
Lesotho,LSO,1914,0.045,0.31,0
Lesotho,LSO,1915,0.045,0.31,0
Lesotho,LSO,1916,0.045,0.31,0
Lesotho,LSO,1917,0.045,0.31,0
Lesotho,LSO,1918,0.045,0.31,0
Lesotho,LSO,1919,0.045,0.31,0
Lesotho,LSO,1920,0.045,0.31,0
Lesotho,LSO,1921,0.045,0.31,0
Lesotho,LSO,1922,0.045,0.31,0
Lesotho,LSO,1923,0.045,0.31,0
Lesotho,LSO,1924,0.045,0.31,0
Lesotho,LSO,1925,0.045,0.31,0
Lesotho,LSO,1926,0.045,0.31,0
Lesotho,LSO,1927,0.045,0.31,0
Lesotho,LSO,1928,0.045,0.31,0
Lesotho,LSO,1929,0.045,0.31,0
Lesotho,LSO,1930,0.045,0.31,0
Lesotho,LSO,1931,0.045,0.31,0
Lesotho,LSO,1932,0.045,0.31,0
Lesotho,LSO,1933,0.045,0.31,0
Lesotho,LSO,1934,0.045,0.31,0
Lesotho,LSO,1935,0.045,0.31,0
Lesotho,LSO,1936,0.045,0.31,0
Lesotho,LSO,1937,0.045,0.31,0
Lesotho,LSO,1938,0.045,0.31,0
Lesotho,LSO,1939,0.045,0.31,0
Lesotho,LSO,1940,0.045,0.31,0
Lesotho,LSO,1941,0.045,0.31,0
Lesotho,LSO,1942,0.045,0.31,0
Lesotho,LSO,1943,0.045,0.31,0
Lesotho,LSO,1944,0.045,0.31,0
Lesotho,LSO,1945,0.045,0.31,0
Lesotho,LSO,1946,0.045,0.31,0
Lesotho,LSO,1947,0.045,0.31,0
Lesotho,LSO,1948,0.045,0.31,0
Lesotho,LSO,1949,0.045,0.31,0
Lesotho,LSO,1950,0.052,0.339,0
Lesotho,LSO,1951,0.052,0.339,0
Lesotho,LSO,1952,0.073,0.339,0
Lesotho,LSO,1953,0.073,0.339,0
Lesotho,LSO,1954,0.073,0.339,0
Lesotho,LSO,1955,0.073,0.339,0
Lesotho,LSO,1956,0.073,0.339,0
Lesotho,LSO,1957,0.073,0.339,0
Lesotho,LSO,1958,0.073,0.339,0
Lesotho,LSO,1959,0.073,0.339,0
Lesotho,LSO,1960,0.089,0.359,0
Lesotho,LSO,1961,0.089,0.362,0
Lesotho,LSO,1962,0.089,0.398,0
Lesotho,LSO,1963,0.089,0.372,0
Lesotho,LSO,1964,0.089,0.374,0
Lesotho,LSO,1965,0.206,0.443,1
Lesotho,LSO,1966,0.273,0.56,1
Lesotho,LSO,1967,0.358,0.571,1
Lesotho,LSO,1968,0.358,0.571,1
Lesotho,LSO,1969,0.188,0.445,0
Lesotho,LSO,1970,0.141,0.366,1
Lesotho,LSO,1971,0.115,0.357,0
Lesotho,LSO,1972,0.115,0.357,0
Lesotho,LSO,1973,0.115,0.412,0
Lesotho,LSO,1974,0.115,0.412,0
Lesotho,LSO,1975,0.115,0.412,0
Lesotho,LSO,1976,0.115,0.412,0
Lesotho,LSO,1977,0.115,0.412,0
Lesotho,LSO,1978,0.117,0.412,0
Lesotho,LSO,1979,0.123,0.412,0
Lesotho,LSO,1980,0.123,0.421,0
Lesotho,LSO,1981,0.123,0.421,0
Lesotho,LSO,1982,0.123,0.42,0
Lesotho,LSO,1983,0.122,0.421,0
Lesotho,LSO,1984,0.122,0.421,0
Lesotho,LSO,1985,0.126,0.421,0
Lesotho,LSO,1986,0.119,0.366,0
Lesotho,LSO,1987,0.127,0.408,0
Lesotho,LSO,1988,0.127,0.408,0
Lesotho,LSO,1989,0.127,0.408,0
Lesotho,LSO,1990,0.159,0.601,0
Lesotho,LSO,1991,0.158,0.507,0
Lesotho,LSO,1992,0.158,0.515,0
Lesotho,LSO,1993,0.501,0.644,2
Lesotho,LSO,1994,0.469,0.628,1
Lesotho,LSO,1995,0.314,0.656,0
Lesotho,LSO,1996,0.314,0.665,0
Lesotho,LSO,1997,0.314,0.665,0
Lesotho,LSO,1998,0.371,0.656,1
Lesotho,LSO,1999,0.315,0.667,0
Lesotho,LSO,2000,0.315,0.665,0
Lesotho,LSO,2001,0.315,0.665,0
Lesotho,LSO,2002,0.496,0.691,1
Lesotho,LSO,2003,0.614,0.696,2
Lesotho,LSO,2004,0.614,0.695,2
Lesotho,LSO,2005,0.614,0.697,2
Lesotho,LSO,2006,0.614,0.701,2
Lesotho,LSO,2007,0.568,0.701,2
Lesotho,LSO,2008,0.561,0.706,2
Lesotho,LSO,2009,0.559,0.704,2
Lesotho,LSO,2010,0.566,0.72,2
Lesotho,LSO,2011,0.574,0.721,2
Lesotho,LSO,2012,0.582,0.757,2
Lesotho,LSO,2013,0.619,0.747,2
Lesotho,LSO,2014,0.621,0.752,2
Lesotho,LSO,2015,0.597,0.716,2
Lesotho,LSO,2016,0.576,0.701,2
Lesotho,LSO,2017,0.501,0.663,2
Lesotho,LSO,2018,0.601,0.703,2
Lesotho,LSO,2019,0.621,0.773,2
Lesotho,LSO,2020,0.627,0.793,2
Lesotho,LSO,2021,0.616,0.798,2
Lesotho,LSO,2022,0.648,0.769,2
Lesotho,LSO,2023,0.667,0.762,2
Lesotho,LSO,2024,0.652,0.758,2
Lesotho,LSO,2025,0.661,0.76,2
Liberia,LBR,1900,0.193,0.444,1
Liberia,LBR,1901,0.215,0.444,1
Liberia,LBR,1902,0.215,0.444,1
Liberia,LBR,1903,0.217,0.444,1
Liberia,LBR,1904,0.217,0.444,1
Liberia,LBR,1905,0.216,0.444,1
Liberia,LBR,1906,0.216,0.444,1
Liberia,LBR,1907,0.215,0.444,1
Liberia,LBR,1908,0.222,0.444,1
Liberia,LBR,1909,0.222,0.444,1
Liberia,LBR,1910,0.22,0.444,1
Liberia,LBR,1911,0.22,0.444,1
Liberia,LBR,1912,0.22,0.442,1
Liberia,LBR,1913,0.22,0.442,1
Liberia,LBR,1914,0.22,0.442,1
Liberia,LBR,1915,0.221,0.442,1
Liberia,LBR,1916,0.221,0.442,1
Liberia,LBR,1917,0.221,0.442,1
Liberia,LBR,1918,0.221,0.442,1
Liberia,LBR,1919,0.219,0.442,1
Liberia,LBR,1920,0.219,0.456,1
Liberia,LBR,1921,0.219,0.458,1
Liberia,LBR,1922,0.219,0.458,1
Liberia,LBR,1923,0.208,0.458,1
Liberia,LBR,1924,0.208,0.458,1
Liberia,LBR,1925,0.208,0.458,1
Liberia,LBR,1926,0.208,0.458,1
Liberia,LBR,1927,0.203,0.458,1
Liberia,LBR,1928,0.201,0.46,1
Liberia,LBR,1929,0.201,0.448,1
Liberia,LBR,1930,0.201,0.45,1
Liberia,LBR,1931,0.218,0.447,1
Liberia,LBR,1932,0.216,0.449,1
Liberia,LBR,1933,0.216,0.449,1
Liberia,LBR,1934,0.215,0.449,1
Liberia,LBR,1935,0.215,0.449,1
Liberia,LBR,1936,0.215,0.449,1
Liberia,LBR,1937,0.215,0.449,1
Liberia,LBR,1938,0.215,0.449,1
Liberia,LBR,1939,0.213,0.449,1
Liberia,LBR,1940,0.213,0.454,1
Liberia,LBR,1941,0.213,0.454,1
Liberia,LBR,1942,0.213,0.454,1
Liberia,LBR,1943,0.209,0.454,1
Liberia,LBR,1944,0.188,0.358,1
Liberia,LBR,1945,0.18,0.346,1
Liberia,LBR,1946,0.18,0.346,1
Liberia,LBR,1947,0.18,0.337,1
Liberia,LBR,1948,0.247,0.339,1
Liberia,LBR,1949,0.247,0.339,1
Liberia,LBR,1950,0.245,0.311,1
Liberia,LBR,1951,0.205,0.307,1
Liberia,LBR,1952,0.193,0.307,1
Liberia,LBR,1953,0.193,0.307,1
Liberia,LBR,1954,0.193,0.307,1
Liberia,LBR,1955,0.186,0.304,1
Liberia,LBR,1956,0.183,0.304,1
Liberia,LBR,1957,0.183,0.304,1
Liberia,LBR,1958,0.183,0.304,1
Liberia,LBR,1959,0.187,0.304,0
Liberia,LBR,1960,0.189,0.305,0
Liberia,LBR,1961,0.189,0.305,0
Liberia,LBR,1962,0.19,0.305,0
Liberia,LBR,1963,0.189,0.305,0
Liberia,LBR,1964,0.188,0.304,0
Liberia,LBR,1965,0.188,0.304,0
Liberia,LBR,1966,0.188,0.304,0
Liberia,LBR,1967,0.188,0.304,0
Liberia,LBR,1968,0.187,0.304,0
Liberia,LBR,1969,0.187,0.304,0
Liberia,LBR,1970,0.187,0.304,0
Liberia,LBR,1971,0.196,0.371,0
Liberia,LBR,1972,0.219,0.384,0
Liberia,LBR,1973,0.219,0.384,0
Liberia,LBR,1974,0.219,0.384,0
Liberia,LBR,1975,0.219,0.384,0
Liberia,LBR,1976,0.219,0.384,0
Liberia,LBR,1977,0.219,0.384,0
Liberia,LBR,1978,0.219,0.384,0
Liberia,LBR,1979,0.219,0.38,0
Liberia,LBR,1980,0.123,0.188,0
Liberia,LBR,1981,0.091,0.143,0
Liberia,LBR,1982,0.091,0.143,0
Liberia,LBR,1983,0.091,0.143,0
Liberia,LBR,1984,0.097,0.203,0
Liberia,LBR,1985,0.119,0.262,1
Liberia,LBR,1986,0.234,0.344,1
Liberia,LBR,1987,0.235,0.344,1
Liberia,LBR,1988,0.232,0.344,1
Liberia,LBR,1989,0.22,0.317,1
Liberia,LBR,1990,0.167,0.172,1
Liberia,LBR,1991,0.198,0.547,0
Liberia,LBR,1992,0.198,0.552,0
Liberia,LBR,1993,0.202,0.552,0
Liberia,LBR,1994,0.169,0.516,0
Liberia,LBR,1995,0.166,0.458,0
Liberia,LBR,1996,0.15,0.379,0
Liberia,LBR,1997,0.241,0.328,1
Liberia,LBR,1998,0.348,0.328,1
Liberia,LBR,1999,0.346,0.326,1
Liberia,LBR,2000,0.346,0.331,1
Liberia,LBR,2001,0.343,0.331,1
Liberia,LBR,2002,0.343,0.329,1
Liberia,LBR,2003,0.303,0.334,1
Liberia,LBR,2004,0.239,0.724,0
Liberia,LBR,2005,0.276,0.744,1
Liberia,LBR,2006,0.643,0.749,2
Liberia,LBR,2007,0.655,0.749,2
Liberia,LBR,2008,0.655,0.749,2
Liberia,LBR,2009,0.657,0.749,2
Liberia,LBR,2010,0.649,0.728,2
Liberia,LBR,2011,0.646,0.729,2
Liberia,LBR,2012,0.64,0.723,2
Liberia,LBR,2013,0.618,0.709,2
Liberia,LBR,2014,0.611,0.709,2
Liberia,LBR,2015,0.611,0.709,2
Liberia,LBR,2016,0.615,0.703,2
Liberia,LBR,2017,0.62,0.711,2
Liberia,LBR,2018,0.621,0.642,2
Liberia,LBR,2019,0.623,0.611,2
Liberia,LBR,2020,0.633,0.607,2
Liberia,LBR,2021,0.616,0.611,2
Liberia,LBR,2022,0.618,0.611,2
Liberia,LBR,2023,0.624,0.624,2
Liberia,LBR,2024,0.61,0.602,2
Liberia,LBR,2025,0.597,0.653,2
Malawi,MWI,1900,0.01,0.117,0
Malawi,MWI,1901,0.01,0.117,0
Malawi,MWI,1902,0.01,0.117,0
Malawi,MWI,1903,0.01,0.117,0
Malawi,MWI,1904,0.01,0.117,0
Malawi,MWI,1905,0.01,0.117,0
Malawi,MWI,1906,0.01,0.117,0
Malawi,MWI,1907,0.01,0.157,0
Malawi,MWI,1908,0.01,0.157,0
Malawi,MWI,1909,0.01,0.157,0
Malawi,MWI,1910,0.01,0.157,0
Malawi,MWI,1911,0.01,0.157,0
Malawi,MWI,1912,0.01,0.157,0
Malawi,MWI,1913,0.01,0.157,0
Malawi,MWI,1914,0.01,0.157,0
Malawi,MWI,1915,0.01,0.157,0
Malawi,MWI,1916,0.01,0.158,0
Malawi,MWI,1917,0.01,0.158,0
Malawi,MWI,1918,0.01,0.158,0
Malawi,MWI,1919,0.01,0.158,0
Malawi,MWI,1920,0.01,0.158,0
Malawi,MWI,1921,0.01,0.158,0
Malawi,MWI,1922,0.01,0.158,0
Malawi,MWI,1923,0.01,0.158,0
Malawi,MWI,1924,0.01,0.158,0
Malawi,MWI,1925,0.01,0.158,0
Malawi,MWI,1926,0.01,0.158,0
Malawi,MWI,1927,0.01,0.158,0
Malawi,MWI,1928,0.01,0.158,0
Malawi,MWI,1929,0.01,0.158,0
Malawi,MWI,1930,0.01,0.158,0
Malawi,MWI,1931,0.01,0.158,0
Malawi,MWI,1932,0.01,0.158,0
Malawi,MWI,1933,0.01,0.158,0
Malawi,MWI,1934,0.01,0.158,0
Malawi,MWI,1935,0.01,0.158,0
Malawi,MWI,1936,0.01,0.158,0
Malawi,MWI,1937,0.01,0.158,0
Malawi,MWI,1938,0.01,0.158,0
Malawi,MWI,1939,0.01,0.158,0
Malawi,MWI,1940,0.01,0.158,0
Malawi,MWI,1941,0.01,0.158,0
Malawi,MWI,1942,0.01,0.158,0
Malawi,MWI,1943,0.01,0.158,0
Malawi,MWI,1944,0.012,0.159,0
Malawi,MWI,1945,0.013,0.159,0
Malawi,MWI,1946,0.013,0.159,0
Malawi,MWI,1947,0.013,0.159,0
Malawi,MWI,1948,0.013,0.159,0
Malawi,MWI,1949,0.013,0.159,0
Malawi,MWI,1950,0.013,0.161,0
Malawi,MWI,1951,0.013,0.161,0
Malawi,MWI,1952,0.013,0.161,0
Malawi,MWI,1953,0.013,0.161,0
Malawi,MWI,1954,0.012,0.161,0
Malawi,MWI,1955,0.013,0.162,0
Malawi,MWI,1956,0.013,0.162,0
Malawi,MWI,1957,0.013,0.162,0
Malawi,MWI,1958,0.013,0.162,0
Malawi,MWI,1959,0.017,0.162,0
Malawi,MWI,1960,0.04,0.162,0
Malawi,MWI,1961,0.117,0.189,0
Malawi,MWI,1962,0.177,0.266,0
Malawi,MWI,1963,0.237,0.28,1
Malawi,MWI,1964,0.273,0.321,1
Malawi,MWI,1965,0.236,0.238,1
Malawi,MWI,1966,0.212,0.22,1
Malawi,MWI,1967,0.211,0.22,1
Malawi,MWI,1968,0.211,0.22,1
Malawi,MWI,1969,0.211,0.229,1
Malawi,MWI,1970,0.211,0.229,1
Malawi,MWI,1971,0.211,0.221,1
Malawi,MWI,1972,0.211,0.221,1
Malawi,MWI,1973,0.211,0.221,1
Malawi,MWI,1974,0.211,0.222,1
Malawi,MWI,1975,0.211,0.222,1
Malawi,MWI,1976,0.182,0.222,1
Malawi,MWI,1977,0.163,0.222,1
Malawi,MWI,1978,0.165,0.222,1
Malawi,MWI,1979,0.168,0.222,1
Malawi,MWI,1980,0.168,0.222,1
Malawi,MWI,1981,0.168,0.222,1
Malawi,MWI,1982,0.168,0.222,1
Malawi,MWI,1983,0.168,0.222,1
Malawi,MWI,1984,0.167,0.222,1
Malawi,MWI,1985,0.167,0.222,1
Malawi,MWI,1986,0.167,0.222,1
Malawi,MWI,1987,0.167,0.222,1
Malawi,MWI,1988,0.167,0.222,1
Malawi,MWI,1989,0.167,0.222,1
Malawi,MWI,1990,0.167,0.222,1
Malawi,MWI,1991,0.167,0.224,1
Malawi,MWI,1992,0.188,0.234,1
Malawi,MWI,1993,0.252,0.267,1
Malawi,MWI,1994,0.463,0.566,1
Malawi,MWI,1995,0.566,0.735,2
Malawi,MWI,1996,0.567,0.746,2
Malawi,MWI,1997,0.567,0.746,2
Malawi,MWI,1998,0.567,0.746,2
Malawi,MWI,1999,0.512,0.746,2
Malawi,MWI,2000,0.478,0.746,1
Malawi,MWI,2001,0.478,0.762,1
Malawi,MWI,2002,0.478,0.767,1
Malawi,MWI,2003,0.478,0.767,1
Malawi,MWI,2004,0.459,0.77,1
Malawi,MWI,2005,0.443,0.77,1
Malawi,MWI,2006,0.439,0.774,1
Malawi,MWI,2007,0.442,0.769,1
Malawi,MWI,2008,0.443,0.772,1
Malawi,MWI,2009,0.5,0.763,1
Malawi,MWI,2010,0.514,0.753,2
Malawi,MWI,2011,0.521,0.755,2
Malawi,MWI,2012,0.536,0.763,2
Malawi,MWI,2013,0.56,0.759,2
Malawi,MWI,2014,0.547,0.775,2
Malawi,MWI,2015,0.54,0.802,2
Malawi,MWI,2016,0.538,0.798,2
Malawi,MWI,2017,0.546,0.82,2
Malawi,MWI,2018,0.528,0.82,2
Malawi,MWI,2019,0.48,0.827,1
Malawi,MWI,2020,0.534,0.848,2
Malawi,MWI,2021,0.603,0.869,2
Malawi,MWI,2022,0.611,0.834,2
Malawi,MWI,2023,0.571,0.834,2
Malawi,MWI,2024,0.563,0.827,2
Malawi,MWI,2025,0.557,0.816,2
Maldives,MDV,1900,0.015,0.129,0
Maldives,MDV,1901,0.015,0.129,0
Maldives,MDV,1902,0.015,0.129,0
Maldives,MDV,1903,0.015,0.129,0
Maldives,MDV,1904,0.015,0.129,0
Maldives,MDV,1905,0.015,0.129,0
Maldives,MDV,1906,0.015,0.129,0
Maldives,MDV,1907,0.015,0.129,0
Maldives,MDV,1908,0.015,0.129,0
Maldives,MDV,1909,0.015,0.129,0
Maldives,MDV,1910,0.015,0.129,0
Maldives,MDV,1911,0.015,0.129,0
Maldives,MDV,1912,0.015,0.129,0
Maldives,MDV,1913,0.015,0.129,0
Maldives,MDV,1914,0.015,0.129,0
Maldives,MDV,1915,0.015,0.129,0
Maldives,MDV,1916,0.015,0.129,0
Maldives,MDV,1917,0.015,0.129,0
Maldives,MDV,1918,0.015,0.129,0
Maldives,MDV,1919,0.015,0.129,0
Maldives,MDV,1920,0.015,0.129,0
Maldives,MDV,1921,0.015,0.129,0
Maldives,MDV,1922,0.015,0.129,0
Maldives,MDV,1923,0.015,0.129,0
Maldives,MDV,1924,0.015,0.129,0
Maldives,MDV,1925,0.015,0.129,0
Maldives,MDV,1926,0.015,0.129,0
Maldives,MDV,1927,0.015,0.129,0
Maldives,MDV,1928,0.015,0.129,0
Maldives,MDV,1929,0.015,0.129,0
Maldives,MDV,1930,0.015,0.129,0
Maldives,MDV,1931,0.015,0.129,0
Maldives,MDV,1932,0.015,0.149,0
Maldives,MDV,1933,0.077,0.185,0
Maldives,MDV,1934,0.092,0.185,0
Maldives,MDV,1935,0.139,0.185,0
Maldives,MDV,1936,0.139,0.185,0
Maldives,MDV,1937,0.139,0.185,0
Maldives,MDV,1938,0.139,0.185,0
Maldives,MDV,1939,0.139,0.185,0
Maldives,MDV,1940,0.139,0.185,0
Maldives,MDV,1941,0.13,0.223,0
Maldives,MDV,1942,0.13,0.223,0
Maldives,MDV,1943,0.13,0.223,0
Maldives,MDV,1944,0.13,0.223,0
Maldives,MDV,1945,0.13,0.225,0
Maldives,MDV,1946,0.13,0.225,0
Maldives,MDV,1947,0.13,0.225,0
Maldives,MDV,1948,0.13,0.225,0
Maldives,MDV,1949,0.13,0.225,0
Maldives,MDV,1950,0.13,0.225,0
Maldives,MDV,1951,0.13,0.225,0
Maldives,MDV,1952,0.13,0.225,0
Maldives,MDV,1953,0.129,0.198,0
Maldives,MDV,1954,0.129,0.198,0
Maldives,MDV,1955,0.13,0.198,0
Maldives,MDV,1956,0.13,0.198,0
Maldives,MDV,1957,0.13,0.197,0
Maldives,MDV,1958,0.13,0.197,0
Maldives,MDV,1959,0.13,0.197,0
Maldives,MDV,1960,0.13,0.202,0
Maldives,MDV,1961,0.13,0.202,0
Maldives,MDV,1962,0.131,0.202,0
Maldives,MDV,1963,0.13,0.192,0
Maldives,MDV,1964,0.13,0.198,0
Maldives,MDV,1965,0.131,0.198,0
Maldives,MDV,1966,0.129,0.182,0
Maldives,MDV,1967,0.129,0.174,0
Maldives,MDV,1968,0.142,0.186,0
Maldives,MDV,1969,0.172,0.187,0
Maldives,MDV,1970,0.171,0.187,0
Maldives,MDV,1971,0.171,0.187,0
Maldives,MDV,1972,0.171,0.187,0
Maldives,MDV,1973,0.171,0.187,0
Maldives,MDV,1974,0.171,0.189,0
Maldives,MDV,1975,0.172,0.189,0
Maldives,MDV,1976,0.172,0.189,0
Maldives,MDV,1977,0.172,0.189,0
Maldives,MDV,1978,0.163,0.169,0
Maldives,MDV,1979,0.155,0.167,0
Maldives,MDV,1980,0.155,0.167,0
Maldives,MDV,1981,0.155,0.167,0
Maldives,MDV,1982,0.155,0.167,0
Maldives,MDV,1983,0.155,0.167,0
Maldives,MDV,1984,0.154,0.167,0
Maldives,MDV,1985,0.157,0.167,0
Maldives,MDV,1986,0.157,0.159,0
Maldives,MDV,1987,0.157,0.159,0
Maldives,MDV,1988,0.156,0.159,0
Maldives,MDV,1989,0.157,0.159,0
Maldives,MDV,1990,0.167,0.158,0
Maldives,MDV,1991,0.16,0.158,0
Maldives,MDV,1992,0.16,0.158,0
Maldives,MDV,1993,0.16,0.158,0
Maldives,MDV,1994,0.158,0.156,0
Maldives,MDV,1995,0.16,0.156,0
Maldives,MDV,1996,0.16,0.156,0
Maldives,MDV,1997,0.16,0.156,0
Maldives,MDV,1998,0.161,0.156,0
Maldives,MDV,1999,0.158,0.156,0
Maldives,MDV,2000,0.161,0.156,0
Maldives,MDV,2001,0.162,0.156,0
Maldives,MDV,2002,0.163,0.146,0
Maldives,MDV,2003,0.171,0.148,0
Maldives,MDV,2004,0.175,0.159,0
Maldives,MDV,2005,0.283,0.256,0
Maldives,MDV,2006,0.303,0.272,0
Maldives,MDV,2007,0.308,0.272,0
Maldives,MDV,2008,0.459,0.436,1
Maldives,MDV,2009,0.609,0.61,2
Maldives,MDV,2010,0.599,0.604,2
Maldives,MDV,2011,0.6,0.598,2
Maldives,MDV,2012,0.543,0.542,2
Maldives,MDV,2013,0.453,0.428,1
Maldives,MDV,2014,0.407,0.402,1
Maldives,MDV,2015,0.38,0.372,1
Maldives,MDV,2016,0.365,0.371,1
Maldives,MDV,2017,0.353,0.369,1
Maldives,MDV,2018,0.391,0.381,1
Maldives,MDV,2019,0.57,0.678,2
Maldives,MDV,2020,0.581,0.703,2
Maldives,MDV,2021,0.582,0.69,2
Maldives,MDV,2022,0.586,0.711,2
Maldives,MDV,2023,0.596,0.734,2
Maldives,MDV,2024,0.577,0.722,2
Maldives,MDV,2025,0.556,0.715,2
Mongolia,MNG,1911,0.017,0.028,0
Mongolia,MNG,1912,0.017,0.028,0
Mongolia,MNG,1913,0.017,0.028,0
Mongolia,MNG,1914,0.017,0.028,0
Mongolia,MNG,1915,0.017,0.028,0
Mongolia,MNG,1916,0.017,0.028,0
Mongolia,MNG,1917,0.017,0.028,0
Mongolia,MNG,1918,0.016,0.028,0
Mongolia,MNG,1919,0.016,0.029,0
Mongolia,MNG,1920,0.016,0.029,0
Mongolia,MNG,1921,0.016,0.035,0
Mongolia,MNG,1922,0.012,0.034,0
Mongolia,MNG,1923,0.012,0.036,0
Mongolia,MNG,1924,0.068,0.051,0
Mongolia,MNG,1925,0.098,0.093,0
Mongolia,MNG,1926,0.098,0.093,0
Mongolia,MNG,1927,0.098,0.093,0
Mongolia,MNG,1928,0.098,0.093,0
Mongolia,MNG,1929,0.098,0.087,0
Mongolia,MNG,1930,0.098,0.085,0
Mongolia,MNG,1931,0.098,0.085,0
Mongolia,MNG,1932,0.098,0.085,0
Mongolia,MNG,1933,0.098,0.085,0
Mongolia,MNG,1934,0.098,0.085,0
Mongolia,MNG,1935,0.098,0.085,0
Mongolia,MNG,1936,0.096,0.074,0
Mongolia,MNG,1937,0.096,0.071,0
Mongolia,MNG,1938,0.096,0.071,0
Mongolia,MNG,1939,0.096,0.071,0
Mongolia,MNG,1940,0.082,0.115,0
Mongolia,MNG,1941,0.067,0.126,0
Mongolia,MNG,1942,0.067,0.126,0
Mongolia,MNG,1943,0.067,0.126,0
Mongolia,MNG,1944,0.067,0.126,0
Mongolia,MNG,1945,0.073,0.126,0
Mongolia,MNG,1946,0.074,0.129,0
Mongolia,MNG,1947,0.074,0.131,0
Mongolia,MNG,1948,0.074,0.131,0
Mongolia,MNG,1949,0.074,0.131,0
Mongolia,MNG,1950,0.075,0.132,0
Mongolia,MNG,1951,0.092,0.132,0
Mongolia,MNG,1952,0.165,0.131,0
Mongolia,MNG,1953,0.169,0.131,0
Mongolia,MNG,1954,0.169,0.131,0
Mongolia,MNG,1955,0.169,0.131,0
Mongolia,MNG,1956,0.169,0.131,0
Mongolia,MNG,1957,0.169,0.131,0
Mongolia,MNG,1958,0.169,0.131,0
Mongolia,MNG,1959,0.169,0.131,0
Mongolia,MNG,1960,0.174,0.142,0
Mongolia,MNG,1961,0.176,0.147,0
Mongolia,MNG,1962,0.176,0.147,0
Mongolia,MNG,1963,0.176,0.147,0
Mongolia,MNG,1964,0.176,0.147,0
Mongolia,MNG,1965,0.176,0.147,0
Mongolia,MNG,1966,0.176,0.147,0
Mongolia,MNG,1967,0.175,0.147,0
Mongolia,MNG,1968,0.175,0.147,0
Mongolia,MNG,1969,0.176,0.147,0
Mongolia,MNG,1970,0.176,0.147,0
Mongolia,MNG,1971,0.176,0.147,0
Mongolia,MNG,1972,0.176,0.147,0
Mongolia,MNG,1973,0.177,0.147,0
Mongolia,MNG,1974,0.178,0.147,0
Mongolia,MNG,1975,0.178,0.147,0
Mongolia,MNG,1976,0.178,0.147,0
Mongolia,MNG,1977,0.178,0.147,0
Mongolia,MNG,1978,0.178,0.147,0
Mongolia,MNG,1979,0.178,0.147,0
Mongolia,MNG,1980,0.178,0.147,0
Mongolia,MNG,1981,0.179,0.147,0
Mongolia,MNG,1982,0.18,0.147,0
Mongolia,MNG,1983,0.18,0.147,0
Mongolia,MNG,1984,0.18,0.147,0
Mongolia,MNG,1985,0.18,0.147,0
Mongolia,MNG,1986,0.18,0.147,0
Mongolia,MNG,1987,0.18,0.147,0
Mongolia,MNG,1988,0.18,0.147,0
Mongolia,MNG,1989,0.184,0.147,0
Mongolia,MNG,1990,0.372,0.514,1
Mongolia,MNG,1991,0.555,0.672,2
Mongolia,MNG,1992,0.667,0.785,2
Mongolia,MNG,1993,0.698,0.812,2
Mongolia,MNG,1994,0.698,0.833,2
Mongolia,MNG,1995,0.698,0.833,2
Mongolia,MNG,1996,0.7,0.847,2
Mongolia,MNG,1997,0.707,0.847,2
Mongolia,MNG,1998,0.707,0.847,2
Mongolia,MNG,1999,0.707,0.854,2
Mongolia,MNG,2000,0.674,0.811,2
Mongolia,MNG,2001,0.663,0.811,2
Mongolia,MNG,2002,0.671,0.816,2
Mongolia,MNG,2003,0.672,0.825,2
Mongolia,MNG,2004,0.67,0.824,2
Mongolia,MNG,2005,0.673,0.824,2
Mongolia,MNG,2006,0.685,0.824,2
Mongolia,MNG,2007,0.685,0.824,2
Mongolia,MNG,2008,0.653,0.817,2
Mongolia,MNG,2009,0.662,0.82,2
Mongolia,MNG,2010,0.679,0.832,2
Mongolia,MNG,2011,0.676,0.832,2
Mongolia,MNG,2012,0.683,0.826,2
Mongolia,MNG,2013,0.684,0.81,2
Mongolia,MNG,2014,0.686,0.804,2
Mongolia,MNG,2015,0.681,0.805,2
Mongolia,MNG,2016,0.671,0.811,2
Mongolia,MNG,2017,0.661,0.817,2
Mongolia,MNG,2018,0.653,0.814,2
Mongolia,MNG,2019,0.653,0.824,2
Mongolia,MNG,2020,0.629,0.828,2
Mongolia,MNG,2021,0.609,0.804,2
Mongolia,MNG,2022,0.573,0.786,2
Mongolia,MNG,2023,0.534,0.739,2
Mongolia,MNG,2024,0.498,0.727,1
Mongolia,MNG,2025,0.535,0.764,2
Morocco,MAR,1912,0.035,0.156,0
Morocco,MAR,1913,0.034,0.163,0
Morocco,MAR,1914,0.034,0.165,0
Morocco,MAR,1915,0.034,0.165,0
Morocco,MAR,1916,0.034,0.168,0
Morocco,MAR,1917,0.034,0.168,0
Morocco,MAR,1918,0.034,0.168,0
Morocco,MAR,1919,0.038,0.167,0
Morocco,MAR,1920,0.038,0.17,0
Morocco,MAR,1921,0.038,0.17,0
Morocco,MAR,1922,0.038,0.17,0
Morocco,MAR,1923,0.038,0.17,0
Morocco,MAR,1924,0.038,0.17,0
Morocco,MAR,1925,0.041,0.17,0
Morocco,MAR,1926,0.041,0.17,0
Morocco,MAR,1927,0.041,0.17,0
Morocco,MAR,1928,0.041,0.17,0
Morocco,MAR,1929,0.041,0.17,0
Morocco,MAR,1930,0.041,0.17,0
Morocco,MAR,1931,0.041,0.17,0
Morocco,MAR,1932,0.041,0.17,0
Morocco,MAR,1933,0.041,0.17,0
Morocco,MAR,1934,0.042,0.17,0
Morocco,MAR,1935,0.042,0.17,0
Morocco,MAR,1936,0.042,0.17,0
Morocco,MAR,1937,0.042,0.17,0
Morocco,MAR,1938,0.042,0.17,0
Morocco,MAR,1939,0.042,0.17,0
Morocco,MAR,1940,0.042,0.17,0
Morocco,MAR,1941,0.042,0.17,0
Morocco,MAR,1942,0.042,0.17,0
Morocco,MAR,1943,0.048,0.17,0
Morocco,MAR,1944,0.05,0.17,0
Morocco,MAR,1945,0.05,0.17,0
Morocco,MAR,1946,0.05,0.17,0
Morocco,MAR,1947,0.05,0.17,0
Morocco,MAR,1948,0.05,0.17,0
Morocco,MAR,1949,0.05,0.17,0
Morocco,MAR,1950,0.05,0.17,0
Morocco,MAR,1951,0.05,0.17,0
Morocco,MAR,1952,0.05,0.17,0
Morocco,MAR,1953,0.05,0.172,0
Morocco,MAR,1954,0.05,0.172,0
Morocco,MAR,1955,0.05,0.168,0
Morocco,MAR,1956,0.064,0.236,0
Morocco,MAR,1957,0.067,0.259,0
Morocco,MAR,1958,0.067,0.265,0
Morocco,MAR,1959,0.066,0.266,0
Morocco,MAR,1960,0.071,0.266,0
Morocco,MAR,1961,0.071,0.283,0
Morocco,MAR,1962,0.071,0.31,0
Morocco,MAR,1963,0.153,0.394,0
Morocco,MAR,1964,0.168,0.435,0
Morocco,MAR,1965,0.159,0.435,0
Morocco,MAR,1966,0.132,0.286,0
Morocco,MAR,1967,0.132,0.286,0
Morocco,MAR,1968,0.132,0.286,0
Morocco,MAR,1969,0.124,0.286,0
Morocco,MAR,1970,0.136,0.375,0
Morocco,MAR,1971,0.152,0.46,0
Morocco,MAR,1972,0.152,0.46,0
Morocco,MAR,1973,0.151,0.454,0
Morocco,MAR,1974,0.135,0.294,0
Morocco,MAR,1975,0.13,0.294,0
Morocco,MAR,1976,0.13,0.297,0
Morocco,MAR,1977,0.145,0.338,0
Morocco,MAR,1978,0.156,0.469,0
Morocco,MAR,1979,0.159,0.475,0
Morocco,MAR,1980,0.159,0.489,0
Morocco,MAR,1981,0.159,0.491,0
Morocco,MAR,1982,0.159,0.491,0
Morocco,MAR,1983,0.159,0.491,0
Morocco,MAR,1984,0.16,0.491,0
Morocco,MAR,1985,0.16,0.491,0
Morocco,MAR,1986,0.16,0.491,0
Morocco,MAR,1987,0.164,0.491,0
Morocco,MAR,1988,0.164,0.491,0
Morocco,MAR,1989,0.164,0.491,0
Morocco,MAR,1990,0.17,0.551,0
Morocco,MAR,1991,0.172,0.578,0
Morocco,MAR,1992,0.185,0.566,0
Morocco,MAR,1993,0.19,0.579,0
Morocco,MAR,1994,0.192,0.587,0
Morocco,MAR,1995,0.192,0.587,0
Morocco,MAR,1996,0.192,0.621,0
Morocco,MAR,1997,0.201,0.6,0
Morocco,MAR,1998,0.212,0.6,0
Morocco,MAR,1999,0.213,0.6,0
Morocco,MAR,2000,0.237,0.623,0
Morocco,MAR,2001,0.239,0.641,0
Morocco,MAR,2002,0.243,0.641,0
Morocco,MAR,2003,0.253,0.632,0
Morocco,MAR,2004,0.253,0.632,0
Morocco,MAR,2005,0.258,0.641,0
Morocco,MAR,2006,0.255,0.641,0
Morocco,MAR,2007,0.258,0.641,0
Morocco,MAR,2008,0.252,0.643,0
Morocco,MAR,2009,0.254,0.637,0
Morocco,MAR,2010,0.256,0.654,0
Morocco,MAR,2011,0.262,0.66,0
Morocco,MAR,2012,0.265,0.66,0
Morocco,MAR,2013,0.269,0.634,0
Morocco,MAR,2014,0.27,0.634,0
Morocco,MAR,2015,0.264,0.643,0
Morocco,MAR,2016,0.266,0.644,0
Morocco,MAR,2017,0.259,0.684,0
Morocco,MAR,2018,0.262,0.687,0
Morocco,MAR,2019,0.257,0.698,0
Morocco,MAR,2020,0.257,0.681,0
Morocco,MAR,2021,0.261,0.681,0
Morocco,MAR,2022,0.262,0.717,0
Morocco,MAR,2023,0.262,0.718,0
Morocco,MAR,2024,0.261,0.718,0
Morocco,MAR,2025,0.259,0.718,0
Netherlands,NLD,1900,0.464,0.897,1
Netherlands,NLD,1901,0.455,0.897,1
Netherlands,NLD,1902,0.448,0.897,1
Netherlands,NLD,1903,0.448,0.897,1
Netherlands,NLD,1904,0.448,0.897,1
Netherlands,NLD,1905,0.448,0.897,1
Netherlands,NLD,1906,0.448,0.897,1
Netherlands,NLD,1907,0.448,0.897,1
Netherlands,NLD,1908,0.448,0.897,1
Netherlands,NLD,1909,0.449,0.897,1
Netherlands,NLD,1910,0.465,0.897,1
Netherlands,NLD,1911,0.465,0.897,1
Netherlands,NLD,1912,0.465,0.897,1
Netherlands,NLD,1913,0.462,0.897,1
Netherlands,NLD,1914,0.461,0.897,1
Netherlands,NLD,1915,0.461,0.897,1
Netherlands,NLD,1916,0.461,0.897,1
Netherlands,NLD,1917,0.472,0.897,1
Netherlands,NLD,1918,0.531,0.896,3
Netherlands,NLD,1919,0.544,0.896,3
Netherlands,NLD,1920,0.722,0.896,3
Netherlands,NLD,1921,0.722,0.896,3
Netherlands,NLD,1922,0.729,0.896,3
Netherlands,NLD,1923,0.735,0.896,3
Netherlands,NLD,1924,0.735,0.896,3
Netherlands,NLD,1925,0.735,0.896,3
Netherlands,NLD,1926,0.734,0.896,3
Netherlands,NLD,1927,0.734,0.896,3
Netherlands,NLD,1928,0.734,0.896,3
Netherlands,NLD,1929,0.736,0.896,3
Netherlands,NLD,1930,0.737,0.896,3
Netherlands,NLD,1931,0.737,0.896,3
Netherlands,NLD,1932,0.737,0.896,3
Netherlands,NLD,1933,0.736,0.896,3
Netherlands,NLD,1934,0.736,0.896,3
Netherlands,NLD,1935,0.736,0.896,3
Netherlands,NLD,1936,0.731,0.896,3
Netherlands,NLD,1937,0.732,0.896,3
Netherlands,NLD,1938,0.732,0.896,3
Netherlands,NLD,1939,0.732,0.896,3
Netherlands,NLD,1940,0.219,0.451,0
Netherlands,NLD,1941,0.147,0.412,0
Netherlands,NLD,1942,0.146,0.412,0
Netherlands,NLD,1943,0.146,0.412,0
Netherlands,NLD,1944,0.143,0.412,0
Netherlands,NLD,1945,0.188,0.455,0
Netherlands,NLD,1946,0.524,0.816,3
Netherlands,NLD,1947,0.758,0.931,3
Netherlands,NLD,1948,0.767,0.931,3
Netherlands,NLD,1949,0.778,0.94,3
Netherlands,NLD,1950,0.778,0.94,3
Netherlands,NLD,1951,0.778,0.94,3
Netherlands,NLD,1952,0.771,0.94,3
Netherlands,NLD,1953,0.764,0.942,3
Netherlands,NLD,1954,0.764,0.942,3
Netherlands,NLD,1955,0.758,0.942,3
Netherlands,NLD,1956,0.779,0.942,3
Netherlands,NLD,1957,0.786,0.943,3
Netherlands,NLD,1958,0.786,0.943,3
Netherlands,NLD,1959,0.787,0.943,3
Netherlands,NLD,1960,0.796,0.946,3
Netherlands,NLD,1961,0.796,0.946,3
Netherlands,NLD,1962,0.796,0.946,3
Netherlands,NLD,1963,0.793,0.946,3
Netherlands,NLD,1964,0.791,0.946,3
Netherlands,NLD,1965,0.791,0.946,3
Netherlands,NLD,1966,0.818,0.946,3
Netherlands,NLD,1967,0.822,0.946,3
Netherlands,NLD,1968,0.826,0.948,3
Netherlands,NLD,1969,0.837,0.948,3
Netherlands,NLD,1970,0.84,0.952,3
Netherlands,NLD,1971,0.841,0.952,3
Netherlands,NLD,1972,0.845,0.952,3
Netherlands,NLD,1973,0.844,0.952,3
Netherlands,NLD,1974,0.844,0.952,3
Netherlands,NLD,1975,0.844,0.952,3
Netherlands,NLD,1976,0.844,0.952,3
Netherlands,NLD,1977,0.843,0.952,3
Netherlands,NLD,1978,0.847,0.952,3
Netherlands,NLD,1979,0.855,0.952,3
Netherlands,NLD,1980,0.86,0.956,3
Netherlands,NLD,1981,0.862,0.956,3
Netherlands,NLD,1982,0.862,0.959,3
Netherlands,NLD,1983,0.861,0.959,3
Netherlands,NLD,1984,0.861,0.959,3
Netherlands,NLD,1985,0.861,0.959,3
Netherlands,NLD,1986,0.86,0.959,3
Netherlands,NLD,1987,0.86,0.959,3
Netherlands,NLD,1988,0.86,0.959,3
Netherlands,NLD,1989,0.861,0.959,3
Netherlands,NLD,1990,0.862,0.959,3
Netherlands,NLD,1991,0.862,0.959,3
Netherlands,NLD,1992,0.862,0.959,3
Netherlands,NLD,1993,0.862,0.959,3
Netherlands,NLD,1994,0.861,0.959,3
Netherlands,NLD,1995,0.861,0.959,3
Netherlands,NLD,1996,0.861,0.959,3
Netherlands,NLD,1997,0.854,0.959,3
Netherlands,NLD,1998,0.847,0.959,3
Netherlands,NLD,1999,0.866,0.959,3
Netherlands,NLD,2000,0.856,0.959,3
Netherlands,NLD,2001,0.856,0.959,3
Netherlands,NLD,2002,0.851,0.959,3
Netherlands,NLD,2003,0.86,0.959,3
Netherlands,NLD,2004,0.86,0.959,3
Netherlands,NLD,2005,0.86,0.959,3
Netherlands,NLD,2006,0.865,0.959,3
Netherlands,NLD,2007,0.872,0.959,3
Netherlands,NLD,2008,0.872,0.959,3
Netherlands,NLD,2009,0.872,0.959,3
Netherlands,NLD,2010,0.874,0.962,3
Netherlands,NLD,2011,0.874,0.962,3
Netherlands,NLD,2012,0.872,0.962,3
Netherlands,NLD,2013,0.878,0.959,3
Netherlands,NLD,2014,0.879,0.958,3
Netherlands,NLD,2015,0.879,0.958,3
Netherlands,NLD,2016,0.879,0.958,3
Netherlands,NLD,2017,0.878,0.962,3
Netherlands,NLD,2018,0.876,0.96,3
Netherlands,NLD,2019,0.866,0.959,3
Netherlands,NLD,2020,0.864,0.956,3
Netherlands,NLD,2021,0.864,0.953,3
Netherlands,NLD,2022,0.852,0.953,3
Netherlands,NLD,2023,0.847,0.951,3
Netherlands,NLD,2024,0.823,0.945,3
Netherlands,NLD,2025,0.832,0.945,3
Panama,PAN,1903,0.175,0.253,0
Panama,PAN,1904,0.291,0.276,1
Panama,PAN,1905,0.301,0.339,1
Panama,PAN,1906,0.297,0.339,1
Panama,PAN,1907,0.292,0.339,1
Panama,PAN,1908,0.294,0.339,1
Panama,PAN,1909,0.296,0.339,1
Panama,PAN,1910,0.298,0.274,1
Panama,PAN,1911,0.3,0.274,1
Panama,PAN,1912,0.296,0.274,1
Panama,PAN,1913,0.292,0.342,1
Panama,PAN,1914,0.296,0.342,1
Panama,PAN,1915,0.299,0.344,1
Panama,PAN,1916,0.298,0.344,1
Panama,PAN,1917,0.297,0.349,1
Panama,PAN,1918,0.298,0.349,1
Panama,PAN,1919,0.298,0.363,1
Panama,PAN,1920,0.3,0.363,1
Panama,PAN,1921,0.302,0.363,1
Panama,PAN,1922,0.302,0.363,1
Panama,PAN,1923,0.302,0.363,1
Panama,PAN,1924,0.302,0.363,1
Panama,PAN,1925,0.303,0.372,1
Panama,PAN,1926,0.303,0.372,1
Panama,PAN,1927,0.303,0.372,1
Panama,PAN,1928,0.314,0.372,1
Panama,PAN,1929,0.318,0.372,1
Panama,PAN,1930,0.316,0.372,1
Panama,PAN,1931,0.31,0.354,1
Panama,PAN,1932,0.306,0.375,1
Panama,PAN,1933,0.299,0.375,1
Panama,PAN,1934,0.299,0.375,1
Panama,PAN,1935,0.299,0.375,1
Panama,PAN,1936,0.309,0.375,1
Panama,PAN,1937,0.313,0.375,1
Panama,PAN,1938,0.313,0.375,1
Panama,PAN,1939,0.313,0.375,1
Panama,PAN,1940,0.315,0.375,1
Panama,PAN,1941,0.308,0.342,1
Panama,PAN,1942,0.31,0.371,1
Panama,PAN,1943,0.31,0.371,1
Panama,PAN,1944,0.31,0.371,1
Panama,PAN,1945,0.308,0.322,1
Panama,PAN,1946,0.215,0.308,0
Panama,PAN,1947,0.236,0.38,0
Panama,PAN,1948,0.306,0.385,1
Panama,PAN,1949,0.324,0.376,1
Panama,PAN,1950,0.326,0.395,1
Panama,PAN,1951,0.255,0.439,1
Panama,PAN,1952,0.259,0.423,1
Panama,PAN,1953,0.364,0.423,1
Panama,PAN,1954,0.364,0.423,1
Panama,PAN,1955,0.364,0.423,1
Panama,PAN,1956,0.371,0.423,1
Panama,PAN,1957,0.372,0.423,1
Panama,PAN,1958,0.372,0.423,1
Panama,PAN,1959,0.372,0.423,1
Panama,PAN,1960,0.388,0.423,1
Panama,PAN,1961,0.394,0.423,1
Panama,PAN,1962,0.394,0.423,1
Panama,PAN,1963,0.394,0.423,1
Panama,PAN,1964,0.341,0.423,1
Panama,PAN,1965,0.326,0.423,1
Panama,PAN,1966,0.325,0.423,1
Panama,PAN,1967,0.323,0.446,1
Panama,PAN,1968,0.208,0.306,1
Panama,PAN,1969,0.091,0.239,0
Panama,PAN,1970,0.09,0.239,0
Panama,PAN,1971,0.09,0.239,0
Panama,PAN,1972,0.095,0.25,0
Panama,PAN,1973,0.102,0.255,0
Panama,PAN,1974,0.102,0.255,0
Panama,PAN,1975,0.102,0.255,0
Panama,PAN,1976,0.102,0.255,0
Panama,PAN,1977,0.102,0.255,0
Panama,PAN,1978,0.104,0.255,0
Panama,PAN,1979,0.122,0.255,0
Panama,PAN,1980,0.135,0.248,0
Panama,PAN,1981,0.126,0.246,0
Panama,PAN,1982,0.123,0.227,0
Panama,PAN,1983,0.123,0.227,0
Panama,PAN,1984,0.133,0.238,1
Panama,PAN,1985,0.132,0.238,1
Panama,PAN,1986,0.132,0.222,1
Panama,PAN,1987,0.132,0.222,1
Panama,PAN,1988,0.132,0.222,1
Panama,PAN,1989,0.146,0.222,1
Panama,PAN,1990,0.476,0.721,1
Panama,PAN,1991,0.684,0.711,2
Panama,PAN,1992,0.7,0.711,2
Panama,PAN,1993,0.704,0.711,2
Panama,PAN,1994,0.707,0.725,2
Panama,PAN,1995,0.711,0.725,2
Panama,PAN,1996,0.711,0.725,2
Panama,PAN,1997,0.711,0.725,2
Panama,PAN,1998,0.699,0.725,2
Panama,PAN,1999,0.698,0.725,2
Panama,PAN,2000,0.73,0.725,2
Panama,PAN,2001,0.738,0.725,2
Panama,PAN,2002,0.738,0.725,2
Panama,PAN,2003,0.738,0.725,2
Panama,PAN,2004,0.737,0.731,2
Panama,PAN,2005,0.736,0.707,2
Panama,PAN,2006,0.736,0.707,2
Panama,PAN,2007,0.736,0.707,2
Panama,PAN,2008,0.736,0.707,2
Panama,PAN,2009,0.739,0.707,2
Panama,PAN,2010,0.746,0.707,2
Panama,PAN,2011,0.746,0.707,2
Panama,PAN,2012,0.746,0.707,2
Panama,PAN,2013,0.748,0.693,2
Panama,PAN,2014,0.744,0.693,2
Panama,PAN,2015,0.755,0.693,2
Panama,PAN,2016,0.753,0.693,2
Panama,PAN,2017,0.736,0.715,2
Panama,PAN,2018,0.732,0.7,2
Panama,PAN,2019,0.731,0.697,2
Panama,PAN,2020,0.721,0.707,2
Panama,PAN,2021,0.735,0.707,2
Panama,PAN,2022,0.725,0.747,2
Panama,PAN,2023,0.722,0.751,2
Panama,PAN,2024,0.728,0.778,2
Panama,PAN,2025,0.728,0.773,2
Papua New Guinea,PNG,1900,0.086,0.177,0
Papua New Guinea,PNG,1901,0.086,0.177,0
Papua New Guinea,PNG,1902,0.086,0.177,0
Papua New Guinea,PNG,1903,0.086,0.177,0
Papua New Guinea,PNG,1904,0.086,0.177,0
Papua New Guinea,PNG,1905,0.086,0.177,0
Papua New Guinea,PNG,1906,0.086,0.177,0
Papua New Guinea,PNG,1907,0.086,0.177,0
Papua New Guinea,PNG,1908,0.086,0.177,0
Papua New Guinea,PNG,1909,0.086,0.177,0
Papua New Guinea,PNG,1910,0.086,0.177,0
Papua New Guinea,PNG,1911,0.086,0.177,0
Papua New Guinea,PNG,1912,0.086,0.177,0
Papua New Guinea,PNG,1913,0.086,0.177,0
Papua New Guinea,PNG,1914,0.086,0.177,0
Papua New Guinea,PNG,1915,0.083,0.177,0
Papua New Guinea,PNG,1916,0.083,0.177,0
Papua New Guinea,PNG,1917,0.083,0.177,0
Papua New Guinea,PNG,1918,0.083,0.177,0
Papua New Guinea,PNG,1919,0.083,0.177,0
Papua New Guinea,PNG,1920,0.083,0.177,0
Papua New Guinea,PNG,1921,0.083,0.177,0
Papua New Guinea,PNG,1922,0.083,0.177,0
Papua New Guinea,PNG,1923,0.083,0.177,0
Papua New Guinea,PNG,1924,0.083,0.177,0
Papua New Guinea,PNG,1925,0.083,0.177,0
Papua New Guinea,PNG,1926,0.083,0.177,0
Papua New Guinea,PNG,1927,0.083,0.177,0
Papua New Guinea,PNG,1928,0.083,0.177,0
Papua New Guinea,PNG,1929,0.083,0.177,0
Papua New Guinea,PNG,1930,0.083,0.177,0
Papua New Guinea,PNG,1931,0.083,0.177,0
Papua New Guinea,PNG,1932,0.083,0.177,0
Papua New Guinea,PNG,1933,0.083,0.177,0
Papua New Guinea,PNG,1934,0.083,0.177,0
Papua New Guinea,PNG,1935,0.083,0.177,0
Papua New Guinea,PNG,1936,0.083,0.177,0
Papua New Guinea,PNG,1937,0.083,0.177,0
Papua New Guinea,PNG,1938,0.083,0.177,0
Papua New Guinea,PNG,1939,0.083,0.177,0
Papua New Guinea,PNG,1940,0.083,0.177,0
Papua New Guinea,PNG,1941,0.083,0.177,0
Papua New Guinea,PNG,1942,0.083,0.177,0
Papua New Guinea,PNG,1943,0.083,0.177,0
Papua New Guinea,PNG,1944,0.083,0.177,0
Papua New Guinea,PNG,1945,0.083,0.233,0
Papua New Guinea,PNG,1946,0.108,0.397,0
Papua New Guinea,PNG,1947,0.108,0.397,0
Papua New Guinea,PNG,1948,0.108,0.397,0
Papua New Guinea,PNG,1949,0.108,0.397,0
Papua New Guinea,PNG,1950,0.11,0.397,0
Papua New Guinea,PNG,1951,0.19,0.611,0
Papua New Guinea,PNG,1952,0.19,0.611,0
Papua New Guinea,PNG,1953,0.19,0.611,0
Papua New Guinea,PNG,1954,0.19,0.611,0
Papua New Guinea,PNG,1955,0.19,0.611,0
Papua New Guinea,PNG,1956,0.19,0.611,0
Papua New Guinea,PNG,1957,0.19,0.611,0
Papua New Guinea,PNG,1958,0.19,0.611,0
Papua New Guinea,PNG,1959,0.19,0.611,0
Papua New Guinea,PNG,1960,0.233,0.611,0
Papua New Guinea,PNG,1961,0.239,0.611,0
Papua New Guinea,PNG,1962,0.24,0.611,0
Papua New Guinea,PNG,1963,0.24,0.611,0
Papua New Guinea,PNG,1964,0.292,0.611,0
Papua New Guinea,PNG,1965,0.291,0.622,0
Papua New Guinea,PNG,1966,0.291,0.622,0
Papua New Guinea,PNG,1967,0.291,0.622,0
Papua New Guinea,PNG,1968,0.292,0.622,0
Papua New Guinea,PNG,1969,0.292,0.622,0
Papua New Guinea,PNG,1970,0.309,0.613,0
Papua New Guinea,PNG,1971,0.309,0.613,0
Papua New Guinea,PNG,1972,0.317,0.634,1
Papua New Guinea,PNG,1973,0.531,0.634,2
Papua New Guinea,PNG,1974,0.531,0.634,2
Papua New Guinea,PNG,1975,0.591,0.735,2
Papua New Guinea,PNG,1976,0.591,0.735,2
Papua New Guinea,PNG,1977,0.584,0.735,2
Papua New Guinea,PNG,1978,0.579,0.735,2
Papua New Guinea,PNG,1979,0.579,0.735,2
Papua New Guinea,PNG,1980,0.572,0.735,2
Papua New Guinea,PNG,1981,0.572,0.735,2
Papua New Guinea,PNG,1982,0.573,0.735,2
Papua New Guinea,PNG,1983,0.573,0.735,2
Papua New Guinea,PNG,1984,0.573,0.735,2
Papua New Guinea,PNG,1985,0.573,0.735,2
Papua New Guinea,PNG,1986,0.573,0.735,2
Papua New Guinea,PNG,1987,0.563,0.735,2
Papua New Guinea,PNG,1988,0.555,0.735,2
Papua New Guinea,PNG,1989,0.554,0.735,2
Papua New Guinea,PNG,1990,0.554,0.735,2
Papua New Guinea,PNG,1991,0.554,0.735,2
Papua New Guinea,PNG,1992,0.545,0.735,2
Papua New Guinea,PNG,1993,0.537,0.735,2
Papua New Guinea,PNG,1994,0.537,0.735,2
Papua New Guinea,PNG,1995,0.537,0.735,2
Papua New Guinea,PNG,1996,0.537,0.735,2
Papua New Guinea,PNG,1997,0.538,0.735,2
Papua New Guinea,PNG,1998,0.538,0.735,2
Papua New Guinea,PNG,1999,0.538,0.735,2
Papua New Guinea,PNG,2000,0.538,0.735,2
Papua New Guinea,PNG,2001,0.538,0.735,2
Papua New Guinea,PNG,2002,0.54,0.735,2
Papua New Guinea,PNG,2003,0.541,0.735,2
Papua New Guinea,PNG,2004,0.537,0.735,2
Papua New Guinea,PNG,2005,0.537,0.735,2
Papua New Guinea,PNG,2006,0.544,0.735,2
Papua New Guinea,PNG,2007,0.511,0.735,2
Papua New Guinea,PNG,2008,0.478,0.735,1
Papua New Guinea,PNG,2009,0.478,0.735,1
Papua New Guinea,PNG,2010,0.475,0.728,1
Papua New Guinea,PNG,2011,0.472,0.722,1
Papua New Guinea,PNG,2012,0.46,0.713,1
Papua New Guinea,PNG,2013,0.448,0.713,1
Papua New Guinea,PNG,2014,0.447,0.708,1
Papua New Guinea,PNG,2015,0.444,0.708,1
Papua New Guinea,PNG,2016,0.445,0.708,1
Papua New Guinea,PNG,2017,0.447,0.701,1
Papua New Guinea,PNG,2018,0.457,0.706,1
Papua New Guinea,PNG,2019,0.462,0.698,1
Papua New Guinea,PNG,2020,0.455,0.73,1
Papua New Guinea,PNG,2021,0.455,0.714,1
Papua New Guinea,PNG,2022,0.467,0.736,1
Papua New Guinea,PNG,2023,0.466,0.749,1
Papua New Guinea,PNG,2024,0.462,0.775,1
Papua New Guinea,PNG,2025,0.467,0.775,1
Qatar,QAT,1900,0.011,0.182,0
Qatar,QAT,1901,0.011,0.182,0
Qatar,QAT,1902,0.011,0.182,0
Qatar,QAT,1903,0.011,0.182,0
Qatar,QAT,1904,0.011,0.182,0
Qatar,QAT,1905,0.011,0.182,0
Qatar,QAT,1906,0.011,0.182,0
Qatar,QAT,1907,0.011,0.182,0
Qatar,QAT,1908,0.011,0.182,0
Qatar,QAT,1909,0.011,0.182,0
Qatar,QAT,1910,0.011,0.182,0
Qatar,QAT,1911,0.011,0.182,0
Qatar,QAT,1912,0.011,0.182,0
Qatar,QAT,1913,0.011,0.182,0
Qatar,QAT,1914,0.011,0.182,0
Qatar,QAT,1915,0.011,0.182,0
Qatar,QAT,1916,0.011,0.182,0
Qatar,QAT,1917,0.011,0.175,0
Qatar,QAT,1918,0.013,0.19,0
Qatar,QAT,1919,0.013,0.19,0
Qatar,QAT,1920,0.013,0.19,0
Qatar,QAT,1921,0.013,0.19,0
Qatar,QAT,1922,0.013,0.19,0
Qatar,QAT,1923,0.013,0.19,0
Qatar,QAT,1924,0.013,0.19,0
Qatar,QAT,1925,0.013,0.19,0
Qatar,QAT,1926,0.013,0.19,0
Qatar,QAT,1927,0.013,0.19,0
Qatar,QAT,1928,0.013,0.19,0
Qatar,QAT,1929,0.013,0.19,0
Qatar,QAT,1930,0.013,0.199,0
Qatar,QAT,1931,0.013,0.199,0
Qatar,QAT,1932,0.013,0.199,0
Qatar,QAT,1933,0.013,0.199,0
Qatar,QAT,1934,0.013,0.199,0
Qatar,QAT,1935,0.013,0.199,0
Qatar,QAT,1936,0.013,0.199,0
Qatar,QAT,1937,0.013,0.199,0
Qatar,QAT,1938,0.013,0.199,0
Qatar,QAT,1939,0.013,0.199,0
Qatar,QAT,1940,0.012,0.199,0
Qatar,QAT,1941,0.012,0.199,0
Qatar,QAT,1942,0.012,0.199,0
Qatar,QAT,1943,0.012,0.199,0
Qatar,QAT,1944,0.012,0.199,0
Qatar,QAT,1945,0.012,0.199,0
Qatar,QAT,1946,0.012,0.199,0
Qatar,QAT,1947,0.012,0.199,0
Qatar,QAT,1948,0.012,0.199,0
Qatar,QAT,1949,0.012,0.199,0
Qatar,QAT,1950,0.013,0.201,0
Qatar,QAT,1951,0.013,0.201,0
Qatar,QAT,1952,0.013,0.201,0
Qatar,QAT,1953,0.013,0.201,0
Qatar,QAT,1954,0.013,0.201,0
Qatar,QAT,1955,0.013,0.199,0
Qatar,QAT,1956,0.013,0.199,0
Qatar,QAT,1957,0.013,0.199,0
Qatar,QAT,1958,0.013,0.199,0
Qatar,QAT,1959,0.013,0.199,0
Qatar,QAT,1960,0.013,0.217,0
Qatar,QAT,1961,0.013,0.217,0
Qatar,QAT,1962,0.013,0.217,0
Qatar,QAT,1963,0.013,0.217,0
Qatar,QAT,1964,0.013,0.217,0
Qatar,QAT,1965,0.013,0.217,0
Qatar,QAT,1966,0.013,0.217,0
Qatar,QAT,1967,0.013,0.217,0
Qatar,QAT,1968,0.013,0.221,0
Qatar,QAT,1969,0.013,0.221,0
Qatar,QAT,1970,0.016,0.25,0
Qatar,QAT,1971,0.016,0.287,0
Qatar,QAT,1972,0.017,0.291,0
Qatar,QAT,1973,0.017,0.291,0
Qatar,QAT,1974,0.017,0.291,0
Qatar,QAT,1975,0.017,0.291,0
Qatar,QAT,1976,0.017,0.291,0
Qatar,QAT,1977,0.017,0.291,0
Qatar,QAT,1978,0.017,0.291,0
Qatar,QAT,1979,0.016,0.291,0
Qatar,QAT,1980,0.016,0.298,0
Qatar,QAT,1981,0.016,0.298,0
Qatar,QAT,1982,0.016,0.298,0
Qatar,QAT,1983,0.016,0.298,0
Qatar,QAT,1984,0.016,0.298,0
Qatar,QAT,1985,0.016,0.298,0
Qatar,QAT,1986,0.016,0.298,0
Qatar,QAT,1987,0.016,0.298,0
Qatar,QAT,1988,0.016,0.298,0
Qatar,QAT,1989,0.016,0.299,0
Qatar,QAT,1990,0.016,0.319,0
Qatar,QAT,1991,0.016,0.319,0
Qatar,QAT,1992,0.016,0.319,0
Qatar,QAT,1993,0.016,0.319,0
Qatar,QAT,1994,0.017,0.32,0
Qatar,QAT,1995,0.017,0.33,0
Qatar,QAT,1996,0.018,0.344,0
Qatar,QAT,1997,0.018,0.345,0
Qatar,QAT,1998,0.017,0.349,0
Qatar,QAT,1999,0.017,0.349,0
Qatar,QAT,2000,0.019,0.362,0
Qatar,QAT,2001,0.019,0.356,0
Qatar,QAT,2002,0.019,0.356,0
Qatar,QAT,2003,0.041,0.371,0
Qatar,QAT,2004,0.041,0.373,0
Qatar,QAT,2005,0.041,0.376,0
Qatar,QAT,2006,0.041,0.371,0
Qatar,QAT,2007,0.041,0.375,0
Qatar,QAT,2008,0.041,0.377,0
Qatar,QAT,2009,0.041,0.377,0
Qatar,QAT,2010,0.041,0.37,0
Qatar,QAT,2011,0.041,0.37,0
Qatar,QAT,2012,0.042,0.372,0
Qatar,QAT,2013,0.042,0.343,0
Qatar,QAT,2014,0.042,0.343,0
Qatar,QAT,2015,0.041,0.345,0
Qatar,QAT,2016,0.04,0.343,0
Qatar,QAT,2017,0.041,0.328,0
Qatar,QAT,2018,0.042,0.342,0
Qatar,QAT,2019,0.04,0.316,0
Qatar,QAT,2020,0.038,0.324,0
Qatar,QAT,2021,0.089,0.29,0
Qatar,QAT,2022,0.086,0.291,0
Qatar,QAT,2023,0.087,0.298,0
Qatar,QAT,2024,0.087,0.345,0
Qatar,QAT,2025,0.034,0.354,0
Sierra Leone,SLE,1900,0.074,0.184,0
Sierra Leone,SLE,1901,0.074,0.184,0
Sierra Leone,SLE,1902,0.074,0.184,0
Sierra Leone,SLE,1903,0.074,0.184,0
Sierra Leone,SLE,1904,0.074,0.184,0
Sierra Leone,SLE,1905,0.074,0.184,0
Sierra Leone,SLE,1906,0.074,0.184,0
Sierra Leone,SLE,1907,0.074,0.184,0
Sierra Leone,SLE,1908,0.074,0.184,0
Sierra Leone,SLE,1909,0.074,0.184,0
Sierra Leone,SLE,1910,0.074,0.184,0
Sierra Leone,SLE,1911,0.074,0.184,0
Sierra Leone,SLE,1912,0.074,0.184,0
Sierra Leone,SLE,1913,0.074,0.184,0
Sierra Leone,SLE,1914,0.074,0.184,0
Sierra Leone,SLE,1915,0.074,0.184,0
Sierra Leone,SLE,1916,0.074,0.184,0
Sierra Leone,SLE,1917,0.074,0.184,0
Sierra Leone,SLE,1918,0.074,0.184,0
Sierra Leone,SLE,1919,0.074,0.184,0
Sierra Leone,SLE,1920,0.074,0.184,0
Sierra Leone,SLE,1921,0.074,0.184,0
Sierra Leone,SLE,1922,0.074,0.184,0
Sierra Leone,SLE,1923,0.074,0.184,0
Sierra Leone,SLE,1924,0.074,0.24,0
Sierra Leone,SLE,1925,0.077,0.232,0
Sierra Leone,SLE,1926,0.077,0.232,0
Sierra Leone,SLE,1927,0.077,0.232,0
Sierra Leone,SLE,1928,0.077,0.236,0
Sierra Leone,SLE,1929,0.077,0.236,0
Sierra Leone,SLE,1930,0.077,0.236,0
Sierra Leone,SLE,1931,0.077,0.236,0
Sierra Leone,SLE,1932,0.077,0.236,0
Sierra Leone,SLE,1933,0.077,0.236,0
Sierra Leone,SLE,1934,0.077,0.236,0
Sierra Leone,SLE,1935,0.077,0.236,0
Sierra Leone,SLE,1936,0.077,0.236,0
Sierra Leone,SLE,1937,0.077,0.236,0
Sierra Leone,SLE,1938,0.077,0.236,0
Sierra Leone,SLE,1939,0.077,0.236,0
Sierra Leone,SLE,1940,0.077,0.236,0
Sierra Leone,SLE,1941,0.077,0.236,0
Sierra Leone,SLE,1942,0.077,0.236,0
Sierra Leone,SLE,1943,0.077,0.236,0
Sierra Leone,SLE,1944,0.077,0.236,0
Sierra Leone,SLE,1945,0.077,0.236,0
Sierra Leone,SLE,1946,0.077,0.236,0
Sierra Leone,SLE,1947,0.077,0.236,0
Sierra Leone,SLE,1948,0.079,0.24,0
Sierra Leone,SLE,1949,0.079,0.24,0
Sierra Leone,SLE,1950,0.079,0.234,0
Sierra Leone,SLE,1951,0.132,0.255,0
Sierra Leone,SLE,1952,0.155,0.265,0
Sierra Leone,SLE,1953,0.159,0.267,0
Sierra Leone,SLE,1954,0.159,0.272,0
Sierra Leone,SLE,1955,0.162,0.272,0
Sierra Leone,SLE,1956,0.162,0.272,0
Sierra Leone,SLE,1957,0.167,0.28,0
Sierra Leone,SLE,1958,0.226,0.288,0
Sierra Leone,SLE,1959,0.226,0.288,0
Sierra Leone,SLE,1960,0.238,0.318,0
Sierra Leone,SLE,1961,0.246,0.369,1
Sierra Leone,SLE,1962,0.363,0.384,1
Sierra Leone,SLE,1963,0.363,0.384,1
Sierra Leone,SLE,1964,0.369,0.379,1
Sierra Leone,SLE,1965,0.366,0.368,1
Sierra Leone,SLE,1966,0.366,0.36,1
Sierra Leone,SLE,1967,0.239,0.287,0
Sierra Leone,SLE,1968,0.169,0.222,0
Sierra Leone,SLE,1969,0.161,0.231,0
Sierra Leone,SLE,1970,0.161,0.223,0
Sierra Leone,SLE,1971,0.197,0.247,0
Sierra Leone,SLE,1972,0.206,0.24,0
Sierra Leone,SLE,1973,0.225,0.242,1
Sierra Leone,SLE,1974,0.234,0.242,1
Sierra Leone,SLE,1975,0.234,0.242,1
Sierra Leone,SLE,1976,0.234,0.242,1
Sierra Leone,SLE,1977,0.224,0.242,1
Sierra Leone,SLE,1978,0.196,0.239,1
Sierra Leone,SLE,1979,0.19,0.233,1
Sierra Leone,SLE,1980,0.187,0.233,1
Sierra Leone,SLE,1981,0.18,0.233,1
Sierra Leone,SLE,1982,0.182,0.233,1
Sierra Leone,SLE,1983,0.182,0.233,1
Sierra Leone,SLE,1984,0.182,0.233,1
Sierra Leone,SLE,1985,0.184,0.233,1
Sierra Leone,SLE,1986,0.195,0.235,1
Sierra Leone,SLE,1987,0.195,0.235,1
Sierra Leone,SLE,1988,0.195,0.235,1
Sierra Leone,SLE,1989,0.196,0.235,1
Sierra Leone,SLE,1990,0.196,0.232,1
Sierra Leone,SLE,1991,0.197,0.142,1
Sierra Leone,SLE,1992,0.165,0.118,1
Sierra Leone,SLE,1993,0.145,0.075,0
Sierra Leone,SLE,1994,0.153,0.075,0
Sierra Leone,SLE,1995,0.159,0.075,0
Sierra Leone,SLE,1996,0.281,0.272,1
Sierra Leone,SLE,1997,0.292,0.169,1
Sierra Leone,SLE,1998,0.22,0.179,0
Sierra Leone,SLE,1999,0.23,0.19,0
Sierra Leone,SLE,2000,0.232,0.211,0
Sierra Leone,SLE,2001,0.232,0.211,0
Sierra Leone,SLE,2002,0.43,0.482,1
Sierra Leone,SLE,2003,0.56,0.588,2
Sierra Leone,SLE,2004,0.557,0.588,2
Sierra Leone,SLE,2005,0.557,0.57,2
Sierra Leone,SLE,2006,0.557,0.561,2
Sierra Leone,SLE,2007,0.539,0.574,2
Sierra Leone,SLE,2008,0.517,0.558,2
Sierra Leone,SLE,2009,0.514,0.558,2
Sierra Leone,SLE,2010,0.514,0.567,2
Sierra Leone,SLE,2011,0.514,0.567,2
Sierra Leone,SLE,2012,0.508,0.567,2
Sierra Leone,SLE,2013,0.514,0.543,2
Sierra Leone,SLE,2014,0.514,0.543,2
Sierra Leone,SLE,2015,0.514,0.543,2
Sierra Leone,SLE,2016,0.514,0.534,2
Sierra Leone,SLE,2017,0.52,0.603,2
Sierra Leone,SLE,2018,0.548,0.642,2
Sierra Leone,SLE,2019,0.554,0.659,2
Sierra Leone,SLE,2020,0.561,0.727,2
Sierra Leone,SLE,2021,0.562,0.75,2
Sierra Leone,SLE,2022,0.57,0.743,2
Sierra Leone,SLE,2023,0.512,0.719,1
Sierra Leone,SLE,2024,0.471,0.718,1
Sierra Leone,SLE,2025,0.471,0.673,1
Spain,ESP,1900,0.185,0.516,0
Spain,ESP,1901,0.183,0.516,0
Spain,ESP,1902,0.181,0.516,0
Spain,ESP,1903,0.182,0.516,0
Spain,ESP,1904,0.182,0.516,0
Spain,ESP,1905,0.183,0.516,0
Spain,ESP,1906,0.184,0.516,0
Spain,ESP,1907,0.183,0.516,0
Spain,ESP,1908,0.182,0.517,0
Spain,ESP,1909,0.182,0.517,0
Spain,ESP,1910,0.181,0.517,0
Spain,ESP,1911,0.18,0.517,0
Spain,ESP,1912,0.18,0.517,0
Spain,ESP,1913,0.18,0.517,0
Spain,ESP,1914,0.179,0.517,0
Spain,ESP,1915,0.179,0.517,0
Spain,ESP,1916,0.179,0.517,0
Spain,ESP,1917,0.179,0.517,0
Spain,ESP,1918,0.178,0.517,0
Spain,ESP,1919,0.179,0.517,0
Spain,ESP,1920,0.179,0.517,0
Spain,ESP,1921,0.18,0.517,0
Spain,ESP,1922,0.176,0.513,0
Spain,ESP,1923,0.093,0.417,0
Spain,ESP,1924,0.061,0.31,0
Spain,ESP,1925,0.061,0.31,0
Spain,ESP,1926,0.061,0.31,0
Spain,ESP,1927,0.061,0.31,0
Spain,ESP,1928,0.061,0.31,0
Spain,ESP,1929,0.061,0.31,0
Spain,ESP,1930,0.063,0.31,0
Spain,ESP,1931,0.274,0.392,1
Spain,ESP,1932,0.559,0.687,2
Spain,ESP,1933,0.558,0.687,2
Spain,ESP,1934,0.551,0.672,2
Spain,ESP,1935,0.551,0.672,2
Spain,ESP,1936,0.497,0.619,1
Spain,ESP,1937,0.358,0.532,1
Spain,ESP,1938,0.343,0.529,1
Spain,ESP,1939,0.171,0.325,0
Spain,ESP,1940,0.07,0.168,0
Spain,ESP,1941,0.069,0.174,0
Spain,ESP,1942,0.069,0.175,0
Spain,ESP,1943,0.069,0.202,0
Spain,ESP,1944,0.069,0.206,0
Spain,ESP,1945,0.069,0.207,0
Spain,ESP,1946,0.069,0.215,0
Spain,ESP,1947,0.069,0.215,0
Spain,ESP,1948,0.069,0.215,0
Spain,ESP,1949,0.069,0.215,0
Spain,ESP,1950,0.069,0.22,0
Spain,ESP,1951,0.069,0.22,0
Spain,ESP,1952,0.069,0.22,0
Spain,ESP,1953,0.069,0.22,0
Spain,ESP,1954,0.069,0.22,0
Spain,ESP,1955,0.069,0.22,0
Spain,ESP,1956,0.069,0.219,0
Spain,ESP,1957,0.069,0.219,0
Spain,ESP,1958,0.069,0.227,0
Spain,ESP,1959,0.07,0.227,0
Spain,ESP,1960,0.07,0.241,0
Spain,ESP,1961,0.07,0.241,0
Spain,ESP,1962,0.07,0.241,0
Spain,ESP,1963,0.072,0.241,0
Spain,ESP,1964,0.072,0.241,0
Spain,ESP,1965,0.072,0.241,0
Spain,ESP,1966,0.077,0.241,0
Spain,ESP,1967,0.086,0.241,0
Spain,ESP,1968,0.104,0.241,0
Spain,ESP,1969,0.104,0.241,0
Spain,ESP,1970,0.104,0.246,0
Spain,ESP,1971,0.106,0.246,0
Spain,ESP,1972,0.112,0.246,0
Spain,ESP,1973,0.112,0.246,0
Spain,ESP,1974,0.113,0.246,0
Spain,ESP,1975,0.118,0.324,1
Spain,ESP,1976,0.145,0.354,1
Spain,ESP,1977,0.403,0.576,1
Spain,ESP,1978,0.766,0.861,2
Spain,ESP,1979,0.859,0.913,2
Spain,ESP,1980,0.867,0.913,2
Spain,ESP,1981,0.867,0.913,2
Spain,ESP,1982,0.881,0.9,2
Spain,ESP,1983,0.889,0.905,3
Spain,ESP,1984,0.889,0.905,3
Spain,ESP,1985,0.889,0.905,3
Spain,ESP,1986,0.89,0.903,3
Spain,ESP,1987,0.891,0.91,3
Spain,ESP,1988,0.891,0.91,3
Spain,ESP,1989,0.891,0.91,3
Spain,ESP,1990,0.892,0.91,3
Spain,ESP,1991,0.892,0.91,3
Spain,ESP,1992,0.892,0.91,3
Spain,ESP,1993,0.892,0.921,3
Spain,ESP,1994,0.892,0.921,3
Spain,ESP,1995,0.892,0.921,3
Spain,ESP,1996,0.893,0.922,3
Spain,ESP,1997,0.894,0.922,3
Spain,ESP,1998,0.894,0.922,3
Spain,ESP,1999,0.894,0.922,3
Spain,ESP,2000,0.893,0.915,3
Spain,ESP,2001,0.893,0.915,3
Spain,ESP,2002,0.893,0.915,3
Spain,ESP,2003,0.875,0.915,3
Spain,ESP,2004,0.875,0.93,3
Spain,ESP,2005,0.879,0.93,3
Spain,ESP,2006,0.879,0.931,3
Spain,ESP,2007,0.876,0.931,3
Spain,ESP,2008,0.886,0.931,3
Spain,ESP,2009,0.888,0.931,3
Spain,ESP,2010,0.892,0.93,3
Spain,ESP,2011,0.893,0.924,3
Spain,ESP,2012,0.889,0.896,3
Spain,ESP,2013,0.875,0.888,3
Spain,ESP,2014,0.871,0.888,3
Spain,ESP,2015,0.856,0.887,3
Spain,ESP,2016,0.847,0.91,3
Spain,ESP,2017,0.835,0.915,3
Spain,ESP,2018,0.851,0.919,3
Spain,ESP,2019,0.871,0.93,3
Spain,ESP,2020,0.874,0.9,3
Spain,ESP,2021,0.85,0.921,3
Spain,ESP,2022,0.867,0.904,3
Spain,ESP,2023,0.846,0.902,3
Spain,ESP,2024,0.826,0.907,3
Spain,ESP,2025,0.822,0.909,3
Syria,SYR,1918,0.128,0.325,0
Syria,SYR,1919,0.128,0.461,0
Syria,SYR,1922,0.07,0.185,0
Syria,SYR,1923,0.07,0.188,0
Syria,SYR,1924,0.07,0.187,0
Syria,SYR,1925,0.07,0.182,0
Syria,SYR,1926,0.07,0.185,0
Syria,SYR,1927,0.07,0.185,0
Syria,SYR,1928,0.095,0.253,0
Syria,SYR,1929,0.095,0.193,0
Syria,SYR,1930,0.119,0.222,0
Syria,SYR,1931,0.123,0.224,0
Syria,SYR,1932,0.142,0.281,0
Syria,SYR,1933,0.137,0.315,0
Syria,SYR,1934,0.124,0.224,0
Syria,SYR,1935,0.124,0.222,0
Syria,SYR,1936,0.127,0.233,0
Syria,SYR,1937,0.157,0.303,0
Syria,SYR,1938,0.157,0.299,0
Syria,SYR,1939,0.105,0.207,0
Syria,SYR,1940,0.105,0.205,0
Syria,SYR,1941,0.105,0.205,0
Syria,SYR,1942,0.104,0.208,0
Syria,SYR,1943,0.116,0.239,0
Syria,SYR,1944,0.135,0.283,0
Syria,SYR,1945,0.117,0.296,0
Syria,SYR,1946,0.136,0.239,0
Syria,SYR,1947,0.214,0.419,1
Syria,SYR,1948,0.31,0.497,1
Syria,SYR,1949,0.23,0.477,1
Syria,SYR,1950,0.244,0.472,1
Syria,SYR,1951,0.207,0.459,0
Syria,SYR,1952,0.144,0.334,0
Syria,SYR,1953,0.171,0.335,1
Syria,SYR,1954,0.267,0.343,1
Syria,SYR,1955,0.303,0.491,1
Syria,SYR,1956,0.305,0.487,1
Syria,SYR,1957,0.305,0.49,1
Syria,SYR,1958,0.11,0.319,1
Syria,SYR,1959,0.081,0.23,0
Syria,SYR,1960,0.078,0.217,0
Syria,SYR,1961,0.094,0.234,1
Syria,SYR,1962,0.26,0.404,1
Syria,SYR,1963,0.159,0.334,1
Syria,SYR,1964,0.142,0.187,1
Syria,SYR,1965,0.142,0.187,1
Syria,SYR,1966,0.104,0.154,1
Syria,SYR,1967,0.099,0.147,0
Syria,SYR,1968,0.099,0.147,0
Syria,SYR,1969,0.099,0.139,0
Syria,SYR,1970,0.075,0.088,0
Syria,SYR,1971,0.137,0.099,1
Syria,SYR,1972,0.147,0.1,1
Syria,SYR,1973,0.144,0.097,1
Syria,SYR,1974,0.143,0.097,1
Syria,SYR,1975,0.143,0.093,1
Syria,SYR,1976,0.143,0.095,1
Syria,SYR,1977,0.144,0.096,1
Syria,SYR,1978,0.143,0.093,1
Syria,SYR,1979,0.143,0.094,1
Syria,SYR,1980,0.143,0.085,1
Syria,SYR,1981,0.143,0.085,1
Syria,SYR,1982,0.143,0.086,1
Syria,SYR,1983,0.143,0.091,1
Syria,SYR,1984,0.143,0.093,1
Syria,SYR,1985,0.143,0.092,1
Syria,SYR,1986,0.143,0.092,1
Syria,SYR,1987,0.143,0.085,1
Syria,SYR,1988,0.143,0.085,1
Syria,SYR,1989,0.143,0.085,1
Syria,SYR,1990,0.144,0.091,1
Syria,SYR,1991,0.145,0.091,1
Syria,SYR,1992,0.144,0.091,1
Syria,SYR,1993,0.144,0.092,1
Syria,SYR,1994,0.144,0.092,1
Syria,SYR,1995,0.145,0.092,1
Syria,SYR,1996,0.145,0.092,1
Syria,SYR,1997,0.145,0.092,1
Syria,SYR,1998,0.144,0.096,1
Syria,SYR,1999,0.144,0.096,1
Syria,SYR,2000,0.15,0.14,1
Syria,SYR,2001,0.152,0.14,1
Syria,SYR,2002,0.15,0.14,1
Syria,SYR,2003,0.15,0.135,1
Syria,SYR,2004,0.149,0.133,1
Syria,SYR,2005,0.148,0.137,1
Syria,SYR,2006,0.148,0.137,1
Syria,SYR,2007,0.145,0.137,1
Syria,SYR,2008,0.144,0.137,1
Syria,SYR,2009,0.144,0.137,1
Syria,SYR,2010,0.144,0.137,1
Syria,SYR,2011,0.144,0.098,1
Syria,SYR,2012,0.144,0.07,1
Syria,SYR,2013,0.136,0.048,0
Syria,SYR,2014,0.137,0.049,0
Syria,SYR,2015,0.136,0.051,0
Syria,SYR,2016,0.136,0.051,0
Syria,SYR,2017,0.137,0.054,0
Syria,SYR,2018,0.135,0.052,0
Syria,SYR,2019,0.136,0.055,0
Syria,SYR,2020,0.138,0.073,0
Syria,SYR,2021,0.136,0.082,0
Syria,SYR,2022,0.137,0.076,0
Syria,SYR,2023,0.145,0.119,0
Syria,SYR,2024,0.143,0.156,0
Syria,SYR,2025,0.128,0.166,0
Tunisia,TUN,1900,0.036,0.128,0
Tunisia,TUN,1901,0.034,0.128,0
Tunisia,TUN,1902,0.034,0.128,0
Tunisia,TUN,1903,0.034,0.128,0
Tunisia,TUN,1904,0.034,0.128,0
Tunisia,TUN,1905,0.034,0.128,0
Tunisia,TUN,1906,0.034,0.128,0
Tunisia,TUN,1907,0.037,0.128,0
Tunisia,TUN,1908,0.037,0.128,0
Tunisia,TUN,1909,0.037,0.128,0
Tunisia,TUN,1910,0.037,0.126,0
Tunisia,TUN,1911,0.037,0.126,0
Tunisia,TUN,1912,0.036,0.126,0
Tunisia,TUN,1913,0.036,0.126,0
Tunisia,TUN,1914,0.036,0.126,0
Tunisia,TUN,1915,0.036,0.126,0
Tunisia,TUN,1916,0.036,0.126,0
Tunisia,TUN,1917,0.036,0.126,0
Tunisia,TUN,1918,0.037,0.126,0
Tunisia,TUN,1919,0.04,0.126,0
Tunisia,TUN,1920,0.04,0.126,0
Tunisia,TUN,1921,0.04,0.126,0
Tunisia,TUN,1922,0.04,0.126,0
Tunisia,TUN,1923,0.038,0.126,0
Tunisia,TUN,1924,0.038,0.126,0
Tunisia,TUN,1925,0.039,0.126,0
Tunisia,TUN,1926,0.039,0.126,0
Tunisia,TUN,1927,0.039,0.126,0
Tunisia,TUN,1928,0.039,0.126,0
Tunisia,TUN,1929,0.039,0.126,0
Tunisia,TUN,1930,0.039,0.126,0
Tunisia,TUN,1931,0.039,0.126,0
Tunisia,TUN,1932,0.039,0.126,0
Tunisia,TUN,1933,0.039,0.126,0
Tunisia,TUN,1934,0.034,0.126,0
Tunisia,TUN,1935,0.037,0.126,0
Tunisia,TUN,1936,0.038,0.126,0
Tunisia,TUN,1937,0.038,0.126,0
Tunisia,TUN,1938,0.035,0.126,0
Tunisia,TUN,1939,0.034,0.126,0
Tunisia,TUN,1940,0.033,0.126,0
Tunisia,TUN,1941,0.033,0.126,0
Tunisia,TUN,1942,0.033,0.126,0
Tunisia,TUN,1943,0.033,0.126,0
Tunisia,TUN,1944,0.033,0.126,0
Tunisia,TUN,1945,0.033,0.126,0
Tunisia,TUN,1946,0.036,0.126,0
Tunisia,TUN,1947,0.036,0.126,0
Tunisia,TUN,1948,0.036,0.126,0
Tunisia,TUN,1949,0.036,0.126,0
Tunisia,TUN,1950,0.035,0.126,0
Tunisia,TUN,1951,0.035,0.126,0
Tunisia,TUN,1952,0.035,0.126,0
Tunisia,TUN,1953,0.036,0.126,0
Tunisia,TUN,1954,0.037,0.126,0
Tunisia,TUN,1955,0.038,0.126,0
Tunisia,TUN,1956,0.063,0.244,0
Tunisia,TUN,1957,0.065,0.287,0
Tunisia,TUN,1958,0.086,0.373,0
Tunisia,TUN,1959,0.096,0.387,1
Tunisia,TUN,1960,0.193,0.441,1
Tunisia,TUN,1961,0.193,0.441,1
Tunisia,TUN,1962,0.193,0.452,1
Tunisia,TUN,1963,0.192,0.451,1
Tunisia,TUN,1964,0.192,0.456,1
Tunisia,TUN,1965,0.187,0.456,1
Tunisia,TUN,1966,0.187,0.456,1
Tunisia,TUN,1967,0.187,0.456,1
Tunisia,TUN,1968,0.187,0.456,1
Tunisia,TUN,1969,0.187,0.456,1
Tunisia,TUN,1970,0.187,0.456,1
Tunisia,TUN,1971,0.187,0.456,1
Tunisia,TUN,1972,0.187,0.456,1
Tunisia,TUN,1973,0.187,0.456,1
Tunisia,TUN,1974,0.186,0.456,1
Tunisia,TUN,1975,0.187,0.456,1
Tunisia,TUN,1976,0.189,0.46,1
Tunisia,TUN,1977,0.191,0.46,1
Tunisia,TUN,1978,0.191,0.46,1
Tunisia,TUN,1979,0.189,0.46,1
Tunisia,TUN,1980,0.192,0.481,1
Tunisia,TUN,1981,0.195,0.481,1
Tunisia,TUN,1982,0.196,0.481,1
Tunisia,TUN,1983,0.198,0.481,1
Tunisia,TUN,1984,0.198,0.481,1
Tunisia,TUN,1985,0.196,0.481,1
Tunisia,TUN,1986,0.195,0.481,1
Tunisia,TUN,1987,0.18,0.481,1
Tunisia,TUN,1988,0.113,0.254,0
Tunisia,TUN,1989,0.125,0.254,1
Tunisia,TUN,1990,0.196,0.255,1
Tunisia,TUN,1991,0.197,0.255,1
Tunisia,TUN,1992,0.196,0.255,1
Tunisia,TUN,1993,0.193,0.255,1
Tunisia,TUN,1994,0.189,0.255,1
Tunisia,TUN,1995,0.188,0.255,1
Tunisia,TUN,1996,0.188,0.255,1
Tunisia,TUN,1997,0.188,0.255,1
Tunisia,TUN,1998,0.188,0.255,1
Tunisia,TUN,1999,0.188,0.255,1
Tunisia,TUN,2000,0.189,0.255,1
Tunisia,TUN,2001,0.189,0.255,1
Tunisia,TUN,2002,0.19,0.255,1
Tunisia,TUN,2003,0.19,0.255,1
Tunisia,TUN,2004,0.189,0.255,1
Tunisia,TUN,2005,0.191,0.255,1
Tunisia,TUN,2006,0.191,0.266,1
Tunisia,TUN,2007,0.191,0.267,1
Tunisia,TUN,2008,0.191,0.267,1
Tunisia,TUN,2009,0.191,0.265,1
Tunisia,TUN,2010,0.193,0.295,1
Tunisia,TUN,2011,0.328,0.574,1
Tunisia,TUN,2012,0.765,0.836,2
Tunisia,TUN,2013,0.761,0.83,2
Tunisia,TUN,2014,0.745,0.847,2
Tunisia,TUN,2015,0.727,0.868,2
Tunisia,TUN,2016,0.731,0.862,2
Tunisia,TUN,2017,0.725,0.881,2
Tunisia,TUN,2018,0.728,0.877,2
Tunisia,TUN,2019,0.725,0.879,2
Tunisia,TUN,2020,0.712,0.883,2
Tunisia,TUN,2021,0.535,0.827,2
Tunisia,TUN,2022,0.283,0.507,1
Tunisia,TUN,2023,0.432,0.561,1
Tunisia,TUN,2024,0.422,0.549,1
Tunisia,TUN,2025,0.395,0.571,1
Türkiye,TUR,1900,0.009,0.138,0
Türkiye,TUR,1901,0.009,0.138,0
Türkiye,TUR,1902,0.009,0.138,0
Türkiye,TUR,1903,0.009,0.138,0
Türkiye,TUR,1904,0.009,0.138,0
Türkiye,TUR,1905,0.009,0.138,0
Türkiye,TUR,1906,0.009,0.138,0
Türkiye,TUR,1907,0.009,0.142,0
Türkiye,TUR,1908,0.062,0.239,0
Türkiye,TUR,1909,0.153,0.361,0
Türkiye,TUR,1910,0.141,0.356,0
Türkiye,TUR,1911,0.136,0.34,0
Türkiye,TUR,1912,0.113,0.339,0
Türkiye,TUR,1913,0.079,0.23,0
Türkiye,TUR,1914,0.074,0.212,0
Türkiye,TUR,1915,0.074,0.181,0
Türkiye,TUR,1916,0.071,0.184,0
Türkiye,TUR,1917,0.071,0.184,0
Türkiye,TUR,1918,0.074,0.193,0
Türkiye,TUR,1919,0.096,0.297,0
Türkiye,TUR,1920,0.097,0.346,0
Türkiye,TUR,1921,0.097,0.353,0
Türkiye,TUR,1922,0.102,0.371,1
Türkiye,TUR,1923,0.106,0.359,0
Türkiye,TUR,1924,0.118,0.417,0
Türkiye,TUR,1925,0.114,0.33,0
Türkiye,TUR,1926,0.108,0.335,0
Türkiye,TUR,1927,0.108,0.335,0
Türkiye,TUR,1928,0.108,0.342,0
Türkiye,TUR,1929,0.108,0.34,0
Türkiye,TUR,1930,0.11,0.337,0
Türkiye,TUR,1931,0.139,0.341,0
Türkiye,TUR,1932,0.139,0.341,0
Türkiye,TUR,1933,0.139,0.341,0
Türkiye,TUR,1934,0.139,0.341,0
Türkiye,TUR,1935,0.139,0.341,0
Türkiye,TUR,1936,0.139,0.341,0
Türkiye,TUR,1937,0.139,0.341,0
Türkiye,TUR,1938,0.139,0.341,0
Türkiye,TUR,1939,0.138,0.341,0
Türkiye,TUR,1940,0.141,0.338,0
Türkiye,TUR,1941,0.141,0.327,0
Türkiye,TUR,1942,0.141,0.327,0
Türkiye,TUR,1943,0.141,0.345,0
Türkiye,TUR,1944,0.141,0.345,0
Türkiye,TUR,1945,0.146,0.35,0
Türkiye,TUR,1946,0.208,0.399,1
Türkiye,TUR,1947,0.232,0.405,1
Türkiye,TUR,1948,0.234,0.405,1
Türkiye,TUR,1949,0.234,0.403,1
Türkiye,TUR,1950,0.335,0.421,1
Türkiye,TUR,1951,0.403,0.453,1
Türkiye,TUR,1952,0.4,0.457,1
Türkiye,TUR,1953,0.4,0.467,1
Türkiye,TUR,1954,0.39,0.477,1
Türkiye,TUR,1955,0.395,0.438,1
Türkiye,TUR,1956,0.354,0.442,1
Türkiye,TUR,1957,0.353,0.442,1
Türkiye,TUR,1958,0.346,0.442,1
Türkiye,TUR,1959,0.346,0.442,1
Türkiye,TUR,1960,0.221,0.354,0
Türkiye,TUR,1961,0.193,0.33,0
Türkiye,TUR,1962,0.289,0.615,0
Türkiye,TUR,1963,0.299,0.644,0
Türkiye,TUR,1964,0.314,0.648,0
Türkiye,TUR,1965,0.32,0.659,0
Türkiye,TUR,1966,0.517,0.645,2
Türkiye,TUR,1967,0.574,0.645,2
Türkiye,TUR,1968,0.574,0.645,2
Türkiye,TUR,1969,0.573,0.645,2
Türkiye,TUR,1970,0.541,0.629,2
Türkiye,TUR,1971,0.482,0.502,1
Türkiye,TUR,1972,0.499,0.502,1
Türkiye,TUR,1973,0.518,0.52,2
Türkiye,TUR,1974,0.568,0.617,2
Türkiye,TUR,1975,0.568,0.617,2
Türkiye,TUR,1976,0.568,0.622,2
Türkiye,TUR,1977,0.565,0.616,2
Türkiye,TUR,1978,0.562,0.611,2
Türkiye,TUR,1979,0.562,0.61,2
Türkiye,TUR,1980,0.335,0.427,1
Türkiye,TUR,1981,0.114,0.176,0
Türkiye,TUR,1982,0.114,0.198,0
Türkiye,TUR,1983,0.147,0.447,1
Türkiye,TUR,1984,0.401,0.602,1
Türkiye,TUR,1985,0.403,0.602,1
Türkiye,TUR,1986,0.414,0.591,1
Türkiye,TUR,1987,0.424,0.582,1
Türkiye,TUR,1988,0.487,0.585,1
Türkiye,TUR,1989,0.487,0.585,1
Türkiye,TUR,1990,0.517,0.613,2
Türkiye,TUR,1991,0.518,0.64,2
Türkiye,TUR,1992,0.533,0.64,2
Türkiye,TUR,1993,0.53,0.64,2
Türkiye,TUR,1994,0.536,0.64,2
Türkiye,TUR,1995,0.538,0.64,2
Türkiye,TUR,1996,0.547,0.646,2
Türkiye,TUR,1997,0.545,0.674,2
Türkiye,TUR,1998,0.544,0.667,2
Türkiye,TUR,1999,0.57,0.681,2
Türkiye,TUR,2000,0.586,0.69,2
Türkiye,TUR,2001,0.591,0.696,2
Türkiye,TUR,2002,0.636,0.742,2
Türkiye,TUR,2003,0.651,0.743,2
Türkiye,TUR,2004,0.657,0.738,2
Türkiye,TUR,2005,0.643,0.731,2
Türkiye,TUR,2006,0.643,0.73,2
Türkiye,TUR,2007,0.616,0.718,2
Türkiye,TUR,2008,0.554,0.704,2
Türkiye,TUR,2009,0.545,0.702,2
Türkiye,TUR,2010,0.525,0.63,2
Türkiye,TUR,2011,0.522,0.623,2
Türkiye,TUR,2012,0.508,0.617,2
Türkiye,TUR,2013,0.469,0.537,1
Türkiye,TUR,2014,0.426,0.494,1
Türkiye,TUR,2015,0.388,0.48,1
Türkiye,TUR,2016,0.308,0.318,1
Türkiye,TUR,2017,0.29,0.202,1
Türkiye,TUR,2018,0.295,0.208,1
Türkiye,TUR,2019,0.289,0.225,1
Türkiye,TUR,2020,0.292,0.245,1
Türkiye,TUR,2021,0.287,0.243,1
Türkiye,TUR,2022,0.285,0.238,1
Türkiye,TUR,2023,0.285,0.23,1
Türkiye,TUR,2024,0.289,0.23,1
Türkiye,TUR,2025,0.293,0.227,1
Ukraine,UKR,1990,0.372,0.489,0
Ukraine,UKR,1991,0.429,0.535,1
Ukraine,UKR,1992,0.528,0.544,1
Ukraine,UKR,1993,0.528,0.603,1
Ukraine,UKR,1994,0.546,0.579,2
Ukraine,UKR,1995,0.552,0.518,2
Ukraine,UKR,1996,0.543,0.506,2
Ukraine,UKR,1997,0.523,0.485,2
Ukraine,UKR,1998,0.448,0.477,1
Ukraine,UKR,1999,0.422,0.475,1
Ukraine,UKR,2000,0.389,0.475,1
Ukraine,UKR,2001,0.384,0.494,1
Ukraine,UKR,2002,0.394,0.515,1
Ukraine,UKR,2003,0.392,0.563,1
Ukraine,UKR,2004,0.383,0.602,1
Ukraine,UKR,2005,0.448,0.554,1
Ukraine,UKR,2006,0.574,0.593,2
Ukraine,UKR,2007,0.607,0.605,2
Ukraine,UKR,2008,0.608,0.59,2
Ukraine,UKR,2009,0.604,0.595,2
Ukraine,UKR,2010,0.484,0.454,1
Ukraine,UKR,2011,0.483,0.452,1
Ukraine,UKR,2012,0.479,0.446,1
Ukraine,UKR,2013,0.459,0.447,1
Ukraine,UKR,2014,0.417,0.405,1
Ukraine,UKR,2015,0.42,0.438,1
Ukraine,UKR,2016,0.433,0.451,1
Ukraine,UKR,2017,0.43,0.459,1
Ukraine,UKR,2018,0.43,0.469,1
Ukraine,UKR,2019,0.528,0.527,2
Ukraine,UKR,2020,0.552,0.513,2
Ukraine,UKR,2021,0.537,0.528,2
Ukraine,UKR,2022,0.392,0.488,1
Ukraine,UKR,2023,0.39,0.503,1
Ukraine,UKR,2024,0.387,0.48,1
Ukraine,UKR,2025,0.386,0.515,1
United Kingdom,GBR,1900,0.471,0.841,1
United Kingdom,GBR,1901,0.477,0.841,1
United Kingdom,GBR,1902,0.477,0.841,1
United Kingdom,GBR,1903,0.477,0.841,1
United Kingdom,GBR,1904,0.477,0.841,1
United Kingdom,GBR,1905,0.477,0.841,1
United Kingdom,GBR,1906,0.477,0.841,1
United Kingdom,GBR,1907,0.477,0.841,1
United Kingdom,GBR,1908,0.477,0.841,1
United Kingdom,GBR,1909,0.477,0.841,1
United Kingdom,GBR,1910,0.477,0.841,1
United Kingdom,GBR,1911,0.477,0.844,1
United Kingdom,GBR,1912,0.477,0.841,1
United Kingdom,GBR,1913,0.477,0.841,1
United Kingdom,GBR,1914,0.467,0.834,1
United Kingdom,GBR,1915,0.464,0.834,1
United Kingdom,GBR,1916,0.464,0.831,1
United Kingdom,GBR,1917,0.464,0.831,1
United Kingdom,GBR,1918,0.464,0.831,1
United Kingdom,GBR,1919,0.696,0.844,3
United Kingdom,GBR,1920,0.706,0.846,3
United Kingdom,GBR,1921,0.706,0.846,3
United Kingdom,GBR,1922,0.707,0.846,3
United Kingdom,GBR,1923,0.717,0.846,3
United Kingdom,GBR,1924,0.715,0.849,3
United Kingdom,GBR,1925,0.713,0.849,3
United Kingdom,GBR,1926,0.713,0.851,3
United Kingdom,GBR,1927,0.713,0.851,3
United Kingdom,GBR,1928,0.713,0.854,3
United Kingdom,GBR,1929,0.717,0.854,3
United Kingdom,GBR,1930,0.721,0.854,3
United Kingdom,GBR,1931,0.719,0.845,3
United Kingdom,GBR,1932,0.725,0.845,3
United Kingdom,GBR,1933,0.725,0.845,3
United Kingdom,GBR,1934,0.725,0.845,3
United Kingdom,GBR,1935,0.725,0.845,3
United Kingdom,GBR,1936,0.725,0.845,3
United Kingdom,GBR,1937,0.725,0.845,3
United Kingdom,GBR,1938,0.725,0.845,3
United Kingdom,GBR,1939,0.697,0.838,3
United Kingdom,GBR,1940,0.7,0.829,3
United Kingdom,GBR,1941,0.7,0.829,3
United Kingdom,GBR,1942,0.7,0.829,3
United Kingdom,GBR,1943,0.7,0.829,3
United Kingdom,GBR,1944,0.7,0.829,3
United Kingdom,GBR,1945,0.709,0.839,3
United Kingdom,GBR,1946,0.784,0.865,3
United Kingdom,GBR,1947,0.791,0.865,3
United Kingdom,GBR,1948,0.791,0.865,3
United Kingdom,GBR,1949,0.791,0.865,3
United Kingdom,GBR,1950,0.811,0.865,3
United Kingdom,GBR,1951,0.81,0.865,3
United Kingdom,GBR,1952,0.808,0.863,3
United Kingdom,GBR,1953,0.808,0.863,3
United Kingdom,GBR,1954,0.808,0.863,3
United Kingdom,GBR,1955,0.804,0.863,3
United Kingdom,GBR,1956,0.802,0.863,3
United Kingdom,GBR,1957,0.802,0.863,3
United Kingdom,GBR,1958,0.802,0.863,3
United Kingdom,GBR,1959,0.803,0.863,3
United Kingdom,GBR,1960,0.808,0.863,3
United Kingdom,GBR,1961,0.808,0.864,3
United Kingdom,GBR,1962,0.808,0.864,3
United Kingdom,GBR,1963,0.808,0.864,3
United Kingdom,GBR,1964,0.81,0.889,3
United Kingdom,GBR,1965,0.825,0.889,3
United Kingdom,GBR,1966,0.824,0.889,3
United Kingdom,GBR,1967,0.829,0.889,3
United Kingdom,GBR,1968,0.819,0.889,3
United Kingdom,GBR,1969,0.819,0.89,3
United Kingdom,GBR,1970,0.823,0.893,3
United Kingdom,GBR,1971,0.822,0.899,3
United Kingdom,GBR,1972,0.822,0.899,3
United Kingdom,GBR,1973,0.822,0.899,3
United Kingdom,GBR,1974,0.824,0.904,3
United Kingdom,GBR,1975,0.825,0.904,3
United Kingdom,GBR,1976,0.825,0.904,3
United Kingdom,GBR,1977,0.825,0.904,3
United Kingdom,GBR,1978,0.825,0.904,3
United Kingdom,GBR,1979,0.821,0.899,3
United Kingdom,GBR,1980,0.805,0.904,3
United Kingdom,GBR,1981,0.805,0.916,3
United Kingdom,GBR,1982,0.805,0.916,3
United Kingdom,GBR,1983,0.803,0.916,3
United Kingdom,GBR,1984,0.802,0.916,3
United Kingdom,GBR,1985,0.802,0.916,3
United Kingdom,GBR,1986,0.802,0.916,3
United Kingdom,GBR,1987,0.803,0.916,3
United Kingdom,GBR,1988,0.804,0.916,3
United Kingdom,GBR,1989,0.804,0.916,3
United Kingdom,GBR,1990,0.816,0.922,3
United Kingdom,GBR,1991,0.816,0.922,3
United Kingdom,GBR,1992,0.815,0.922,3
United Kingdom,GBR,1993,0.814,0.931,3
United Kingdom,GBR,1994,0.814,0.936,3
United Kingdom,GBR,1995,0.814,0.936,3
United Kingdom,GBR,1996,0.814,0.936,3
United Kingdom,GBR,1997,0.811,0.934,3
United Kingdom,GBR,1998,0.814,0.937,3
United Kingdom,GBR,1999,0.835,0.938,3
United Kingdom,GBR,2000,0.848,0.94,3
United Kingdom,GBR,2001,0.856,0.936,3
United Kingdom,GBR,2002,0.857,0.936,3
United Kingdom,GBR,2003,0.857,0.936,3
United Kingdom,GBR,2004,0.857,0.936,3
United Kingdom,GBR,2005,0.863,0.936,3
United Kingdom,GBR,2006,0.87,0.938,3
United Kingdom,GBR,2007,0.87,0.938,3
United Kingdom,GBR,2008,0.87,0.938,3
United Kingdom,GBR,2009,0.87,0.938,3
United Kingdom,GBR,2010,0.866,0.935,3
United Kingdom,GBR,2011,0.865,0.936,3
United Kingdom,GBR,2012,0.868,0.935,3
United Kingdom,GBR,2013,0.864,0.931,3
United Kingdom,GBR,2014,0.861,0.931,3
United Kingdom,GBR,2015,0.855,0.931,3
United Kingdom,GBR,2016,0.854,0.931,3
United Kingdom,GBR,2017,0.865,0.935,3
United Kingdom,GBR,2018,0.875,0.936,3
United Kingdom,GBR,2019,0.854,0.93,3
United Kingdom,GBR,2020,0.871,0.922,3
United Kingdom,GBR,2021,0.857,0.915,3
United Kingdom,GBR,2022,0.844,0.916,3
United Kingdom,GBR,2023,0.852,0.909,3
United Kingdom,GBR,2024,0.832,0.908,2
United Kingdom,GBR,2025,0.772,0.904,2
Uruguay,URY,1900,0.338,0.735,1
Uruguay,URY,1901,0.335,0.735,1
Uruguay,URY,1902,0.308,0.735,1
Uruguay,URY,1903,0.308,0.735,1
Uruguay,URY,1904,0.295,0.73,1
Uruguay,URY,1905,0.307,0.744,1
Uruguay,URY,1906,0.317,0.744,1
Uruguay,URY,1907,0.316,0.747,0
Uruguay,URY,1908,0.302,0.747,0
Uruguay,URY,1909,0.302,0.756,0
Uruguay,URY,1910,0.308,0.756,0
Uruguay,URY,1911,0.323,0.762,1
Uruguay,URY,1912,0.334,0.762,1
Uruguay,URY,1913,0.333,0.763,1
Uruguay,URY,1914,0.323,0.763,1
Uruguay,URY,1915,0.33,0.767,1
Uruguay,URY,1916,0.371,0.792,1
Uruguay,URY,1917,0.431,0.796,1
Uruguay,URY,1918,0.444,0.816,1
Uruguay,URY,1919,0.485,0.828,1
Uruguay,URY,1920,0.483,0.828,1
Uruguay,URY,1921,0.483,0.823,1
Uruguay,URY,1922,0.486,0.825,1
Uruguay,URY,1923,0.504,0.825,2
Uruguay,URY,1924,0.528,0.825,2
Uruguay,URY,1925,0.55,0.825,2
Uruguay,URY,1926,0.562,0.825,2
Uruguay,URY,1927,0.562,0.825,2
Uruguay,URY,1928,0.562,0.825,2
Uruguay,URY,1929,0.558,0.825,2
Uruguay,URY,1930,0.558,0.825,2
Uruguay,URY,1931,0.554,0.82,2
Uruguay,URY,1932,0.55,0.814,2
Uruguay,URY,1933,0.35,0.536,0
Uruguay,URY,1934,0.374,0.553,0
Uruguay,URY,1935,0.432,0.631,0
Uruguay,URY,1936,0.461,0.631,0
Uruguay,URY,1937,0.461,0.634,0
Uruguay,URY,1938,0.474,0.637,1
Uruguay,URY,1939,0.588,0.675,2
Uruguay,URY,1940,0.588,0.675,2
Uruguay,URY,1941,0.588,0.675,2
Uruguay,URY,1942,0.634,0.68,2
Uruguay,URY,1943,0.728,0.815,2
Uruguay,URY,1944,0.727,0.815,2
Uruguay,URY,1945,0.733,0.815,2
Uruguay,URY,1946,0.759,0.823,2
Uruguay,URY,1947,0.78,0.823,2
Uruguay,URY,1948,0.78,0.823,2
Uruguay,URY,1949,0.78,0.833,2
Uruguay,URY,1950,0.78,0.833,2
Uruguay,URY,1951,0.784,0.831,2
Uruguay,URY,1952,0.784,0.831,2
Uruguay,URY,1953,0.784,0.841,2
Uruguay,URY,1954,0.784,0.841,2
Uruguay,URY,1955,0.783,0.841,2
Uruguay,URY,1956,0.791,0.841,2
Uruguay,URY,1957,0.791,0.843,2
Uruguay,URY,1958,0.791,0.843,2
Uruguay,URY,1959,0.786,0.843,2
Uruguay,URY,1960,0.786,0.839,2
Uruguay,URY,1961,0.786,0.839,2
Uruguay,URY,1962,0.786,0.839,2
Uruguay,URY,1963,0.768,0.839,2
Uruguay,URY,1964,0.762,0.839,2
Uruguay,URY,1965,0.763,0.839,2
Uruguay,URY,1966,0.763,0.848,2
Uruguay,URY,1967,0.741,0.849,2
Uruguay,URY,1968,0.627,0.77,2
Uruguay,URY,1969,0.614,0.77,2
Uruguay,URY,1970,0.589,0.715,2
Uruguay,URY,1971,0.559,0.699,2
Uruguay,URY,1972,0.489,0.63,1
Uruguay,URY,1973,0.172,0.174,0
Uruguay,URY,1974,0.097,0.144,0
Uruguay,URY,1975,0.097,0.144,0
Uruguay,URY,1976,0.092,0.144,0
Uruguay,URY,1977,0.092,0.139,0
Uruguay,URY,1978,0.092,0.139,0
Uruguay,URY,1979,0.092,0.139,0
Uruguay,URY,1980,0.104,0.144,0
Uruguay,URY,1981,0.104,0.144,0
Uruguay,URY,1982,0.109,0.144,0
Uruguay,URY,1983,0.109,0.144,0
Uruguay,URY,1984,0.129,0.171,1
Uruguay,URY,1985,0.683,0.828,3
Uruguay,URY,1986,0.815,0.851,3
Uruguay,URY,1987,0.815,0.899,3
Uruguay,URY,1988,0.815,0.899,3
Uruguay,URY,1989,0.816,0.899,3
Uruguay,URY,1990,0.836,0.922,3
Uruguay,URY,1991,0.837,0.922,3
Uruguay,URY,1992,0.837,0.922,3
Uruguay,URY,1993,0.837,0.922,3
Uruguay,URY,1994,0.838,0.919,3
Uruguay,URY,1995,0.871,0.919,3
Uruguay,URY,1996,0.871,0.921,3
Uruguay,URY,1997,0.871,0.918,3
Uruguay,URY,1998,0.877,0.923,3
Uruguay,URY,1999,0.875,0.923,3
Uruguay,URY,2000,0.873,0.917,3
Uruguay,URY,2001,0.873,0.927,3
Uruguay,URY,2002,0.873,0.927,3
Uruguay,URY,2003,0.873,0.908,3
Uruguay,URY,2004,0.874,0.934,3
Uruguay,URY,2005,0.89,0.926,3
Uruguay,URY,2006,0.892,0.926,3
Uruguay,URY,2007,0.892,0.926,3
Uruguay,URY,2008,0.892,0.926,3
Uruguay,URY,2009,0.894,0.926,3
Uruguay,URY,2010,0.912,0.93,3
Uruguay,URY,2011,0.912,0.93,3
Uruguay,URY,2012,0.912,0.93,3
Uruguay,URY,2013,0.91,0.929,3
Uruguay,URY,2014,0.909,0.929,3
Uruguay,URY,2015,0.897,0.932,3
Uruguay,URY,2016,0.897,0.932,3
Uruguay,URY,2017,0.89,0.936,3
Uruguay,URY,2018,0.896,0.937,3
Uruguay,URY,2019,0.896,0.937,3
Uruguay,URY,2020,0.867,0.944,3
Uruguay,URY,2021,0.852,0.937,3
Uruguay,URY,2022,0.818,0.925,3
Uruguay,URY,2023,0.833,0.917,3
Uruguay,URY,2024,0.846,0.916,3
Uruguay,URY,2025,0.862,0.926,3
Algeria,DZA,1900,0.041,0.345,0
Algeria,DZA,1901,0.041,0.345,0
Algeria,DZA,1902,0.041,0.345,0
Algeria,DZA,1903,0.041,0.345,0
Algeria,DZA,1904,0.041,0.345,0
Algeria,DZA,1905,0.041,0.345,0
Algeria,DZA,1906,0.041,0.345,0
Algeria,DZA,1907,0.041,0.345,0
Algeria,DZA,1908,0.041,0.345,0
Algeria,DZA,1909,0.041,0.345,0
Algeria,DZA,1910,0.041,0.345,0
Algeria,DZA,1911,0.041,0.345,0
Algeria,DZA,1912,0.041,0.345,0
Algeria,DZA,1913,0.041,0.345,0
Algeria,DZA,1914,0.041,0.345,0
Algeria,DZA,1915,0.041,0.345,0
Algeria,DZA,1916,0.041,0.345,0
Algeria,DZA,1917,0.041,0.345,0
Algeria,DZA,1918,0.041,0.345,0
Algeria,DZA,1919,0.041,0.345,0
Algeria,DZA,1920,0.041,0.345,0
Algeria,DZA,1921,0.041,0.345,0
Algeria,DZA,1922,0.041,0.345,0
Algeria,DZA,1923,0.04,0.345,0
Algeria,DZA,1924,0.04,0.345,0
Algeria,DZA,1925,0.04,0.345,0
Algeria,DZA,1926,0.043,0.345,0
Algeria,DZA,1927,0.045,0.345,0
Algeria,DZA,1928,0.045,0.345,0
Algeria,DZA,1929,0.045,0.345,0
Algeria,DZA,1930,0.045,0.345,0
Algeria,DZA,1931,0.045,0.345,0
Algeria,DZA,1932,0.045,0.345,0
Algeria,DZA,1933,0.045,0.345,0
Algeria,DZA,1934,0.045,0.345,0
Algeria,DZA,1935,0.045,0.345,0
Algeria,DZA,1936,0.045,0.345,0
Algeria,DZA,1937,0.045,0.345,0
Algeria,DZA,1938,0.045,0.345,0
Algeria,DZA,1939,0.045,0.345,0
Algeria,DZA,1940,0.045,0.345,0
Algeria,DZA,1941,0.045,0.341,0
Algeria,DZA,1942,0.045,0.341,0
Algeria,DZA,1943,0.045,0.341,0
Algeria,DZA,1944,0.045,0.341,0
Algeria,DZA,1945,0.047,0.341,0
Algeria,DZA,1946,0.072,0.341,0
Algeria,DZA,1947,0.072,0.341,0
Algeria,DZA,1948,0.088,0.341,0
Algeria,DZA,1949,0.094,0.341,0
Algeria,DZA,1950,0.094,0.341,0
Algeria,DZA,1951,0.094,0.341,0
Algeria,DZA,1952,0.104,0.336,0
Algeria,DZA,1953,0.077,0.34,0
Algeria,DZA,1954,0.077,0.336,0
Algeria,DZA,1955,0.088,0.332,0
Algeria,DZA,1956,0.083,0.177,0
Algeria,DZA,1957,0.075,0.118,0
Algeria,DZA,1958,0.075,0.118,0
Algeria,DZA,1959,0.075,0.118,0
Algeria,DZA,1960,0.075,0.118,0
Algeria,DZA,1961,0.075,0.118,0
Algeria,DZA,1962,0.076,0.143,1
Algeria,DZA,1963,0.189,0.257,1
Algeria,DZA,1964,0.186,0.258,1
Algeria,DZA,1965,0.131,0.243,1
Algeria,DZA,1966,0.084,0.223,0
Algeria,DZA,1967,0.084,0.223,0
Algeria,DZA,1968,0.084,0.223,0
Algeria,DZA,1969,0.084,0.223,0
Algeria,DZA,1970,0.084,0.223,0
Algeria,DZA,1971,0.084,0.223,0
Algeria,DZA,1972,0.084,0.223,0
Algeria,DZA,1973,0.084,0.223,0
Algeria,DZA,1974,0.084,0.223,0
Algeria,DZA,1975,0.084,0.223,0
Algeria,DZA,1976,0.088,0.223,0
Algeria,DZA,1977,0.187,0.329,0
Algeria,DZA,1978,0.192,0.301,0
Algeria,DZA,1979,0.193,0.312,0
Algeria,DZA,1980,0.195,0.319,0
Algeria,DZA,1981,0.195,0.321,0
Algeria,DZA,1982,0.204,0.321,0
Algeria,DZA,1983,0.206,0.321,0
Algeria,DZA,1984,0.205,0.321,0
Algeria,DZA,1985,0.205,0.326,0
Algeria,DZA,1986,0.205,0.326,0
Algeria,DZA,1987,0.207,0.326,0
Algeria,DZA,1988,0.206,0.336,0
Algeria,DZA,1989,0.222,0.344,0
Algeria,DZA,1990,0.35,0.331,0
Algeria,DZA,1991,0.35,0.313,0
Algeria,DZA,1992,0.188,0.222,0
Algeria,DZA,1993,0.173,0.223,0
Algeria,DZA,1994,0.179,0.297,0
Algeria,DZA,1995,0.186,0.333,1
Algeria,DZA,1996,0.332,0.333,1
Algeria,DZA,1997,0.319,0.333,1
Algeria,DZA,1998,0.312,0.333,1
Algeria,DZA,1999,0.328,0.352,1
Algeria,DZA,2000,0.326,0.351,1
Algeria,DZA,2001,0.326,0.351,1
Algeria,DZA,2002,0.326,0.351,1
Algeria,DZA,2003,0.331,0.351,1
Algeria,DZA,2004,0.333,0.351,1
Algeria,DZA,2005,0.335,0.36,1
Algeria,DZA,2006,0.335,0.36,1
Algeria,DZA,2007,0.334,0.36,1
Algeria,DZA,2008,0.329,0.36,1
Algeria,DZA,2009,0.327,0.36,1
Algeria,DZA,2010,0.322,0.365,1
Algeria,DZA,2011,0.322,0.367,1
Algeria,DZA,2012,0.324,0.369,1
Algeria,DZA,2013,0.327,0.381,1
Algeria,DZA,2014,0.324,0.388,1
Algeria,DZA,2015,0.331,0.389,1
Algeria,DZA,2016,0.308,0.386,1
Algeria,DZA,2017,0.309,0.366,1
Algeria,DZA,2018,0.305,0.373,1
Algeria,DZA,2019,0.293,0.362,1
Algeria,DZA,2020,0.279,0.375,1
Algeria,DZA,2021,0.282,0.329,1
Algeria,DZA,2022,0.269,0.3,1
Algeria,DZA,2023,0.265,0.294,1
Algeria,DZA,2024,0.26,0.299,1
Algeria,DZA,2025,0.265,0.305,1
Angola,AGO,1900,0.008,0.134,0
Angola,AGO,1901,0.008,0.134,0
Angola,AGO,1902,0.008,0.134,0
Angola,AGO,1903,0.008,0.134,0
Angola,AGO,1904,0.008,0.134,0
Angola,AGO,1905,0.008,0.134,0
Angola,AGO,1906,0.008,0.134,0
Angola,AGO,1907,0.008,0.134,0
Angola,AGO,1908,0.008,0.134,0
Angola,AGO,1909,0.008,0.134,0
Angola,AGO,1910,0.008,0.134,0
Angola,AGO,1911,0.008,0.134,0
Angola,AGO,1912,0.008,0.134,0
Angola,AGO,1913,0.008,0.134,0
Angola,AGO,1914,0.008,0.134,0
Angola,AGO,1915,0.008,0.134,0
Angola,AGO,1916,0.008,0.134,0
Angola,AGO,1917,0.008,0.134,0
Angola,AGO,1918,0.008,0.134,0
Angola,AGO,1919,0.008,0.134,0
Angola,AGO,1920,0.008,0.134,0
Angola,AGO,1921,0.008,0.134,0
Angola,AGO,1922,0.008,0.134,0
Angola,AGO,1923,0.008,0.134,0
Angola,AGO,1924,0.008,0.134,0
Angola,AGO,1925,0.008,0.134,0
Angola,AGO,1926,0.008,0.134,0
Angola,AGO,1927,0.008,0.134,0
Angola,AGO,1928,0.008,0.134,0
Angola,AGO,1929,0.008,0.134,0
Angola,AGO,1930,0.008,0.135,0
Angola,AGO,1931,0.008,0.135,0
Angola,AGO,1932,0.008,0.135,0
Angola,AGO,1933,0.008,0.135,0
Angola,AGO,1934,0.008,0.135,0
Angola,AGO,1935,0.008,0.135,0
Angola,AGO,1936,0.008,0.135,0
Angola,AGO,1937,0.008,0.135,0
Angola,AGO,1938,0.008,0.135,0
Angola,AGO,1939,0.008,0.135,0
Angola,AGO,1940,0.008,0.135,0
Angola,AGO,1941,0.008,0.135,0
Angola,AGO,1942,0.008,0.135,0
Angola,AGO,1943,0.008,0.135,0
Angola,AGO,1944,0.008,0.135,0
Angola,AGO,1945,0.008,0.135,0
Angola,AGO,1946,0.008,0.135,0
Angola,AGO,1947,0.008,0.135,0
Angola,AGO,1948,0.008,0.135,0
Angola,AGO,1949,0.008,0.135,0
Angola,AGO,1950,0.008,0.135,0
Angola,AGO,1951,0.008,0.135,0
Angola,AGO,1952,0.008,0.135,0
Angola,AGO,1953,0.008,0.135,0
Angola,AGO,1954,0.008,0.135,0
Angola,AGO,1955,0.008,0.135,0
Angola,AGO,1956,0.008,0.135,0
Angola,AGO,1957,0.008,0.135,0
Angola,AGO,1958,0.008,0.135,0
Angola,AGO,1959,0.008,0.135,0
Angola,AGO,1960,0.008,0.135,0
Angola,AGO,1961,0.008,0.135,0
Angola,AGO,1962,0.008,0.135,0
Angola,AGO,1963,0.008,0.135,0
Angola,AGO,1964,0.008,0.135,0
Angola,AGO,1965,0.008,0.135,0
Angola,AGO,1966,0.008,0.135,0
Angola,AGO,1967,0.008,0.135,0
Angola,AGO,1968,0.008,0.135,0
Angola,AGO,1969,0.009,0.139,0
Angola,AGO,1970,0.009,0.139,0
Angola,AGO,1971,0.009,0.139,0
Angola,AGO,1972,0.009,0.139,0
Angola,AGO,1973,0.021,0.166,0
Angola,AGO,1974,0.021,0.17,0
Angola,AGO,1975,0.073,0.148,0
Angola,AGO,1976,0.073,0.162,0
Angola,AGO,1977,0.073,0.162,0
Angola,AGO,1978,0.073,0.162,0
Angola,AGO,1979,0.073,0.162,0
Angola,AGO,1980,0.073,0.158,0
Angola,AGO,1981,0.073,0.158,0
Angola,AGO,1982,0.073,0.158,0
Angola,AGO,1983,0.073,0.158,0
Angola,AGO,1984,0.073,0.158,0
Angola,AGO,1985,0.073,0.158,0
Angola,AGO,1986,0.073,0.158,0
Angola,AGO,1987,0.073,0.158,0
Angola,AGO,1988,0.073,0.158,0
Angola,AGO,1989,0.073,0.158,0
Angola,AGO,1990,0.075,0.175,0
Angola,AGO,1991,0.083,0.191,0
Angola,AGO,1992,0.146,0.232,1
Angola,AGO,1993,0.155,0.224,0
Angola,AGO,1994,0.155,0.224,0
Angola,AGO,1995,0.155,0.228,0
Angola,AGO,1996,0.155,0.228,0
Angola,AGO,1997,0.155,0.228,0
Angola,AGO,1998,0.155,0.228,0
Angola,AGO,1999,0.155,0.228,0
Angola,AGO,2000,0.155,0.229,0
Angola,AGO,2001,0.155,0.238,0
Angola,AGO,2002,0.159,0.236,0
Angola,AGO,2003,0.166,0.246,0
Angola,AGO,2004,0.165,0.251,0
Angola,AGO,2005,0.168,0.253,0
Angola,AGO,2006,0.168,0.253,0
Angola,AGO,2007,0.168,0.263,0
Angola,AGO,2008,0.181,0.264,0
Angola,AGO,2009,0.209,0.267,0
Angola,AGO,2010,0.211,0.262,1
Angola,AGO,2011,0.295,0.262,1
Angola,AGO,2012,0.294,0.264,1
Angola,AGO,2013,0.29,0.27,1
Angola,AGO,2014,0.29,0.27,1
Angola,AGO,2015,0.29,0.27,1
Angola,AGO,2016,0.29,0.27,1
Angola,AGO,2017,0.307,0.307,1
Angola,AGO,2018,0.35,0.325,1
Angola,AGO,2019,0.347,0.332,1
Angola,AGO,2020,0.336,0.338,1
Angola,AGO,2021,0.325,0.323,1
Angola,AGO,2022,0.326,0.326,1
Angola,AGO,2023,0.329,0.326,1
Angola,AGO,2024,0.342,0.337,1
Angola,AGO,2025,0.344,0.338,1
Armenia,ARM,1990,0.565,0.498,2
Armenia,ARM,1991,0.608,0.493,2
Armenia,ARM,1992,0.611,0.469,2
Armenia,ARM,1993,0.597,0.457,2
Armenia,ARM,1994,0.584,0.457,2
Armenia,ARM,1995,0.489,0.465,1
Armenia,ARM,1996,0.419,0.452,1
Armenia,ARM,1997,0.392,0.457,1
Armenia,ARM,1998,0.404,0.414,1
Armenia,ARM,1999,0.413,0.394,1
Armenia,ARM,2000,0.416,0.391,1
Armenia,ARM,2001,0.415,0.397,1
Armenia,ARM,2002,0.405,0.388,1
Armenia,ARM,2003,0.349,0.4,1
Armenia,ARM,2004,0.34,0.395,1
Armenia,ARM,2005,0.338,0.407,1
Armenia,ARM,2006,0.338,0.407,1
Armenia,ARM,2007,0.347,0.409,1
Armenia,ARM,2008,0.317,0.396,1
Armenia,ARM,2009,0.318,0.417,1
Armenia,ARM,2010,0.331,0.427,1
Armenia,ARM,2011,0.333,0.427,1
Armenia,ARM,2012,0.353,0.439,1
Armenia,ARM,2013,0.349,0.457,1
Armenia,ARM,2014,0.342,0.455,1
Armenia,ARM,2015,0.346,0.455,1
Armenia,ARM,2016,0.348,0.453,1
Armenia,ARM,2017,0.381,0.455,1
Armenia,ARM,2018,0.524,0.73,2
Armenia,ARM,2019,0.796,0.751,2
Armenia,ARM,2020,0.781,0.7,2
Armenia,ARM,2021,0.724,0.699,2
Armenia,ARM,2022,0.654,0.632,2
Armenia,ARM,2023,0.631,0.614,2
Armenia,ARM,2024,0.625,0.604,2
Armenia,ARM,2025,0.614,0.528,2
Azerbaijan,AZE,1990,0.172,0.224,0
Azerbaijan,AZE,1991,0.186,0.273,1
Azerbaijan,AZE,1992,0.367,0.436,1
Azerbaijan,AZE,1993,0.306,0.3,1
Azerbaijan,AZE,1994,0.249,0.188,1
Azerbaijan,AZE,1995,0.247,0.18,1
Azerbaijan,AZE,1996,0.235,0.191,1
Azerbaijan,AZE,1997,0.237,0.191,1
Azerbaijan,AZE,1998,0.244,0.183,1
Azerbaijan,AZE,1999,0.239,0.176,1
Azerbaijan,AZE,2000,0.245,0.175,1
Azerbaijan,AZE,2001,0.242,0.175,1
Azerbaijan,AZE,2002,0.241,0.175,1
Azerbaijan,AZE,2003,0.238,0.163,1
Azerbaijan,AZE,2004,0.221,0.174,1
Azerbaijan,AZE,2005,0.221,0.173,1
Azerbaijan,AZE,2006,0.219,0.164,1
Azerbaijan,AZE,2007,0.216,0.164,1
Azerbaijan,AZE,2008,0.212,0.164,1
Azerbaijan,AZE,2009,0.212,0.167,1
Azerbaijan,AZE,2010,0.213,0.161,1
Azerbaijan,AZE,2011,0.209,0.159,1
Azerbaijan,AZE,2012,0.206,0.159,1
Azerbaijan,AZE,2013,0.202,0.162,1
Azerbaijan,AZE,2014,0.195,0.156,1
Azerbaijan,AZE,2015,0.193,0.156,1
Azerbaijan,AZE,2016,0.199,0.148,1
Azerbaijan,AZE,2017,0.202,0.164,1
Azerbaijan,AZE,2018,0.192,0.138,1
Azerbaijan,AZE,2019,0.195,0.155,1
Azerbaijan,AZE,2020,0.194,0.158,1
Azerbaijan,AZE,2021,0.193,0.165,1
Azerbaijan,AZE,2022,0.185,0.158,1
Azerbaijan,AZE,2023,0.185,0.156,1
Azerbaijan,AZE,2024,0.174,0.133,1
Azerbaijan,AZE,2025,0.171,0.132,1
Belarus,BLR,1990,0.457,0.685,1
Belarus,BLR,1991,0.489,0.701,1
Belarus,BLR,1992,0.565,0.76,2
Belarus,BLR,1993,0.559,0.766,2
Belarus,BLR,1994,0.546,0.7,2
Belarus,BLR,1995,0.501,0.66,2
Belarus,BLR,1996,0.443,0.37,1
Belarus,BLR,1997,0.369,0.247,1
Belarus,BLR,1998,0.343,0.247,1
Belarus,BLR,1999,0.332,0.208,1
Belarus,BLR,2000,0.296,0.216,1
Belarus,BLR,2001,0.247,0.244,1
Belarus,BLR,2002,0.243,0.238,1
Belarus,BLR,2003,0.241,0.235,1
Belarus,BLR,2004,0.24,0.234,1
Belarus,BLR,2005,0.233,0.233,1
Belarus,BLR,2006,0.225,0.235,1
Belarus,BLR,2007,0.222,0.241,1
Belarus,BLR,2008,0.224,0.243,1
Belarus,BLR,2009,0.227,0.243,1
Belarus,BLR,2010,0.226,0.238,1
Belarus,BLR,2011,0.216,0.24,1
Belarus,BLR,2012,0.221,0.238,1
Belarus,BLR,2013,0.242,0.239,1
Belarus,BLR,2014,0.243,0.238,1
Belarus,BLR,2015,0.247,0.237,1
Belarus,BLR,2016,0.256,0.252,1
Belarus,BLR,2017,0.254,0.253,1
Belarus,BLR,2018,0.252,0.263,1
Belarus,BLR,2019,0.259,0.258,1
Belarus,BLR,2020,0.208,0.08,1
Belarus,BLR,2021,0.172,0.068,1
Belarus,BLR,2022,0.171,0.074,1
Belarus,BLR,2023,0.157,0.077,1
Belarus,BLR,2024,0.16,0.078,0
Belarus,BLR,2025,0.163,0.086,0
Cameroon,CMR,1961,0.162,0.204,1
Cameroon,CMR,1962,0.162,0.204,1
Cameroon,CMR,1963,0.162,0.204,1
Cameroon,CMR,1964,0.16,0.204,1
Cameroon,CMR,1965,0.16,0.204,1
Cameroon,CMR,1966,0.157,0.204,1
Cameroon,CMR,1967,0.157,0.204,1
Cameroon,CMR,1968,0.157,0.204,1
Cameroon,CMR,1969,0.157,0.204,1
Cameroon,CMR,1970,0.157,0.204,1
Cameroon,CMR,1971,0.157,0.201,1
Cameroon,CMR,1972,0.157,0.206,1
Cameroon,CMR,1973,0.157,0.206,1
Cameroon,CMR,1974,0.157,0.206,1
Cameroon,CMR,1975,0.158,0.206,1
Cameroon,CMR,1976,0.158,0.206,1
Cameroon,CMR,1977,0.158,0.205,1
Cameroon,CMR,1978,0.158,0.205,1
Cameroon,CMR,1979,0.157,0.206,1
Cameroon,CMR,1980,0.162,0.238,1
Cameroon,CMR,1981,0.162,0.238,1
Cameroon,CMR,1982,0.169,0.267,1
Cameroon,CMR,1983,0.177,0.286,1
Cameroon,CMR,1984,0.177,0.302,1
Cameroon,CMR,1985,0.179,0.297,1
Cameroon,CMR,1986,0.179,0.297,1
Cameroon,CMR,1987,0.179,0.297,1
Cameroon,CMR,1988,0.179,0.297,1
Cameroon,CMR,1989,0.179,0.297,1
Cameroon,CMR,1990,0.245,0.328,1
Cameroon,CMR,1991,0.263,0.339,1
Cameroon,CMR,1992,0.288,0.339,1
Cameroon,CMR,1993,0.288,0.354,1
Cameroon,CMR,1994,0.288,0.347,1
Cameroon,CMR,1995,0.287,0.349,1
Cameroon,CMR,1996,0.287,0.344,1
Cameroon,CMR,1997,0.289,0.342,1
Cameroon,CMR,1998,0.292,0.346,1
Cameroon,CMR,1999,0.292,0.346,1
Cameroon,CMR,2000,0.304,0.363,1
Cameroon,CMR,2001,0.304,0.363,1
Cameroon,CMR,2002,0.306,0.357,1
Cameroon,CMR,2003,0.309,0.357,1
Cameroon,CMR,2004,0.312,0.359,1
Cameroon,CMR,2005,0.315,0.346,1
Cameroon,CMR,2006,0.315,0.346,1
Cameroon,CMR,2007,0.314,0.341,1
Cameroon,CMR,2008,0.311,0.342,1
Cameroon,CMR,2009,0.311,0.343,1
Cameroon,CMR,2010,0.314,0.343,1
Cameroon,CMR,2011,0.317,0.343,1
Cameroon,CMR,2012,0.321,0.352,1
Cameroon,CMR,2013,0.319,0.328,1
Cameroon,CMR,2014,0.326,0.328,1
Cameroon,CMR,2015,0.324,0.325,1
Cameroon,CMR,2016,0.307,0.304,1
Cameroon,CMR,2017,0.298,0.289,1
Cameroon,CMR,2018,0.293,0.261,1
Cameroon,CMR,2019,0.28,0.259,1
Cameroon,CMR,2020,0.285,0.277,1
Cameroon,CMR,2021,0.282,0.274,1
Cameroon,CMR,2022,0.291,0.316,1
Cameroon,CMR,2023,0.279,0.276,1
Cameroon,CMR,2024,0.277,0.295,1
Cameroon,CMR,2025,0.26,0.27,1
Chad,TCD,1920,0.011,0.096,0
Chad,TCD,1921,0.011,0.096,0
Chad,TCD,1922,0.011,0.096,0
Chad,TCD,1923,0.011,0.096,0
Chad,TCD,1924,0.011,0.096,0
Chad,TCD,1925,0.011,0.096,0
Chad,TCD,1926,0.011,0.096,0
Chad,TCD,1927,0.011,0.096,0
Chad,TCD,1928,0.011,0.096,0
Chad,TCD,1929,0.011,0.096,0
Chad,TCD,1930,0.011,0.096,0
Chad,TCD,1931,0.011,0.096,0
Chad,TCD,1932,0.011,0.096,0
Chad,TCD,1933,0.011,0.096,0
Chad,TCD,1934,0.011,0.096,0
Chad,TCD,1935,0.011,0.096,0
Chad,TCD,1936,0.011,0.096,0
Chad,TCD,1937,0.011,0.096,0
Chad,TCD,1938,0.011,0.096,0
Chad,TCD,1939,0.011,0.096,0
Chad,TCD,1940,0.011,0.096,0
Chad,TCD,1941,0.011,0.096,0
Chad,TCD,1942,0.011,0.096,0
Chad,TCD,1943,0.016,0.096,0
Chad,TCD,1944,0.016,0.096,0
Chad,TCD,1945,0.029,0.096,0
Chad,TCD,1946,0.046,0.096,0
Chad,TCD,1947,0.131,0.197,0
Chad,TCD,1948,0.131,0.197,0
Chad,TCD,1949,0.131,0.197,0
Chad,TCD,1950,0.138,0.197,0
Chad,TCD,1951,0.138,0.197,0
Chad,TCD,1952,0.144,0.191,0
Chad,TCD,1953,0.144,0.191,0
Chad,TCD,1954,0.144,0.191,0
Chad,TCD,1955,0.144,0.191,0
Chad,TCD,1956,0.144,0.191,0
Chad,TCD,1957,0.242,0.191,1
Chad,TCD,1958,0.269,0.192,1
Chad,TCD,1959,0.269,0.214,1
Chad,TCD,1960,0.213,0.28,1
Chad,TCD,1961,0.257,0.28,1
Chad,TCD,1962,0.207,0.28,1
Chad,TCD,1963,0.192,0.28,1
Chad,TCD,1964,0.192,0.28,1
Chad,TCD,1965,0.192,0.27,1
Chad,TCD,1966,0.192,0.26,1
Chad,TCD,1967,0.192,0.247,1
Chad,TCD,1968,0.191,0.247,1
Chad,TCD,1969,0.191,0.247,0
Chad,TCD,1970,0.192,0.241,0
Chad,TCD,1971,0.192,0.241,0
Chad,TCD,1972,0.186,0.241,0
Chad,TCD,1973,0.187,0.241,0
Chad,TCD,1974,0.187,0.241,0
Chad,TCD,1975,0.118,0.198,0
Chad,TCD,1976,0.091,0.174,0
Chad,TCD,1977,0.091,0.174,0
Chad,TCD,1978,0.091,0.174,0
Chad,TCD,1979,0.091,0.166,0
Chad,TCD,1980,0.09,0.094,0
Chad,TCD,1981,0.09,0.087,0
Chad,TCD,1982,0.08,0.095,0
Chad,TCD,1983,0.08,0.112,0
Chad,TCD,1984,0.08,0.112,0
Chad,TCD,1985,0.08,0.112,0
Chad,TCD,1986,0.08,0.112,0
Chad,TCD,1987,0.08,0.112,0
Chad,TCD,1988,0.08,0.112,0
Chad,TCD,1989,0.08,0.112,0
Chad,TCD,1990,0.125,0.127,0
Chad,TCD,1991,0.168,0.15,0
Chad,TCD,1992,0.173,0.15,0
Chad,TCD,1993,0.173,0.191,0
Chad,TCD,1994,0.173,0.218,0
Chad,TCD,1995,0.173,0.218,0
Chad,TCD,1996,0.221,0.198,1
Chad,TCD,1997,0.278,0.198,1
Chad,TCD,1998,0.279,0.198,1
Chad,TCD,1999,0.279,0.198,1
Chad,TCD,2000,0.279,0.198,1
Chad,TCD,2001,0.276,0.198,1
Chad,TCD,2002,0.273,0.198,1
Chad,TCD,2003,0.273,0.198,1
Chad,TCD,2004,0.278,0.198,1
Chad,TCD,2005,0.274,0.198,1
Chad,TCD,2006,0.277,0.196,1
Chad,TCD,2007,0.274,0.194,1
Chad,TCD,2008,0.277,0.192,1
Chad,TCD,2009,0.278,0.199,1
Chad,TCD,2010,0.279,0.207,1
Chad,TCD,2011,0.281,0.207,1
Chad,TCD,2012,0.28,0.207,1
Chad,TCD,2013,0.277,0.188,1
Chad,TCD,2014,0.274,0.185,1
Chad,TCD,2015,0.279,0.183,1
Chad,TCD,2016,0.28,0.183,1
Chad,TCD,2017,0.265,0.172,1
Chad,TCD,2018,0.267,0.153,1
Chad,TCD,2019,0.27,0.178,1
Chad,TCD,2020,0.268,0.18,1
Chad,TCD,2021,0.177,0.131,1
Chad,TCD,2022,0.145,0.108,0
Chad,TCD,2023,0.148,0.14,0
Chad,TCD,2024,0.202,0.116,1
Chad,TCD,2025,0.242,0.114,1
China,CHN,1900,0.055,0.08,0
China,CHN,1901,0.055,0.08,0
China,CHN,1902,0.055,0.079,0
China,CHN,1903,0.055,0.079,0
China,CHN,1904,0.055,0.081,0
China,CHN,1905,0.057,0.081,0
China,CHN,1906,0.057,0.083,0
China,CHN,1907,0.057,0.089,0
China,CHN,1908,0.057,0.089,0
China,CHN,1909,0.057,0.089,0
China,CHN,1910,0.058,0.089,0
China,CHN,1911,0.058,0.091,0
China,CHN,1912,0.102,0.208,0
China,CHN,1913,0.126,0.223,0
China,CHN,1914,0.109,0.167,0
China,CHN,1915,0.108,0.167,0
China,CHN,1916,0.11,0.194,0
China,CHN,1917,0.111,0.2,0
China,CHN,1918,0.12,0.214,1
China,CHN,1919,0.125,0.265,1
China,CHN,1920,0.12,0.25,1
China,CHN,1921,0.121,0.165,0
China,CHN,1922,0.109,0.195,0
China,CHN,1923,0.109,0.215,0
China,CHN,1924,0.109,0.165,0
China,CHN,1925,0.109,0.165,0
China,CHN,1926,0.109,0.167,0
China,CHN,1927,0.098,0.159,0
China,CHN,1928,0.092,0.172,0
China,CHN,1929,0.09,0.173,0
China,CHN,1930,0.089,0.173,0
China,CHN,1931,0.089,0.173,0
China,CHN,1932,0.089,0.173,0
China,CHN,1933,0.089,0.173,0
China,CHN,1934,0.087,0.173,0
China,CHN,1935,0.087,0.173,0
China,CHN,1936,0.087,0.173,0
China,CHN,1937,0.087,0.175,0
China,CHN,1938,0.093,0.171,0
China,CHN,1939,0.091,0.171,0
China,CHN,1940,0.091,0.171,0
China,CHN,1941,0.091,0.171,0
China,CHN,1942,0.091,0.171,0
China,CHN,1943,0.091,0.171,0
China,CHN,1944,0.091,0.171,0
China,CHN,1945,0.091,0.172,0
China,CHN,1946,0.087,0.17,0
China,CHN,1947,0.143,0.171,0
China,CHN,1948,0.159,0.273,0
China,CHN,1949,0.121,0.185,0
China,CHN,1950,0.075,0.096,0
China,CHN,1951,0.075,0.096,0
China,CHN,1952,0.075,0.096,0
China,CHN,1953,0.075,0.096,0
China,CHN,1954,0.074,0.139,0
China,CHN,1955,0.074,0.139,0
China,CHN,1956,0.074,0.139,0
China,CHN,1957,0.069,0.131,0
China,CHN,1958,0.069,0.129,0
China,CHN,1959,0.069,0.128,0
China,CHN,1960,0.069,0.13,0
China,CHN,1961,0.07,0.13,0
China,CHN,1962,0.07,0.13,0
China,CHN,1963,0.07,0.13,0
China,CHN,1964,0.07,0.13,0
China,CHN,1965,0.07,0.129,0
China,CHN,1966,0.071,0.125,0
China,CHN,1967,0.071,0.124,0
China,CHN,1968,0.071,0.124,0
China,CHN,1969,0.069,0.124,0
China,CHN,1970,0.068,0.125,0
China,CHN,1971,0.068,0.125,0
China,CHN,1972,0.068,0.125,0
China,CHN,1973,0.07,0.125,0
China,CHN,1974,0.07,0.125,0
China,CHN,1975,0.07,0.125,0
China,CHN,1976,0.07,0.125,0
China,CHN,1977,0.069,0.13,0
China,CHN,1978,0.076,0.148,0
China,CHN,1979,0.092,0.208,0
China,CHN,1980,0.098,0.227,0
China,CHN,1981,0.098,0.231,0
China,CHN,1982,0.098,0.231,0
China,CHN,1983,0.098,0.231,0
China,CHN,1984,0.098,0.231,0
China,CHN,1985,0.098,0.231,0
China,CHN,1986,0.102,0.228,0
China,CHN,1987,0.104,0.228,0
China,CHN,1988,0.104,0.228,0
China,CHN,1989,0.1,0.225,0
China,CHN,1990,0.093,0.226,0
China,CHN,1991,0.094,0.226,0
China,CHN,1992,0.096,0.227,0
China,CHN,1993,0.101,0.229,0
China,CHN,1994,0.102,0.23,0
China,CHN,1995,0.102,0.236,0
China,CHN,1996,0.102,0.233,0
China,CHN,1997,0.102,0.234,0
China,CHN,1998,0.102,0.236,0
China,CHN,1999,0.102,0.239,0
China,CHN,2000,0.1,0.239,0
China,CHN,2001,0.102,0.241,0
China,CHN,2002,0.102,0.252,0
China,CHN,2003,0.103,0.254,0
China,CHN,2004,0.102,0.251,0
China,CHN,2005,0.094,0.195,0
China,CHN,2006,0.094,0.196,0
China,CHN,2007,0.095,0.193,0
China,CHN,2008,0.095,0.195,0
China,CHN,2009,0.094,0.196,0
China,CHN,2010,0.094,0.193,0
China,CHN,2011,0.094,0.19,0
China,CHN,2012,0.094,0.191,0
China,CHN,2013,0.086,0.183,0
China,CHN,2014,0.084,0.182,0
China,CHN,2015,0.082,0.183,0
China,CHN,2016,0.08,0.183,0
China,CHN,2017,0.078,0.184,0
China,CHN,2018,0.076,0.171,0
China,CHN,2019,0.075,0.167,0
China,CHN,2020,0.075,0.147,0
China,CHN,2021,0.077,0.152,0
China,CHN,2022,0.075,0.147,0
China,CHN,2023,0.074,0.126,0
China,CHN,2024,0.073,0.127,0
China,CHN,2025,0.072,0.137,0
Democratic Republic of the Congo,COD,1900,0.006,0.048,0
Democratic Republic of the Congo,COD,1901,0.006,0.048,0
Democratic Republic of the Congo,COD,1902,0.006,0.048,0
Democratic Republic of the Congo,COD,1903,0.006,0.048,0
Democratic Republic of the Congo,COD,1904,0.006,0.048,0
Democratic Republic of the Congo,COD,1905,0.006,0.048,0
Democratic Republic of the Congo,COD,1906,0.006,0.048,0
Democratic Republic of the Congo,COD,1907,0.006,0.048,0
Democratic Republic of the Congo,COD,1908,0.006,0.117,0
Democratic Republic of the Congo,COD,1909,0.006,0.165,0
Democratic Republic of the Congo,COD,1910,0.006,0.165,0
Democratic Republic of the Congo,COD,1911,0.006,0.165,0
Democratic Republic of the Congo,COD,1912,0.006,0.165,0
Democratic Republic of the Congo,COD,1913,0.006,0.165,0
Democratic Republic of the Congo,COD,1914,0.006,0.165,0
Democratic Republic of the Congo,COD,1915,0.006,0.165,0
Democratic Republic of the Congo,COD,1916,0.006,0.165,0
Democratic Republic of the Congo,COD,1917,0.006,0.165,0
Democratic Republic of the Congo,COD,1918,0.006,0.165,0
Democratic Republic of the Congo,COD,1919,0.006,0.165,0
Democratic Republic of the Congo,COD,1920,0.009,0.133,0
Democratic Republic of the Congo,COD,1921,0.009,0.133,0
Democratic Republic of the Congo,COD,1922,0.009,0.133,0
Democratic Republic of the Congo,COD,1923,0.009,0.133,0
Democratic Republic of the Congo,COD,1924,0.009,0.133,0
Democratic Republic of the Congo,COD,1925,0.009,0.133,0
Democratic Republic of the Congo,COD,1926,0.009,0.133,0
Democratic Republic of the Congo,COD,1927,0.009,0.133,0
Democratic Republic of the Congo,COD,1928,0.009,0.133,0
Democratic Republic of the Congo,COD,1929,0.009,0.133,0
Democratic Republic of the Congo,COD,1930,0.009,0.133,0
Democratic Republic of the Congo,COD,1931,0.009,0.133,0
Democratic Republic of the Congo,COD,1932,0.009,0.133,0
Democratic Republic of the Congo,COD,1933,0.009,0.133,0
Democratic Republic of the Congo,COD,1934,0.009,0.133,0
Democratic Republic of the Congo,COD,1935,0.009,0.133,0
Democratic Republic of the Congo,COD,1936,0.009,0.133,0
Democratic Republic of the Congo,COD,1937,0.009,0.133,0
Democratic Republic of the Congo,COD,1938,0.009,0.133,0
Democratic Republic of the Congo,COD,1939,0.009,0.133,0
Democratic Republic of the Congo,COD,1940,0.009,0.132,0
Democratic Republic of the Congo,COD,1941,0.009,0.132,0
Democratic Republic of the Congo,COD,1942,0.009,0.132,0
Democratic Republic of the Congo,COD,1943,0.009,0.132,0
Democratic Republic of the Congo,COD,1944,0.009,0.132,0
Democratic Republic of the Congo,COD,1945,0.009,0.132,0
Democratic Republic of the Congo,COD,1946,0.009,0.133,0
Democratic Republic of the Congo,COD,1947,0.009,0.133,0
Democratic Republic of the Congo,COD,1948,0.009,0.133,0
Democratic Republic of the Congo,COD,1949,0.009,0.133,0
Democratic Republic of the Congo,COD,1950,0.009,0.132,0
Democratic Republic of the Congo,COD,1951,0.009,0.132,0
Democratic Republic of the Congo,COD,1952,0.009,0.132,0
Democratic Republic of the Congo,COD,1953,0.009,0.132,0
Democratic Republic of the Congo,COD,1954,0.009,0.133,0
Democratic Republic of the Congo,COD,1955,0.019,0.133,0
Democratic Republic of the Congo,COD,1956,0.018,0.133,0
Democratic Republic of the Congo,COD,1957,0.02,0.133,0
Democratic Republic of the Congo,COD,1958,0.029,0.133,0
Democratic Republic of the Congo,COD,1959,0.033,0.133,0
Democratic Republic of the Congo,COD,1960,0.217,0.261,1
Democratic Republic of the Congo,COD,1961,0.28,0.361,1
Democratic Republic of the Congo,COD,1962,0.28,0.364,1
Democratic Republic of the Congo,COD,1963,0.28,0.321,1
Democratic Republic of the Congo,COD,1964,0.28,0.292,1
Democratic Republic of the Congo,COD,1965,0.2,0.261,0
Democratic Republic of the Congo,COD,1966,0.093,0.163,0
Democratic Republic of the Congo,COD,1967,0.105,0.119,0
Democratic Republic of the Congo,COD,1968,0.104,0.118,0
Democratic Republic of the Congo,COD,1969,0.104,0.118,0
Democratic Republic of the Congo,COD,1970,0.101,0.078,0
Democratic Republic of the Congo,COD,1971,0.148,0.07,0
Democratic Republic of the Congo,COD,1972,0.148,0.07,0
Democratic Republic of the Congo,COD,1973,0.148,0.07,0
Democratic Republic of the Congo,COD,1974,0.148,0.069,0
Democratic Republic of the Congo,COD,1975,0.148,0.069,0
Democratic Republic of the Congo,COD,1976,0.147,0.069,0
Democratic Republic of the Congo,COD,1977,0.147,0.066,0
Democratic Republic of the Congo,COD,1978,0.148,0.076,0
Democratic Republic of the Congo,COD,1979,0.148,0.076,0
Democratic Republic of the Congo,COD,1980,0.149,0.08,0
Democratic Republic of the Congo,COD,1981,0.149,0.08,0
Democratic Republic of the Congo,COD,1982,0.15,0.073,0
Democratic Republic of the Congo,COD,1983,0.151,0.073,0
Democratic Republic of the Congo,COD,1984,0.15,0.073,0
Democratic Republic of the Congo,COD,1985,0.149,0.073,0
Democratic Republic of the Congo,COD,1986,0.149,0.073,0
Democratic Republic of the Congo,COD,1987,0.15,0.073,0
Democratic Republic of the Congo,COD,1988,0.152,0.076,0
Democratic Republic of the Congo,COD,1989,0.152,0.074,0
Democratic Republic of the Congo,COD,1990,0.177,0.123,0
Democratic Republic of the Congo,COD,1991,0.198,0.123,0
Democratic Republic of the Congo,COD,1992,0.2,0.119,0
Democratic Republic of the Congo,COD,1993,0.168,0.071,0
Democratic Republic of the Congo,COD,1994,0.17,0.071,0
Democratic Republic of the Congo,COD,1995,0.17,0.073,0
Democratic Republic of the Congo,COD,1996,0.17,0.073,0
Democratic Republic of the Congo,COD,1997,0.126,0.06,0
Democratic Republic of the Congo,COD,1998,0.149,0.095,0
Democratic Republic of the Congo,COD,1999,0.149,0.112,0
Democratic Republic of the Congo,COD,2000,0.15,0.148,0
Democratic Republic of the Congo,COD,2001,0.156,0.151,0
Democratic Republic of the Congo,COD,2002,0.163,0.151,0
Democratic Republic of the Congo,COD,2003,0.18,0.242,0
Democratic Republic of the Congo,COD,2004,0.187,0.274,0
Democratic Republic of the Congo,COD,2005,0.197,0.274,0
Democratic Republic of the Congo,COD,2006,0.251,0.284,1
Democratic Republic of the Congo,COD,2007,0.355,0.285,1
Democratic Republic of the Congo,COD,2008,0.357,0.285,1
Democratic Republic of the Congo,COD,2009,0.36,0.291,1
Democratic Republic of the Congo,COD,2010,0.352,0.297,1
Democratic Republic of the Congo,COD,2011,0.347,0.297,1
Democratic Republic of the Congo,COD,2012,0.321,0.297,1
Democratic Republic of the Congo,COD,2013,0.319,0.248,1
Democratic Republic of the Congo,COD,2014,0.318,0.253,1
Democratic Republic of the Congo,COD,2015,0.316,0.248,1
Democratic Republic of the Congo,COD,2016,0.305,0.245,1
Democratic Republic of the Congo,COD,2017,0.304,0.217,1
Democratic Republic of the Congo,COD,2018,0.306,0.239,1
Democratic Republic of the Congo,COD,2019,0.344,0.278,1
Democratic Republic of the Congo,COD,2020,0.347,0.304,1
Democratic Republic of the Congo,COD,2021,0.342,0.27,1
Democratic Republic of the Congo,COD,2022,0.336,0.311,1
Democratic Republic of the Congo,COD,2023,0.333,0.232,1
Democratic Republic of the Congo,COD,2024,0.308,0.254,1
Democratic Republic of the Congo,COD,2025,0.306,0.232,1
Republic of the Congo,COG,1903,0.026,0.192,0
Republic of the Congo,COG,1904,0.026,0.192,0
Republic of the Congo,COG,1905,0.026,0.192,0
Republic of the Congo,COG,1906,0.026,0.192,0
Republic of the Congo,COG,1907,0.026,0.192,0
Republic of the Congo,COG,1908,0.026,0.192,0
Republic of the Congo,COG,1909,0.026,0.192,0
Republic of the Congo,COG,1910,0.026,0.192,0
Republic of the Congo,COG,1911,0.026,0.192,0
Republic of the Congo,COG,1912,0.026,0.192,0
Republic of the Congo,COG,1913,0.026,0.192,0
Republic of the Congo,COG,1914,0.026,0.192,0
Republic of the Congo,COG,1915,0.026,0.192,0
Republic of the Congo,COG,1916,0.026,0.192,0
Republic of the Congo,COG,1917,0.026,0.192,0
Republic of the Congo,COG,1918,0.026,0.192,0
Republic of the Congo,COG,1919,0.026,0.192,0
Republic of the Congo,COG,1920,0.026,0.192,0
Republic of the Congo,COG,1921,0.026,0.192,0
Republic of the Congo,COG,1922,0.026,0.192,0
Republic of the Congo,COG,1923,0.026,0.192,0
Republic of the Congo,COG,1924,0.026,0.192,0
Republic of the Congo,COG,1925,0.026,0.192,0
Republic of the Congo,COG,1926,0.026,0.192,0
Republic of the Congo,COG,1927,0.026,0.192,0
Republic of the Congo,COG,1928,0.026,0.192,0
Republic of the Congo,COG,1929,0.026,0.192,0
Republic of the Congo,COG,1930,0.026,0.192,0
Republic of the Congo,COG,1931,0.026,0.192,0
Republic of the Congo,COG,1932,0.026,0.192,0
Republic of the Congo,COG,1933,0.026,0.192,0
Republic of the Congo,COG,1934,0.026,0.192,0
Republic of the Congo,COG,1935,0.026,0.192,0
Republic of the Congo,COG,1936,0.026,0.192,0
Republic of the Congo,COG,1937,0.026,0.192,0
Republic of the Congo,COG,1938,0.026,0.192,0
Republic of the Congo,COG,1939,0.026,0.192,0
Republic of the Congo,COG,1940,0.026,0.192,0
Republic of the Congo,COG,1941,0.026,0.192,0
Republic of the Congo,COG,1942,0.026,0.192,0
Republic of the Congo,COG,1943,0.026,0.192,0
Republic of the Congo,COG,1944,0.026,0.192,0
Republic of the Congo,COG,1945,0.036,0.193,0
Republic of the Congo,COG,1946,0.043,0.195,0
Republic of the Congo,COG,1947,0.1,0.361,0
Republic of the Congo,COG,1948,0.1,0.361,0
Republic of the Congo,COG,1949,0.1,0.361,0
Republic of the Congo,COG,1950,0.1,0.361,0
Republic of the Congo,COG,1951,0.106,0.361,0
Republic of the Congo,COG,1952,0.106,0.361,0
Republic of the Congo,COG,1953,0.106,0.364,0
Republic of the Congo,COG,1954,0.106,0.361,0
Republic of the Congo,COG,1955,0.106,0.361,0
Republic of the Congo,COG,1956,0.11,0.361,0
Republic of the Congo,COG,1957,0.179,0.364,1
Republic of the Congo,COG,1958,0.191,0.338,1
Republic of the Congo,COG,1959,0.183,0.34,1
Republic of the Congo,COG,1960,0.247,0.493,1
Republic of the Congo,COG,1961,0.305,0.479,1
Republic of the Congo,COG,1962,0.292,0.474,1
Republic of the Congo,COG,1963,0.23,0.48,1
Republic of the Congo,COG,1964,0.132,0.3,0
Republic of the Congo,COG,1965,0.132,0.3,0
Republic of the Congo,COG,1966,0.132,0.3,0
Republic of the Congo,COG,1967,0.134,0.3,0
Republic of the Congo,COG,1968,0.088,0.2,0
Republic of the Congo,COG,1969,0.088,0.197,0
Republic of the Congo,COG,1970,0.087,0.072,0
Republic of the Congo,COG,1971,0.087,0.072,0
Republic of the Congo,COG,1972,0.087,0.072,0
Republic of the Congo,COG,1973,0.099,0.091,0
Republic of the Congo,COG,1974,0.111,0.107,0
Republic of the Congo,COG,1975,0.111,0.103,0
Republic of the Congo,COG,1976,0.112,0.103,0
Republic of the Congo,COG,1977,0.09,0.069,0
Republic of the Congo,COG,1978,0.088,0.062,0
Republic of the Congo,COG,1979,0.099,0.086,0
Republic of the Congo,COG,1980,0.113,0.092,0
Republic of the Congo,COG,1981,0.113,0.092,0
Republic of the Congo,COG,1982,0.113,0.092,0
Republic of the Congo,COG,1983,0.113,0.092,0
Republic of the Congo,COG,1984,0.113,0.092,0
Republic of the Congo,COG,1985,0.112,0.092,0
Republic of the Congo,COG,1986,0.112,0.092,0
Republic of the Congo,COG,1987,0.112,0.092,0
Republic of the Congo,COG,1988,0.112,0.092,0
Republic of the Congo,COG,1989,0.113,0.092,0
Republic of the Congo,COG,1990,0.157,0.187,0
Republic of the Congo,COG,1991,0.255,0.476,0
Republic of the Congo,COG,1992,0.337,0.42,1
Republic of the Congo,COG,1993,0.467,0.563,1
Republic of the Congo,COG,1994,0.45,0.563,1
Republic of the Congo,COG,1995,0.45,0.563,1
Republic of the Congo,COG,1996,0.45,0.579,1
Republic of the Congo,COG,1997,0.243,0.129,1
Republic of the Congo,COG,1998,0.165,0.231,0
Republic of the Congo,COG,1999,0.165,0.217,0
Republic of the Congo,COG,2000,0.163,0.217,0
Republic of the Congo,COG,2001,0.16,0.217,0
Republic of the Congo,COG,2002,0.208,0.217,1
Republic of the Congo,COG,2003,0.257,0.217,1
Republic of the Congo,COG,2004,0.257,0.217,1
Republic of the Congo,COG,2005,0.257,0.217,1
Republic of the Congo,COG,2006,0.257,0.217,1
Republic of the Congo,COG,2007,0.254,0.217,1
Republic of the Congo,COG,2008,0.252,0.217,1
Republic of the Congo,COG,2009,0.255,0.214,1
Republic of the Congo,COG,2010,0.255,0.214,1
Republic of the Congo,COG,2011,0.255,0.214,1
Republic of the Congo,COG,2012,0.254,0.214,1
Republic of the Congo,COG,2013,0.249,0.239,1
Republic of the Congo,COG,2014,0.249,0.239,1
Republic of the Congo,COG,2015,0.249,0.241,1
Republic of the Congo,COG,2016,0.247,0.24,1
Republic of the Congo,COG,2017,0.252,0.241,1
Republic of the Congo,COG,2018,0.258,0.259,1
Republic of the Congo,COG,2019,0.25,0.235,1
Republic of the Congo,COG,2020,0.257,0.286,1
Republic of the Congo,COG,2021,0.254,0.282,1
Republic of the Congo,COG,2022,0.243,0.284,1
Republic of the Congo,COG,2023,0.253,0.299,1
Republic of the Congo,COG,2024,0.255,0.289,1
Republic of the Congo,COG,2025,0.243,0.287,1
Djibouti,DJI,1900,0.02,0.079,0
Djibouti,DJI,1901,0.02,0.079,0
Djibouti,DJI,1902,0.02,0.079,0
Djibouti,DJI,1903,0.02,0.079,0
Djibouti,DJI,1904,0.02,0.079,0
Djibouti,DJI,1905,0.02,0.079,0
Djibouti,DJI,1906,0.02,0.079,0
Djibouti,DJI,1907,0.02,0.079,0
Djibouti,DJI,1908,0.02,0.079,0
Djibouti,DJI,1909,0.02,0.079,0
Djibouti,DJI,1910,0.02,0.079,0
Djibouti,DJI,1911,0.02,0.079,0
Djibouti,DJI,1912,0.02,0.079,0
Djibouti,DJI,1913,0.02,0.079,0
Djibouti,DJI,1914,0.02,0.079,0
Djibouti,DJI,1915,0.02,0.079,0
Djibouti,DJI,1916,0.02,0.079,0
Djibouti,DJI,1917,0.02,0.079,0
Djibouti,DJI,1918,0.02,0.079,0
Djibouti,DJI,1919,0.02,0.079,0
Djibouti,DJI,1920,0.02,0.079,0
Djibouti,DJI,1921,0.02,0.079,0
Djibouti,DJI,1922,0.02,0.079,0
Djibouti,DJI,1923,0.02,0.079,0
Djibouti,DJI,1924,0.02,0.079,0
Djibouti,DJI,1925,0.02,0.079,0
Djibouti,DJI,1926,0.02,0.079,0
Djibouti,DJI,1927,0.02,0.079,0
Djibouti,DJI,1928,0.02,0.079,0
Djibouti,DJI,1929,0.02,0.079,0
Djibouti,DJI,1930,0.02,0.079,0
Djibouti,DJI,1931,0.02,0.079,0
Djibouti,DJI,1932,0.02,0.079,0
Djibouti,DJI,1933,0.02,0.079,0
Djibouti,DJI,1934,0.02,0.079,0
Djibouti,DJI,1935,0.02,0.079,0
Djibouti,DJI,1936,0.02,0.079,0
Djibouti,DJI,1937,0.02,0.079,0
Djibouti,DJI,1938,0.02,0.079,0
Djibouti,DJI,1939,0.02,0.079,0
Djibouti,DJI,1940,0.02,0.079,0
Djibouti,DJI,1941,0.02,0.079,0
Djibouti,DJI,1942,0.02,0.079,0
Djibouti,DJI,1943,0.02,0.079,0
Djibouti,DJI,1944,0.02,0.079,0
Djibouti,DJI,1945,0.02,0.079,0
Djibouti,DJI,1946,0.042,0.101,0
Djibouti,DJI,1947,0.044,0.102,0
Djibouti,DJI,1948,0.044,0.102,0
Djibouti,DJI,1949,0.044,0.102,0
Djibouti,DJI,1950,0.046,0.102,0
Djibouti,DJI,1951,0.046,0.102,0
Djibouti,DJI,1952,0.052,0.102,0
Djibouti,DJI,1953,0.052,0.102,0
Djibouti,DJI,1954,0.052,0.102,0
Djibouti,DJI,1955,0.052,0.102,0
Djibouti,DJI,1956,0.052,0.102,0
Djibouti,DJI,1957,0.102,0.102,0
Djibouti,DJI,1958,0.102,0.102,0
Djibouti,DJI,1959,0.102,0.102,0
Djibouti,DJI,1960,0.104,0.103,0
Djibouti,DJI,1961,0.104,0.103,0
Djibouti,DJI,1962,0.104,0.103,0
Djibouti,DJI,1963,0.104,0.103,0
Djibouti,DJI,1964,0.105,0.103,0
Djibouti,DJI,1965,0.105,0.103,0
Djibouti,DJI,1966,0.105,0.103,0
Djibouti,DJI,1967,0.102,0.1,0
Djibouti,DJI,1968,0.106,0.106,0
Djibouti,DJI,1969,0.106,0.106,0
Djibouti,DJI,1970,0.103,0.108,0
Djibouti,DJI,1971,0.102,0.095,0
Djibouti,DJI,1972,0.1,0.094,0
Djibouti,DJI,1973,0.1,0.094,0
Djibouti,DJI,1974,0.1,0.1,0
Djibouti,DJI,1975,0.1,0.1,0
Djibouti,DJI,1976,0.1,0.102,0
Djibouti,DJI,1977,0.133,0.131,1
Djibouti,DJI,1978,0.183,0.22,1
Djibouti,DJI,1979,0.183,0.228,1
Djibouti,DJI,1980,0.181,0.231,1
Djibouti,DJI,1981,0.181,0.231,0
Djibouti,DJI,1982,0.178,0.231,0
Djibouti,DJI,1983,0.178,0.231,0
Djibouti,DJI,1984,0.178,0.231,0
Djibouti,DJI,1985,0.178,0.231,0
Djibouti,DJI,1986,0.178,0.231,0
Djibouti,DJI,1987,0.179,0.231,1
Djibouti,DJI,1988,0.179,0.231,1
Djibouti,DJI,1989,0.179,0.231,1
Djibouti,DJI,1990,0.18,0.239,1
Djibouti,DJI,1991,0.178,0.226,1
Djibouti,DJI,1992,0.226,0.269,1
Djibouti,DJI,1993,0.24,0.275,1
Djibouti,DJI,1994,0.24,0.275,1
Djibouti,DJI,1995,0.24,0.275,1
Djibouti,DJI,1996,0.24,0.275,1
Djibouti,DJI,1997,0.24,0.275,1
Djibouti,DJI,1998,0.245,0.287,1
Djibouti,DJI,1999,0.246,0.287,1
Djibouti,DJI,2000,0.251,0.288,1
Djibouti,DJI,2001,0.253,0.288,1
Djibouti,DJI,2002,0.268,0.29,1
Djibouti,DJI,2003,0.262,0.288,1
Djibouti,DJI,2004,0.264,0.288,1
Djibouti,DJI,2005,0.25,0.288,1
Djibouti,DJI,2006,0.247,0.288,1
Djibouti,DJI,2007,0.247,0.288,1
Djibouti,DJI,2008,0.242,0.288,1
Djibouti,DJI,2009,0.244,0.285,1
Djibouti,DJI,2010,0.242,0.285,1
Djibouti,DJI,2011,0.246,0.285,1
Djibouti,DJI,2012,0.247,0.285,1
Djibouti,DJI,2013,0.244,0.285,1
Djibouti,DJI,2014,0.245,0.285,1
Djibouti,DJI,2015,0.245,0.285,1
Djibouti,DJI,2016,0.243,0.285,1
Djibouti,DJI,2017,0.243,0.274,1
Djibouti,DJI,2018,0.25,0.275,1
Djibouti,DJI,2019,0.251,0.296,1
Djibouti,DJI,2020,0.25,0.296,1
Djibouti,DJI,2021,0.251,0.296,1
Djibouti,DJI,2022,0.25,0.296,1
Djibouti,DJI,2023,0.25,0.294,1
Djibouti,DJI,2024,0.25,0.294,1
Djibouti,DJI,2025,0.25,0.294,1
Dominican Republic,DOM,1900,0.241,0.233,1
Dominican Republic,DOM,1901,0.241,0.233,1
Dominican Republic,DOM,1902,0.226,0.233,1
Dominican Republic,DOM,1903,0.169,0.202,1
Dominican Republic,DOM,1904,0.219,0.202,1
Dominican Republic,DOM,1906,0.218,0.217,0
Dominican Republic,DOM,1907,0.218,0.217,0
Dominican Republic,DOM,1908,0.197,0.217,0
Dominican Republic,DOM,1909,0.185,0.217,0
Dominican Republic,DOM,1910,0.185,0.217,0
Dominican Republic,DOM,1911,0.185,0.217,0
Dominican Republic,DOM,1912,0.205,0.209,1
Dominican Republic,DOM,1913,0.188,0.209,1
Dominican Republic,DOM,1914,0.212,0.209,1
Dominican Republic,DOM,1915,0.234,0.209,1
Dominican Republic,DOM,1916,0.155,0.118,1
Dominican Republic,DOM,1917,0.119,0.118,0
Dominican Republic,DOM,1918,0.119,0.118,0
Dominican Republic,DOM,1919,0.119,0.118,0
Dominican Republic,DOM,1920,0.119,0.118,0
Dominican Republic,DOM,1921,0.119,0.118,0
Dominican Republic,DOM,1922,0.119,0.118,0
Dominican Republic,DOM,1923,0.119,0.118,0
Dominican Republic,DOM,1924,0.177,0.133,1
Dominican Republic,DOM,1925,0.261,0.17,1
Dominican Republic,DOM,1926,0.261,0.17,1
Dominican Republic,DOM,1927,0.273,0.17,1
Dominican Republic,DOM,1928,0.267,0.166,1
Dominican Republic,DOM,1929,0.26,0.166,0
Dominican Republic,DOM,1930,0.145,0.063,0
Dominican Republic,DOM,1931,0.123,0.059,0
Dominican Republic,DOM,1932,0.123,0.059,0
Dominican Republic,DOM,1933,0.123,0.059,0
Dominican Republic,DOM,1934,0.121,0.059,0
Dominican Republic,DOM,1935,0.119,0.059,0
Dominican Republic,DOM,1936,0.119,0.059,0
Dominican Republic,DOM,1937,0.119,0.059,0
Dominican Republic,DOM,1938,0.119,0.059,0
Dominican Republic,DOM,1939,0.119,0.059,0
Dominican Republic,DOM,1940,0.119,0.059,0
Dominican Republic,DOM,1941,0.119,0.061,0
Dominican Republic,DOM,1942,0.119,0.062,0
Dominican Republic,DOM,1943,0.15,0.077,0
Dominican Republic,DOM,1944,0.15,0.06,0
Dominican Republic,DOM,1945,0.15,0.06,0
Dominican Republic,DOM,1946,0.15,0.063,0
Dominican Republic,DOM,1947,0.151,0.063,0
Dominican Republic,DOM,1948,0.151,0.063,0
Dominican Republic,DOM,1949,0.151,0.063,0
Dominican Republic,DOM,1950,0.151,0.063,0
Dominican Republic,DOM,1951,0.15,0.063,0
Dominican Republic,DOM,1952,0.15,0.063,0
Dominican Republic,DOM,1953,0.15,0.063,0
Dominican Republic,DOM,1954,0.15,0.063,0
Dominican Republic,DOM,1955,0.15,0.063,0
Dominican Republic,DOM,1956,0.15,0.063,0
Dominican Republic,DOM,1957,0.15,0.063,0
Dominican Republic,DOM,1958,0.15,0.063,0
Dominican Republic,DOM,1959,0.152,0.063,0
Dominican Republic,DOM,1960,0.147,0.065,0
Dominican Republic,DOM,1961,0.161,0.09,0
Dominican Republic,DOM,1962,0.169,0.171,1
Dominican Republic,DOM,1963,0.369,0.417,1
Dominican Republic,DOM,1964,0.154,0.177,0
Dominican Republic,DOM,1965,0.146,0.227,0
Dominican Republic,DOM,1966,0.194,0.144,1
Dominican Republic,DOM,1967,0.262,0.155,1
Dominican Republic,DOM,1968,0.262,0.163,1
Dominican Republic,DOM,1969,0.262,0.163,1
Dominican Republic,DOM,1970,0.261,0.164,1
Dominican Republic,DOM,1971,0.264,0.164,1
Dominican Republic,DOM,1972,0.264,0.164,1
Dominican Republic,DOM,1973,0.264,0.164,1
Dominican Republic,DOM,1974,0.264,0.164,1
Dominican Republic,DOM,1975,0.268,0.164,1
Dominican Republic,DOM,1976,0.268,0.164,1
Dominican Republic,DOM,1977,0.268,0.166,1
Dominican Republic,DOM,1978,0.356,0.258,1
Dominican Republic,DOM,1979,0.475,0.455,1
Dominican Republic,DOM,1980,0.473,0.435,1
Dominican Republic,DOM,1981,0.473,0.435,1
Dominican Republic,DOM,1982,0.51,0.435,2
Dominican Republic,DOM,1983,0.532,0.402,2
Dominican Republic,DOM,1984,0.531,0.394,2
Dominican Republic,DOM,1985,0.531,0.394,2
Dominican Republic,DOM,1986,0.528,0.378,2
Dominican Republic,DOM,1987,0.516,0.358,2
Dominican Republic,DOM,1988,0.517,0.348,2
Dominican Republic,DOM,1989,0.517,0.354,2
Dominican Republic,DOM,1990,0.46,0.357,1
Dominican Republic,DOM,1991,0.43,0.357,1
Dominican Republic,DOM,1992,0.43,0.357,1
Dominican Republic,DOM,1993,0.43,0.351,1
Dominican Republic,DOM,1994,0.432,0.337,1
Dominican Republic,DOM,1995,0.444,0.346,1
Dominican Republic,DOM,1996,0.544,0.421,2
Dominican Republic,DOM,1997,0.619,0.501,2
Dominican Republic,DOM,1998,0.639,0.503,2
Dominican Republic,DOM,1999,0.647,0.503,2
Dominican Republic,DOM,2000,0.665,0.509,2
Dominican Republic,DOM,2001,0.673,0.502,2
Dominican Republic,DOM,2002,0.672,0.497,2
Dominican Republic,DOM,2003,0.671,0.495,2
Dominican Republic,DOM,2004,0.659,0.494,2
Dominican Republic,DOM,2005,0.651,0.51,2
Dominican Republic,DOM,2006,0.644,0.51,2
Dominican Republic,DOM,2007,0.636,0.515,2
Dominican Republic,DOM,2008,0.638,0.515,2
Dominican Republic,DOM,2009,0.639,0.515,2
Dominican Republic,DOM,2010,0.625,0.52,2
Dominican Republic,DOM,2011,0.623,0.505,2
Dominican Republic,DOM,2012,0.612,0.522,2
Dominican Republic,DOM,2013,0.6,0.513,2
Dominican Republic,DOM,2014,0.6,0.506,2
Dominican Republic,DOM,2015,0.59,0.506,2
Dominican Republic,DOM,2016,0.571,0.508,2
Dominican Republic,DOM,2017,0.559,0.507,2
Dominican Republic,DOM,2018,0.573,0.515,2
Dominican Republic,DOM,2019,0.569,0.521,2
Dominican Republic,DOM,2020,0.656,0.634,2
Dominican Republic,DOM,2021,0.694,0.653,2
Dominican Republic,DOM,2022,0.692,0.646,2
Dominican Republic,DOM,2023,0.692,0.633,2
Dominican Republic,DOM,2024,0.71,0.65,2
Dominican Republic,DOM,2025,0.735,0.633,2
Eritrea,ERI,1900,0.016,0.083,0
Eritrea,ERI,1901,0.016,0.083,0
Eritrea,ERI,1902,0.016,0.083,0
Eritrea,ERI,1903,0.016,0.083,0
Eritrea,ERI,1904,0.016,0.083,0
Eritrea,ERI,1905,0.016,0.083,0
Eritrea,ERI,1906,0.016,0.083,0
Eritrea,ERI,1907,0.016,0.083,0
Eritrea,ERI,1908,0.016,0.083,0
Eritrea,ERI,1909,0.016,0.083,0
Eritrea,ERI,1910,0.016,0.076,0
Eritrea,ERI,1911,0.016,0.076,0
Eritrea,ERI,1912,0.016,0.076,0
Eritrea,ERI,1913,0.016,0.076,0
Eritrea,ERI,1914,0.016,0.076,0
Eritrea,ERI,1915,0.016,0.076,0
Eritrea,ERI,1916,0.016,0.076,0
Eritrea,ERI,1917,0.016,0.076,0
Eritrea,ERI,1918,0.016,0.076,0
Eritrea,ERI,1919,0.016,0.076,0
Eritrea,ERI,1920,0.016,0.076,0
Eritrea,ERI,1921,0.016,0.076,0
Eritrea,ERI,1922,0.016,0.076,0
Eritrea,ERI,1923,0.016,0.076,0
Eritrea,ERI,1924,0.016,0.076,0
Eritrea,ERI,1925,0.016,0.076,0
Eritrea,ERI,1926,0.016,0.076,0
Eritrea,ERI,1927,0.016,0.076,0
Eritrea,ERI,1928,0.016,0.076,0
Eritrea,ERI,1929,0.016,0.076,0
Eritrea,ERI,1930,0.016,0.077,0
Eritrea,ERI,1931,0.016,0.079,0
Eritrea,ERI,1932,0.016,0.079,0
Eritrea,ERI,1933,0.016,0.079,0
Eritrea,ERI,1934,0.016,0.079,0
Eritrea,ERI,1935,0.015,0.079,0
Eritrea,ERI,1936,0.014,0.079,0
Eritrea,ERI,1937,0.014,0.079,0
Eritrea,ERI,1938,0.014,0.079,0
Eritrea,ERI,1939,0.014,0.08,0
Eritrea,ERI,1940,0.028,0.143,0
Eritrea,ERI,1941,0.036,0.17,0
Eritrea,ERI,1942,0.128,0.297,0
Eritrea,ERI,1943,0.128,0.297,0
Eritrea,ERI,1944,0.128,0.297,0
Eritrea,ERI,1945,0.128,0.297,0
Eritrea,ERI,1946,0.128,0.297,0
Eritrea,ERI,1947,0.128,0.297,0
Eritrea,ERI,1948,0.128,0.297,0
Eritrea,ERI,1949,0.128,0.297,0
Eritrea,ERI,1950,0.118,0.285,0
Eritrea,ERI,1951,0.118,0.285,0
Eritrea,ERI,1952,0.126,0.241,0
Eritrea,ERI,1953,0.076,0.307,0
Eritrea,ERI,1954,0.076,0.307,0
Eritrea,ERI,1955,0.076,0.307,0
Eritrea,ERI,1956,0.135,0.307,0
Eritrea,ERI,1957,0.124,0.307,0
Eritrea,ERI,1958,0.121,0.307,0
Eritrea,ERI,1959,0.121,0.307,0
Eritrea,ERI,1960,0.111,0.241,0
Eritrea,ERI,1961,0.111,0.231,0
Eritrea,ERI,1962,0.103,0.131,0
Eritrea,ERI,1963,0.086,0.076,0
Eritrea,ERI,1964,0.085,0.076,0
Eritrea,ERI,1965,0.087,0.076,0
Eritrea,ERI,1966,0.086,0.076,0
Eritrea,ERI,1967,0.086,0.077,0
Eritrea,ERI,1968,0.085,0.077,0
Eritrea,ERI,1969,0.085,0.077,0
Eritrea,ERI,1970,0.083,0.073,0
Eritrea,ERI,1971,0.083,0.073,0
Eritrea,ERI,1972,0.083,0.073,0
Eritrea,ERI,1973,0.081,0.069,0
Eritrea,ERI,1974,0.076,0.034,0
Eritrea,ERI,1975,0.073,0.027,0
Eritrea,ERI,1976,0.073,0.024,0
Eritrea,ERI,1977,0.073,0.025,0
Eritrea,ERI,1978,0.073,0.024,0
Eritrea,ERI,1979,0.073,0.024,0
Eritrea,ERI,1980,0.073,0.021,0
Eritrea,ERI,1981,0.073,0.021,0
Eritrea,ERI,1982,0.073,0.021,0
Eritrea,ERI,1983,0.073,0.021,0
Eritrea,ERI,1984,0.073,0.021,0
Eritrea,ERI,1985,0.073,0.021,0
Eritrea,ERI,1986,0.073,0.021,0
Eritrea,ERI,1987,0.072,0.021,0
Eritrea,ERI,1988,0.072,0.021,0
Eritrea,ERI,1989,0.072,0.022,0
Eritrea,ERI,1990,0.076,0.041,0
Eritrea,ERI,1991,0.083,0.088,0
Eritrea,ERI,1992,0.095,0.129,0
Eritrea,ERI,1993,0.099,0.109,0
Eritrea,ERI,1994,0.102,0.109,0
Eritrea,ERI,1995,0.102,0.11,0
Eritrea,ERI,1996,0.102,0.107,0
Eritrea,ERI,1997,0.131,0.107,0
Eritrea,ERI,1998,0.122,0.089,0
Eritrea,ERI,1999,0.122,0.082,0
Eritrea,ERI,2000,0.12,0.068,0
Eritrea,ERI,2001,0.103,0.035,0
Eritrea,ERI,2002,0.084,0.021,0
Eritrea,ERI,2003,0.067,0.009,0
Eritrea,ERI,2004,0.067,0.009,0
Eritrea,ERI,2005,0.067,0.008,0
Eritrea,ERI,2006,0.067,0.008,0
Eritrea,ERI,2007,0.067,0.007,0
Eritrea,ERI,2008,0.067,0.007,0
Eritrea,ERI,2009,0.068,0.007,0
Eritrea,ERI,2010,0.068,0.007,0
Eritrea,ERI,2011,0.068,0.007,0
Eritrea,ERI,2012,0.067,0.007,0
Eritrea,ERI,2013,0.07,0.011,0
Eritrea,ERI,2014,0.07,0.012,0
Eritrea,ERI,2015,0.069,0.011,0
Eritrea,ERI,2016,0.069,0.009,0
Eritrea,ERI,2017,0.069,0.012,0
Eritrea,ERI,2018,0.068,0.014,0
Eritrea,ERI,2019,0.07,0.019,0
Eritrea,ERI,2020,0.069,0.024,0
Eritrea,ERI,2021,0.071,0.025,0
Eritrea,ERI,2022,0.071,0.031,0
Eritrea,ERI,2023,0.068,0.023,0
Eritrea,ERI,2024,0.069,0.02,0
Eritrea,ERI,2025,0.069,0.019,0
Gabon,GAB,1910,0.013,0.087,0
Gabon,GAB,1911,0.013,0.087,0
Gabon,GAB,1912,0.013,0.087,0
Gabon,GAB,1913,0.013,0.087,0
Gabon,GAB,1914,0.013,0.087,0
Gabon,GAB,1915,0.013,0.087,0
Gabon,GAB,1916,0.013,0.087,0
Gabon,GAB,1917,0.013,0.087,0
Gabon,GAB,1918,0.013,0.087,0
Gabon,GAB,1919,0.013,0.087,0
Gabon,GAB,1920,0.013,0.087,0
Gabon,GAB,1921,0.013,0.087,0
Gabon,GAB,1922,0.013,0.087,0
Gabon,GAB,1923,0.013,0.087,0
Gabon,GAB,1924,0.013,0.087,0
Gabon,GAB,1925,0.013,0.087,0
Gabon,GAB,1926,0.013,0.087,0
Gabon,GAB,1927,0.013,0.087,0
Gabon,GAB,1928,0.013,0.087,0
Gabon,GAB,1929,0.013,0.087,0
Gabon,GAB,1930,0.014,0.087,0
Gabon,GAB,1931,0.014,0.087,0
Gabon,GAB,1932,0.014,0.087,0
Gabon,GAB,1933,0.014,0.087,0
Gabon,GAB,1934,0.014,0.087,0
Gabon,GAB,1935,0.014,0.087,0
Gabon,GAB,1936,0.014,0.087,0
Gabon,GAB,1937,0.014,0.087,0
Gabon,GAB,1938,0.014,0.086,0
Gabon,GAB,1939,0.014,0.086,0
Gabon,GAB,1940,0.014,0.086,0
Gabon,GAB,1941,0.014,0.086,0
Gabon,GAB,1942,0.014,0.086,0
Gabon,GAB,1943,0.014,0.086,0
Gabon,GAB,1944,0.014,0.086,0
Gabon,GAB,1945,0.019,0.086,0
Gabon,GAB,1946,0.089,0.164,0
Gabon,GAB,1947,0.089,0.164,0
Gabon,GAB,1948,0.089,0.164,0
Gabon,GAB,1949,0.09,0.164,0
Gabon,GAB,1950,0.096,0.21,0
Gabon,GAB,1951,0.102,0.21,0
Gabon,GAB,1952,0.099,0.21,0
Gabon,GAB,1953,0.098,0.21,0
Gabon,GAB,1954,0.098,0.21,0
Gabon,GAB,1955,0.098,0.21,0
Gabon,GAB,1956,0.098,0.21,0
Gabon,GAB,1957,0.146,0.21,0
Gabon,GAB,1958,0.151,0.245,0
Gabon,GAB,1959,0.152,0.245,0
Gabon,GAB,1960,0.18,0.313,1
Gabon,GAB,1961,0.213,0.313,1
Gabon,GAB,1962,0.212,0.315,1
Gabon,GAB,1963,0.212,0.315,1
Gabon,GAB,1964,0.139,0.242,1
Gabon,GAB,1965,0.136,0.299,0
Gabon,GAB,1966,0.13,0.299,0
Gabon,GAB,1967,0.134,0.297,0
Gabon,GAB,1968,0.174,0.302,0
Gabon,GAB,1969,0.174,0.302,0
Gabon,GAB,1970,0.185,0.297,0
Gabon,GAB,1971,0.185,0.293,0
Gabon,GAB,1972,0.185,0.293,0
Gabon,GAB,1973,0.185,0.293,0
Gabon,GAB,1974,0.185,0.293,0
Gabon,GAB,1975,0.185,0.293,0
Gabon,GAB,1976,0.185,0.293,0
Gabon,GAB,1977,0.185,0.293,0
Gabon,GAB,1978,0.185,0.293,0
Gabon,GAB,1979,0.186,0.293,0
Gabon,GAB,1980,0.183,0.299,0
Gabon,GAB,1981,0.181,0.299,0
Gabon,GAB,1982,0.181,0.299,0
Gabon,GAB,1983,0.181,0.299,0
Gabon,GAB,1984,0.181,0.299,0
Gabon,GAB,1985,0.181,0.299,0
Gabon,GAB,1986,0.181,0.299,0
Gabon,GAB,1987,0.182,0.299,0
Gabon,GAB,1988,0.182,0.299,0
Gabon,GAB,1989,0.182,0.299,0
Gabon,GAB,1990,0.218,0.441,0
Gabon,GAB,1991,0.308,0.457,0
Gabon,GAB,1992,0.327,0.462,0
Gabon,GAB,1993,0.325,0.462,1
Gabon,GAB,1994,0.329,0.462,1
Gabon,GAB,1995,0.329,0.462,1
Gabon,GAB,1996,0.329,0.46,1
Gabon,GAB,1997,0.338,0.46,1
Gabon,GAB,1998,0.338,0.46,1
Gabon,GAB,1999,0.338,0.46,1
Gabon,GAB,2000,0.337,0.449,1
Gabon,GAB,2001,0.342,0.449,1
Gabon,GAB,2002,0.344,0.449,1
Gabon,GAB,2003,0.344,0.449,1
Gabon,GAB,2004,0.344,0.449,1
Gabon,GAB,2005,0.346,0.449,1
Gabon,GAB,2006,0.353,0.449,1
Gabon,GAB,2007,0.351,0.449,1
Gabon,GAB,2008,0.351,0.449,1
Gabon,GAB,2009,0.35,0.449,1
Gabon,GAB,2010,0.37,0.434,1
Gabon,GAB,2011,0.37,0.434,1
Gabon,GAB,2012,0.359,0.458,1
Gabon,GAB,2013,0.375,0.475,1
Gabon,GAB,2014,0.375,0.475,1
Gabon,GAB,2015,0.375,0.475,1
Gabon,GAB,2016,0.378,0.475,1
Gabon,GAB,2017,0.398,0.474,1
Gabon,GAB,2018,0.386,0.429,1
Gabon,GAB,2019,0.377,0.408,1
Gabon,GAB,2020,0.368,0.405,1
Gabon,GAB,2021,0.368,0.413,1
Gabon,GAB,2022,0.362,0.424,1
Gabon,GAB,2023,0.325,0.42,1
Gabon,GAB,2024,0.227,0.426,0
Gabon,GAB,2025,0.302,0.426,1
The Gambia,GMB,1900,0.053,0.39,0
The Gambia,GMB,1901,0.053,0.418,0
The Gambia,GMB,1902,0.053,0.418,0
The Gambia,GMB,1903,0.053,0.418,0
The Gambia,GMB,1904,0.053,0.426,0
The Gambia,GMB,1905,0.053,0.426,0
The Gambia,GMB,1906,0.053,0.426,0
The Gambia,GMB,1907,0.053,0.426,0
The Gambia,GMB,1908,0.053,0.426,0
The Gambia,GMB,1909,0.053,0.426,0
The Gambia,GMB,1910,0.053,0.426,0
The Gambia,GMB,1911,0.053,0.426,0
The Gambia,GMB,1912,0.053,0.426,0
The Gambia,GMB,1913,0.053,0.426,0
The Gambia,GMB,1914,0.053,0.426,0
The Gambia,GMB,1915,0.053,0.426,0
The Gambia,GMB,1916,0.053,0.426,0
The Gambia,GMB,1917,0.053,0.426,0
The Gambia,GMB,1918,0.053,0.426,0
The Gambia,GMB,1919,0.053,0.426,0
The Gambia,GMB,1920,0.053,0.426,0
The Gambia,GMB,1921,0.053,0.426,0
The Gambia,GMB,1922,0.053,0.426,0
The Gambia,GMB,1923,0.053,0.426,0
The Gambia,GMB,1924,0.053,0.426,0
The Gambia,GMB,1925,0.051,0.426,0
The Gambia,GMB,1926,0.052,0.426,0
The Gambia,GMB,1927,0.052,0.426,0
The Gambia,GMB,1928,0.052,0.426,0
The Gambia,GMB,1929,0.052,0.426,0
The Gambia,GMB,1930,0.052,0.426,0
The Gambia,GMB,1931,0.052,0.426,0
The Gambia,GMB,1932,0.052,0.426,0
The Gambia,GMB,1933,0.052,0.426,0
The Gambia,GMB,1934,0.052,0.426,0
The Gambia,GMB,1935,0.052,0.426,0
The Gambia,GMB,1936,0.052,0.426,0
The Gambia,GMB,1937,0.052,0.426,0
The Gambia,GMB,1938,0.052,0.426,0
The Gambia,GMB,1939,0.052,0.426,0
The Gambia,GMB,1940,0.054,0.43,0
The Gambia,GMB,1941,0.054,0.43,0
The Gambia,GMB,1942,0.054,0.444,0
The Gambia,GMB,1943,0.054,0.444,0
The Gambia,GMB,1944,0.054,0.444,0
The Gambia,GMB,1945,0.054,0.442,0
The Gambia,GMB,1946,0.079,0.448,0
The Gambia,GMB,1947,0.098,0.448,0
The Gambia,GMB,1948,0.158,0.448,0
The Gambia,GMB,1949,0.158,0.448,0
The Gambia,GMB,1950,0.158,0.453,0
The Gambia,GMB,1951,0.16,0.453,0
The Gambia,GMB,1952,0.156,0.453,0
The Gambia,GMB,1953,0.156,0.455,0
The Gambia,GMB,1954,0.157,0.455,0
The Gambia,GMB,1955,0.161,0.455,0
The Gambia,GMB,1956,0.161,0.456,0
The Gambia,GMB,1957,0.161,0.456,0
The Gambia,GMB,1958,0.161,0.456,0
The Gambia,GMB,1959,0.161,0.456,0
The Gambia,GMB,1960,0.225,0.47,0
The Gambia,GMB,1961,0.226,0.505,0
The Gambia,GMB,1962,0.285,0.529,1
The Gambia,GMB,1963,0.325,0.526,1
The Gambia,GMB,1964,0.325,0.53,1
The Gambia,GMB,1965,0.321,0.581,1
The Gambia,GMB,1966,0.427,0.597,1
The Gambia,GMB,1967,0.441,0.597,1
The Gambia,GMB,1968,0.441,0.597,1
The Gambia,GMB,1969,0.441,0.597,1
The Gambia,GMB,1970,0.495,0.641,1
The Gambia,GMB,1971,0.495,0.644,1
The Gambia,GMB,1972,0.477,0.644,1
The Gambia,GMB,1973,0.471,0.644,1
The Gambia,GMB,1974,0.471,0.644,1
The Gambia,GMB,1975,0.471,0.644,1
The Gambia,GMB,1976,0.471,0.644,1
The Gambia,GMB,1977,0.459,0.644,1
The Gambia,GMB,1978,0.456,0.644,1
The Gambia,GMB,1979,0.456,0.644,1
The Gambia,GMB,1980,0.455,0.644,1
The Gambia,GMB,1981,0.45,0.626,1
The Gambia,GMB,1982,0.454,0.626,1
The Gambia,GMB,1983,0.456,0.633,1
The Gambia,GMB,1984,0.456,0.634,1
The Gambia,GMB,1985,0.458,0.641,1
The Gambia,GMB,1986,0.458,0.641,1
The Gambia,GMB,1987,0.466,0.641,1
The Gambia,GMB,1988,0.468,0.641,1
The Gambia,GMB,1989,0.468,0.641,1
The Gambia,GMB,1990,0.468,0.642,1
The Gambia,GMB,1991,0.468,0.642,1
The Gambia,GMB,1992,0.466,0.642,1
The Gambia,GMB,1993,0.442,0.642,1
The Gambia,GMB,1994,0.207,0.385,1
The Gambia,GMB,1995,0.101,0.258,0
The Gambia,GMB,1996,0.13,0.258,1
The Gambia,GMB,1997,0.246,0.324,1
The Gambia,GMB,1998,0.259,0.32,1
The Gambia,GMB,1999,0.258,0.315,1
The Gambia,GMB,2000,0.255,0.303,1
The Gambia,GMB,2001,0.258,0.301,1
The Gambia,GMB,2002,0.256,0.297,1
The Gambia,GMB,2003,0.257,0.289,1
The Gambia,GMB,2004,0.257,0.282,1
The Gambia,GMB,2005,0.257,0.282,1
The Gambia,GMB,2006,0.251,0.279,1
The Gambia,GMB,2007,0.243,0.28,1
The Gambia,GMB,2008,0.243,0.277,1
The Gambia,GMB,2009,0.243,0.277,1
The Gambia,GMB,2010,0.244,0.277,1
The Gambia,GMB,2011,0.244,0.277,1
The Gambia,GMB,2012,0.243,0.279,1
The Gambia,GMB,2013,0.241,0.259,1
The Gambia,GMB,2014,0.244,0.259,1
The Gambia,GMB,2015,0.244,0.26,1
The Gambia,GMB,2016,0.25,0.267,1
The Gambia,GMB,2017,0.498,0.745,1
The Gambia,GMB,2018,0.538,0.75,2
The Gambia,GMB,2019,0.524,0.774,2
The Gambia,GMB,2020,0.496,0.78,1
The Gambia,GMB,2021,0.507,0.794,2
The Gambia,GMB,2022,0.621,0.791,2
The Gambia,GMB,2023,0.635,0.802,2
The Gambia,GMB,2024,0.63,0.798,2
The Gambia,GMB,2025,0.641,0.807,2
Georgia,GEO,1990,0.313,0.276,1
Georgia,GEO,1991,0.327,0.289,1
Georgia,GEO,1992,0.254,0.243,1
Georgia,GEO,1993,0.356,0.312,1
Georgia,GEO,1994,0.362,0.327,1
Georgia,GEO,1995,0.366,0.373,1
Georgia,GEO,1996,0.382,0.427,1
Georgia,GEO,1997,0.378,0.428,1
Georgia,GEO,1998,0.38,0.439,1
Georgia,GEO,1999,0.378,0.444,1
Georgia,GEO,2000,0.374,0.425,1
Georgia,GEO,2001,0.382,0.425,1
Georgia,GEO,2002,0.379,0.425,1
Georgia,GEO,2003,0.384,0.456,1
Georgia,GEO,2004,0.548,0.588,2
Georgia,GEO,2005,0.547,0.628,2
Georgia,GEO,2006,0.548,0.64,2
Georgia,GEO,2007,0.539,0.627,2
Georgia,GEO,2008,0.495,0.619,1
Georgia,GEO,2009,0.491,0.627,1
Georgia,GEO,2010,0.496,0.627,1
Georgia,GEO,2011,0.5,0.627,1
Georgia,GEO,2012,0.519,0.641,2
Georgia,GEO,2013,0.623,0.703,2
Georgia,GEO,2014,0.675,0.712,2
Georgia,GEO,2015,0.668,0.731,2
Georgia,GEO,2016,0.685,0.731,2
Georgia,GEO,2017,0.669,0.711,2
Georgia,GEO,2018,0.663,0.756,2
Georgia,GEO,2019,0.627,0.746,2
Georgia,GEO,2020,0.616,0.737,2
Georgia,GEO,2021,0.604,0.725,2
Georgia,GEO,2022,0.607,0.74,2
Georgia,GEO,2023,0.591,0.747,2
Georgia,GEO,2024,0.48,0.613,1
Georgia,GEO,2025,0.401,0.591,1
Guinea-Bissau,GNB,1900,0.014,0.057,0
Guinea-Bissau,GNB,1901,0.014,0.057,0
Guinea-Bissau,GNB,1902,0.014,0.057,0
Guinea-Bissau,GNB,1903,0.014,0.057,0
Guinea-Bissau,GNB,1904,0.014,0.057,0
Guinea-Bissau,GNB,1905,0.014,0.057,0
Guinea-Bissau,GNB,1906,0.014,0.057,0
Guinea-Bissau,GNB,1907,0.014,0.057,0
Guinea-Bissau,GNB,1908,0.014,0.057,0
Guinea-Bissau,GNB,1909,0.014,0.057,0
Guinea-Bissau,GNB,1910,0.02,0.057,0
Guinea-Bissau,GNB,1911,0.02,0.057,0
Guinea-Bissau,GNB,1912,0.02,0.057,0
Guinea-Bissau,GNB,1913,0.02,0.057,0
Guinea-Bissau,GNB,1914,0.02,0.057,0
Guinea-Bissau,GNB,1915,0.019,0.057,0
Guinea-Bissau,GNB,1916,0.019,0.057,0
Guinea-Bissau,GNB,1917,0.019,0.057,0
Guinea-Bissau,GNB,1918,0.019,0.057,0
Guinea-Bissau,GNB,1919,0.019,0.057,0
Guinea-Bissau,GNB,1920,0.019,0.057,0
Guinea-Bissau,GNB,1921,0.019,0.057,0
Guinea-Bissau,GNB,1922,0.019,0.057,0
Guinea-Bissau,GNB,1923,0.019,0.057,0
Guinea-Bissau,GNB,1924,0.019,0.057,0
Guinea-Bissau,GNB,1925,0.019,0.057,0
Guinea-Bissau,GNB,1926,0.012,0.047,0
Guinea-Bissau,GNB,1927,0.01,0.047,0
Guinea-Bissau,GNB,1928,0.009,0.047,0
Guinea-Bissau,GNB,1929,0.008,0.048,0
Guinea-Bissau,GNB,1930,0.007,0.048,0
Guinea-Bissau,GNB,1931,0.007,0.048,0
Guinea-Bissau,GNB,1932,0.007,0.048,0
Guinea-Bissau,GNB,1933,0.007,0.048,0
Guinea-Bissau,GNB,1934,0.007,0.048,0
Guinea-Bissau,GNB,1935,0.007,0.048,0
Guinea-Bissau,GNB,1936,0.007,0.048,0
Guinea-Bissau,GNB,1937,0.007,0.049,0
Guinea-Bissau,GNB,1938,0.007,0.049,0
Guinea-Bissau,GNB,1939,0.007,0.049,0
Guinea-Bissau,GNB,1940,0.007,0.049,0
Guinea-Bissau,GNB,1941,0.007,0.049,0
Guinea-Bissau,GNB,1942,0.007,0.049,0
Guinea-Bissau,GNB,1943,0.007,0.049,0
Guinea-Bissau,GNB,1944,0.007,0.049,0
Guinea-Bissau,GNB,1945,0.007,0.049,0
Guinea-Bissau,GNB,1946,0.007,0.049,0
Guinea-Bissau,GNB,1947,0.007,0.049,0
Guinea-Bissau,GNB,1948,0.007,0.049,0
Guinea-Bissau,GNB,1949,0.007,0.049,0
Guinea-Bissau,GNB,1950,0.007,0.049,0
Guinea-Bissau,GNB,1951,0.007,0.049,0
Guinea-Bissau,GNB,1952,0.007,0.049,0
Guinea-Bissau,GNB,1953,0.007,0.049,0
Guinea-Bissau,GNB,1954,0.007,0.049,0
Guinea-Bissau,GNB,1955,0.007,0.049,0
Guinea-Bissau,GNB,1956,0.009,0.049,0
Guinea-Bissau,GNB,1957,0.009,0.049,0
Guinea-Bissau,GNB,1958,0.009,0.049,0
Guinea-Bissau,GNB,1959,0.009,0.049,0
Guinea-Bissau,GNB,1960,0.012,0.048,0
Guinea-Bissau,GNB,1961,0.012,0.048,0
Guinea-Bissau,GNB,1962,0.012,0.049,0
Guinea-Bissau,GNB,1963,0.012,0.049,0
Guinea-Bissau,GNB,1964,0.012,0.049,0
Guinea-Bissau,GNB,1965,0.012,0.049,0
Guinea-Bissau,GNB,1966,0.012,0.049,0
Guinea-Bissau,GNB,1967,0.012,0.049,0
Guinea-Bissau,GNB,1968,0.012,0.049,0
Guinea-Bissau,GNB,1969,0.012,0.049,0
Guinea-Bissau,GNB,1970,0.012,0.049,0
Guinea-Bissau,GNB,1971,0.012,0.049,0
Guinea-Bissau,GNB,1972,0.012,0.09,0
Guinea-Bissau,GNB,1973,0.08,0.076,0
Guinea-Bissau,GNB,1974,0.113,0.154,0
Guinea-Bissau,GNB,1975,0.115,0.173,0
Guinea-Bissau,GNB,1976,0.115,0.173,0
Guinea-Bissau,GNB,1977,0.125,0.173,0
Guinea-Bissau,GNB,1978,0.125,0.173,0
Guinea-Bissau,GNB,1979,0.125,0.173,0
Guinea-Bissau,GNB,1980,0.121,0.165,0
Guinea-Bissau,GNB,1981,0.092,0.148,0
Guinea-Bissau,GNB,1982,0.092,0.148,0
Guinea-Bissau,GNB,1983,0.092,0.148,0
Guinea-Bissau,GNB,1984,0.092,0.148,0
Guinea-Bissau,GNB,1985,0.092,0.148,0
Guinea-Bissau,GNB,1986,0.092,0.152,0
Guinea-Bissau,GNB,1987,0.092,0.152,0
Guinea-Bissau,GNB,1988,0.092,0.152,0
Guinea-Bissau,GNB,1989,0.092,0.152,0
Guinea-Bissau,GNB,1990,0.101,0.155,0
Guinea-Bissau,GNB,1991,0.101,0.155,0
Guinea-Bissau,GNB,1992,0.13,0.164,0
Guinea-Bissau,GNB,1993,0.157,0.233,0
Guinea-Bissau,GNB,1994,0.249,0.346,1
Guinea-Bissau,GNB,1995,0.358,0.435,1
Guinea-Bissau,GNB,1996,0.358,0.435,1
Guinea-Bissau,GNB,1997,0.358,0.431,1
Guinea-Bissau,GNB,1998,0.358,0.433,1
Guinea-Bissau,GNB,1999,0.364,0.424,1
Guinea-Bissau,GNB,2000,0.424,0.432,1
Guinea-Bissau,GNB,2001,0.428,0.433,1
Guinea-Bissau,GNB,2002,0.434,0.448,1
Guinea-Bissau,GNB,2003,0.376,0.404,1
Guinea-Bissau,GNB,2004,0.377,0.444,1
Guinea-Bissau,GNB,2005,0.451,0.489,1
Guinea-Bissau,GNB,2006,0.446,0.487,1
Guinea-Bissau,GNB,2007,0.446,0.486,1
Guinea-Bissau,GNB,2008,0.402,0.449,1
Guinea-Bissau,GNB,2009,0.452,0.486,1
Guinea-Bissau,GNB,2010,0.448,0.489,1
Guinea-Bissau,GNB,2011,0.449,0.483,1
Guinea-Bissau,GNB,2012,0.328,0.378,1
Guinea-Bissau,GNB,2013,0.288,0.502,0
Guinea-Bissau,GNB,2014,0.439,0.518,1
Guinea-Bissau,GNB,2015,0.501,0.497,2
Guinea-Bissau,GNB,2016,0.5,0.498,2
Guinea-Bissau,GNB,2017,0.49,0.501,1
Guinea-Bissau,GNB,2018,0.51,0.527,2
Guinea-Bissau,GNB,2019,0.529,0.543,2
Guinea-Bissau,GNB,2020,0.533,0.541,2
Guinea-Bissau,GNB,2021,0.535,0.524,2
Guinea-Bissau,GNB,2022,0.377,0.346,1
Guinea-Bissau,GNB,2023,0.428,0.415,1
Guinea-Bissau,GNB,2024,0.279,0.337,1
Guinea-Bissau,GNB,2025,0.252,0.218,0
Jamaica,JAM,1900,0.2,0.53,0
Jamaica,JAM,1901,0.2,0.53,0
Jamaica,JAM,1902,0.2,0.53,0
Jamaica,JAM,1903,0.2,0.53,0
Jamaica,JAM,1904,0.2,0.53,0
Jamaica,JAM,1905,0.2,0.53,0
Jamaica,JAM,1906,0.199,0.53,0
Jamaica,JAM,1907,0.199,0.53,0
Jamaica,JAM,1908,0.199,0.53,0
Jamaica,JAM,1909,0.199,0.53,0
Jamaica,JAM,1910,0.199,0.53,0
Jamaica,JAM,1911,0.199,0.53,0
Jamaica,JAM,1912,0.199,0.53,0
Jamaica,JAM,1913,0.199,0.53,0
Jamaica,JAM,1914,0.199,0.53,0
Jamaica,JAM,1915,0.199,0.53,0
Jamaica,JAM,1916,0.199,0.53,0
Jamaica,JAM,1917,0.199,0.53,0
Jamaica,JAM,1918,0.199,0.53,0
Jamaica,JAM,1919,0.202,0.53,0
Jamaica,JAM,1920,0.196,0.533,0
Jamaica,JAM,1921,0.196,0.533,0
Jamaica,JAM,1922,0.196,0.533,0
Jamaica,JAM,1923,0.196,0.533,0
Jamaica,JAM,1924,0.196,0.533,0
Jamaica,JAM,1925,0.201,0.533,0
Jamaica,JAM,1926,0.201,0.533,0
Jamaica,JAM,1927,0.201,0.533,0
Jamaica,JAM,1928,0.201,0.533,0
Jamaica,JAM,1929,0.201,0.533,0
Jamaica,JAM,1930,0.195,0.55,0
Jamaica,JAM,1931,0.195,0.55,0
Jamaica,JAM,1932,0.195,0.55,0
Jamaica,JAM,1933,0.195,0.55,0
Jamaica,JAM,1934,0.195,0.55,0
Jamaica,JAM,1935,0.2,0.55,0
Jamaica,JAM,1936,0.2,0.545,0
Jamaica,JAM,1937,0.201,0.545,0
Jamaica,JAM,1938,0.207,0.544,0
Jamaica,JAM,1939,0.205,0.544,0
Jamaica,JAM,1940,0.204,0.544,0
Jamaica,JAM,1941,0.204,0.544,0
Jamaica,JAM,1942,0.204,0.544,0
Jamaica,JAM,1943,0.204,0.544,0
Jamaica,JAM,1944,0.289,0.577,0
Jamaica,JAM,1945,0.305,0.584,0
Jamaica,JAM,1946,0.305,0.592,0
Jamaica,JAM,1947,0.314,0.592,0
Jamaica,JAM,1948,0.314,0.592,0
Jamaica,JAM,1949,0.314,0.592,0
Jamaica,JAM,1950,0.306,0.605,0
Jamaica,JAM,1951,0.306,0.605,0
Jamaica,JAM,1952,0.308,0.605,0
Jamaica,JAM,1953,0.426,0.612,1
Jamaica,JAM,1954,0.487,0.623,1
Jamaica,JAM,1955,0.494,0.636,1
Jamaica,JAM,1956,0.523,0.636,2
Jamaica,JAM,1957,0.523,0.636,2
Jamaica,JAM,1958,0.523,0.636,2
Jamaica,JAM,1959,0.513,0.636,2
Jamaica,JAM,1960,0.511,0.659,2
Jamaica,JAM,1961,0.511,0.659,2
Jamaica,JAM,1962,0.543,0.703,2
Jamaica,JAM,1963,0.546,0.714,2
Jamaica,JAM,1964,0.546,0.714,2
Jamaica,JAM,1965,0.541,0.708,2
Jamaica,JAM,1966,0.541,0.708,2
Jamaica,JAM,1967,0.515,0.7,2
Jamaica,JAM,1968,0.51,0.7,2
Jamaica,JAM,1969,0.518,0.7,2
Jamaica,JAM,1970,0.521,0.717,2
Jamaica,JAM,1971,0.521,0.717,2
Jamaica,JAM,1972,0.52,0.718,2
Jamaica,JAM,1973,0.515,0.737,2
Jamaica,JAM,1974,0.512,0.733,2
Jamaica,JAM,1975,0.512,0.737,2
Jamaica,JAM,1976,0.511,0.737,2
Jamaica,JAM,1977,0.469,0.737,1
Jamaica,JAM,1978,0.466,0.737,1
Jamaica,JAM,1979,0.475,0.737,1
Jamaica,JAM,1980,0.499,0.728,1
Jamaica,JAM,1981,0.473,0.734,1
Jamaica,JAM,1982,0.473,0.734,1
Jamaica,JAM,1983,0.475,0.734,1
Jamaica,JAM,1984,0.536,0.734,2
Jamaica,JAM,1985,0.537,0.734,2
Jamaica,JAM,1986,0.537,0.734,2
Jamaica,JAM,1987,0.537,0.734,2
Jamaica,JAM,1988,0.537,0.743,2
Jamaica,JAM,1989,0.56,0.743,2
Jamaica,JAM,1990,0.577,0.749,2
Jamaica,JAM,1991,0.577,0.749,2
Jamaica,JAM,1992,0.577,0.758,2
Jamaica,JAM,1993,0.608,0.758,2
Jamaica,JAM,1994,0.623,0.758,2
Jamaica,JAM,1995,0.627,0.758,2
Jamaica,JAM,1996,0.628,0.758,2
Jamaica,JAM,1997,0.642,0.758,2
Jamaica,JAM,1998,0.67,0.758,2
Jamaica,JAM,1999,0.67,0.758,2
Jamaica,JAM,2000,0.675,0.805,2
Jamaica,JAM,2001,0.675,0.805,2
Jamaica,JAM,2002,0.695,0.805,2
Jamaica,JAM,2003,0.743,0.826,2
Jamaica,JAM,2004,0.743,0.826,2
Jamaica,JAM,2005,0.751,0.833,2
Jamaica,JAM,2006,0.756,0.833,2
Jamaica,JAM,2007,0.762,0.845,2
Jamaica,JAM,2008,0.774,0.845,2
Jamaica,JAM,2009,0.774,0.845,2
Jamaica,JAM,2010,0.774,0.845,2
Jamaica,JAM,2011,0.767,0.849,2
Jamaica,JAM,2012,0.784,0.846,2
Jamaica,JAM,2013,0.798,0.85,2
Jamaica,JAM,2014,0.798,0.85,2
Jamaica,JAM,2015,0.798,0.85,2
Jamaica,JAM,2016,0.804,0.85,2
Jamaica,JAM,2017,0.811,0.859,2
Jamaica,JAM,2018,0.807,0.849,2
Jamaica,JAM,2019,0.81,0.869,3
Jamaica,JAM,2020,0.808,0.868,2
Jamaica,JAM,2021,0.801,0.861,2
Jamaica,JAM,2022,0.798,0.869,2
Jamaica,JAM,2023,0.798,0.844,2
Jamaica,JAM,2024,0.798,0.843,2
Jamaica,JAM,2025,0.805,0.837,2
Kazakhstan,KAZ,1990,0.247,0.402,1
Kazakhstan,KAZ,1991,0.289,0.42,1
Kazakhstan,KAZ,1992,0.303,0.431,1
Kazakhstan,KAZ,1993,0.302,0.44,1
Kazakhstan,KAZ,1994,0.303,0.426,1
Kazakhstan,KAZ,1995,0.288,0.347,1
Kazakhstan,KAZ,1996,0.283,0.308,1
Kazakhstan,KAZ,1997,0.295,0.31,1
Kazakhstan,KAZ,1998,0.284,0.31,1
Kazakhstan,KAZ,1999,0.268,0.309,1
Kazakhstan,KAZ,2000,0.27,0.311,1
Kazakhstan,KAZ,2001,0.255,0.311,1
Kazakhstan,KAZ,2002,0.252,0.315,1
Kazakhstan,KAZ,2003,0.247,0.305,1
Kazakhstan,KAZ,2004,0.246,0.31,1
Kazakhstan,KAZ,2005,0.239,0.31,1
Kazakhstan,KAZ,2006,0.242,0.31,1
Kazakhstan,KAZ,2007,0.24,0.316,1
Kazakhstan,KAZ,2008,0.241,0.316,1
Kazakhstan,KAZ,2009,0.242,0.316,1
Kazakhstan,KAZ,2010,0.236,0.316,1
Kazakhstan,KAZ,2011,0.233,0.312,1
Kazakhstan,KAZ,2012,0.232,0.292,1
Kazakhstan,KAZ,2013,0.229,0.282,1
Kazakhstan,KAZ,2014,0.23,0.283,1
Kazakhstan,KAZ,2015,0.234,0.28,1
Kazakhstan,KAZ,2016,0.242,0.288,1
Kazakhstan,KAZ,2017,0.235,0.286,1
Kazakhstan,KAZ,2018,0.232,0.275,1
Kazakhstan,KAZ,2019,0.236,0.291,1
Kazakhstan,KAZ,2020,0.241,0.298,1
Kazakhstan,KAZ,2021,0.253,0.301,1
Kazakhstan,KAZ,2022,0.265,0.331,1
Kazakhstan,KAZ,2023,0.269,0.344,1
Kazakhstan,KAZ,2024,0.267,0.322,1
Kazakhstan,KAZ,2025,0.259,0.326,1
Kyrgyzstan,KGZ,1990,0.252,0.366,0
Kyrgyzstan,KGZ,1991,0.291,0.418,0
Kyrgyzstan,KGZ,1992,0.353,0.457,0
Kyrgyzstan,KGZ,1993,0.342,0.466,0
Kyrgyzstan,KGZ,1994,0.319,0.463,0
Kyrgyzstan,KGZ,1995,0.303,0.442,1
Kyrgyzstan,KGZ,1996,0.295,0.439,1
Kyrgyzstan,KGZ,1997,0.287,0.427,1
Kyrgyzstan,KGZ,1998,0.29,0.441,1
Kyrgyzstan,KGZ,1999,0.286,0.441,1
Kyrgyzstan,KGZ,2000,0.287,0.433,1
Kyrgyzstan,KGZ,2001,0.285,0.43,1
Kyrgyzstan,KGZ,2002,0.282,0.427,1
Kyrgyzstan,KGZ,2003,0.282,0.421,1
Kyrgyzstan,KGZ,2004,0.282,0.421,1
Kyrgyzstan,KGZ,2005,0.319,0.445,1
Kyrgyzstan,KGZ,2006,0.331,0.457,1
Kyrgyzstan,KGZ,2007,0.317,0.422,1
Kyrgyzstan,KGZ,2008,0.306,0.397,1
Kyrgyzstan,KGZ,2009,0.294,0.4,1
Kyrgyzstan,KGZ,2010,0.381,0.571,1
Kyrgyzstan,KGZ,2011,0.473,0.637,1
Kyrgyzstan,KGZ,2012,0.467,0.634,1
Kyrgyzstan,KGZ,2013,0.447,0.636,1
Kyrgyzstan,KGZ,2014,0.446,0.631,1
Kyrgyzstan,KGZ,2015,0.455,0.623,1
Kyrgyzstan,KGZ,2016,0.447,0.598,1
Kyrgyzstan,KGZ,2017,0.449,0.595,1
Kyrgyzstan,KGZ,2018,0.467,0.63,1
Kyrgyzstan,KGZ,2019,0.441,0.624,1
Kyrgyzstan,KGZ,2020,0.385,0.553,1
Kyrgyzstan,KGZ,2021,0.41,0.525,1
Kyrgyzstan,KGZ,2022,0.38,0.507,1
Kyrgyzstan,KGZ,2023,0.348,0.437,1
Kyrgyzstan,KGZ,2024,0.321,0.433,1
Kyrgyzstan,KGZ,2025,0.313,0.422,1
Laos,LAO,1900,0.034,0.251,0
Laos,LAO,1901,0.035,0.251,0
Laos,LAO,1902,0.035,0.251,0
Laos,LAO,1903,0.035,0.251,0
Laos,LAO,1904,0.035,0.251,0
Laos,LAO,1905,0.035,0.251,0
Laos,LAO,1906,0.035,0.251,0
Laos,LAO,1907,0.035,0.251,0
Laos,LAO,1908,0.035,0.251,0
Laos,LAO,1909,0.035,0.251,0
Laos,LAO,1910,0.035,0.251,0
Laos,LAO,1911,0.035,0.251,0
Laos,LAO,1912,0.035,0.251,0
Laos,LAO,1913,0.035,0.251,0
Laos,LAO,1914,0.035,0.251,0
Laos,LAO,1915,0.035,0.251,0
Laos,LAO,1916,0.035,0.251,0
Laos,LAO,1917,0.035,0.251,0
Laos,LAO,1918,0.035,0.251,0
Laos,LAO,1919,0.035,0.251,0
Laos,LAO,1920,0.035,0.251,0
Laos,LAO,1921,0.035,0.251,0
Laos,LAO,1922,0.035,0.251,0
Laos,LAO,1923,0.035,0.251,0
Laos,LAO,1924,0.035,0.251,0
Laos,LAO,1925,0.035,0.251,0
Laos,LAO,1926,0.035,0.251,0
Laos,LAO,1927,0.034,0.251,0
Laos,LAO,1928,0.034,0.251,0
Laos,LAO,1929,0.034,0.251,0
Laos,LAO,1930,0.034,0.251,0
Laos,LAO,1931,0.034,0.251,0
Laos,LAO,1932,0.034,0.251,0
Laos,LAO,1933,0.034,0.251,0
Laos,LAO,1934,0.034,0.251,0
Laos,LAO,1935,0.034,0.251,0
Laos,LAO,1936,0.034,0.251,0
Laos,LAO,1937,0.034,0.251,0
Laos,LAO,1938,0.034,0.251,0
Laos,LAO,1939,0.034,0.25,0
Laos,LAO,1940,0.035,0.227,0
Laos,LAO,1941,0.041,0.232,0
Laos,LAO,1942,0.041,0.241,0
Laos,LAO,1943,0.04,0.231,0
Laos,LAO,1944,0.044,0.241,0
Laos,LAO,1945,0.06,0.234,0
Laos,LAO,1946,0.104,0.284,1
Laos,LAO,1947,0.169,0.315,1
Laos,LAO,1948,0.194,0.379,1
Laos,LAO,1949,0.194,0.378,0
Laos,LAO,1950,0.187,0.378,1
Laos,LAO,1951,0.201,0.378,1
Laos,LAO,1952,0.203,0.378,1
Laos,LAO,1953,0.211,0.363,1
Laos,LAO,1954,0.214,0.357,1
Laos,LAO,1955,0.231,0.353,1
Laos,LAO,1956,0.228,0.353,1
Laos,LAO,1957,0.264,0.376,1
Laos,LAO,1958,0.313,0.376,1
Laos,LAO,1959,0.293,0.376,1
Laos,LAO,1960,0.27,0.361,1
Laos,LAO,1961,0.215,0.348,1
Laos,LAO,1962,0.216,0.348,1
Laos,LAO,1963,0.217,0.346,1
Laos,LAO,1964,0.219,0.343,1
Laos,LAO,1965,0.165,0.343,1
Laos,LAO,1966,0.168,0.343,1
Laos,LAO,1967,0.238,0.343,1
Laos,LAO,1968,0.238,0.343,1
Laos,LAO,1969,0.238,0.343,1
Laos,LAO,1970,0.238,0.343,1
Laos,LAO,1971,0.237,0.343,1
Laos,LAO,1972,0.234,0.343,1
Laos,LAO,1973,0.235,0.343,1
Laos,LAO,1974,0.23,0.343,1
Laos,LAO,1975,0.127,0.235,1
Laos,LAO,1976,0.069,0.25,0
Laos,LAO,1977,0.069,0.249,0
Laos,LAO,1978,0.069,0.249,0
Laos,LAO,1979,0.069,0.249,0
Laos,LAO,1980,0.069,0.249,0
Laos,LAO,1981,0.069,0.249,0
Laos,LAO,1982,0.069,0.249,0
Laos,LAO,1983,0.069,0.249,0
Laos,LAO,1984,0.069,0.249,0
Laos,LAO,1985,0.069,0.249,0
Laos,LAO,1986,0.069,0.26,0
Laos,LAO,1987,0.07,0.26,0
Laos,LAO,1988,0.07,0.26,0
Laos,LAO,1989,0.113,0.314,1
Laos,LAO,1990,0.116,0.314,1
Laos,LAO,1991,0.085,0.316,0
Laos,LAO,1992,0.085,0.297,0
Laos,LAO,1993,0.085,0.316,0
Laos,LAO,1994,0.085,0.311,0
Laos,LAO,1995,0.085,0.313,0
Laos,LAO,1996,0.085,0.314,0
Laos,LAO,1997,0.086,0.314,0
Laos,LAO,1998,0.087,0.314,0
Laos,LAO,1999,0.087,0.315,0
Laos,LAO,2000,0.087,0.317,0
Laos,LAO,2001,0.087,0.317,0
Laos,LAO,2002,0.09,0.317,0
Laos,LAO,2003,0.09,0.318,0
Laos,LAO,2004,0.09,0.318,0
Laos,LAO,2005,0.09,0.318,0
Laos,LAO,2006,0.09,0.314,0
Laos,LAO,2007,0.089,0.315,0
Laos,LAO,2008,0.09,0.315,0
Laos,LAO,2009,0.09,0.315,0
Laos,LAO,2010,0.092,0.319,0
Laos,LAO,2011,0.09,0.318,0
Laos,LAO,2012,0.09,0.318,0
Laos,LAO,2013,0.091,0.323,0
Laos,LAO,2014,0.091,0.322,0
Laos,LAO,2015,0.09,0.322,0
Laos,LAO,2016,0.093,0.312,0
Laos,LAO,2017,0.124,0.31,0
Laos,LAO,2018,0.125,0.299,0
Laos,LAO,2019,0.127,0.369,0
Laos,LAO,2020,0.126,0.313,0
Laos,LAO,2021,0.135,0.345,0
Laos,LAO,2022,0.134,0.379,0
Laos,LAO,2023,0.132,0.352,0
Laos,LAO,2024,0.135,0.393,0
Laos,LAO,2025,0.135,0.364,0
Libya,LBY,1934,0.014,0.027,0
Libya,LBY,1935,0.014,0.027,0
Libya,LBY,1936,0.014,0.027,0
Libya,LBY,1937,0.014,0.027,0
Libya,LBY,1938,0.014,0.027,0
Libya,LBY,1939,0.014,0.027,0
Libya,LBY,1940,0.014,0.031,0
Libya,LBY,1941,0.014,0.035,0
Libya,LBY,1951,0.06,0.283,0
Libya,LBY,1952,0.07,0.391,0
Libya,LBY,1953,0.066,0.402,0
Libya,LBY,1954,0.066,0.418,0
Libya,LBY,1955,0.066,0.463,0
Libya,LBY,1956,0.102,0.463,0
Libya,LBY,1957,0.102,0.463,0
Libya,LBY,1958,0.102,0.463,0
Libya,LBY,1959,0.102,0.463,0
Libya,LBY,1960,0.106,0.463,0
Libya,LBY,1961,0.105,0.463,0
Libya,LBY,1962,0.105,0.463,0
Libya,LBY,1963,0.136,0.463,0
Libya,LBY,1964,0.135,0.461,0
Libya,LBY,1965,0.139,0.461,0
Libya,LBY,1966,0.14,0.461,0
Libya,LBY,1967,0.139,0.461,0
Libya,LBY,1968,0.14,0.454,0
Libya,LBY,1969,0.087,0.26,0
Libya,LBY,1970,0.072,0.099,0
Libya,LBY,1971,0.072,0.09,0
Libya,LBY,1972,0.072,0.09,0
Libya,LBY,1973,0.072,0.09,0
Libya,LBY,1974,0.072,0.108,0
Libya,LBY,1975,0.072,0.083,0
Libya,LBY,1976,0.072,0.083,0
Libya,LBY,1977,0.072,0.209,0
Libya,LBY,1978,0.072,0.165,0
Libya,LBY,1979,0.072,0.164,0
Libya,LBY,1980,0.072,0.164,0
Libya,LBY,1981,0.072,0.164,0
Libya,LBY,1982,0.072,0.164,0
Libya,LBY,1983,0.072,0.164,0
Libya,LBY,1984,0.072,0.164,0
Libya,LBY,1985,0.072,0.164,0
Libya,LBY,1986,0.072,0.171,0
Libya,LBY,1987,0.072,0.171,0
Libya,LBY,1988,0.072,0.171,0
Libya,LBY,1989,0.072,0.171,0
Libya,LBY,1990,0.072,0.171,0
Libya,LBY,1991,0.072,0.171,0
Libya,LBY,1992,0.072,0.172,0
Libya,LBY,1993,0.072,0.172,0
Libya,LBY,1994,0.072,0.172,0
Libya,LBY,1995,0.072,0.173,0
Libya,LBY,1996,0.072,0.173,0
Libya,LBY,1997,0.072,0.173,0
Libya,LBY,1998,0.072,0.173,0
Libya,LBY,1999,0.072,0.173,0
Libya,LBY,2000,0.072,0.173,0
Libya,LBY,2001,0.072,0.173,0
Libya,LBY,2002,0.072,0.173,0
Libya,LBY,2003,0.072,0.158,0
Libya,LBY,2004,0.072,0.158,0
Libya,LBY,2005,0.072,0.158,0
Libya,LBY,2006,0.072,0.158,0
Libya,LBY,2007,0.072,0.158,0
Libya,LBY,2008,0.072,0.158,0
Libya,LBY,2009,0.071,0.158,0
Libya,LBY,2010,0.071,0.16,0
Libya,LBY,2011,0.175,0.159,0
Libya,LBY,2012,0.329,0.482,1
Libya,LBY,2013,0.54,0.469,2
Libya,LBY,2014,0.28,0.447,0
Libya,LBY,2015,0.285,0.434,0
Libya,LBY,2016,0.285,0.429,0
Libya,LBY,2017,0.273,0.43,0
Libya,LBY,2018,0.268,0.39,0
Libya,LBY,2019,0.263,0.381,0
Libya,LBY,2020,0.266,0.368,0
Libya,LBY,2021,0.216,0.361,0
Libya,LBY,2022,0.206,0.302,0
Libya,LBY,2023,0.196,0.297,0
Libya,LBY,2024,0.195,0.314,0
Libya,LBY,2025,0.193,0.28,0
Madagascar,MDG,1900,0.028,0.22,0
Madagascar,MDG,1901,0.027,0.22,0
Madagascar,MDG,1902,0.027,0.22,0
Madagascar,MDG,1903,0.027,0.22,0
Madagascar,MDG,1904,0.027,0.22,0
Madagascar,MDG,1905,0.027,0.22,0
Madagascar,MDG,1906,0.032,0.223,0
Madagascar,MDG,1907,0.032,0.224,0
Madagascar,MDG,1908,0.032,0.224,0
Madagascar,MDG,1909,0.032,0.224,0
Madagascar,MDG,1910,0.032,0.224,0
Madagascar,MDG,1911,0.032,0.224,0
Madagascar,MDG,1912,0.034,0.224,0
Madagascar,MDG,1913,0.032,0.224,0
Madagascar,MDG,1914,0.032,0.224,0
Madagascar,MDG,1915,0.032,0.224,0
Madagascar,MDG,1916,0.032,0.224,0
Madagascar,MDG,1917,0.032,0.224,0
Madagascar,MDG,1918,0.032,0.224,0
Madagascar,MDG,1919,0.032,0.224,0
Madagascar,MDG,1920,0.033,0.224,0
Madagascar,MDG,1921,0.028,0.218,0
Madagascar,MDG,1922,0.028,0.218,0
Madagascar,MDG,1923,0.028,0.218,0
Madagascar,MDG,1924,0.028,0.218,0
Madagascar,MDG,1925,0.028,0.218,0
Madagascar,MDG,1926,0.028,0.218,0
Madagascar,MDG,1927,0.028,0.218,0
Madagascar,MDG,1928,0.028,0.218,0
Madagascar,MDG,1929,0.028,0.218,0
Madagascar,MDG,1930,0.028,0.218,0
Madagascar,MDG,1931,0.028,0.218,0
Madagascar,MDG,1932,0.028,0.218,0
Madagascar,MDG,1933,0.028,0.218,0
Madagascar,MDG,1934,0.028,0.218,0
Madagascar,MDG,1935,0.028,0.218,0
Madagascar,MDG,1936,0.04,0.218,0
Madagascar,MDG,1937,0.041,0.218,0
Madagascar,MDG,1938,0.041,0.218,0
Madagascar,MDG,1939,0.038,0.218,0
Madagascar,MDG,1940,0.028,0.218,0
Madagascar,MDG,1941,0.028,0.218,0
Madagascar,MDG,1942,0.028,0.218,0
Madagascar,MDG,1943,0.028,0.218,0
Madagascar,MDG,1944,0.028,0.218,0
Madagascar,MDG,1945,0.032,0.216,0
Madagascar,MDG,1946,0.083,0.215,0
Madagascar,MDG,1947,0.054,0.28,0
Madagascar,MDG,1948,0.05,0.282,0
Madagascar,MDG,1949,0.05,0.283,0
Madagascar,MDG,1950,0.05,0.286,0
Madagascar,MDG,1951,0.05,0.286,0
Madagascar,MDG,1952,0.057,0.286,0
Madagascar,MDG,1953,0.057,0.286,0
Madagascar,MDG,1954,0.057,0.286,0
Madagascar,MDG,1955,0.057,0.286,0
Madagascar,MDG,1956,0.063,0.286,0
Madagascar,MDG,1957,0.132,0.292,0
Madagascar,MDG,1958,0.133,0.291,0
Madagascar,MDG,1959,0.137,0.289,0
Madagascar,MDG,1960,0.15,0.32,0
Madagascar,MDG,1961,0.181,0.334,1
Madagascar,MDG,1962,0.255,0.334,1
Madagascar,MDG,1963,0.255,0.334,1
Madagascar,MDG,1964,0.255,0.334,1
Madagascar,MDG,1965,0.249,0.334,1
Madagascar,MDG,1966,0.248,0.334,1
Madagascar,MDG,1967,0.248,0.334,1
Madagascar,MDG,1968,0.248,0.334,1
Madagascar,MDG,1969,0.248,0.334,1
Madagascar,MDG,1970,0.249,0.335,1
Madagascar,MDG,1971,0.255,0.335,1
Madagascar,MDG,1972,0.192,0.246,0
Madagascar,MDG,1973,0.148,0.261,0
Madagascar,MDG,1974,0.148,0.261,0
Madagascar,MDG,1975,0.15,0.247,1
Madagascar,MDG,1976,0.201,0.247,1
Madagascar,MDG,1977,0.2,0.24,1
Madagascar,MDG,1978,0.199,0.24,1
Madagascar,MDG,1979,0.199,0.24,1
Madagascar,MDG,1980,0.198,0.24,1
Madagascar,MDG,1981,0.2,0.248,1
Madagascar,MDG,1982,0.199,0.248,1
Madagascar,MDG,1983,0.197,0.252,1
Madagascar,MDG,1984,0.198,0.252,1
Madagascar,MDG,1985,0.201,0.252,1
Madagascar,MDG,1986,0.201,0.254,1
Madagascar,MDG,1987,0.207,0.258,1
Madagascar,MDG,1988,0.215,0.258,1
Madagascar,MDG,1989,0.219,0.258,1
Madagascar,MDG,1990,0.232,0.282,1
Madagascar,MDG,1991,0.25,0.363,1
Madagascar,MDG,1992,0.282,0.358,1
Madagascar,MDG,1993,0.442,0.465,1
Madagascar,MDG,1994,0.555,0.616,2
Madagascar,MDG,1995,0.555,0.579,2
Madagascar,MDG,1996,0.548,0.575,2
Madagascar,MDG,1997,0.51,0.456,2
Madagascar,MDG,1998,0.507,0.446,2
Madagascar,MDG,1999,0.503,0.446,2
Madagascar,MDG,2000,0.5,0.455,1
Madagascar,MDG,2001,0.494,0.455,1
Madagascar,MDG,2002,0.432,0.462,1
Madagascar,MDG,2003,0.495,0.444,1
Madagascar,MDG,2004,0.495,0.452,1
Madagascar,MDG,2005,0.495,0.451,1
Madagascar,MDG,2006,0.487,0.451,1
Madagascar,MDG,2007,0.495,0.458,1
Madagascar,MDG,2008,0.504,0.459,2
Madagascar,MDG,2009,0.272,0.213,1
Madagascar,MDG,2010,0.221,0.188,0
Madagascar,MDG,2011,0.221,0.261,0
Madagascar,MDG,2012,0.222,0.26,0
Madagascar,MDG,2013,0.246,0.322,1
Madagascar,MDG,2014,0.463,0.395,1
Madagascar,MDG,2015,0.476,0.445,1
Madagascar,MDG,2016,0.48,0.442,1
Madagascar,MDG,2017,0.478,0.447,1
Madagascar,MDG,2018,0.481,0.467,1
Madagascar,MDG,2019,0.478,0.419,1
Madagascar,MDG,2020,0.486,0.402,1
Madagascar,MDG,2021,0.479,0.394,1
Madagascar,MDG,2022,0.477,0.394,1
Madagascar,MDG,2023,0.461,0.385,1
Madagascar,MDG,2024,0.403,0.38,1
Madagascar,MDG,2025,0.361,0.387,1
Moldova,MDA,1990,0.421,0.63,1
Moldova,MDA,1991,0.462,0.649,1
Moldova,MDA,1992,0.501,0.683,2
Moldova,MDA,1993,0.498,0.684,1
Moldova,MDA,1994,0.575,0.67,2
Moldova,MDA,1995,0.591,0.65,2
Moldova,MDA,1996,0.591,0.65,2
Moldova,MDA,1997,0.592,0.65,2
Moldova,MDA,1998,0.582,0.699,2
Moldova,MDA,1999,0.587,0.747,2
Moldova,MDA,2000,0.579,0.724,2
Moldova,MDA,2001,0.512,0.627,2
Moldova,MDA,2002,0.506,0.708,2
Moldova,MDA,2003,0.506,0.708,2
Moldova,MDA,2004,0.506,0.708,2
Moldova,MDA,2005,0.446,0.71,1
Moldova,MDA,2006,0.435,0.72,1
Moldova,MDA,2007,0.438,0.723,1
Moldova,MDA,2008,0.435,0.72,1
Moldova,MDA,2009,0.457,0.728,1
Moldova,MDA,2010,0.603,0.839,2
Moldova,MDA,2011,0.672,0.838,2
Moldova,MDA,2012,0.665,0.841,2
Moldova,MDA,2013,0.638,0.829,2
Moldova,MDA,2014,0.623,0.823,2
Moldova,MDA,2015,0.57,0.825,2
Moldova,MDA,2016,0.529,0.791,2
Moldova,MDA,2017,0.503,0.743,2
Moldova,MDA,2018,0.506,0.728,2
Moldova,MDA,2019,0.588,0.725,2
Moldova,MDA,2020,0.651,0.78,2
Moldova,MDA,2021,0.752,0.815,2
Moldova,MDA,2022,0.76,0.847,2
Moldova,MDA,2023,0.712,0.852,2
Moldova,MDA,2024,0.622,0.794,2
Moldova,MDA,2025,0.553,0.793,2
Namibia,NAM,1900,0.031,0.139,0
Namibia,NAM,1901,0.031,0.139,0
Namibia,NAM,1902,0.031,0.139,0
Namibia,NAM,1903,0.031,0.14,0
Namibia,NAM,1904,0.03,0.134,0
Namibia,NAM,1905,0.03,0.134,0
Namibia,NAM,1906,0.03,0.134,0
Namibia,NAM,1907,0.03,0.134,0
Namibia,NAM,1908,0.03,0.138,0
Namibia,NAM,1909,0.03,0.144,0
Namibia,NAM,1910,0.03,0.147,0
Namibia,NAM,1911,0.03,0.147,0
Namibia,NAM,1912,0.03,0.147,0
Namibia,NAM,1913,0.03,0.147,0
Namibia,NAM,1914,0.03,0.145,0
Namibia,NAM,1915,0.032,0.152,0
Namibia,NAM,1916,0.032,0.152,0
Namibia,NAM,1917,0.032,0.151,0
Namibia,NAM,1918,0.032,0.152,0
Namibia,NAM,1919,0.032,0.152,0
Namibia,NAM,1920,0.035,0.155,0
Namibia,NAM,1921,0.035,0.155,0
Namibia,NAM,1922,0.035,0.154,0
Namibia,NAM,1923,0.037,0.158,0
Namibia,NAM,1924,0.037,0.158,0
Namibia,NAM,1925,0.037,0.157,0
Namibia,NAM,1926,0.052,0.203,0
Namibia,NAM,1927,0.061,0.215,0
Namibia,NAM,1928,0.061,0.215,0
Namibia,NAM,1929,0.062,0.215,0
Namibia,NAM,1930,0.063,0.215,0
Namibia,NAM,1931,0.063,0.215,0
Namibia,NAM,1932,0.063,0.215,0
Namibia,NAM,1933,0.063,0.215,0
Namibia,NAM,1934,0.062,0.215,0
Namibia,NAM,1935,0.06,0.215,0
Namibia,NAM,1936,0.06,0.215,0
Namibia,NAM,1937,0.06,0.215,0
Namibia,NAM,1938,0.06,0.215,0
Namibia,NAM,1939,0.06,0.215,0
Namibia,NAM,1940,0.06,0.215,0
Namibia,NAM,1941,0.06,0.215,0
Namibia,NAM,1942,0.06,0.215,0
Namibia,NAM,1943,0.06,0.215,0
Namibia,NAM,1944,0.06,0.215,0
Namibia,NAM,1945,0.059,0.215,0
Namibia,NAM,1946,0.058,0.215,0
Namibia,NAM,1947,0.058,0.215,0
Namibia,NAM,1948,0.056,0.21,0
Namibia,NAM,1949,0.056,0.21,0
Namibia,NAM,1950,0.057,0.21,0
Namibia,NAM,1951,0.059,0.21,0
Namibia,NAM,1952,0.059,0.21,0
Namibia,NAM,1953,0.059,0.21,0
Namibia,NAM,1954,0.059,0.21,0
Namibia,NAM,1955,0.058,0.21,0
Namibia,NAM,1956,0.057,0.21,0
Namibia,NAM,1957,0.057,0.21,0
Namibia,NAM,1958,0.057,0.21,0
Namibia,NAM,1959,0.057,0.209,0
Namibia,NAM,1960,0.06,0.21,0
Namibia,NAM,1961,0.061,0.209,0
Namibia,NAM,1962,0.061,0.209,0
Namibia,NAM,1963,0.061,0.209,0
Namibia,NAM,1964,0.061,0.21,0
Namibia,NAM,1965,0.062,0.209,0
Namibia,NAM,1966,0.067,0.21,0
Namibia,NAM,1967,0.067,0.207,0
Namibia,NAM,1968,0.067,0.207,0
Namibia,NAM,1969,0.067,0.208,0
Namibia,NAM,1970,0.062,0.208,0
Namibia,NAM,1971,0.061,0.21,0
Namibia,NAM,1972,0.061,0.21,0
Namibia,NAM,1973,0.061,0.213,0
Namibia,NAM,1974,0.061,0.213,0
Namibia,NAM,1975,0.063,0.212,0
Namibia,NAM,1976,0.067,0.212,0
Namibia,NAM,1977,0.067,0.216,0
Namibia,NAM,1978,0.068,0.219,0
Namibia,NAM,1980,0.091,0.253,0
Namibia,NAM,1981,0.091,0.253,0
Namibia,NAM,1982,0.091,0.253,0
Namibia,NAM,1983,0.072,0.188,0
Namibia,NAM,1984,0.071,0.184,0
Namibia,NAM,1985,0.081,0.266,0
Namibia,NAM,1986,0.081,0.293,0
Namibia,NAM,1987,0.083,0.293,0
Namibia,NAM,1988,0.081,0.293,0
Namibia,NAM,1989,0.184,0.309,0
Namibia,NAM,1990,0.529,0.713,2
Namibia,NAM,1991,0.593,0.815,2
Namibia,NAM,1992,0.593,0.815,2
Namibia,NAM,1993,0.593,0.815,2
Namibia,NAM,1994,0.587,0.815,2
Namibia,NAM,1995,0.67,0.817,2
Namibia,NAM,1996,0.67,0.817,2
Namibia,NAM,1997,0.67,0.817,2
Namibia,NAM,1998,0.67,0.817,2
Namibia,NAM,1999,0.669,0.813,2
Namibia,NAM,2000,0.654,0.818,2
Namibia,NAM,2001,0.651,0.821,2
Namibia,NAM,2002,0.651,0.813,2
Namibia,NAM,2003,0.651,0.82,2
Namibia,NAM,2004,0.654,0.815,2
Namibia,NAM,2005,0.664,0.823,2
Namibia,NAM,2006,0.668,0.822,2
Namibia,NAM,2007,0.659,0.822,2
Namibia,NAM,2008,0.662,0.822,2
Namibia,NAM,2009,0.655,0.822,2
Namibia,NAM,2010,0.637,0.825,2
Namibia,NAM,2011,0.644,0.825,2
Namibia,NAM,2012,0.644,0.825,2
Namibia,NAM,2013,0.65,0.821,2
Namibia,NAM,2014,0.656,0.821,2
Namibia,NAM,2015,0.707,0.819,2
Namibia,NAM,2016,0.711,0.819,2
Namibia,NAM,2017,0.709,0.805,2
Namibia,NAM,2018,0.682,0.818,2
Namibia,NAM,2019,0.647,0.777,2
Namibia,NAM,2020,0.632,0.811,2
Namibia,NAM,2021,0.622,0.804,2
Namibia,NAM,2022,0.626,0.793,2
Namibia,NAM,2023,0.622,0.796,2
Namibia,NAM,2024,0.624,0.823,2
Namibia,NAM,2025,0.633,0.815,2
Palestine/West Bank,PSE,1948,0.049,0.149,0
Palestine/West Bank,PSE,1949,0.051,0.159,0
Palestine/West Bank,PSE,1967,0.051,0.271,0
Palestine/West Bank,PSE,1968,0.049,0.27,0
Palestine/West Bank,PSE,1969,0.049,0.27,0
Palestine/West Bank,PSE,1970,0.085,0.28,0
Palestine/West Bank,PSE,1971,0.085,0.28,0
Palestine/West Bank,PSE,1972,0.085,0.28,0
Palestine/West Bank,PSE,1973,0.087,0.28,0
Palestine/West Bank,PSE,1974,0.087,0.28,0
Palestine/West Bank,PSE,1975,0.087,0.28,0
Palestine/West Bank,PSE,1976,0.087,0.28,0
Palestine/West Bank,PSE,1977,0.087,0.28,0
Palestine/West Bank,PSE,1978,0.087,0.28,0
Palestine/West Bank,PSE,1979,0.087,0.28,0
Palestine/West Bank,PSE,1980,0.087,0.274,0
Palestine/West Bank,PSE,1981,0.088,0.274,0
Palestine/West Bank,PSE,1982,0.088,0.274,0
Palestine/West Bank,PSE,1983,0.088,0.274,0
Palestine/West Bank,PSE,1984,0.087,0.274,0
Palestine/West Bank,PSE,1985,0.087,0.274,0
Palestine/West Bank,PSE,1986,0.087,0.274,0
Palestine/West Bank,PSE,1987,0.083,0.271,0
Palestine/West Bank,PSE,1988,0.083,0.271,0
Palestine/West Bank,PSE,1989,0.083,0.271,0
Palestine/West Bank,PSE,1990,0.077,0.257,0
Palestine/West Bank,PSE,1991,0.079,0.257,0
Palestine/West Bank,PSE,1992,0.079,0.281,0
Palestine/West Bank,PSE,1993,0.083,0.299,0
Palestine/West Bank,PSE,1994,0.155,0.484,0
Palestine/West Bank,PSE,1995,0.161,0.49,0
Palestine/West Bank,PSE,1996,0.443,0.519,1
Palestine/West Bank,PSE,1997,0.454,0.519,1
Palestine/West Bank,PSE,1998,0.461,0.522,1
Palestine/West Bank,PSE,1999,0.461,0.516,1
Palestine/West Bank,PSE,2000,0.471,0.494,1
Palestine/West Bank,PSE,2001,0.474,0.494,1
Palestine/West Bank,PSE,2002,0.471,0.496,1
Palestine/West Bank,PSE,2003,0.502,0.505,2
Palestine/West Bank,PSE,2004,0.511,0.526,2
Palestine/West Bank,PSE,2005,0.533,0.537,2
Palestine/West Bank,PSE,2006,0.501,0.551,2
Palestine/West Bank,PSE,2007,0.323,0.406,1
Palestine/West Bank,PSE,2008,0.234,0.377,1
Palestine/West Bank,PSE,2009,0.242,0.38,1
Palestine/West Bank,PSE,2010,0.244,0.38,1
Palestine/West Bank,PSE,2011,0.241,0.383,1
Palestine/West Bank,PSE,2012,0.243,0.381,1
Palestine/West Bank,PSE,2013,0.246,0.449,1
Palestine/West Bank,PSE,2014,0.249,0.45,1
Palestine/West Bank,PSE,2015,0.244,0.448,1
Palestine/West Bank,PSE,2016,0.243,0.448,1
Palestine/West Bank,PSE,2017,0.252,0.466,1
Palestine/West Bank,PSE,2018,0.265,0.468,1
Palestine/West Bank,PSE,2019,0.272,0.508,1
Palestine/West Bank,PSE,2020,0.242,0.398,1
Palestine/West Bank,PSE,2021,0.235,0.341,1
Palestine/West Bank,PSE,2022,0.229,0.327,1
Palestine/West Bank,PSE,2023,0.229,0.334,1
Palestine/West Bank,PSE,2024,0.212,0.326,1
Palestine/West Bank,PSE,2025,0.214,0.314,1
Rwanda,RWA,1916,0.016,0.097,0
Rwanda,RWA,1917,0.016,0.097,0
Rwanda,RWA,1918,0.016,0.097,0
Rwanda,RWA,1919,0.016,0.097,0
Rwanda,RWA,1920,0.016,0.097,0
Rwanda,RWA,1921,0.016,0.097,0
Rwanda,RWA,1922,0.016,0.097,0
Rwanda,RWA,1923,0.016,0.097,0
Rwanda,RWA,1924,0.016,0.097,0
Rwanda,RWA,1925,0.016,0.097,0
Rwanda,RWA,1926,0.016,0.097,0
Rwanda,RWA,1927,0.016,0.097,0
Rwanda,RWA,1928,0.016,0.097,0
Rwanda,RWA,1929,0.016,0.097,0
Rwanda,RWA,1930,0.016,0.095,0
Rwanda,RWA,1931,0.016,0.094,0
Rwanda,RWA,1932,0.016,0.1,0
Rwanda,RWA,1933,0.016,0.1,0
Rwanda,RWA,1934,0.016,0.1,0
Rwanda,RWA,1935,0.016,0.1,0
Rwanda,RWA,1936,0.016,0.1,0
Rwanda,RWA,1937,0.016,0.1,0
Rwanda,RWA,1938,0.016,0.1,0
Rwanda,RWA,1939,0.016,0.1,0
Rwanda,RWA,1940,0.016,0.099,0
Rwanda,RWA,1941,0.016,0.099,0
Rwanda,RWA,1942,0.016,0.099,0
Rwanda,RWA,1943,0.016,0.099,0
Rwanda,RWA,1944,0.016,0.104,0
Rwanda,RWA,1945,0.016,0.104,0
Rwanda,RWA,1946,0.016,0.104,0
Rwanda,RWA,1947,0.016,0.104,0
Rwanda,RWA,1948,0.016,0.104,0
Rwanda,RWA,1949,0.016,0.104,0
Rwanda,RWA,1950,0.016,0.104,0
Rwanda,RWA,1951,0.016,0.104,0
Rwanda,RWA,1952,0.016,0.103,0
Rwanda,RWA,1953,0.016,0.103,0
Rwanda,RWA,1954,0.016,0.103,0
Rwanda,RWA,1955,0.047,0.103,0
Rwanda,RWA,1956,0.051,0.103,0
Rwanda,RWA,1957,0.062,0.107,0
Rwanda,RWA,1958,0.072,0.112,0
Rwanda,RWA,1959,0.076,0.1,0
Rwanda,RWA,1960,0.086,0.253,0
Rwanda,RWA,1961,0.148,0.363,1
Rwanda,RWA,1962,0.263,0.471,1
Rwanda,RWA,1963,0.252,0.48,1
Rwanda,RWA,1964,0.245,0.481,1
Rwanda,RWA,1965,0.238,0.481,1
Rwanda,RWA,1966,0.235,0.481,1
Rwanda,RWA,1967,0.235,0.483,1
Rwanda,RWA,1968,0.235,0.483,1
Rwanda,RWA,1969,0.239,0.482,1
Rwanda,RWA,1970,0.238,0.466,1
Rwanda,RWA,1971,0.238,0.465,1
Rwanda,RWA,1972,0.238,0.47,1
Rwanda,RWA,1973,0.165,0.46,1
Rwanda,RWA,1974,0.09,0.368,0
Rwanda,RWA,1975,0.088,0.371,0
Rwanda,RWA,1976,0.09,0.371,0
Rwanda,RWA,1977,0.09,0.371,0
Rwanda,RWA,1978,0.093,0.376,0
Rwanda,RWA,1979,0.167,0.381,0
Rwanda,RWA,1980,0.165,0.381,0
Rwanda,RWA,1981,0.165,0.381,0
Rwanda,RWA,1982,0.207,0.447,0
Rwanda,RWA,1983,0.207,0.447,0
Rwanda,RWA,1984,0.204,0.447,0
Rwanda,RWA,1985,0.204,0.447,0
Rwanda,RWA,1986,0.204,0.447,0
Rwanda,RWA,1987,0.204,0.447,0
Rwanda,RWA,1988,0.207,0.447,0
Rwanda,RWA,1989,0.21,0.447,0
Rwanda,RWA,1990,0.217,0.455,0
Rwanda,RWA,1991,0.256,0.489,0
Rwanda,RWA,1992,0.29,0.492,0
Rwanda,RWA,1993,0.187,0.39,0
Rwanda,RWA,1994,0.143,0.373,0
Rwanda,RWA,1995,0.104,0.422,0
Rwanda,RWA,1996,0.107,0.427,0
Rwanda,RWA,1997,0.107,0.431,0
Rwanda,RWA,1998,0.106,0.442,0
Rwanda,RWA,1999,0.107,0.446,0
Rwanda,RWA,2000,0.114,0.36,0
Rwanda,RWA,2001,0.114,0.359,0
Rwanda,RWA,2002,0.115,0.359,0
Rwanda,RWA,2003,0.143,0.359,1
Rwanda,RWA,2004,0.198,0.359,1
Rwanda,RWA,2005,0.196,0.364,1
Rwanda,RWA,2006,0.197,0.361,1
Rwanda,RWA,2007,0.197,0.361,1
Rwanda,RWA,2008,0.203,0.361,1
Rwanda,RWA,2009,0.22,0.364,1
Rwanda,RWA,2010,0.217,0.373,1
Rwanda,RWA,2011,0.216,0.376,1
Rwanda,RWA,2012,0.22,0.381,1
Rwanda,RWA,2013,0.221,0.385,1
Rwanda,RWA,2014,0.226,0.385,1
Rwanda,RWA,2015,0.226,0.384,1
Rwanda,RWA,2016,0.226,0.351,1
Rwanda,RWA,2017,0.222,0.311,1
Rwanda,RWA,2018,0.226,0.316,1
Rwanda,RWA,2019,0.227,0.319,1
Rwanda,RWA,2020,0.227,0.321,1
Rwanda,RWA,2021,0.226,0.288,1
Rwanda,RWA,2022,0.219,0.293,1
Rwanda,RWA,2023,0.212,0.263,1
Rwanda,RWA,2024,0.201,0.245,1
Rwanda,RWA,2025,0.193,0.248,1
Somalia,SOM,1900,0.037,0.222,0
Somalia,SOM,1901,0.037,0.222,0
Somalia,SOM,1902,0.037,0.222,0
Somalia,SOM,1903,0.037,0.222,0
Somalia,SOM,1904,0.037,0.222,0
Somalia,SOM,1905,0.037,0.222,0
Somalia,SOM,1906,0.037,0.222,0
Somalia,SOM,1907,0.037,0.222,0
Somalia,SOM,1908,0.037,0.222,0
Somalia,SOM,1909,0.037,0.222,0
Somalia,SOM,1910,0.033,0.213,0
Somalia,SOM,1911,0.033,0.213,0
Somalia,SOM,1912,0.033,0.213,0
Somalia,SOM,1913,0.033,0.213,0
Somalia,SOM,1914,0.033,0.213,0
Somalia,SOM,1915,0.033,0.213,0
Somalia,SOM,1916,0.033,0.213,0
Somalia,SOM,1917,0.033,0.213,0
Somalia,SOM,1918,0.033,0.213,0
Somalia,SOM,1919,0.033,0.213,0
Somalia,SOM,1920,0.033,0.213,0
Somalia,SOM,1921,0.033,0.213,0
Somalia,SOM,1922,0.033,0.213,0
Somalia,SOM,1923,0.033,0.198,0
Somalia,SOM,1924,0.033,0.198,0
Somalia,SOM,1925,0.033,0.198,0
Somalia,SOM,1926,0.033,0.198,0
Somalia,SOM,1927,0.033,0.198,0
Somalia,SOM,1928,0.033,0.198,0
Somalia,SOM,1929,0.033,0.198,0
Somalia,SOM,1930,0.033,0.198,0
Somalia,SOM,1931,0.033,0.198,0
Somalia,SOM,1932,0.033,0.198,0
Somalia,SOM,1933,0.033,0.198,0
Somalia,SOM,1934,0.033,0.198,0
Somalia,SOM,1935,0.033,0.198,0
Somalia,SOM,1936,0.033,0.198,0
Somalia,SOM,1937,0.033,0.212,0
Somalia,SOM,1938,0.033,0.212,0
Somalia,SOM,1939,0.033,0.212,0
Somalia,SOM,1940,0.029,0.216,0
Somalia,SOM,1941,0.04,0.212,0
Somalia,SOM,1942,0.044,0.212,0
Somalia,SOM,1943,0.044,0.212,0
Somalia,SOM,1944,0.044,0.212,0
Somalia,SOM,1945,0.043,0.212,0
Somalia,SOM,1946,0.044,0.212,0
Somalia,SOM,1947,0.049,0.212,0
Somalia,SOM,1948,0.049,0.212,0
Somalia,SOM,1949,0.049,0.212,0
Somalia,SOM,1950,0.067,0.206,0
Somalia,SOM,1951,0.071,0.232,0
Somalia,SOM,1952,0.071,0.232,0
Somalia,SOM,1953,0.071,0.232,0
Somalia,SOM,1954,0.071,0.229,0
Somalia,SOM,1955,0.084,0.228,0
Somalia,SOM,1956,0.269,0.451,1
Somalia,SOM,1957,0.269,0.452,1
Somalia,SOM,1958,0.269,0.452,1
Somalia,SOM,1959,0.268,0.452,1
Somalia,SOM,1960,0.353,0.553,1
Somalia,SOM,1961,0.362,0.546,1
Somalia,SOM,1962,0.361,0.546,1
Somalia,SOM,1963,0.361,0.546,1
Somalia,SOM,1964,0.351,0.546,1
Somalia,SOM,1965,0.339,0.546,1
Somalia,SOM,1966,0.335,0.534,1
Somalia,SOM,1967,0.335,0.534,1
Somalia,SOM,1968,0.335,0.534,1
Somalia,SOM,1969,0.21,0.285,0
Somalia,SOM,1970,0.076,0.06,0
Somalia,SOM,1971,0.076,0.061,0
Somalia,SOM,1972,0.076,0.061,0
Somalia,SOM,1973,0.076,0.061,0
Somalia,SOM,1974,0.076,0.061,0
Somalia,SOM,1975,0.076,0.061,0
Somalia,SOM,1976,0.076,0.061,0
Somalia,SOM,1977,0.076,0.061,0
Somalia,SOM,1978,0.076,0.061,0
Somalia,SOM,1979,0.075,0.064,0
Somalia,SOM,1980,0.084,0.105,1
Somalia,SOM,1981,0.144,0.105,1
Somalia,SOM,1982,0.144,0.105,1
Somalia,SOM,1983,0.144,0.105,1
Somalia,SOM,1984,0.144,0.105,0
Somalia,SOM,1985,0.142,0.105,0
Somalia,SOM,1986,0.142,0.105,0
Somalia,SOM,1987,0.143,0.105,0
Somalia,SOM,1988,0.143,0.105,0
Somalia,SOM,1989,0.143,0.105,0
Somalia,SOM,1990,0.144,0.098,0
Somalia,SOM,1991,0.132,0.098,0
Somalia,SOM,1992,0.151,0.047,0
Somalia,SOM,1993,0.156,0.046,0
Somalia,SOM,1994,0.157,0.046,0
Somalia,SOM,1995,0.158,0.046,0
Somalia,SOM,1996,0.158,0.046,0
Somalia,SOM,1997,0.158,0.046,0
Somalia,SOM,1998,0.158,0.046,0
Somalia,SOM,1999,0.158,0.046,0
Somalia,SOM,2000,0.167,0.048,0
Somalia,SOM,2001,0.166,0.048,0
Somalia,SOM,2002,0.166,0.048,0
Somalia,SOM,2003,0.166,0.048,0
Somalia,SOM,2004,0.166,0.155,0
Somalia,SOM,2005,0.171,0.273,0
Somalia,SOM,2006,0.172,0.274,0
Somalia,SOM,2007,0.172,0.282,0
Somalia,SOM,2008,0.172,0.279,0
Somalia,SOM,2009,0.172,0.281,0
Somalia,SOM,2010,0.186,0.297,0
Somalia,SOM,2011,0.19,0.302,0
Somalia,SOM,2012,0.167,0.331,0
Somalia,SOM,2013,0.162,0.374,0
Somalia,SOM,2014,0.162,0.374,0
Somalia,SOM,2015,0.162,0.393,0
Somalia,SOM,2016,0.16,0.347,0
Somalia,SOM,2017,0.167,0.388,0
Somalia,SOM,2018,0.154,0.339,0
Somalia,SOM,2019,0.148,0.332,0
Somalia,SOM,2020,0.154,0.333,0
Somalia,SOM,2021,0.161,0.349,0
Somalia,SOM,2022,0.158,0.362,0
Somalia,SOM,2023,0.167,0.414,0
Somalia,SOM,2024,0.165,0.403,0
Somalia,SOM,2025,0.165,0.41,0
Sri Lanka,LKA,1900,0.139,0.682,0
Sri Lanka,LKA,1901,0.139,0.682,0
Sri Lanka,LKA,1902,0.139,0.682,0
Sri Lanka,LKA,1903,0.139,0.682,0
Sri Lanka,LKA,1904,0.139,0.682,0
Sri Lanka,LKA,1905,0.139,0.682,0
Sri Lanka,LKA,1906,0.139,0.682,0
Sri Lanka,LKA,1907,0.139,0.682,0
Sri Lanka,LKA,1908,0.139,0.682,0
Sri Lanka,LKA,1909,0.139,0.682,0
Sri Lanka,LKA,1910,0.139,0.707,0
Sri Lanka,LKA,1911,0.238,0.707,0
Sri Lanka,LKA,1912,0.238,0.707,0
Sri Lanka,LKA,1913,0.238,0.707,0
Sri Lanka,LKA,1914,0.238,0.707,0
Sri Lanka,LKA,1915,0.238,0.707,0
Sri Lanka,LKA,1916,0.238,0.707,0
Sri Lanka,LKA,1917,0.238,0.707,0
Sri Lanka,LKA,1918,0.238,0.707,0
Sri Lanka,LKA,1919,0.238,0.707,0
Sri Lanka,LKA,1920,0.249,0.721,0
Sri Lanka,LKA,1921,0.255,0.721,0
Sri Lanka,LKA,1922,0.255,0.721,0
Sri Lanka,LKA,1923,0.258,0.721,0
Sri Lanka,LKA,1924,0.257,0.721,0
Sri Lanka,LKA,1925,0.257,0.721,0
Sri Lanka,LKA,1926,0.257,0.721,0
Sri Lanka,LKA,1927,0.257,0.721,0
Sri Lanka,LKA,1928,0.257,0.721,0
Sri Lanka,LKA,1929,0.257,0.721,0
Sri Lanka,LKA,1930,0.26,0.721,0
Sri Lanka,LKA,1931,0.286,0.721,0
Sri Lanka,LKA,1932,0.342,0.721,0
Sri Lanka,LKA,1933,0.342,0.721,0
Sri Lanka,LKA,1934,0.342,0.721,0
Sri Lanka,LKA,1935,0.342,0.721,0
Sri Lanka,LKA,1936,0.347,0.721,0
Sri Lanka,LKA,1937,0.347,0.721,0
Sri Lanka,LKA,1938,0.347,0.721,0
Sri Lanka,LKA,1939,0.347,0.721,0
Sri Lanka,LKA,1940,0.337,0.721,0
Sri Lanka,LKA,1941,0.337,0.721,0
Sri Lanka,LKA,1942,0.337,0.721,0
Sri Lanka,LKA,1943,0.337,0.721,0
Sri Lanka,LKA,1944,0.337,0.721,0
Sri Lanka,LKA,1945,0.337,0.721,0
Sri Lanka,LKA,1946,0.344,0.721,0
Sri Lanka,LKA,1947,0.426,0.703,1
Sri Lanka,LKA,1948,0.675,0.759,2
Sri Lanka,LKA,1949,0.664,0.766,2
Sri Lanka,LKA,1950,0.677,0.764,2
Sri Lanka,LKA,1951,0.677,0.764,2
Sri Lanka,LKA,1952,0.651,0.764,2
Sri Lanka,LKA,1953,0.634,0.764,2
Sri Lanka,LKA,1954,0.632,0.764,2
Sri Lanka,LKA,1955,0.638,0.763,2
Sri Lanka,LKA,1956,0.629,0.748,2
Sri Lanka,LKA,1957,0.629,0.755,2
Sri Lanka,LKA,1958,0.63,0.751,2
Sri Lanka,LKA,1959,0.63,0.734,2
Sri Lanka,LKA,1960,0.66,0.734,2
Sri Lanka,LKA,1961,0.666,0.734,2
Sri Lanka,LKA,1962,0.664,0.734,2
Sri Lanka,LKA,1963,0.664,0.734,2
Sri Lanka,LKA,1964,0.664,0.734,2
Sri Lanka,LKA,1965,0.661,0.734,2
Sri Lanka,LKA,1966,0.659,0.733,2
Sri Lanka,LKA,1967,0.659,0.733,2
Sri Lanka,LKA,1968,0.659,0.733,2
Sri Lanka,LKA,1969,0.659,0.733,2
Sri Lanka,LKA,1970,0.64,0.72,2
Sri Lanka,LKA,1971,0.606,0.691,2
Sri Lanka,LKA,1972,0.593,0.691,2
Sri Lanka,LKA,1973,0.588,0.692,2
Sri Lanka,LKA,1974,0.587,0.694,2
Sri Lanka,LKA,1975,0.59,0.7,2
Sri Lanka,LKA,1976,0.59,0.7,2
Sri Lanka,LKA,1977,0.565,0.699,2
Sri Lanka,LKA,1978,0.552,0.615,2
Sri Lanka,LKA,1979,0.543,0.619,2
Sri Lanka,LKA,1980,0.519,0.588,2
Sri Lanka,LKA,1981,0.519,0.588,2
Sri Lanka,LKA,1982,0.512,0.588,2
Sri Lanka,LKA,1983,0.48,0.571,1
Sri Lanka,LKA,1984,0.48,0.563,1
Sri Lanka,LKA,1985,0.48,0.563,1
Sri Lanka,LKA,1986,0.478,0.554,1
Sri Lanka,LKA,1987,0.472,0.533,1
Sri Lanka,LKA,1988,0.461,0.525,1
Sri Lanka,LKA,1989,0.435,0.52,1
Sri Lanka,LKA,1990,0.445,0.525,1
Sri Lanka,LKA,1991,0.445,0.53,1
Sri Lanka,LKA,1992,0.449,0.546,1
Sri Lanka,LKA,1993,0.449,0.546,1
Sri Lanka,LKA,1994,0.49,0.568,1
Sri Lanka,LKA,1995,0.544,0.57,2
Sri Lanka,LKA,1996,0.544,0.57,2
Sri Lanka,LKA,1997,0.544,0.57,2
Sri Lanka,LKA,1998,0.53,0.57,2
Sri Lanka,LKA,1999,0.529,0.57,2
Sri Lanka,LKA,2000,0.494,0.57,1
Sri Lanka,LKA,2001,0.496,0.572,1
Sri Lanka,LKA,2002,0.529,0.572,2
Sri Lanka,LKA,2003,0.529,0.572,2
Sri Lanka,LKA,2004,0.513,0.572,2
Sri Lanka,LKA,2005,0.435,0.553,1
Sri Lanka,LKA,2006,0.373,0.536,1
Sri Lanka,LKA,2007,0.373,0.526,1
Sri Lanka,LKA,2008,0.368,0.522,1
Sri Lanka,LKA,2009,0.366,0.516,1
Sri Lanka,LKA,2010,0.386,0.52,1
Sri Lanka,LKA,2011,0.384,0.52,1
Sri Lanka,LKA,2012,0.39,0.522,1
Sri Lanka,LKA,2013,0.418,0.545,1
Sri Lanka,LKA,2014,0.417,0.543,1
Sri Lanka,LKA,2015,0.55,0.683,2
Sri Lanka,LKA,2016,0.595,0.729,2
Sri Lanka,LKA,2017,0.591,0.729,2
Sri Lanka,LKA,2018,0.612,0.769,2
Sri Lanka,LKA,2019,0.564,0.752,2
Sri Lanka,LKA,2020,0.579,0.597,2
Sri Lanka,LKA,2021,0.572,0.636,2
Sri Lanka,LKA,2022,0.602,0.696,2
Sri Lanka,LKA,2023,0.585,0.694,2
Sri Lanka,LKA,2024,0.677,0.703,2
Sri Lanka,LKA,2025,0.783,0.757,2
Eswatini,SWZ,1900,0.051,0.251,0
Eswatini,SWZ,1901,0.051,0.251,0
Eswatini,SWZ,1902,0.052,0.251,0
Eswatini,SWZ,1903,0.052,0.251,0
Eswatini,SWZ,1904,0.052,0.251,0
Eswatini,SWZ,1905,0.052,0.251,0
Eswatini,SWZ,1906,0.052,0.251,0
Eswatini,SWZ,1907,0.052,0.251,0
Eswatini,SWZ,1908,0.05,0.252,0
Eswatini,SWZ,1909,0.047,0.26,0
Eswatini,SWZ,1910,0.047,0.26,0
Eswatini,SWZ,1911,0.047,0.26,0
Eswatini,SWZ,1912,0.047,0.26,0
Eswatini,SWZ,1913,0.047,0.26,0
Eswatini,SWZ,1914,0.047,0.26,0
Eswatini,SWZ,1915,0.047,0.26,0
Eswatini,SWZ,1916,0.047,0.26,0
Eswatini,SWZ,1917,0.047,0.26,0
Eswatini,SWZ,1918,0.047,0.26,0
Eswatini,SWZ,1919,0.047,0.26,0
Eswatini,SWZ,1920,0.047,0.265,0
Eswatini,SWZ,1921,0.049,0.265,0
Eswatini,SWZ,1922,0.049,0.265,0
Eswatini,SWZ,1923,0.049,0.265,0
Eswatini,SWZ,1924,0.049,0.265,0
Eswatini,SWZ,1925,0.049,0.265,0
Eswatini,SWZ,1926,0.049,0.265,0
Eswatini,SWZ,1927,0.049,0.265,0
Eswatini,SWZ,1928,0.049,0.265,0
Eswatini,SWZ,1929,0.049,0.265,0
Eswatini,SWZ,1930,0.049,0.265,0
Eswatini,SWZ,1931,0.049,0.265,0
Eswatini,SWZ,1932,0.049,0.265,0
Eswatini,SWZ,1933,0.049,0.265,0
Eswatini,SWZ,1934,0.049,0.265,0
Eswatini,SWZ,1935,0.049,0.265,0
Eswatini,SWZ,1936,0.049,0.265,0
Eswatini,SWZ,1937,0.049,0.265,0
Eswatini,SWZ,1938,0.049,0.265,0
Eswatini,SWZ,1939,0.049,0.265,0
Eswatini,SWZ,1940,0.049,0.265,0
Eswatini,SWZ,1941,0.049,0.265,0
Eswatini,SWZ,1942,0.049,0.265,0
Eswatini,SWZ,1943,0.049,0.265,0
Eswatini,SWZ,1944,0.049,0.265,0
Eswatini,SWZ,1945,0.049,0.265,0
Eswatini,SWZ,1946,0.049,0.265,0
Eswatini,SWZ,1947,0.049,0.265,0
Eswatini,SWZ,1948,0.049,0.265,0
Eswatini,SWZ,1949,0.049,0.265,0
Eswatini,SWZ,1950,0.049,0.275,0
Eswatini,SWZ,1951,0.049,0.275,0
Eswatini,SWZ,1952,0.049,0.275,0
Eswatini,SWZ,1953,0.049,0.275,0
Eswatini,SWZ,1954,0.049,0.276,0
Eswatini,SWZ,1955,0.049,0.276,0
Eswatini,SWZ,1956,0.049,0.276,0
Eswatini,SWZ,1957,0.049,0.276,0
Eswatini,SWZ,1958,0.049,0.276,0
Eswatini,SWZ,1959,0.049,0.276,0
Eswatini,SWZ,1960,0.049,0.278,0
Eswatini,SWZ,1961,0.054,0.278,0
Eswatini,SWZ,1962,0.054,0.278,0
Eswatini,SWZ,1963,0.061,0.278,0
Eswatini,SWZ,1964,0.143,0.306,0
Eswatini,SWZ,1965,0.173,0.354,0
Eswatini,SWZ,1966,0.182,0.355,0
Eswatini,SWZ,1967,0.184,0.385,0
Eswatini,SWZ,1968,0.203,0.392,0
Eswatini,SWZ,1969,0.208,0.396,0
Eswatini,SWZ,1970,0.209,0.396,0
Eswatini,SWZ,1971,0.206,0.386,0
Eswatini,SWZ,1972,0.204,0.386,0
Eswatini,SWZ,1973,0.128,0.318,0
Eswatini,SWZ,1974,0.09,0.283,0
Eswatini,SWZ,1975,0.09,0.283,0
Eswatini,SWZ,1976,0.09,0.289,0
Eswatini,SWZ,1977,0.09,0.289,0
Eswatini,SWZ,1978,0.097,0.307,0
Eswatini,SWZ,1979,0.131,0.363,0
Eswatini,SWZ,1980,0.131,0.363,0
Eswatini,SWZ,1981,0.131,0.363,0
Eswatini,SWZ,1982,0.131,0.363,0
Eswatini,SWZ,1983,0.131,0.363,0
Eswatini,SWZ,1984,0.126,0.357,0
Eswatini,SWZ,1985,0.126,0.357,0
Eswatini,SWZ,1986,0.126,0.357,0
Eswatini,SWZ,1987,0.126,0.357,0
Eswatini,SWZ,1988,0.122,0.357,0
Eswatini,SWZ,1989,0.122,0.357,0
Eswatini,SWZ,1990,0.124,0.354,0
Eswatini,SWZ,1991,0.124,0.354,0
Eswatini,SWZ,1992,0.124,0.354,0
Eswatini,SWZ,1993,0.122,0.354,0
Eswatini,SWZ,1994,0.117,0.338,0
Eswatini,SWZ,1995,0.117,0.338,0
Eswatini,SWZ,1996,0.115,0.338,0
Eswatini,SWZ,1997,0.115,0.338,0
Eswatini,SWZ,1998,0.117,0.324,0
Eswatini,SWZ,1999,0.123,0.324,0
Eswatini,SWZ,2000,0.124,0.323,0
Eswatini,SWZ,2001,0.125,0.323,0
Eswatini,SWZ,2002,0.125,0.323,0
Eswatini,SWZ,2003,0.125,0.323,0
Eswatini,SWZ,2004,0.123,0.323,0
Eswatini,SWZ,2005,0.128,0.319,0
Eswatini,SWZ,2006,0.129,0.317,0
Eswatini,SWZ,2007,0.129,0.315,0
Eswatini,SWZ,2008,0.127,0.327,0
Eswatini,SWZ,2009,0.124,0.325,0
Eswatini,SWZ,2010,0.125,0.316,0
Eswatini,SWZ,2011,0.125,0.31,0
Eswatini,SWZ,2012,0.125,0.31,0
Eswatini,SWZ,2013,0.13,0.321,0
Eswatini,SWZ,2014,0.131,0.321,0
Eswatini,SWZ,2015,0.131,0.321,0
Eswatini,SWZ,2016,0.131,0.321,0
Eswatini,SWZ,2017,0.132,0.328,0
Eswatini,SWZ,2018,0.132,0.385,0
Eswatini,SWZ,2019,0.133,0.382,0
Eswatini,SWZ,2020,0.132,0.389,0
Eswatini,SWZ,2021,0.12,0.323,0
Eswatini,SWZ,2022,0.117,0.333,0
Eswatini,SWZ,2023,0.121,0.335,0
Eswatini,SWZ,2024,0.129,0.338,0
Eswatini,SWZ,2025,0.128,0.323,0
Tajikistan,TJK,1990,0.259,0.303,1
Tajikistan,TJK,1991,0.306,0.275,1
Tajikistan,TJK,1992,0.278,0.137,1
Tajikistan,TJK,1993,0.217,0.122,1
Tajikistan,TJK,1994,0.194,0.122,1
Tajikistan,TJK,1995,0.173,0.139,1
Tajikistan,TJK,1996,0.173,0.142,1
Tajikistan,TJK,1997,0.182,0.143,1
Tajikistan,TJK,1998,0.196,0.163,1
Tajikistan,TJK,1999,0.209,0.169,1
Tajikistan,TJK,2000,0.239,0.189,1
Tajikistan,TJK,2001,0.244,0.188,1
Tajikistan,TJK,2002,0.241,0.177,1
Tajikistan,TJK,2003,0.245,0.178,1
Tajikistan,TJK,2004,0.243,0.176,1
Tajikistan,TJK,2005,0.228,0.154,1
Tajikistan,TJK,2006,0.226,0.15,1
Tajikistan,TJK,2007,0.227,0.144,1
Tajikistan,TJK,2008,0.229,0.147,1
Tajikistan,TJK,2009,0.23,0.149,1
Tajikistan,TJK,2010,0.225,0.133,1
Tajikistan,TJK,2011,0.225,0.135,1
Tajikistan,TJK,2012,0.222,0.131,1
Tajikistan,TJK,2013,0.206,0.11,1
Tajikistan,TJK,2014,0.201,0.11,1
Tajikistan,TJK,2015,0.184,0.089,1
Tajikistan,TJK,2016,0.174,0.081,1
Tajikistan,TJK,2017,0.168,0.09,1
Tajikistan,TJK,2018,0.164,0.105,1
Tajikistan,TJK,2019,0.164,0.095,1
Tajikistan,TJK,2020,0.17,0.09,1
Tajikistan,TJK,2021,0.171,0.083,1
Tajikistan,TJK,2022,0.164,0.076,1
Tajikistan,TJK,2023,0.164,0.076,1
Tajikistan,TJK,2024,0.168,0.091,1
Tajikistan,TJK,2025,0.158,0.106,1
Togo,TGO,1916,0.015,0.073,0
Togo,TGO,1917,0.015,0.073,0
Togo,TGO,1918,0.015,0.073,0
Togo,TGO,1919,0.015,0.073,0
Togo,TGO,1920,0.015,0.073,0
Togo,TGO,1921,0.015,0.073,0
Togo,TGO,1922,0.015,0.073,0
Togo,TGO,1923,0.015,0.073,0
Togo,TGO,1924,0.015,0.073,0
Togo,TGO,1925,0.015,0.073,0
Togo,TGO,1926,0.015,0.073,0
Togo,TGO,1927,0.015,0.073,0
Togo,TGO,1928,0.015,0.073,0
Togo,TGO,1929,0.015,0.073,0
Togo,TGO,1930,0.015,0.073,0
Togo,TGO,1931,0.015,0.073,0
Togo,TGO,1932,0.015,0.073,0
Togo,TGO,1933,0.015,0.073,0
Togo,TGO,1934,0.015,0.073,0
Togo,TGO,1935,0.015,0.073,0
Togo,TGO,1936,0.015,0.073,0
Togo,TGO,1937,0.015,0.073,0
Togo,TGO,1938,0.015,0.073,0
Togo,TGO,1939,0.015,0.073,0
Togo,TGO,1940,0.015,0.073,0
Togo,TGO,1941,0.017,0.073,0
Togo,TGO,1942,0.017,0.073,0
Togo,TGO,1943,0.017,0.073,0
Togo,TGO,1944,0.025,0.073,0
Togo,TGO,1945,0.029,0.075,0
Togo,TGO,1946,0.043,0.093,0
Togo,TGO,1947,0.064,0.159,0
Togo,TGO,1948,0.064,0.159,0
Togo,TGO,1949,0.064,0.159,0
Togo,TGO,1950,0.065,0.159,0
Togo,TGO,1951,0.065,0.159,0
Togo,TGO,1952,0.074,0.159,0
Togo,TGO,1953,0.075,0.16,0
Togo,TGO,1954,0.075,0.16,0
Togo,TGO,1955,0.075,0.16,0
Togo,TGO,1956,0.124,0.193,0
Togo,TGO,1957,0.173,0.193,0
Togo,TGO,1958,0.203,0.24,1
Togo,TGO,1959,0.222,0.24,1
Togo,TGO,1960,0.248,0.293,1
Togo,TGO,1961,0.266,0.297,1
Togo,TGO,1962,0.263,0.221,1
Togo,TGO,1963,0.214,0.262,1
Togo,TGO,1964,0.229,0.26,1
Togo,TGO,1965,0.229,0.26,1
Togo,TGO,1966,0.229,0.26,1
Togo,TGO,1967,0.099,0.142,1
Togo,TGO,1968,0.087,0.138,0
Togo,TGO,1969,0.08,0.138,0
Togo,TGO,1970,0.079,0.138,0
Togo,TGO,1971,0.079,0.148,0
Togo,TGO,1972,0.079,0.148,0
Togo,TGO,1973,0.079,0.148,0
Togo,TGO,1974,0.079,0.148,0
Togo,TGO,1975,0.079,0.148,0
Togo,TGO,1976,0.079,0.148,0
Togo,TGO,1977,0.081,0.148,0
Togo,TGO,1978,0.081,0.148,0
Togo,TGO,1979,0.081,0.148,1
Togo,TGO,1980,0.14,0.171,1
Togo,TGO,1981,0.15,0.178,1
Togo,TGO,1982,0.15,0.178,1
Togo,TGO,1983,0.15,0.178,1
Togo,TGO,1984,0.15,0.178,1
Togo,TGO,1985,0.151,0.178,1
Togo,TGO,1986,0.151,0.182,1
Togo,TGO,1987,0.15,0.182,1
Togo,TGO,1988,0.15,0.182,1
Togo,TGO,1989,0.15,0.182,1
Togo,TGO,1990,0.155,0.185,1
Togo,TGO,1991,0.229,0.338,1
Togo,TGO,1992,0.274,0.373,1
Togo,TGO,1993,0.289,0.387,1
Togo,TGO,1994,0.317,0.368,1
Togo,TGO,1995,0.322,0.368,1
Togo,TGO,1996,0.328,0.368,1
Togo,TGO,1997,0.328,0.368,1
Togo,TGO,1998,0.31,0.371,1
Togo,TGO,1999,0.297,0.358,1
Togo,TGO,2000,0.301,0.397,1
Togo,TGO,2001,0.301,0.397,1
Togo,TGO,2002,0.302,0.397,1
Togo,TGO,2003,0.304,0.397,1
Togo,TGO,2004,0.303,0.397,1
Togo,TGO,2005,0.325,0.316,1
Togo,TGO,2006,0.338,0.396,1
Togo,TGO,2007,0.355,0.414,1
Togo,TGO,2008,0.433,0.415,1
Togo,TGO,2009,0.434,0.421,1
Togo,TGO,2010,0.414,0.462,1
Togo,TGO,2011,0.416,0.463,1
Togo,TGO,2012,0.412,0.463,1
Togo,TGO,2013,0.432,0.444,1
Togo,TGO,2014,0.465,0.444,1
Togo,TGO,2015,0.471,0.454,1
Togo,TGO,2016,0.472,0.46,1
Togo,TGO,2017,0.442,0.437,1
Togo,TGO,2018,0.428,0.388,1
Togo,TGO,2019,0.395,0.371,1
Togo,TGO,2020,0.424,0.448,1
Togo,TGO,2021,0.396,0.424,1
Togo,TGO,2022,0.399,0.424,1
Togo,TGO,2023,0.389,0.379,1
Togo,TGO,2024,0.35,0.342,1
Togo,TGO,2025,0.351,0.315,1
Trinidad and Tobago,TTO,1900,0.081,0.49,0
Trinidad and Tobago,TTO,1901,0.081,0.49,0
Trinidad and Tobago,TTO,1902,0.081,0.49,0
Trinidad and Tobago,TTO,1903,0.081,0.49,0
Trinidad and Tobago,TTO,1904,0.081,0.49,0
Trinidad and Tobago,TTO,1905,0.081,0.49,0
Trinidad and Tobago,TTO,1906,0.081,0.49,0
Trinidad and Tobago,TTO,1907,0.081,0.49,0
Trinidad and Tobago,TTO,1908,0.081,0.49,0
Trinidad and Tobago,TTO,1909,0.081,0.49,0
Trinidad and Tobago,TTO,1910,0.081,0.49,0
Trinidad and Tobago,TTO,1911,0.081,0.49,0
Trinidad and Tobago,TTO,1912,0.081,0.49,0
Trinidad and Tobago,TTO,1913,0.081,0.49,0
Trinidad and Tobago,TTO,1914,0.081,0.49,0
Trinidad and Tobago,TTO,1915,0.081,0.49,0
Trinidad and Tobago,TTO,1916,0.081,0.49,0
Trinidad and Tobago,TTO,1917,0.082,0.529,0
Trinidad and Tobago,TTO,1918,0.083,0.529,0
Trinidad and Tobago,TTO,1919,0.096,0.529,0
Trinidad and Tobago,TTO,1920,0.096,0.529,0
Trinidad and Tobago,TTO,1921,0.096,0.529,0
Trinidad and Tobago,TTO,1922,0.096,0.529,0
Trinidad and Tobago,TTO,1923,0.096,0.529,0
Trinidad and Tobago,TTO,1924,0.096,0.529,0
Trinidad and Tobago,TTO,1925,0.192,0.696,0
Trinidad and Tobago,TTO,1926,0.202,0.694,0
Trinidad and Tobago,TTO,1927,0.207,0.694,0
Trinidad and Tobago,TTO,1928,0.211,0.694,0
Trinidad and Tobago,TTO,1929,0.211,0.694,0
Trinidad and Tobago,TTO,1930,0.211,0.694,0
Trinidad and Tobago,TTO,1931,0.211,0.694,0
Trinidad and Tobago,TTO,1932,0.211,0.694,0
Trinidad and Tobago,TTO,1933,0.212,0.694,0
Trinidad and Tobago,TTO,1934,0.212,0.694,0
Trinidad and Tobago,TTO,1935,0.212,0.694,0
Trinidad and Tobago,TTO,1936,0.214,0.694,0
Trinidad and Tobago,TTO,1937,0.213,0.691,0
Trinidad and Tobago,TTO,1938,0.218,0.695,0
Trinidad and Tobago,TTO,1939,0.218,0.695,0
Trinidad and Tobago,TTO,1940,0.218,0.695,0
Trinidad and Tobago,TTO,1941,0.218,0.695,0
Trinidad and Tobago,TTO,1942,0.22,0.695,0
Trinidad and Tobago,TTO,1943,0.22,0.695,0
Trinidad and Tobago,TTO,1944,0.22,0.695,0
Trinidad and Tobago,TTO,1945,0.231,0.695,0
Trinidad and Tobago,TTO,1946,0.3,0.695,0
Trinidad and Tobago,TTO,1947,0.299,0.695,0
Trinidad and Tobago,TTO,1948,0.301,0.695,0
Trinidad and Tobago,TTO,1949,0.301,0.695,0
Trinidad and Tobago,TTO,1950,0.302,0.716,0
Trinidad and Tobago,TTO,1951,0.309,0.716,0
Trinidad and Tobago,TTO,1952,0.309,0.714,0
Trinidad and Tobago,TTO,1953,0.309,0.714,0
Trinidad and Tobago,TTO,1954,0.309,0.714,0
Trinidad and Tobago,TTO,1955,0.31,0.714,0
Trinidad and Tobago,TTO,1956,0.339,0.714,1
Trinidad and Tobago,TTO,1957,0.474,0.714,1
Trinidad and Tobago,TTO,1958,0.474,0.714,1
Trinidad and Tobago,TTO,1959,0.474,0.714,1
Trinidad and Tobago,TTO,1960,0.485,0.717,1
Trinidad and Tobago,TTO,1961,0.487,0.719,1
Trinidad and Tobago,TTO,1962,0.536,0.8,2
Trinidad and Tobago,TTO,1963,0.551,0.803,2
Trinidad and Tobago,TTO,1964,0.555,0.803,2
Trinidad and Tobago,TTO,1965,0.555,0.803,2
Trinidad and Tobago,TTO,1966,0.56,0.803,2
Trinidad and Tobago,TTO,1967,0.585,0.803,2
Trinidad and Tobago,TTO,1968,0.582,0.803,2
Trinidad and Tobago,TTO,1969,0.588,0.803,2
Trinidad and Tobago,TTO,1970,0.593,0.805,2
Trinidad and Tobago,TTO,1971,0.582,0.799,2
Trinidad and Tobago,TTO,1972,0.572,0.803,2
Trinidad and Tobago,TTO,1973,0.576,0.803,2
Trinidad and Tobago,TTO,1974,0.576,0.803,2
Trinidad and Tobago,TTO,1975,0.573,0.803,2
Trinidad and Tobago,TTO,1976,0.605,0.816,2
Trinidad and Tobago,TTO,1977,0.656,0.816,2
Trinidad and Tobago,TTO,1978,0.668,0.817,2
Trinidad and Tobago,TTO,1979,0.668,0.818,2
Trinidad and Tobago,TTO,1980,0.679,0.826,2
Trinidad and Tobago,TTO,1981,0.688,0.826,2
Trinidad and Tobago,TTO,1982,0.693,0.826,2
Trinidad and Tobago,TTO,1983,0.693,0.826,2
Trinidad and Tobago,TTO,1984,0.694,0.826,2
Trinidad and Tobago,TTO,1985,0.694,0.826,2
Trinidad and Tobago,TTO,1986,0.707,0.826,2
Trinidad and Tobago,TTO,1987,0.739,0.826,2
Trinidad and Tobago,TTO,1988,0.739,0.826,2
Trinidad and Tobago,TTO,1989,0.739,0.826,2
Trinidad and Tobago,TTO,1990,0.744,0.825,2
Trinidad and Tobago,TTO,1991,0.762,0.825,2
Trinidad and Tobago,TTO,1992,0.772,0.825,2
Trinidad and Tobago,TTO,1993,0.772,0.825,2
Trinidad and Tobago,TTO,1994,0.775,0.825,2
Trinidad and Tobago,TTO,1995,0.772,0.825,2
Trinidad and Tobago,TTO,1996,0.776,0.826,2
Trinidad and Tobago,TTO,1997,0.776,0.826,2
Trinidad and Tobago,TTO,1998,0.776,0.826,2
Trinidad and Tobago,TTO,1999,0.776,0.826,2
Trinidad and Tobago,TTO,2000,0.782,0.837,2
Trinidad and Tobago,TTO,2001,0.754,0.837,2
Trinidad and Tobago,TTO,2002,0.766,0.837,2
Trinidad and Tobago,TTO,2003,0.776,0.85,2
Trinidad and Tobago,TTO,2004,0.776,0.85,2
Trinidad and Tobago,TTO,2005,0.775,0.852,3
Trinidad and Tobago,TTO,2006,0.779,0.852,3
Trinidad and Tobago,TTO,2007,0.781,0.852,3
Trinidad and Tobago,TTO,2008,0.801,0.852,3
Trinidad and Tobago,TTO,2009,0.801,0.852,3
Trinidad and Tobago,TTO,2010,0.802,0.851,3
Trinidad and Tobago,TTO,2011,0.803,0.851,3
Trinidad and Tobago,TTO,2012,0.803,0.851,3
Trinidad and Tobago,TTO,2013,0.777,0.853,3
Trinidad and Tobago,TTO,2014,0.777,0.852,3
Trinidad and Tobago,TTO,2015,0.791,0.855,3
Trinidad and Tobago,TTO,2016,0.79,0.855,3
Trinidad and Tobago,TTO,2017,0.791,0.854,3
Trinidad and Tobago,TTO,2018,0.784,0.85,3
Trinidad and Tobago,TTO,2019,0.787,0.86,3
Trinidad and Tobago,TTO,2020,0.788,0.849,3
Trinidad and Tobago,TTO,2021,0.791,0.846,2
Trinidad and Tobago,TTO,2022,0.778,0.843,3
Trinidad and Tobago,TTO,2023,0.778,0.843,3
Trinidad and Tobago,TTO,2024,0.773,0.843,3
Trinidad and Tobago,TTO,2025,0.786,0.846,3
Turkmenistan,TKM,1991,0.174,0.097,0
Turkmenistan,TKM,1992,0.161,0.056,0
Turkmenistan,TKM,1993,0.15,0.057,0
Turkmenistan,TKM,1994,0.149,0.057,0
Turkmenistan,TKM,1995,0.147,0.057,0
Turkmenistan,TKM,1996,0.147,0.057,0
Turkmenistan,TKM,1997,0.143,0.045,0
Turkmenistan,TKM,1998,0.143,0.045,0
Turkmenistan,TKM,1999,0.143,0.045,0
Turkmenistan,TKM,2000,0.07,0.043,0
Turkmenistan,TKM,2001,0.07,0.04,0
Turkmenistan,TKM,2002,0.07,0.04,0
Turkmenistan,TKM,2003,0.069,0.04,0
Turkmenistan,TKM,2004,0.07,0.04,0
Turkmenistan,TKM,2005,0.079,0.039,0
Turkmenistan,TKM,2006,0.078,0.039,0
Turkmenistan,TKM,2007,0.133,0.046,0
Turkmenistan,TKM,2008,0.141,0.049,0
Turkmenistan,TKM,2009,0.143,0.042,0
Turkmenistan,TKM,2010,0.144,0.04,0
Turkmenistan,TKM,2011,0.144,0.041,0
Turkmenistan,TKM,2012,0.145,0.04,0
Turkmenistan,TKM,2013,0.144,0.046,0
Turkmenistan,TKM,2014,0.143,0.046,0
Turkmenistan,TKM,2015,0.143,0.046,0
Turkmenistan,TKM,2016,0.143,0.048,0
Turkmenistan,TKM,2017,0.147,0.053,0
Turkmenistan,TKM,2018,0.149,0.058,1
Turkmenistan,TKM,2019,0.149,0.082,1
Turkmenistan,TKM,2020,0.15,0.074,1
Turkmenistan,TKM,2021,0.15,0.074,1
Turkmenistan,TKM,2022,0.148,0.073,0
Turkmenistan,TKM,2023,0.148,0.078,0
Turkmenistan,TKM,2024,0.149,0.078,0
Turkmenistan,TKM,2025,0.148,0.078,0
German Democratic Republic,DDR,1949,0.109,0.148,0
German Democratic Republic,DDR,1950,0.172,0.164,0
German Democratic Republic,DDR,1951,0.171,0.164,0
German Democratic Republic,DDR,1952,0.171,0.165,0
German Democratic Republic,DDR,1953,0.172,0.166,0
German Democratic Republic,DDR,1954,0.17,0.169,0
German Democratic Republic,DDR,1955,0.168,0.169,0
German Democratic Republic,DDR,1956,0.167,0.169,0
German Democratic Republic,DDR,1957,0.166,0.174,0
German Democratic Republic,DDR,1958,0.167,0.183,0
German Democratic Republic,DDR,1959,0.168,0.183,0
German Democratic Republic,DDR,1960,0.169,0.181,0
German Democratic Republic,DDR,1961,0.169,0.159,0
German Democratic Republic,DDR,1962,0.169,0.159,0
German Democratic Republic,DDR,1963,0.168,0.159,0
German Democratic Republic,DDR,1964,0.167,0.159,0
German Democratic Republic,DDR,1965,0.167,0.159,0
German Democratic Republic,DDR,1966,0.167,0.159,0
German Democratic Republic,DDR,1967,0.167,0.159,0
German Democratic Republic,DDR,1968,0.168,0.159,0
German Democratic Republic,DDR,1969,0.168,0.159,0
German Democratic Republic,DDR,1970,0.168,0.166,0
German Democratic Republic,DDR,1971,0.168,0.166,0
German Democratic Republic,DDR,1972,0.169,0.166,0
German Democratic Republic,DDR,1973,0.169,0.17,0
German Democratic Republic,DDR,1974,0.17,0.17,0
German Democratic Republic,DDR,1975,0.17,0.17,0
German Democratic Republic,DDR,1976,0.169,0.17,0
German Democratic Republic,DDR,1977,0.168,0.17,0
German Democratic Republic,DDR,1978,0.168,0.17,0
German Democratic Republic,DDR,1979,0.168,0.17,0
German Democratic Republic,DDR,1980,0.168,0.168,0
German Democratic Republic,DDR,1981,0.168,0.168,0
German Democratic Republic,DDR,1982,0.168,0.168,0
German Democratic Republic,DDR,1983,0.168,0.168,0
German Democratic Republic,DDR,1984,0.168,0.168,0
German Democratic Republic,DDR,1985,0.168,0.168,0
German Democratic Republic,DDR,1986,0.172,0.165,0
German Democratic Republic,DDR,1987,0.175,0.165,0
German Democratic Republic,DDR,1988,0.175,0.165,0
German Democratic Republic,DDR,1989,0.181,0.171,0
German Democratic Republic,DDR,1990,0.707,0.726,2
Palestine/Gaza,PSG,1948,0.041,0.345,0
Palestine/Gaza,PSG,1949,0.041,0.345,0
Palestine/Gaza,PSG,1950,0.041,0.352,0
Palestine/Gaza,PSG,1951,0.041,0.352,0
Palestine/Gaza,PSG,1952,0.041,0.352,0
Palestine/Gaza,PSG,1953,0.041,0.352,0
Palestine/Gaza,PSG,1954,0.039,0.354,0
Palestine/Gaza,PSG,1955,0.039,0.352,0
Palestine/Gaza,PSG,1956,0.039,0.352,0
Palestine/Gaza,PSG,1957,0.039,0.352,0
Palestine/Gaza,PSG,1958,0.039,0.352,0
Palestine/Gaza,PSG,1959,0.039,0.267,0
Palestine/Gaza,PSG,1960,0.039,0.264,0
Palestine/Gaza,PSG,1961,0.039,0.264,0
Palestine/Gaza,PSG,1962,0.039,0.371,0
Palestine/Gaza,PSG,1963,0.039,0.404,0
Palestine/Gaza,PSG,1964,0.039,0.404,0
Palestine/Gaza,PSG,1965,0.041,0.404,0
Palestine/Gaza,PSG,1966,0.041,0.404,0
Palestine/Gaza,PSG,2007,0.131,0.306,0
Palestine/Gaza,PSG,2008,0.133,0.293,0
Palestine/Gaza,PSG,2009,0.135,0.292,0
Palestine/Gaza,PSG,2010,0.141,0.311,0
Palestine/Gaza,PSG,2011,0.14,0.308,0
Palestine/Gaza,PSG,2012,0.143,0.305,0
Palestine/Gaza,PSG,2013,0.129,0.216,0
Palestine/Gaza,PSG,2014,0.13,0.21,0
Palestine/Gaza,PSG,2015,0.119,0.201,0
Palestine/Gaza,PSG,2016,0.119,0.205,0
Palestine/Gaza,PSG,2017,0.121,0.188,0
Palestine/Gaza,PSG,2018,0.118,0.115,0
Palestine/Gaza,PSG,2019,0.117,0.227,0
Palestine/Gaza,PSG,2020,0.129,0.142,0
Palestine/Gaza,PSG,2021,0.128,0.159,0
Palestine/Gaza,PSG,2022,0.124,0.172,0
Palestine/Gaza,PSG,2023,0.122,0.238,0
Palestine/Gaza,PSG,2024,0.095,0.186,0
Palestine/Gaza,PSG,2025,0.128,0.18,0
Somaliland,SML,1900,0.035,0.378,0
Somaliland,SML,1901,0.035,0.378,0
Somaliland,SML,1902,0.035,0.378,0
Somaliland,SML,1903,0.047,0.385,0
Somaliland,SML,1904,0.047,0.385,0
Somaliland,SML,1905,0.047,0.385,0
Somaliland,SML,1906,0.047,0.385,0
Somaliland,SML,1907,0.047,0.385,0
Somaliland,SML,1908,0.047,0.385,0
Somaliland,SML,1909,0.047,0.385,0
Somaliland,SML,1910,0.047,0.385,0
Somaliland,SML,1911,0.047,0.385,0
Somaliland,SML,1912,0.047,0.385,0
Somaliland,SML,1913,0.047,0.385,0
Somaliland,SML,1914,0.047,0.385,0
Somaliland,SML,1915,0.047,0.385,0
Somaliland,SML,1916,0.047,0.385,0
Somaliland,SML,1917,0.047,0.385,0
Somaliland,SML,1918,0.047,0.385,0
Somaliland,SML,1919,0.047,0.385,0
Somaliland,SML,1920,0.047,0.386,0
Somaliland,SML,1921,0.047,0.386,0
Somaliland,SML,1922,0.047,0.398,0
Somaliland,SML,1923,0.047,0.401,0
Somaliland,SML,1924,0.047,0.401,0
Somaliland,SML,1925,0.047,0.401,0
Somaliland,SML,1926,0.047,0.401,0
Somaliland,SML,1927,0.047,0.401,0
Somaliland,SML,1928,0.047,0.401,0
Somaliland,SML,1929,0.047,0.401,0
Somaliland,SML,1930,0.047,0.402,0
Somaliland,SML,1931,0.047,0.402,0
Somaliland,SML,1932,0.047,0.402,0
Somaliland,SML,1933,0.047,0.402,0
Somaliland,SML,1934,0.047,0.402,0
Somaliland,SML,1935,0.053,0.402,0
Somaliland,SML,1936,0.053,0.402,0
Somaliland,SML,1937,0.055,0.402,0
Somaliland,SML,1938,0.055,0.402,0
Somaliland,SML,1939,0.055,0.402,0
Somaliland,SML,1940,0.055,0.404,0
Somaliland,SML,1941,0.061,0.407,0
Somaliland,SML,1942,0.061,0.407,0
Somaliland,SML,1943,0.063,0.407,0
Somaliland,SML,1944,0.063,0.407,0
Somaliland,SML,1945,0.063,0.407,0
Somaliland,SML,1946,0.063,0.407,0
Somaliland,SML,1947,0.072,0.407,0
Somaliland,SML,1948,0.072,0.407,0
Somaliland,SML,1949,0.072,0.407,0
Somaliland,SML,1950,0.072,0.407,0
Somaliland,SML,1951,0.072,0.407,0
Somaliland,SML,1952,0.072,0.407,0
Somaliland,SML,1953,0.072,0.407,0
Somaliland,SML,1954,0.082,0.407,0
Somaliland,SML,1955,0.086,0.407,0
Somaliland,SML,1956,0.093,0.407,0
Somaliland,SML,1957,0.11,0.407,0
Somaliland,SML,1958,0.11,0.548,0
Somaliland,SML,1959,0.116,0.548,0
Somaliland,SML,1991,0.142,0.261,0
Somaliland,SML,1992,0.142,0.261,0
Somaliland,SML,1993,0.162,0.38,0
Somaliland,SML,1994,0.17,0.381,0
Somaliland,SML,1995,0.17,0.403,0
Somaliland,SML,1996,0.17,0.403,0
Somaliland,SML,1997,0.173,0.41,0
Somaliland,SML,1998,0.17,0.434,0
Somaliland,SML,1999,0.17,0.438,0
Somaliland,SML,2000,0.17,0.441,0
Somaliland,SML,2001,0.179,0.44,0
Somaliland,SML,2002,0.198,0.455,0
Somaliland,SML,2003,0.356,0.483,1
Somaliland,SML,2004,0.378,0.483,1
Somaliland,SML,2005,0.384,0.49,1
Somaliland,SML,2006,0.394,0.498,1
Somaliland,SML,2007,0.393,0.498,1
Somaliland,SML,2008,0.393,0.498,1
Somaliland,SML,2009,0.393,0.498,1
Somaliland,SML,2010,0.414,0.501,1
Somaliland,SML,2011,0.436,0.505,1
Somaliland,SML,2012,0.436,0.505,1
Somaliland,SML,2013,0.402,0.511,1
Somaliland,SML,2014,0.401,0.511,1
Somaliland,SML,2015,0.401,0.511,1
Somaliland,SML,2016,0.408,0.517,1
Somaliland,SML,2017,0.413,0.519,1
Somaliland,SML,2018,0.4,0.514,1
Somaliland,SML,2019,0.395,0.519,1
Somaliland,SML,2020,0.399,0.505,1
Somaliland,SML,2021,0.406,0.514,1
Somaliland,SML,2022,0.408,0.514,1
Somaliland,SML,2023,0.402,0.523,1
Somaliland,SML,2024,0.42,0.554,1
Somaliland,SML,2025,0.445,0.58,1
Uzbekistan,UZB,1912,0.024,0.075,0
Uzbekistan,UZB,1913,0.024,0.075,0
Uzbekistan,UZB,1914,0.024,0.075,0
Uzbekistan,UZB,1915,0.024,0.075,0
Uzbekistan,UZB,1916,0.024,0.075,0
Uzbekistan,UZB,1917,0.024,0.068,0
Uzbekistan,UZB,1918,0.024,0.066,0
Uzbekistan,UZB,1919,0.024,0.066,0
Uzbekistan,UZB,1920,0.024,0.068,0
Uzbekistan,UZB,1990,0.203,0.169,0
Uzbekistan,UZB,1991,0.226,0.159,0
Uzbekistan,UZB,1992,0.203,0.125,0
Uzbekistan,UZB,1993,0.199,0.102,0
Uzbekistan,UZB,1994,0.187,0.094,1
Uzbekistan,UZB,1995,0.165,0.094,1
Uzbekistan,UZB,1996,0.163,0.096,1
Uzbekistan,UZB,1997,0.163,0.091,1
Uzbekistan,UZB,1998,0.163,0.081,1
Uzbekistan,UZB,1999,0.158,0.079,1
Uzbekistan,UZB,2000,0.157,0.078,1
Uzbekistan,UZB,2001,0.156,0.074,1
Uzbekistan,UZB,2002,0.157,0.073,1
Uzbekistan,UZB,2003,0.157,0.077,1
Uzbekistan,UZB,2004,0.157,0.077,1
Uzbekistan,UZB,2005,0.16,0.062,1
Uzbekistan,UZB,2006,0.16,0.065,1
Uzbekistan,UZB,2007,0.16,0.067,1
Uzbekistan,UZB,2008,0.163,0.07,1
Uzbekistan,UZB,2009,0.162,0.07,1
Uzbekistan,UZB,2010,0.161,0.076,1
Uzbekistan,UZB,2011,0.163,0.078,1
Uzbekistan,UZB,2012,0.162,0.078,1
Uzbekistan,UZB,2013,0.166,0.078,1
Uzbekistan,UZB,2014,0.167,0.08,0
Uzbekistan,UZB,2015,0.166,0.078,0
Uzbekistan,UZB,2016,0.169,0.079,0
Uzbekistan,UZB,2017,0.191,0.116,0
Uzbekistan,UZB,2018,0.189,0.163,0
Uzbekistan,UZB,2019,0.203,0.193,1
Uzbekistan,UZB,2020,0.206,0.216,0
Uzbekistan,UZB,2021,0.204,0.198,0
Uzbekistan,UZB,2022,0.213,0.193,0
Uzbekistan,UZB,2023,0.215,0.192,0
Uzbekistan,UZB,2024,0.214,0.175,0
Uzbekistan,UZB,2025,0.218,0.188,0
Austria,AUT,1900,0.252,0.677,0
Austria,AUT,1901,0.252,0.677,0
Austria,AUT,1902,0.252,0.677,0
Austria,AUT,1903,0.252,0.677,0
Austria,AUT,1904,0.252,0.677,0
Austria,AUT,1905,0.252,0.677,0
Austria,AUT,1906,0.252,0.677,0
Austria,AUT,1907,0.268,0.677,0
Austria,AUT,1908,0.265,0.677,0
Austria,AUT,1909,0.265,0.677,0
Austria,AUT,1910,0.265,0.677,0
Austria,AUT,1911,0.266,0.677,0
Austria,AUT,1912,0.267,0.677,0
Austria,AUT,1913,0.267,0.666,0
Austria,AUT,1914,0.248,0.663,0
Austria,AUT,1915,0.248,0.663,0
Austria,AUT,1916,0.248,0.663,0
Austria,AUT,1917,0.248,0.663,0
Austria,AUT,1918,0.304,0.672,1
Austria,AUT,1919,0.301,0.587,1
Austria,AUT,1920,0.353,0.61,1
Austria,AUT,1921,0.695,0.787,2
Austria,AUT,1922,0.695,0.787,2
Austria,AUT,1923,0.693,0.787,2
Austria,AUT,1924,0.684,0.787,2
Austria,AUT,1925,0.687,0.787,2
Austria,AUT,1926,0.687,0.787,2
Austria,AUT,1927,0.696,0.784,2
Austria,AUT,1928,0.699,0.784,2
Austria,AUT,1929,0.699,0.784,2
Austria,AUT,1930,0.686,0.766,2
Austria,AUT,1931,0.655,0.766,2
Austria,AUT,1932,0.655,0.765,2
Austria,AUT,1933,0.197,0.426,1
Austria,AUT,1934,0.098,0.333,0
Austria,AUT,1935,0.095,0.315,0
Austria,AUT,1936,0.095,0.315,0
Austria,AUT,1937,0.095,0.314,0
Austria,AUT,1945,0.716,0.578,2
Austria,AUT,1946,0.76,0.796,2
Austria,AUT,1947,0.762,0.783,2
Austria,AUT,1948,0.762,0.786,2
Austria,AUT,1949,0.766,0.786,2
Austria,AUT,1950,0.768,0.794,2
Austria,AUT,1951,0.769,0.794,2
Austria,AUT,1952,0.77,0.794,2
Austria,AUT,1953,0.771,0.794,2
Austria,AUT,1954,0.771,0.794,2
Austria,AUT,1955,0.771,0.8,2
Austria,AUT,1956,0.827,0.821,3
Austria,AUT,1957,0.822,0.821,3
Austria,AUT,1958,0.822,0.821,3
Austria,AUT,1959,0.82,0.821,3
Austria,AUT,1960,0.827,0.821,3
Austria,AUT,1961,0.827,0.821,3
Austria,AUT,1962,0.827,0.821,3
Austria,AUT,1963,0.826,0.821,3
Austria,AUT,1964,0.826,0.821,3
Austria,AUT,1965,0.828,0.817,3
Austria,AUT,1966,0.829,0.831,3
Austria,AUT,1967,0.836,0.829,3
Austria,AUT,1968,0.836,0.829,3
Austria,AUT,1969,0.836,0.829,3
Austria,AUT,1970,0.833,0.853,3
Austria,AUT,1971,0.832,0.857,3
Austria,AUT,1972,0.839,0.857,3
Austria,AUT,1973,0.844,0.869,3
Austria,AUT,1974,0.853,0.869,3
Austria,AUT,1975,0.852,0.87,3
Austria,AUT,1976,0.854,0.877,3
Austria,AUT,1977,0.854,0.877,3
Austria,AUT,1978,0.854,0.877,3
Austria,AUT,1979,0.851,0.877,3
Austria,AUT,1980,0.853,0.875,3
Austria,AUT,1981,0.856,0.898,3
Austria,AUT,1982,0.856,0.898,3
Austria,AUT,1983,0.854,0.898,3
Austria,AUT,1984,0.853,0.898,3
Austria,AUT,1985,0.853,0.898,3
Austria,AUT,1986,0.854,0.899,3
Austria,AUT,1987,0.854,0.916,3
Austria,AUT,1988,0.853,0.924,3
Austria,AUT,1989,0.855,0.924,3
Austria,AUT,1990,0.857,0.918,3
Austria,AUT,1991,0.856,0.918,3
Austria,AUT,1992,0.858,0.918,3
Austria,AUT,1993,0.859,0.918,3
Austria,AUT,1994,0.858,0.918,3
Austria,AUT,1995,0.857,0.916,3
Austria,AUT,1996,0.856,0.918,3
Austria,AUT,1997,0.856,0.918,3
Austria,AUT,1998,0.856,0.918,3
Austria,AUT,1999,0.857,0.918,3
Austria,AUT,2000,0.858,0.923,3
Austria,AUT,2001,0.858,0.923,3
Austria,AUT,2002,0.858,0.923,3
Austria,AUT,2003,0.858,0.923,3
Austria,AUT,2004,0.858,0.923,3
Austria,AUT,2005,0.858,0.923,3
Austria,AUT,2006,0.861,0.923,3
Austria,AUT,2007,0.872,0.929,3
Austria,AUT,2008,0.872,0.929,3
Austria,AUT,2009,0.874,0.929,3
Austria,AUT,2010,0.872,0.929,3
Austria,AUT,2011,0.871,0.929,3
Austria,AUT,2012,0.872,0.929,3
Austria,AUT,2013,0.875,0.929,3
Austria,AUT,2014,0.873,0.93,3
Austria,AUT,2015,0.873,0.93,3
Austria,AUT,2016,0.848,0.931,3
Austria,AUT,2017,0.851,0.928,3
Austria,AUT,2018,0.851,0.919,3
Austria,AUT,2019,0.862,0.929,3
Austria,AUT,2020,0.858,0.923,3
Austria,AUT,2021,0.854,0.929,3
Austria,AUT,2022,0.841,0.914,3
Austria,AUT,2023,0.848,0.924,3
Austria,AUT,2024,0.84,0.915,3
Austria,AUT,2025,0.839,0.909,3
Bahrain,BHR,2002,0.164,0.243,0
Bahrain,BHR,2003,0.211,0.243,0
Bahrain,BHR,2004,0.211,0.227,0
Bahrain,BHR,2005,0.219,0.229,0
Bahrain,BHR,2006,0.221,0.246,0
Bahrain,BHR,2007,0.22,0.233,0
Bahrain,BHR,2008,0.22,0.233,0
Bahrain,BHR,2009,0.22,0.229,0
Bahrain,BHR,2010,0.216,0.223,0
Bahrain,BHR,2011,0.171,0.131,0
Bahrain,BHR,2012,0.162,0.129,0
Bahrain,BHR,2013,0.162,0.131,0
Bahrain,BHR,2014,0.16,0.138,0
Bahrain,BHR,2015,0.144,0.145,0
Bahrain,BHR,2016,0.139,0.147,0
Bahrain,BHR,2017,0.133,0.147,0
Bahrain,BHR,2018,0.13,0.156,0
Bahrain,BHR,2019,0.132,0.183,0
Bahrain,BHR,2020,0.132,0.19,0
Bahrain,BHR,2021,0.134,0.191,0
Bahrain,BHR,2022,0.135,0.196,0
Bahrain,BHR,2023,0.138,0.195,0
Bahrain,BHR,2024,0.138,0.188,0
Bahrain,BHR,2025,0.139,0.188,0
Barbados,BRB,1900,0.114,0.637,0
Barbados,BRB,1901,0.114,0.637,0
Barbados,BRB,1902,0.114,0.637,0
Barbados,BRB,1903,0.114,0.637,0
Barbados,BRB,1904,0.114,0.637,0
Barbados,BRB,1905,0.114,0.637,0
Barbados,BRB,1906,0.114,0.637,0
Barbados,BRB,1907,0.114,0.637,0
Barbados,BRB,1908,0.114,0.637,0
Barbados,BRB,1909,0.114,0.637,0
Barbados,BRB,1910,0.114,0.637,0
Barbados,BRB,1911,0.114,0.637,0
Barbados,BRB,1912,0.114,0.637,0
Barbados,BRB,1913,0.114,0.637,0
Barbados,BRB,1914,0.114,0.637,0
Barbados,BRB,1915,0.114,0.637,0
Barbados,BRB,1916,0.114,0.637,0
Barbados,BRB,1917,0.114,0.637,0
Barbados,BRB,1918,0.114,0.637,0
Barbados,BRB,1919,0.114,0.637,0
Barbados,BRB,1920,0.114,0.637,0
Barbados,BRB,1921,0.114,0.637,0
Barbados,BRB,1922,0.114,0.637,0
Barbados,BRB,1923,0.114,0.637,0
Barbados,BRB,1924,0.114,0.637,0
Barbados,BRB,1925,0.114,0.637,0
Barbados,BRB,1926,0.114,0.637,0
Barbados,BRB,1927,0.114,0.637,0
Barbados,BRB,1928,0.114,0.637,0
Barbados,BRB,1929,0.114,0.637,0
Barbados,BRB,1930,0.114,0.637,0
Barbados,BRB,1931,0.114,0.637,0
Barbados,BRB,1932,0.114,0.637,0
Barbados,BRB,1933,0.114,0.637,0
Barbados,BRB,1934,0.114,0.637,0
Barbados,BRB,1935,0.114,0.637,0
Barbados,BRB,1936,0.114,0.637,0
Barbados,BRB,1937,0.114,0.635,0
Barbados,BRB,1938,0.122,0.645,0
Barbados,BRB,1939,0.122,0.653,0
Barbados,BRB,1940,0.122,0.668,0
Barbados,BRB,1941,0.122,0.668,0
Barbados,BRB,1942,0.122,0.668,0
Barbados,BRB,1943,0.122,0.668,0
Barbados,BRB,1944,0.134,0.668,0
Barbados,BRB,1945,0.145,0.668,0
Barbados,BRB,1946,0.164,0.668,0
Barbados,BRB,1947,0.164,0.67,0
Barbados,BRB,1948,0.164,0.671,0
Barbados,BRB,1949,0.166,0.671,0
Barbados,BRB,1950,0.165,0.673,0
Barbados,BRB,1951,0.207,0.692,0
Barbados,BRB,1952,0.332,0.692,0
Barbados,BRB,1953,0.332,0.692,0
Barbados,BRB,1954,0.332,0.692,1
Barbados,BRB,1955,0.454,0.716,1
Barbados,BRB,1956,0.467,0.707,1
Barbados,BRB,1957,0.466,0.708,1
Barbados,BRB,1958,0.466,0.741,1
Barbados,BRB,1959,0.466,0.741,1
Barbados,BRB,1960,0.594,0.739,2
Barbados,BRB,1961,0.596,0.739,2
Barbados,BRB,1962,0.613,0.739,2
Barbados,BRB,1963,0.613,0.73,2
Barbados,BRB,1964,0.613,0.73,2
Barbados,BRB,1965,0.613,0.73,2
Barbados,BRB,1966,0.71,0.811,2
Barbados,BRB,1967,0.719,0.821,2
Barbados,BRB,1968,0.719,0.821,2
Barbados,BRB,1969,0.733,0.818,2
Barbados,BRB,1970,0.733,0.833,2
Barbados,BRB,1971,0.733,0.833,2
Barbados,BRB,1972,0.731,0.84,2
Barbados,BRB,1973,0.737,0.84,2
Barbados,BRB,1974,0.737,0.84,2
Barbados,BRB,1975,0.737,0.84,2
Barbados,BRB,1976,0.737,0.845,2
Barbados,BRB,1977,0.738,0.845,2
Barbados,BRB,1978,0.738,0.845,2
Barbados,BRB,1979,0.738,0.845,2
Barbados,BRB,1980,0.742,0.845,2
Barbados,BRB,1981,0.744,0.845,2
Barbados,BRB,1982,0.745,0.84,2
Barbados,BRB,1983,0.745,0.84,2
Barbados,BRB,1984,0.745,0.84,2
Barbados,BRB,1985,0.745,0.84,2
Barbados,BRB,1986,0.744,0.84,2
Barbados,BRB,1987,0.743,0.84,2
Barbados,BRB,1988,0.743,0.84,2
Barbados,BRB,1989,0.743,0.848,2
Barbados,BRB,1990,0.748,0.848,2
Barbados,BRB,1991,0.762,0.848,2
Barbados,BRB,1992,0.762,0.848,2
Barbados,BRB,1993,0.762,0.848,2
Barbados,BRB,1994,0.762,0.848,2
Barbados,BRB,1995,0.762,0.848,2
Barbados,BRB,1996,0.762,0.848,2
Barbados,BRB,1997,0.762,0.848,2
Barbados,BRB,1998,0.762,0.848,2
Barbados,BRB,1999,0.77,0.848,2
Barbados,BRB,2000,0.769,0.848,2
Barbados,BRB,2001,0.769,0.848,2
Barbados,BRB,2002,0.769,0.848,2
Barbados,BRB,2003,0.767,0.848,2
Barbados,BRB,2004,0.766,0.848,2
Barbados,BRB,2005,0.766,0.848,2
Barbados,BRB,2006,0.766,0.846,2
Barbados,BRB,2007,0.766,0.85,2
Barbados,BRB,2008,0.783,0.85,2
Barbados,BRB,2009,0.784,0.85,2
Barbados,BRB,2010,0.784,0.849,2
Barbados,BRB,2011,0.784,0.849,2
Barbados,BRB,2012,0.784,0.849,2
Barbados,BRB,2013,0.781,0.849,2
Barbados,BRB,2014,0.78,0.845,2
Barbados,BRB,2015,0.776,0.85,3
Barbados,BRB,2016,0.776,0.85,3
Barbados,BRB,2017,0.773,0.843,3
Barbados,BRB,2018,0.776,0.837,3
Barbados,BRB,2019,0.792,0.837,3
Barbados,BRB,2020,0.811,0.847,3
Barbados,BRB,2021,0.807,0.847,3
Barbados,BRB,2022,0.802,0.847,3
Barbados,BRB,2023,0.802,0.849,3
Barbados,BRB,2024,0.802,0.846,3
Barbados,BRB,2025,0.797,0.846,3
Belgium,BEL,1900,0.505,0.857,3
Belgium,BEL,1901,0.508,0.857,3
Belgium,BEL,1902,0.509,0.857,3
Belgium,BEL,1903,0.509,0.857,3
Belgium,BEL,1904,0.507,0.857,3
Belgium,BEL,1905,0.505,0.857,3
Belgium,BEL,1906,0.508,0.857,3
Belgium,BEL,1907,0.51,0.857,3
Belgium,BEL,1908,0.509,0.851,3
Belgium,BEL,1909,0.509,0.851,3
Belgium,BEL,1910,0.509,0.851,3
Belgium,BEL,1911,0.51,0.851,3
Belgium,BEL,1912,0.511,0.851,3
Belgium,BEL,1913,0.507,0.851,3
Belgium,BEL,1914,0.303,0.667,0
Belgium,BEL,1915,0.156,0.491,0
Belgium,BEL,1916,0.156,0.491,0
Belgium,BEL,1917,0.156,0.491,0
Belgium,BEL,1918,0.181,0.528,0
Belgium,BEL,1919,0.246,0.63,1
Belgium,BEL,1920,0.364,0.863,1
Belgium,BEL,1921,0.504,0.863,3
Belgium,BEL,1922,0.51,0.863,3
Belgium,BEL,1923,0.51,0.863,3
Belgium,BEL,1924,0.51,0.863,3
Belgium,BEL,1925,0.508,0.863,3
Belgium,BEL,1926,0.507,0.863,3
Belgium,BEL,1927,0.507,0.863,3
Belgium,BEL,1928,0.507,0.863,3
Belgium,BEL,1929,0.506,0.863,3
Belgium,BEL,1930,0.504,0.863,3
Belgium,BEL,1931,0.504,0.863,3
Belgium,BEL,1932,0.504,0.863,3
Belgium,BEL,1933,0.502,0.866,3
Belgium,BEL,1934,0.502,0.866,3
Belgium,BEL,1935,0.502,0.866,3
Belgium,BEL,1936,0.502,0.866,3
Belgium,BEL,1937,0.507,0.866,3
Belgium,BEL,1938,0.507,0.866,3
Belgium,BEL,1939,0.506,0.866,3
Belgium,BEL,1940,0.234,0.63,0
Belgium,BEL,1941,0.125,0.494,0
Belgium,BEL,1942,0.122,0.49,0
Belgium,BEL,1943,0.122,0.49,0
Belgium,BEL,1944,0.139,0.565,0
Belgium,BEL,1945,0.239,0.844,0
Belgium,BEL,1946,0.504,0.897,3
Belgium,BEL,1947,0.535,0.897,3
Belgium,BEL,1948,0.535,0.897,3
Belgium,BEL,1949,0.7,0.897,3
Belgium,BEL,1950,0.72,0.895,3
Belgium,BEL,1951,0.725,0.897,3
Belgium,BEL,1952,0.725,0.897,3
Belgium,BEL,1953,0.725,0.897,3
Belgium,BEL,1954,0.731,0.897,3
Belgium,BEL,1955,0.733,0.897,3
Belgium,BEL,1956,0.733,0.897,3
Belgium,BEL,1957,0.733,0.899,3
Belgium,BEL,1958,0.731,0.899,3
Belgium,BEL,1959,0.73,0.9,3
Belgium,BEL,1960,0.836,0.9,3
Belgium,BEL,1961,0.836,0.9,3
Belgium,BEL,1962,0.842,0.901,3
Belgium,BEL,1963,0.842,0.907,3
Belgium,BEL,1964,0.842,0.907,3
Belgium,BEL,1965,0.845,0.907,3
Belgium,BEL,1966,0.846,0.907,3
Belgium,BEL,1967,0.846,0.907,3
Belgium,BEL,1968,0.844,0.907,3
Belgium,BEL,1969,0.843,0.907,3
Belgium,BEL,1970,0.846,0.909,3
Belgium,BEL,1971,0.848,0.909,3
Belgium,BEL,1972,0.854,0.91,3
Belgium,BEL,1973,0.854,0.91,3
Belgium,BEL,1974,0.85,0.91,3
Belgium,BEL,1975,0.849,0.91,3
Belgium,BEL,1976,0.85,0.91,3
Belgium,BEL,1977,0.853,0.91,3
Belgium,BEL,1978,0.854,0.91,3
Belgium,BEL,1979,0.853,0.91,3
Belgium,BEL,1980,0.866,0.914,3
Belgium,BEL,1981,0.859,0.914,3
Belgium,BEL,1982,0.86,0.914,3
Belgium,BEL,1983,0.86,0.914,3
Belgium,BEL,1984,0.86,0.914,3
Belgium,BEL,1985,0.86,0.914,3
Belgium,BEL,1986,0.859,0.914,3
Belgium,BEL,1987,0.859,0.914,3
Belgium,BEL,1988,0.854,0.914,3
Belgium,BEL,1989,0.858,0.911,3
Belgium,BEL,1990,0.869,0.924,3
Belgium,BEL,1991,0.87,0.924,3
Belgium,BEL,1992,0.879,0.925,3
Belgium,BEL,1993,0.879,0.925,3
Belgium,BEL,1994,0.879,0.925,3
Belgium,BEL,1995,0.882,0.925,3
Belgium,BEL,1996,0.882,0.927,3
Belgium,BEL,1997,0.882,0.927,3
Belgium,BEL,1998,0.882,0.927,3
Belgium,BEL,1999,0.883,0.931,3
Belgium,BEL,2000,0.885,0.931,3
Belgium,BEL,2001,0.885,0.931,3
Belgium,BEL,2002,0.885,0.931,3
Belgium,BEL,2003,0.886,0.931,3
Belgium,BEL,2004,0.864,0.931,3
Belgium,BEL,2005,0.884,0.931,3
Belgium,BEL,2006,0.885,0.931,3
Belgium,BEL,2007,0.891,0.936,3
Belgium,BEL,2008,0.899,0.93,3
Belgium,BEL,2009,0.899,0.933,3
Belgium,BEL,2010,0.9,0.932,3
Belgium,BEL,2011,0.9,0.932,3
Belgium,BEL,2012,0.9,0.932,3
Belgium,BEL,2013,0.902,0.935,3
Belgium,BEL,2014,0.902,0.935,3
Belgium,BEL,2015,0.901,0.934,3
Belgium,BEL,2016,0.901,0.933,3
Belgium,BEL,2017,0.9,0.933,3
Belgium,BEL,2018,0.9,0.933,3
Belgium,BEL,2019,0.901,0.934,3
Belgium,BEL,2020,0.897,0.925,3
Belgium,BEL,2021,0.897,0.925,3
Belgium,BEL,2022,0.895,0.936,3
Belgium,BEL,2023,0.895,0.907,3
Belgium,BEL,2024,0.891,0.907,3
Belgium,BEL,2025,0.889,0.887,3
Bosnia and Herzegovina,BIH,1992,0.249,0.215,0
Bosnia and Herzegovina,BIH,1993,0.249,0.215,0
Bosnia and Herzegovina,BIH,1994,0.187,0.17,0
Bosnia and Herzegovina,BIH,1995,0.187,0.179,0
Bosnia and Herzegovina,BIH,1996,0.268,0.353,1
Bosnia and Herzegovina,BIH,1997,0.584,0.506,2
Bosnia and Herzegovina,BIH,1998,0.6,0.505,2
Bosnia and Herzegovina,BIH,1999,0.621,0.507,2
Bosnia and Herzegovina,BIH,2000,0.635,0.553,2
Bosnia and Herzegovina,BIH,2001,0.654,0.587,2
Bosnia and Herzegovina,BIH,2002,0.654,0.575,2
Bosnia and Herzegovina,BIH,2003,0.661,0.586,2
Bosnia and Herzegovina,BIH,2004,0.647,0.582,2
Bosnia and Herzegovina,BIH,2005,0.647,0.601,2
Bosnia and Herzegovina,BIH,2006,0.626,0.594,2
Bosnia and Herzegovina,BIH,2007,0.566,0.593,2
Bosnia and Herzegovina,BIH,2008,0.562,0.595,2
Bosnia and Herzegovina,BIH,2009,0.56,0.596,2
Bosnia and Herzegovina,BIH,2010,0.566,0.595,2
Bosnia and Herzegovina,BIH,2011,0.564,0.595,2
Bosnia and Herzegovina,BIH,2012,0.566,0.595,2
Bosnia and Herzegovina,BIH,2013,0.56,0.6,2
Bosnia and Herzegovina,BIH,2014,0.557,0.607,2
Bosnia and Herzegovina,BIH,2015,0.547,0.606,2
Bosnia and Herzegovina,BIH,2016,0.547,0.594,2
Bosnia and Herzegovina,BIH,2017,0.541,0.595,2
Bosnia and Herzegovina,BIH,2018,0.513,0.598,2
Bosnia and Herzegovina,BIH,2019,0.515,0.591,2
Bosnia and Herzegovina,BIH,2020,0.517,0.578,2
Bosnia and Herzegovina,BIH,2021,0.508,0.576,2
Bosnia and Herzegovina,BIH,2022,0.521,0.594,2
Bosnia and Herzegovina,BIH,2023,0.502,0.603,2
Bosnia and Herzegovina,BIH,2024,0.507,0.6,2
Bosnia and Herzegovina,BIH,2025,0.498,0.619,1
Bulgaria,BGR,1900,0.204,0.533,0
Bulgaria,BGR,1901,0.218,0.53,0
Bulgaria,BGR,1902,0.219,0.534,0
Bulgaria,BGR,1903,0.218,0.534,0
Bulgaria,BGR,1904,0.211,0.534,0
Bulgaria,BGR,1905,0.211,0.534,0
Bulgaria,BGR,1906,0.212,0.534,0
Bulgaria,BGR,1907,0.212,0.534,0
Bulgaria,BGR,1908,0.22,0.534,0
Bulgaria,BGR,1909,0.227,0.541,0
Bulgaria,BGR,1910,0.227,0.541,0
Bulgaria,BGR,1911,0.227,0.541,0
Bulgaria,BGR,1912,0.221,0.538,0
Bulgaria,BGR,1913,0.214,0.538,0
Bulgaria,BGR,1914,0.203,0.538,0
Bulgaria,BGR,1915,0.202,0.538,0
Bulgaria,BGR,1916,0.2,0.538,0
Bulgaria,BGR,1917,0.2,0.538,0
Bulgaria,BGR,1918,0.202,0.523,0
Bulgaria,BGR,1919,0.207,0.523,0
Bulgaria,BGR,1920,0.212,0.516,0
Bulgaria,BGR,1921,0.21,0.516,0
Bulgaria,BGR,1922,0.21,0.516,0
Bulgaria,BGR,1923,0.168,0.403,0
Bulgaria,BGR,1924,0.172,0.439,0
Bulgaria,BGR,1925,0.17,0.511,0
Bulgaria,BGR,1926,0.174,0.535,0
Bulgaria,BGR,1927,0.177,0.535,0
Bulgaria,BGR,1928,0.179,0.535,0
Bulgaria,BGR,1929,0.179,0.535,0
Bulgaria,BGR,1930,0.181,0.55,0
Bulgaria,BGR,1931,0.191,0.557,0
Bulgaria,BGR,1932,0.193,0.557,0
Bulgaria,BGR,1933,0.193,0.558,0
Bulgaria,BGR,1934,0.127,0.34,0
Bulgaria,BGR,1935,0.093,0.3,0
Bulgaria,BGR,1936,0.093,0.3,0
Bulgaria,BGR,1937,0.093,0.3,0
Bulgaria,BGR,1938,0.118,0.412,0
Bulgaria,BGR,1939,0.111,0.355,0
Bulgaria,BGR,1940,0.125,0.449,0
Bulgaria,BGR,1941,0.12,0.468,0
Bulgaria,BGR,1942,0.12,0.462,0
Bulgaria,BGR,1943,0.138,0.462,1
Bulgaria,BGR,1944,0.15,0.377,0
Bulgaria,BGR,1945,0.074,0.139,0
Bulgaria,BGR,1946,0.133,0.188,0
Bulgaria,BGR,1947,0.126,0.153,1
Bulgaria,BGR,1948,0.162,0.158,1
Bulgaria,BGR,1949,0.168,0.143,0
Bulgaria,BGR,1950,0.165,0.142,0
Bulgaria,BGR,1951,0.163,0.142,0
Bulgaria,BGR,1952,0.163,0.142,0
Bulgaria,BGR,1953,0.166,0.145,0
Bulgaria,BGR,1954,0.172,0.145,0
Bulgaria,BGR,1955,0.172,0.141,0
Bulgaria,BGR,1956,0.173,0.14,0
Bulgaria,BGR,1957,0.176,0.14,0
Bulgaria,BGR,1958,0.17,0.14,0
Bulgaria,BGR,1959,0.17,0.14,0
Bulgaria,BGR,1960,0.171,0.144,0
Bulgaria,BGR,1961,0.171,0.14,0
Bulgaria,BGR,1962,0.175,0.14,0
Bulgaria,BGR,1963,0.175,0.14,0
Bulgaria,BGR,1964,0.175,0.14,0
Bulgaria,BGR,1965,0.175,0.141,0
Bulgaria,BGR,1966,0.176,0.141,0
Bulgaria,BGR,1967,0.176,0.141,0
Bulgaria,BGR,1968,0.176,0.141,0
Bulgaria,BGR,1969,0.176,0.141,0
Bulgaria,BGR,1970,0.176,0.146,0
Bulgaria,BGR,1971,0.176,0.146,0
Bulgaria,BGR,1972,0.176,0.146,0
Bulgaria,BGR,1973,0.176,0.146,0
Bulgaria,BGR,1974,0.176,0.146,0
Bulgaria,BGR,1975,0.177,0.146,0
Bulgaria,BGR,1976,0.176,0.146,0
Bulgaria,BGR,1977,0.176,0.146,0
Bulgaria,BGR,1978,0.176,0.146,0
Bulgaria,BGR,1979,0.176,0.146,0
Bulgaria,BGR,1980,0.176,0.146,0
Bulgaria,BGR,1981,0.177,0.146,0
Bulgaria,BGR,1982,0.178,0.146,0
Bulgaria,BGR,1983,0.178,0.146,0
Bulgaria,BGR,1984,0.18,0.146,0
Bulgaria,BGR,1985,0.18,0.146,0
Bulgaria,BGR,1986,0.181,0.146,0
Bulgaria,BGR,1987,0.181,0.146,0
Bulgaria,BGR,1988,0.181,0.146,0
Bulgaria,BGR,1989,0.182,0.15,0
Bulgaria,BGR,1990,0.572,0.773,2
Bulgaria,BGR,1991,0.622,0.812,2
Bulgaria,BGR,1992,0.698,0.859,2
Bulgaria,BGR,1993,0.693,0.859,2
Bulgaria,BGR,1994,0.692,0.859,2
Bulgaria,BGR,1995,0.691,0.859,2
Bulgaria,BGR,1996,0.698,0.859,2
Bulgaria,BGR,1997,0.712,0.859,2
Bulgaria,BGR,1998,0.707,0.866,2
Bulgaria,BGR,1999,0.716,0.866,2
Bulgaria,BGR,2000,0.717,0.87,2
Bulgaria,BGR,2001,0.692,0.865,2
Bulgaria,BGR,2002,0.721,0.862,2
Bulgaria,BGR,2003,0.721,0.866,2
Bulgaria,BGR,2004,0.721,0.869,2
Bulgaria,BGR,2005,0.701,0.869,2
Bulgaria,BGR,2006,0.706,0.871,2
Bulgaria,BGR,2007,0.705,0.874,2
Bulgaria,BGR,2008,0.711,0.873,2
Bulgaria,BGR,2009,0.691,0.853,2
Bulgaria,BGR,2010,0.674,0.839,2
Bulgaria,BGR,2011,0.672,0.84,2
Bulgaria,BGR,2012,0.664,0.847,2
Bulgaria,BGR,2013,0.657,0.82,2
Bulgaria,BGR,2014,0.673,0.833,2
Bulgaria,BGR,2015,0.671,0.849,2
Bulgaria,BGR,2016,0.667,0.842,2
Bulgaria,BGR,2017,0.624,0.833,2
Bulgaria,BGR,2018,0.612,0.827,2
Bulgaria,BGR,2019,0.609,0.826,2
Bulgaria,BGR,2020,0.607,0.816,2
Bulgaria,BGR,2021,0.665,0.826,2
Bulgaria,BGR,2022,0.679,0.901,2
Bulgaria,BGR,2023,0.659,0.888,2
Bulgaria,BGR,2024,0.645,0.822,2
Bulgaria,BGR,2025,0.599,0.826,2
Comoros,COM,1900,0.027,0.152,0
Comoros,COM,1901,0.029,0.147,0
Comoros,COM,1902,0.029,0.147,0
Comoros,COM,1903,0.029,0.147,0
Comoros,COM,1904,0.029,0.152,0
Comoros,COM,1905,0.029,0.152,0
Comoros,COM,1906,0.029,0.152,0
Comoros,COM,1907,0.029,0.152,0
Comoros,COM,1908,0.029,0.154,0
Comoros,COM,1909,0.029,0.154,0
Comoros,COM,1910,0.029,0.154,0
Comoros,COM,1911,0.029,0.154,0
Comoros,COM,1912,0.029,0.154,0
Comoros,COM,1913,0.032,0.16,0
Comoros,COM,1946,0.047,0.152,0
Comoros,COM,1947,0.051,0.155,0
Comoros,COM,1948,0.056,0.175,0
Comoros,COM,1949,0.059,0.175,0
Comoros,COM,1950,0.059,0.177,0
Comoros,COM,1951,0.065,0.177,0
Comoros,COM,1952,0.065,0.177,0
Comoros,COM,1953,0.065,0.177,0
Comoros,COM,1954,0.065,0.177,0
Comoros,COM,1955,0.065,0.177,0
Comoros,COM,1956,0.065,0.177,0
Comoros,COM,1957,0.115,0.178,0
Comoros,COM,1958,0.116,0.178,0
Comoros,COM,1959,0.116,0.178,0
Comoros,COM,1960,0.116,0.187,0
Comoros,COM,1961,0.116,0.187,0
Comoros,COM,1962,0.116,0.187,0
Comoros,COM,1963,0.116,0.187,0
Comoros,COM,1964,0.116,0.186,0
Comoros,COM,1965,0.117,0.189,0
Comoros,COM,1966,0.117,0.189,0
Comoros,COM,1967,0.117,0.189,0
Comoros,COM,1968,0.117,0.189,0
Comoros,COM,1969,0.117,0.189,0
Comoros,COM,1970,0.119,0.191,0
Comoros,COM,1971,0.121,0.191,0
Comoros,COM,1972,0.123,0.236,0
Comoros,COM,1973,0.145,0.24,0
Comoros,COM,1974,0.145,0.23,0
Comoros,COM,1975,0.131,0.241,0
Comoros,COM,1976,0.169,0.297,1
Comoros,COM,1977,0.169,0.303,1
Comoros,COM,1978,0.15,0.302,0
Comoros,COM,1979,0.219,0.265,0
Comoros,COM,1980,0.226,0.248,0
Comoros,COM,1981,0.226,0.248,0
Comoros,COM,1982,0.209,0.248,0
Comoros,COM,1983,0.206,0.248,0
Comoros,COM,1984,0.204,0.248,0
Comoros,COM,1985,0.203,0.248,0
Comoros,COM,1986,0.203,0.25,0
Comoros,COM,1987,0.204,0.257,0
Comoros,COM,1988,0.206,0.257,0
Comoros,COM,1989,0.206,0.257,1
Comoros,COM,1990,0.381,0.342,1
Comoros,COM,1991,0.418,0.354,1
Comoros,COM,1992,0.414,0.37,1
Comoros,COM,1993,0.339,0.323,1
Comoros,COM,1994,0.399,0.376,1
Comoros,COM,1995,0.4,0.367,1
Comoros,COM,1996,0.317,0.298,1
Comoros,COM,1997,0.429,0.371,1
Comoros,COM,1998,0.43,0.373,1
Comoros,COM,1999,0.296,0.293,1
Comoros,COM,2000,0.218,0.266,0
Comoros,COM,2001,0.221,0.246,0
Comoros,COM,2002,0.315,0.282,1
Comoros,COM,2003,0.369,0.3,1
Comoros,COM,2004,0.408,0.41,1
Comoros,COM,2005,0.427,0.465,1
Comoros,COM,2006,0.419,0.457,1
Comoros,COM,2007,0.414,0.461,1
Comoros,COM,2008,0.414,0.461,1
Comoros,COM,2009,0.418,0.449,1
Comoros,COM,2010,0.416,0.483,1
Comoros,COM,2011,0.446,0.482,1
Comoros,COM,2012,0.446,0.482,1
Comoros,COM,2013,0.467,0.508,1
Comoros,COM,2014,0.467,0.506,1
Comoros,COM,2015,0.395,0.498,1
Comoros,COM,2016,0.385,0.509,1
Comoros,COM,2017,0.38,0.389,1
Comoros,COM,2018,0.367,0.351,1
Comoros,COM,2019,0.305,0.278,1
Comoros,COM,2020,0.28,0.285,1
Comoros,COM,2021,0.28,0.286,1
Comoros,COM,2022,0.272,0.293,1
Comoros,COM,2023,0.264,0.282,1
Comoros,COM,2024,0.276,0.278,1
Comoros,COM,2025,0.293,0.297,1
Croatia,HRV,1941,0.009,0.023,0
Croatia,HRV,1942,0.009,0.036,0
Croatia,HRV,1943,0.009,0.019,0
Croatia,HRV,1944,0.009,0.019,0
Croatia,HRV,1991,0.242,0.439,0
Croatia,HRV,1992,0.299,0.437,1
Croatia,HRV,1993,0.377,0.448,1
Croatia,HRV,1994,0.384,0.444,1
Croatia,HRV,1995,0.386,0.448,1
Croatia,HRV,1996,0.406,0.485,1
Croatia,HRV,1997,0.422,0.516,1
Croatia,HRV,1998,0.428,0.51,1
Croatia,HRV,1999,0.431,0.534,1
Croatia,HRV,2000,0.76,0.79,2
Croatia,HRV,2001,0.767,0.799,2
Croatia,HRV,2002,0.766,0.799,2
Croatia,HRV,2003,0.769,0.801,2
Croatia,HRV,2004,0.757,0.785,2
Croatia,HRV,2005,0.775,0.813,2
Croatia,HRV,2006,0.772,0.805,2
Croatia,HRV,2007,0.784,0.801,2
Croatia,HRV,2008,0.779,0.804,2
Croatia,HRV,2009,0.784,0.826,2
Croatia,HRV,2010,0.844,0.859,2
Croatia,HRV,2011,0.853,0.868,2
Croatia,HRV,2012,0.851,0.87,2
Croatia,HRV,2013,0.828,0.85,2
Croatia,HRV,2014,0.823,0.848,2
Croatia,HRV,2015,0.816,0.858,2
Croatia,HRV,2016,0.765,0.852,2
Croatia,HRV,2017,0.739,0.846,2
Croatia,HRV,2018,0.729,0.843,2
Croatia,HRV,2019,0.734,0.839,2
Croatia,HRV,2020,0.756,0.856,2
Croatia,HRV,2021,0.747,0.858,2
Croatia,HRV,2022,0.724,0.889,2
Croatia,HRV,2023,0.725,0.874,2
Croatia,HRV,2024,0.71,0.859,2
Croatia,HRV,2025,0.686,0.871,2
Cuba,CUB,1900,0.182,0.347,0
Cuba,CUB,1901,0.221,0.522,1
Cuba,CUB,1902,0.307,0.534,1
Cuba,CUB,1903,0.343,0.538,1
Cuba,CUB,1904,0.325,0.538,1
Cuba,CUB,1905,0.321,0.538,1
Cuba,CUB,1906,0.282,0.531,1
Cuba,CUB,1907,0.193,0.532,0
Cuba,CUB,1908,0.198,0.532,1
Cuba,CUB,1909,0.307,0.532,1
Cuba,CUB,1910,0.311,0.536,1
Cuba,CUB,1911,0.317,0.536,1
Cuba,CUB,1912,0.315,0.531,1
Cuba,CUB,1913,0.314,0.539,1
Cuba,CUB,1914,0.315,0.539,1
Cuba,CUB,1915,0.321,0.539,1
Cuba,CUB,1916,0.319,0.535,1
Cuba,CUB,1917,0.309,0.535,1
Cuba,CUB,1918,0.311,0.535,1
Cuba,CUB,1919,0.319,0.535,1
Cuba,CUB,1920,0.319,0.525,1
Cuba,CUB,1921,0.319,0.523,1
Cuba,CUB,1922,0.317,0.529,1
Cuba,CUB,1923,0.311,0.529,1
Cuba,CUB,1924,0.311,0.529,1
Cuba,CUB,1925,0.31,0.526,1
Cuba,CUB,1926,0.301,0.525,1
Cuba,CUB,1927,0.299,0.523,1
Cuba,CUB,1928,0.293,0.467,1
Cuba,CUB,1929,0.279,0.434,1
Cuba,CUB,1930,0.278,0.434,1
Cuba,CUB,1931,0.273,0.43,1
Cuba,CUB,1932,0.273,0.441,1
Cuba,CUB,1933,0.252,0.435,1
Cuba,CUB,1934,0.186,0.515,0
Cuba,CUB,1935,0.186,0.518,0
Cuba,CUB,1936,0.309,0.516,1
Cuba,CUB,1937,0.347,0.516,1
Cuba,CUB,1938,0.347,0.516,1
Cuba,CUB,1939,0.353,0.516,1
Cuba,CUB,1940,0.388,0.647,1
Cuba,CUB,1941,0.426,0.647,1
Cuba,CUB,1942,0.419,0.647,1
Cuba,CUB,1943,0.418,0.647,1
Cuba,CUB,1944,0.427,0.647,1
Cuba,CUB,1945,0.426,0.647,1
Cuba,CUB,1946,0.428,0.646,1
Cuba,CUB,1947,0.43,0.646,1
Cuba,CUB,1948,0.427,0.646,1
Cuba,CUB,1949,0.424,0.647,1
Cuba,CUB,1950,0.418,0.644,1
Cuba,CUB,1951,0.408,0.619,1
Cuba,CUB,1952,0.254,0.531,1
Cuba,CUB,1953,0.191,0.335,0
Cuba,CUB,1954,0.194,0.336,1
Cuba,CUB,1955,0.271,0.336,1
Cuba,CUB,1956,0.281,0.336,1
Cuba,CUB,1957,0.277,0.336,1
Cuba,CUB,1958,0.277,0.336,1
Cuba,CUB,1959,0.15,0.186,1
Cuba,CUB,1960,0.088,0.096,0
Cuba,CUB,1961,0.07,0.09,0
Cuba,CUB,1962,0.069,0.082,0
Cuba,CUB,1963,0.069,0.086,0
Cuba,CUB,1964,0.069,0.086,0
Cuba,CUB,1965,0.069,0.08,0
Cuba,CUB,1966,0.069,0.08,0
Cuba,CUB,1967,0.069,0.08,0
Cuba,CUB,1968,0.069,0.077,0
Cuba,CUB,1969,0.069,0.084,0
Cuba,CUB,1970,0.069,0.084,0
Cuba,CUB,1971,0.069,0.084,0
Cuba,CUB,1972,0.069,0.084,0
Cuba,CUB,1973,0.069,0.084,0
Cuba,CUB,1974,0.069,0.084,0
Cuba,CUB,1975,0.069,0.084,0
Cuba,CUB,1976,0.069,0.09,0
Cuba,CUB,1977,0.069,0.115,0
Cuba,CUB,1978,0.069,0.115,0
Cuba,CUB,1979,0.069,0.12,0
Cuba,CUB,1980,0.071,0.111,0
Cuba,CUB,1981,0.071,0.111,0
Cuba,CUB,1982,0.071,0.111,0
Cuba,CUB,1983,0.071,0.111,0
Cuba,CUB,1984,0.071,0.111,0
Cuba,CUB,1985,0.071,0.111,0
Cuba,CUB,1986,0.071,0.112,0
Cuba,CUB,1987,0.071,0.112,0
Cuba,CUB,1988,0.071,0.112,0
Cuba,CUB,1989,0.071,0.112,0
Cuba,CUB,1990,0.071,0.112,0
Cuba,CUB,1991,0.071,0.112,0
Cuba,CUB,1992,0.071,0.115,0
Cuba,CUB,1993,0.103,0.113,0
Cuba,CUB,1994,0.108,0.113,0
Cuba,CUB,1995,0.108,0.113,0
Cuba,CUB,1996,0.108,0.115,0
Cuba,CUB,1997,0.108,0.116,0
Cuba,CUB,1998,0.113,0.116,0
Cuba,CUB,1999,0.113,0.119,0
Cuba,CUB,2000,0.113,0.119,0
Cuba,CUB,2001,0.113,0.124,0
Cuba,CUB,2002,0.113,0.124,0
Cuba,CUB,2003,0.114,0.122,0
Cuba,CUB,2004,0.114,0.122,0
Cuba,CUB,2005,0.113,0.122,0
Cuba,CUB,2006,0.113,0.122,0
Cuba,CUB,2007,0.113,0.122,0
Cuba,CUB,2008,0.105,0.123,0
Cuba,CUB,2009,0.167,0.125,0
Cuba,CUB,2010,0.167,0.126,0
Cuba,CUB,2011,0.167,0.128,0
Cuba,CUB,2012,0.167,0.133,0
Cuba,CUB,2013,0.168,0.15,0
Cuba,CUB,2014,0.168,0.15,0
Cuba,CUB,2015,0.168,0.15,0
Cuba,CUB,2016,0.169,0.143,0
Cuba,CUB,2017,0.168,0.155,0
Cuba,CUB,2018,0.177,0.159,0
Cuba,CUB,2019,0.181,0.16,0
Cuba,CUB,2020,0.178,0.153,0
Cuba,CUB,2021,0.178,0.139,0
Cuba,CUB,2022,0.178,0.141,0
Cuba,CUB,2023,0.175,0.138,0
Cuba,CUB,2024,0.178,0.14,0
Cuba,CUB,2025,0.176,0.146,0
Cyprus,CYP,1900,0.087,0.324,0
Cyprus,CYP,1901,0.087,0.324,0
Cyprus,CYP,1902,0.087,0.324,0
Cyprus,CYP,1903,0.087,0.324,0
Cyprus,CYP,1904,0.087,0.324,0
Cyprus,CYP,1905,0.09,0.324,0
Cyprus,CYP,1906,0.09,0.324,0
Cyprus,CYP,1907,0.088,0.324,0
Cyprus,CYP,1908,0.088,0.324,0
Cyprus,CYP,1909,0.088,0.324,0
Cyprus,CYP,1910,0.088,0.325,0
Cyprus,CYP,1911,0.088,0.325,0
Cyprus,CYP,1912,0.088,0.325,0
Cyprus,CYP,1913,0.088,0.325,0
Cyprus,CYP,1914,0.088,0.325,0
Cyprus,CYP,1915,0.088,0.329,0
Cyprus,CYP,1916,0.088,0.329,0
Cyprus,CYP,1917,0.088,0.329,0
Cyprus,CYP,1918,0.088,0.329,0
Cyprus,CYP,1919,0.088,0.331,0
Cyprus,CYP,1920,0.088,0.331,0
Cyprus,CYP,1921,0.088,0.331,0
Cyprus,CYP,1922,0.088,0.331,0
Cyprus,CYP,1923,0.088,0.331,0
Cyprus,CYP,1924,0.088,0.331,0
Cyprus,CYP,1925,0.088,0.333,0
Cyprus,CYP,1926,0.088,0.332,0
Cyprus,CYP,1927,0.088,0.332,0
Cyprus,CYP,1928,0.088,0.332,0
Cyprus,CYP,1929,0.088,0.332,0
Cyprus,CYP,1930,0.088,0.326,0
Cyprus,CYP,1931,0.081,0.311,0
Cyprus,CYP,1932,0.081,0.311,0
Cyprus,CYP,1933,0.081,0.311,0
Cyprus,CYP,1934,0.081,0.311,0
Cyprus,CYP,1935,0.081,0.311,0
Cyprus,CYP,1936,0.081,0.311,0
Cyprus,CYP,1937,0.081,0.311,0
Cyprus,CYP,1938,0.081,0.311,0
Cyprus,CYP,1939,0.081,0.311,0
Cyprus,CYP,1940,0.08,0.318,0
Cyprus,CYP,1941,0.085,0.31,0
Cyprus,CYP,1942,0.088,0.339,0
Cyprus,CYP,1943,0.088,0.339,0
Cyprus,CYP,1944,0.088,0.345,0
Cyprus,CYP,1945,0.088,0.344,0
Cyprus,CYP,1946,0.089,0.344,0
Cyprus,CYP,1947,0.089,0.344,0
Cyprus,CYP,1948,0.089,0.344,0
Cyprus,CYP,1949,0.089,0.344,0
Cyprus,CYP,1950,0.087,0.34,0
Cyprus,CYP,1951,0.088,0.343,0
Cyprus,CYP,1952,0.088,0.343,0
Cyprus,CYP,1953,0.088,0.341,0
Cyprus,CYP,1954,0.088,0.341,0
Cyprus,CYP,1955,0.083,0.319,0
Cyprus,CYP,1956,0.08,0.309,0
Cyprus,CYP,1957,0.08,0.305,0
Cyprus,CYP,1958,0.08,0.304,0
Cyprus,CYP,1959,0.086,0.323,0
Cyprus,CYP,1960,0.339,0.479,1
Cyprus,CYP,1961,0.458,0.656,1
Cyprus,CYP,1962,0.463,0.659,1
Cyprus,CYP,1963,0.463,0.655,1
Cyprus,CYP,1964,0.46,0.655,1
Cyprus,CYP,1965,0.46,0.655,1
Cyprus,CYP,1966,0.46,0.655,1
Cyprus,CYP,1967,0.46,0.655,1
Cyprus,CYP,1968,0.46,0.655,1
Cyprus,CYP,1969,0.46,0.655,1
Cyprus,CYP,1970,0.472,0.67,1
Cyprus,CYP,1971,0.482,0.682,1
Cyprus,CYP,1972,0.482,0.689,1
Cyprus,CYP,1973,0.482,0.7,1
Cyprus,CYP,1974,0.493,0.67,1
Cyprus,CYP,1975,0.522,0.768,2
Cyprus,CYP,1976,0.559,0.773,2
Cyprus,CYP,1977,0.58,0.769,2
Cyprus,CYP,1978,0.58,0.771,2
Cyprus,CYP,1979,0.58,0.771,2
Cyprus,CYP,1980,0.597,0.781,2
Cyprus,CYP,1981,0.634,0.781,2
Cyprus,CYP,1982,0.661,0.781,2
Cyprus,CYP,1983,0.691,0.781,2
Cyprus,CYP,1984,0.695,0.782,2
Cyprus,CYP,1985,0.695,0.782,2
Cyprus,CYP,1986,0.697,0.785,2
Cyprus,CYP,1987,0.697,0.785,2
Cyprus,CYP,1988,0.707,0.785,2
Cyprus,CYP,1989,0.721,0.789,2
Cyprus,CYP,1990,0.752,0.799,2
Cyprus,CYP,1991,0.764,0.809,2
Cyprus,CYP,1992,0.773,0.809,2
Cyprus,CYP,1993,0.774,0.809,2
Cyprus,CYP,1994,0.774,0.809,2
Cyprus,CYP,1995,0.774,0.808,2
Cyprus,CYP,1996,0.776,0.808,2
Cyprus,CYP,1997,0.778,0.808,2
Cyprus,CYP,1998,0.765,0.814,2
Cyprus,CYP,1999,0.765,0.816,2
Cyprus,CYP,2000,0.795,0.833,2
Cyprus,CYP,2001,0.805,0.833,2
Cyprus,CYP,2002,0.81,0.835,2
Cyprus,CYP,2003,0.805,0.817,2
Cyprus,CYP,2004,0.826,0.845,3
Cyprus,CYP,2005,0.825,0.845,3
Cyprus,CYP,2006,0.834,0.846,3
Cyprus,CYP,2007,0.837,0.859,3
Cyprus,CYP,2008,0.836,0.86,3
Cyprus,CYP,2009,0.836,0.858,3
Cyprus,CYP,2010,0.845,0.861,3
Cyprus,CYP,2011,0.845,0.861,3
Cyprus,CYP,2012,0.845,0.861,3
Cyprus,CYP,2013,0.847,0.859,3
Cyprus,CYP,2014,0.846,0.861,3
Cyprus,CYP,2015,0.851,0.861,3
Cyprus,CYP,2016,0.851,0.861,3
Cyprus,CYP,2017,0.84,0.864,3
Cyprus,CYP,2018,0.836,0.86,3
Cyprus,CYP,2019,0.84,0.836,3
Cyprus,CYP,2020,0.807,0.854,3
Cyprus,CYP,2021,0.795,0.806,3
Cyprus,CYP,2022,0.779,0.817,3
Cyprus,CYP,2023,0.777,0.819,3
Cyprus,CYP,2024,0.777,0.838,3
Cyprus,CYP,2025,0.773,0.861,3
Czechia,CZE,1918,0.302,0.58,0
Czechia,CZE,1919,0.302,0.748,0
Czechia,CZE,1920,0.638,0.748,2
Czechia,CZE,1921,0.784,0.748,2
Czechia,CZE,1922,0.786,0.748,2
Czechia,CZE,1923,0.786,0.748,2
Czechia,CZE,1924,0.786,0.748,2
Czechia,CZE,1925,0.787,0.748,2
Czechia,CZE,1926,0.795,0.748,2
Czechia,CZE,1927,0.795,0.748,2
Czechia,CZE,1928,0.795,0.748,2
Czechia,CZE,1929,0.795,0.748,2
Czechia,CZE,1930,0.782,0.748,2
Czechia,CZE,1931,0.764,0.748,2
Czechia,CZE,1932,0.764,0.748,2
Czechia,CZE,1933,0.753,0.747,2
Czechia,CZE,1934,0.754,0.747,2
Czechia,CZE,1935,0.753,0.746,2
Czechia,CZE,1936,0.76,0.746,2
Czechia,CZE,1937,0.76,0.746,2
Czechia,CZE,1938,0.661,0.717,2
Czechia,CZE,1939,0.127,0.254,0
Czechia,CZE,1940,0.068,0.031,0
Czechia,CZE,1941,0.068,0.031,0
Czechia,CZE,1942,0.068,0.031,0
Czechia,CZE,1943,0.068,0.031,0
Czechia,CZE,1944,0.068,0.031,0
Czechia,CZE,1945,0.114,0.192,0
Czechia,CZE,1946,0.199,0.358,0
Czechia,CZE,1947,0.234,0.355,0
Czechia,CZE,1948,0.185,0.109,0
Czechia,CZE,1949,0.186,0.062,0
Czechia,CZE,1950,0.186,0.058,0
Czechia,CZE,1951,0.186,0.058,0
Czechia,CZE,1952,0.186,0.054,0
Czechia,CZE,1953,0.137,0.054,0
Czechia,CZE,1954,0.127,0.073,0
Czechia,CZE,1955,0.132,0.073,0
Czechia,CZE,1956,0.132,0.086,0
Czechia,CZE,1957,0.14,0.089,0
Czechia,CZE,1958,0.196,0.089,0
Czechia,CZE,1959,0.196,0.089,0
Czechia,CZE,1960,0.195,0.111,0
Czechia,CZE,1961,0.195,0.122,0
Czechia,CZE,1962,0.196,0.122,0
Czechia,CZE,1963,0.196,0.124,0
Czechia,CZE,1964,0.198,0.124,0
Czechia,CZE,1965,0.198,0.123,0
Czechia,CZE,1966,0.198,0.123,0
Czechia,CZE,1967,0.204,0.125,0
Czechia,CZE,1968,0.158,0.163,0
Czechia,CZE,1969,0.14,0.155,0
Czechia,CZE,1970,0.132,0.131,0
Czechia,CZE,1971,0.131,0.131,0
Czechia,CZE,1972,0.132,0.125,0
Czechia,CZE,1973,0.133,0.125,0
Czechia,CZE,1974,0.133,0.125,0
Czechia,CZE,1975,0.171,0.125,0
Czechia,CZE,1976,0.196,0.125,0
Czechia,CZE,1977,0.195,0.125,0
Czechia,CZE,1978,0.195,0.125,0
Czechia,CZE,1979,0.195,0.125,0
Czechia,CZE,1980,0.195,0.13,0
Czechia,CZE,1981,0.195,0.131,0
Czechia,CZE,1982,0.195,0.131,0
Czechia,CZE,1983,0.195,0.131,0
Czechia,CZE,1984,0.195,0.131,0
Czechia,CZE,1985,0.195,0.135,0
Czechia,CZE,1986,0.197,0.135,0
Czechia,CZE,1987,0.197,0.135,0
Czechia,CZE,1988,0.136,0.135,0
Czechia,CZE,1989,0.146,0.16,0
Czechia,CZE,1990,0.794,0.899,3
Czechia,CZE,1991,0.883,0.9,3
Czechia,CZE,1992,0.884,0.912,3
Czechia,CZE,1993,0.895,0.916,3
Czechia,CZE,1994,0.895,0.916,3
Czechia,CZE,1995,0.895,0.916,3
Czechia,CZE,1996,0.892,0.916,3
Czechia,CZE,1997,0.891,0.916,3
Czechia,CZE,1998,0.884,0.916,3
Czechia,CZE,1999,0.878,0.916,3
Czechia,CZE,2000,0.878,0.918,3
Czechia,CZE,2001,0.878,0.918,3
Czechia,CZE,2002,0.884,0.918,3
Czechia,CZE,2003,0.891,0.918,3
Czechia,CZE,2004,0.892,0.918,3
Czechia,CZE,2005,0.892,0.918,3
Czechia,CZE,2006,0.896,0.92,3
Czechia,CZE,2007,0.897,0.918,3
Czechia,CZE,2008,0.897,0.915,3
Czechia,CZE,2009,0.888,0.919,3
Czechia,CZE,2010,0.883,0.914,3
Czechia,CZE,2011,0.891,0.907,3
Czechia,CZE,2012,0.891,0.913,3
Czechia,CZE,2013,0.863,0.903,3
Czechia,CZE,2014,0.852,0.904,3
Czechia,CZE,2015,0.852,0.903,3
Czechia,CZE,2016,0.852,0.898,3
Czechia,CZE,2017,0.833,0.871,3
Czechia,CZE,2018,0.81,0.877,3
Czechia,CZE,2019,0.8,0.879,3
Czechia,CZE,2020,0.806,0.881,2
Czechia,CZE,2021,0.789,0.891,2
Czechia,CZE,2022,0.854,0.926,3
Czechia,CZE,2023,0.863,0.931,3
Czechia,CZE,2024,0.865,0.95,3
Czechia,CZE,2025,0.849,0.95,3
Denmark,DNK,1900,0.37,0.923,0
Denmark,DNK,1901,0.479,0.923,1
Denmark,DNK,1902,0.614,0.929,3
Denmark,DNK,1903,0.614,0.929,3
Denmark,DNK,1904,0.615,0.929,3
Denmark,DNK,1905,0.615,0.929,3
Denmark,DNK,1906,0.614,0.929,3
Denmark,DNK,1907,0.613,0.929,3
Denmark,DNK,1908,0.613,0.929,3
Denmark,DNK,1909,0.614,0.929,3
Denmark,DNK,1910,0.614,0.929,3
Denmark,DNK,1911,0.614,0.929,3
Denmark,DNK,1912,0.614,0.929,3
Denmark,DNK,1913,0.614,0.929,3
Denmark,DNK,1914,0.612,0.929,3
Denmark,DNK,1915,0.612,0.929,3
Denmark,DNK,1916,0.862,0.93,3
Denmark,DNK,1917,0.862,0.93,3
Denmark,DNK,1918,0.863,0.93,3
Denmark,DNK,1919,0.868,0.932,3
Denmark,DNK,1920,0.872,0.957,3
Denmark,DNK,1921,0.872,0.957,3
Denmark,DNK,1922,0.872,0.957,3
Denmark,DNK,1923,0.872,0.957,3
Denmark,DNK,1924,0.868,0.957,3
Denmark,DNK,1925,0.867,0.959,3
Denmark,DNK,1926,0.867,0.959,3
Denmark,DNK,1927,0.871,0.959,3
Denmark,DNK,1928,0.871,0.959,3
Denmark,DNK,1929,0.87,0.959,3
Denmark,DNK,1930,0.867,0.959,3
Denmark,DNK,1931,0.867,0.959,3
Denmark,DNK,1932,0.867,0.959,3
Denmark,DNK,1933,0.854,0.959,3
Denmark,DNK,1934,0.853,0.959,3
Denmark,DNK,1935,0.853,0.959,3
Denmark,DNK,1936,0.852,0.959,3
Denmark,DNK,1937,0.852,0.959,3
Denmark,DNK,1938,0.852,0.959,3
Denmark,DNK,1939,0.851,0.959,3
Denmark,DNK,1940,0.68,0.867,2
Denmark,DNK,1941,0.633,0.864,2
Denmark,DNK,1942,0.628,0.861,2
Denmark,DNK,1943,0.467,0.74,0
Denmark,DNK,1944,0.204,0.52,0
Denmark,DNK,1945,0.322,0.52,1
Denmark,DNK,1946,0.899,0.969,3
Denmark,DNK,1947,0.901,0.97,3
Denmark,DNK,1948,0.903,0.971,3
Denmark,DNK,1949,0.903,0.971,3
Denmark,DNK,1950,0.904,0.971,3
Denmark,DNK,1951,0.901,0.972,3
Denmark,DNK,1952,0.901,0.972,3
Denmark,DNK,1953,0.902,0.973,3
Denmark,DNK,1954,0.899,0.981,3
Denmark,DNK,1955,0.901,0.981,3
Denmark,DNK,1956,0.901,0.981,3
Denmark,DNK,1957,0.902,0.981,3
Denmark,DNK,1958,0.902,0.981,3
Denmark,DNK,1959,0.902,0.981,3
Denmark,DNK,1960,0.903,0.981,3
Denmark,DNK,1961,0.905,0.981,3
Denmark,DNK,1962,0.905,0.981,3
Denmark,DNK,1963,0.905,0.981,3
Denmark,DNK,1964,0.904,0.981,3
Denmark,DNK,1965,0.9,0.981,3
Denmark,DNK,1966,0.9,0.981,3
Denmark,DNK,1967,0.902,0.981,3
Denmark,DNK,1968,0.904,0.981,3
Denmark,DNK,1969,0.904,0.983,3
Denmark,DNK,1970,0.904,0.983,3
Denmark,DNK,1971,0.905,0.983,3
Denmark,DNK,1972,0.908,0.983,3
Denmark,DNK,1973,0.908,0.984,3
Denmark,DNK,1974,0.908,0.984,3
Denmark,DNK,1975,0.907,0.984,3
Denmark,DNK,1976,0.907,0.984,3
Denmark,DNK,1977,0.908,0.984,3
Denmark,DNK,1978,0.908,0.984,3
Denmark,DNK,1979,0.908,0.984,3
Denmark,DNK,1980,0.907,0.984,3
Denmark,DNK,1981,0.907,0.984,3
Denmark,DNK,1982,0.909,0.984,3
Denmark,DNK,1983,0.909,0.984,3
Denmark,DNK,1984,0.906,0.984,3
Denmark,DNK,1985,0.906,0.984,3
Denmark,DNK,1986,0.906,0.984,3
Denmark,DNK,1987,0.907,0.984,3
Denmark,DNK,1988,0.908,0.984,3
Denmark,DNK,1989,0.908,0.984,3
Denmark,DNK,1990,0.908,0.984,3
Denmark,DNK,1991,0.909,0.984,3
Denmark,DNK,1992,0.909,0.984,3
Denmark,DNK,1993,0.909,0.984,3
Denmark,DNK,1994,0.909,0.984,3
Denmark,DNK,1995,0.908,0.984,3
Denmark,DNK,1996,0.908,0.984,3
Denmark,DNK,1997,0.908,0.984,3
Denmark,DNK,1998,0.906,0.984,3
Denmark,DNK,1999,0.906,0.984,3
Denmark,DNK,2000,0.906,0.984,3
Denmark,DNK,2001,0.906,0.984,3
Denmark,DNK,2002,0.908,0.984,3
Denmark,DNK,2003,0.908,0.984,3
Denmark,DNK,2004,0.908,0.984,3
Denmark,DNK,2005,0.92,0.984,3
Denmark,DNK,2006,0.922,0.984,3
Denmark,DNK,2007,0.922,0.984,3
Denmark,DNK,2008,0.921,0.984,3
Denmark,DNK,2009,0.921,0.984,3
Denmark,DNK,2010,0.921,0.984,3
Denmark,DNK,2011,0.921,0.984,3
Denmark,DNK,2012,0.921,0.984,3
Denmark,DNK,2013,0.921,0.983,3
Denmark,DNK,2014,0.921,0.983,3
Denmark,DNK,2015,0.921,0.984,3
Denmark,DNK,2016,0.918,0.984,3
Denmark,DNK,2017,0.918,0.982,3
Denmark,DNK,2018,0.918,0.981,3
Denmark,DNK,2019,0.916,0.98,3
Denmark,DNK,2020,0.915,0.974,3
Denmark,DNK,2021,0.915,0.976,3
Denmark,DNK,2022,0.915,0.981,3
Denmark,DNK,2023,0.917,0.975,3
Denmark,DNK,2024,0.917,0.975,3
Denmark,DNK,2025,0.913,0.979,3
Equatorial Guinea,GNQ,1900,0.012,0.043,0
Equatorial Guinea,GNQ,1901,0.012,0.043,0
Equatorial Guinea,GNQ,1902,0.012,0.043,0
Equatorial Guinea,GNQ,1903,0.012,0.043,0
Equatorial Guinea,GNQ,1904,0.013,0.043,0
Equatorial Guinea,GNQ,1905,0.013,0.043,0
Equatorial Guinea,GNQ,1906,0.013,0.044,0
Equatorial Guinea,GNQ,1907,0.013,0.044,0
Equatorial Guinea,GNQ,1908,0.013,0.044,0
Equatorial Guinea,GNQ,1909,0.013,0.044,0
Equatorial Guinea,GNQ,1910,0.013,0.043,0
Equatorial Guinea,GNQ,1911,0.013,0.044,0
Equatorial Guinea,GNQ,1912,0.013,0.044,0
Equatorial Guinea,GNQ,1913,0.013,0.044,0
Equatorial Guinea,GNQ,1914,0.013,0.044,0
Equatorial Guinea,GNQ,1915,0.013,0.044,0
Equatorial Guinea,GNQ,1916,0.013,0.044,0
Equatorial Guinea,GNQ,1917,0.013,0.044,0
Equatorial Guinea,GNQ,1918,0.013,0.044,0
Equatorial Guinea,GNQ,1919,0.013,0.044,0
Equatorial Guinea,GNQ,1920,0.013,0.044,0
Equatorial Guinea,GNQ,1921,0.013,0.044,0
Equatorial Guinea,GNQ,1922,0.013,0.044,0
Equatorial Guinea,GNQ,1923,0.013,0.044,0
Equatorial Guinea,GNQ,1924,0.013,0.044,0
Equatorial Guinea,GNQ,1925,0.013,0.044,0
Equatorial Guinea,GNQ,1926,0.013,0.044,0
Equatorial Guinea,GNQ,1927,0.013,0.044,0
Equatorial Guinea,GNQ,1928,0.013,0.044,0
Equatorial Guinea,GNQ,1929,0.013,0.044,0
Equatorial Guinea,GNQ,1930,0.013,0.044,0
Equatorial Guinea,GNQ,1931,0.013,0.044,0
Equatorial Guinea,GNQ,1932,0.013,0.044,0
Equatorial Guinea,GNQ,1933,0.013,0.044,0
Equatorial Guinea,GNQ,1934,0.013,0.044,0
Equatorial Guinea,GNQ,1935,0.013,0.044,0
Equatorial Guinea,GNQ,1936,0.013,0.044,0
Equatorial Guinea,GNQ,1937,0.013,0.044,0
Equatorial Guinea,GNQ,1938,0.013,0.044,0
Equatorial Guinea,GNQ,1939,0.013,0.044,0
Equatorial Guinea,GNQ,1940,0.013,0.044,0
Equatorial Guinea,GNQ,1941,0.013,0.044,0
Equatorial Guinea,GNQ,1942,0.013,0.043,0
Equatorial Guinea,GNQ,1943,0.013,0.043,0
Equatorial Guinea,GNQ,1944,0.013,0.045,0
Equatorial Guinea,GNQ,1945,0.014,0.045,0
Equatorial Guinea,GNQ,1946,0.014,0.045,0
Equatorial Guinea,GNQ,1947,0.014,0.045,0
Equatorial Guinea,GNQ,1948,0.014,0.045,0
Equatorial Guinea,GNQ,1949,0.014,0.045,0
Equatorial Guinea,GNQ,1950,0.019,0.057,0
Equatorial Guinea,GNQ,1951,0.019,0.057,0
Equatorial Guinea,GNQ,1952,0.019,0.057,0
Equatorial Guinea,GNQ,1953,0.019,0.057,0
Equatorial Guinea,GNQ,1954,0.019,0.057,0
Equatorial Guinea,GNQ,1955,0.02,0.057,0
Equatorial Guinea,GNQ,1956,0.02,0.057,0
Equatorial Guinea,GNQ,1957,0.02,0.057,0
Equatorial Guinea,GNQ,1958,0.02,0.057,0
Equatorial Guinea,GNQ,1959,0.032,0.07,0
Equatorial Guinea,GNQ,1960,0.035,0.139,0
Equatorial Guinea,GNQ,1961,0.036,0.139,0
Equatorial Guinea,GNQ,1962,0.036,0.139,0
Equatorial Guinea,GNQ,1963,0.036,0.143,0
Equatorial Guinea,GNQ,1964,0.043,0.171,0
Equatorial Guinea,GNQ,1965,0.045,0.171,0
Equatorial Guinea,GNQ,1966,0.045,0.171,0
Equatorial Guinea,GNQ,1967,0.045,0.171,0
Equatorial Guinea,GNQ,1968,0.167,0.171,1
Equatorial Guinea,GNQ,1969,0.177,0.1,1
Equatorial Guinea,GNQ,1970,0.169,0.017,1
Equatorial Guinea,GNQ,1971,0.111,0.006,1
Equatorial Guinea,GNQ,1972,0.1,0.004,1
Equatorial Guinea,GNQ,1973,0.068,0.018,1
Equatorial Guinea,GNQ,1974,0.068,0.018,1
Equatorial Guinea,GNQ,1975,0.068,0.018,1
Equatorial Guinea,GNQ,1976,0.068,0.018,1
Equatorial Guinea,GNQ,1977,0.068,0.018,1
Equatorial Guinea,GNQ,1978,0.068,0.018,1
Equatorial Guinea,GNQ,1979,0.043,0.019,0
Equatorial Guinea,GNQ,1980,0.031,0.078,0
Equatorial Guinea,GNQ,1981,0.031,0.081,0
Equatorial Guinea,GNQ,1982,0.102,0.081,0
Equatorial Guinea,GNQ,1983,0.135,0.1,0
Equatorial Guinea,GNQ,1984,0.146,0.121,0
Equatorial Guinea,GNQ,1985,0.146,0.121,0
Equatorial Guinea,GNQ,1986,0.146,0.121,0
Equatorial Guinea,GNQ,1987,0.146,0.116,0
Equatorial Guinea,GNQ,1988,0.162,0.116,0
Equatorial Guinea,GNQ,1989,0.163,0.116,0
Equatorial Guinea,GNQ,1990,0.162,0.125,0
Equatorial Guinea,GNQ,1991,0.162,0.125,0
Equatorial Guinea,GNQ,1992,0.162,0.123,0
Equatorial Guinea,GNQ,1993,0.171,0.126,0
Equatorial Guinea,GNQ,1994,0.176,0.126,0
Equatorial Guinea,GNQ,1995,0.181,0.123,0
Equatorial Guinea,GNQ,1996,0.182,0.123,1
Equatorial Guinea,GNQ,1997,0.18,0.122,1
Equatorial Guinea,GNQ,1998,0.18,0.122,1
Equatorial Guinea,GNQ,1999,0.182,0.121,1
Equatorial Guinea,GNQ,2000,0.186,0.122,1
Equatorial Guinea,GNQ,2001,0.186,0.122,1
Equatorial Guinea,GNQ,2002,0.186,0.124,1
Equatorial Guinea,GNQ,2003,0.185,0.124,1
Equatorial Guinea,GNQ,2004,0.184,0.124,1
Equatorial Guinea,GNQ,2005,0.18,0.128,1
Equatorial Guinea,GNQ,2006,0.182,0.129,1
Equatorial Guinea,GNQ,2007,0.182,0.128,1
Equatorial Guinea,GNQ,2008,0.179,0.128,1
Equatorial Guinea,GNQ,2009,0.18,0.127,1
Equatorial Guinea,GNQ,2010,0.177,0.118,1
Equatorial Guinea,GNQ,2011,0.176,0.118,1
Equatorial Guinea,GNQ,2012,0.176,0.118,1
Equatorial Guinea,GNQ,2013,0.177,0.126,1
Equatorial Guinea,GNQ,2014,0.179,0.126,1
Equatorial Guinea,GNQ,2015,0.178,0.118,1
Equatorial Guinea,GNQ,2016,0.18,0.123,1
Equatorial Guinea,GNQ,2017,0.174,0.119,1
Equatorial Guinea,GNQ,2018,0.177,0.127,1
Equatorial Guinea,GNQ,2019,0.178,0.124,1
Equatorial Guinea,GNQ,2020,0.175,0.123,1
Equatorial Guinea,GNQ,2021,0.172,0.123,1
Equatorial Guinea,GNQ,2022,0.173,0.117,1
Equatorial Guinea,GNQ,2023,0.183,0.129,1
Equatorial Guinea,GNQ,2024,0.176,0.116,1
Equatorial Guinea,GNQ,2025,0.172,0.114,1
Estonia,EST,1918,0.239,0.59,0
Estonia,EST,1919,0.491,0.741,1
Estonia,EST,1920,0.617,0.854,2
Estonia,EST,1921,0.69,0.866,2
Estonia,EST,1922,0.677,0.873,2
Estonia,EST,1923,0.679,0.873,2
Estonia,EST,1924,0.665,0.873,2
Estonia,EST,1925,0.662,0.873,2
Estonia,EST,1926,0.697,0.873,2
Estonia,EST,1927,0.707,0.873,2
Estonia,EST,1928,0.707,0.873,2
Estonia,EST,1929,0.704,0.873,2
Estonia,EST,1930,0.699,0.867,2
Estonia,EST,1931,0.703,0.867,2
Estonia,EST,1932,0.675,0.869,2
Estonia,EST,1933,0.61,0.847,2
Estonia,EST,1934,0.351,0.644,1
Estonia,EST,1935,0.126,0.563,0
Estonia,EST,1936,0.129,0.561,0
Estonia,EST,1937,0.127,0.558,0
Estonia,EST,1938,0.241,0.635,0
Estonia,EST,1939,0.278,0.656,0
Estonia,EST,1990,0.797,0.853,2
Estonia,EST,1991,0.608,0.773,2
Estonia,EST,1992,0.45,0.693,1
Estonia,EST,1993,0.881,0.925,2
Estonia,EST,1994,0.869,0.924,2
Estonia,EST,1995,0.869,0.93,2
Estonia,EST,1996,0.869,0.937,3
Estonia,EST,1997,0.869,0.937,3
Estonia,EST,1998,0.869,0.937,3
Estonia,EST,1999,0.869,0.94,3
Estonia,EST,2000,0.869,0.941,3
Estonia,EST,2001,0.869,0.941,3
Estonia,EST,2002,0.871,0.943,3
Estonia,EST,2003,0.868,0.943,3
Estonia,EST,2004,0.871,0.943,3
Estonia,EST,2005,0.871,0.943,3
Estonia,EST,2006,0.871,0.944,3
Estonia,EST,2007,0.871,0.94,3
Estonia,EST,2008,0.871,0.94,3
Estonia,EST,2009,0.874,0.942,3
Estonia,EST,2010,0.88,0.955,3
Estonia,EST,2011,0.883,0.955,3
Estonia,EST,2012,0.883,0.952,3
Estonia,EST,2013,0.883,0.956,3
Estonia,EST,2014,0.888,0.956,3
Estonia,EST,2015,0.894,0.956,3
Estonia,EST,2016,0.907,0.956,3
Estonia,EST,2017,0.907,0.959,3
Estonia,EST,2018,0.906,0.962,3
Estonia,EST,2019,0.898,0.955,3
Estonia,EST,2020,0.897,0.947,3
Estonia,EST,2021,0.9,0.959,3
Estonia,EST,2022,0.896,0.966,3
Estonia,EST,2023,0.893,0.959,3
Estonia,EST,2024,0.893,0.962,3
Estonia,EST,2025,0.887,0.954,3
Fiji,FJI,1900,0.144,0.396,0
Fiji,FJI,1901,0.144,0.396,0
Fiji,FJI,1902,0.144,0.396,0
Fiji,FJI,1903,0.144,0.396,0
Fiji,FJI,1904,0.144,0.565,0
Fiji,FJI,1905,0.192,0.565,0
Fiji,FJI,1906,0.192,0.565,0
Fiji,FJI,1907,0.192,0.565,0
Fiji,FJI,1908,0.205,0.565,0
Fiji,FJI,1909,0.205,0.565,0
Fiji,FJI,1910,0.205,0.565,0
Fiji,FJI,1911,0.205,0.565,0
Fiji,FJI,1912,0.205,0.565,0
Fiji,FJI,1913,0.205,0.565,0
Fiji,FJI,1914,0.202,0.565,0
Fiji,FJI,1915,0.202,0.565,0
Fiji,FJI,1916,0.202,0.565,0
Fiji,FJI,1917,0.202,0.565,0
Fiji,FJI,1918,0.202,0.565,0
Fiji,FJI,1919,0.202,0.565,0
Fiji,FJI,1920,0.2,0.565,0
Fiji,FJI,1921,0.2,0.565,0
Fiji,FJI,1922,0.2,0.565,0
Fiji,FJI,1923,0.201,0.565,0
Fiji,FJI,1924,0.201,0.565,0
Fiji,FJI,1925,0.201,0.565,0
Fiji,FJI,1926,0.201,0.565,0
Fiji,FJI,1927,0.201,0.565,0
Fiji,FJI,1928,0.201,0.565,0
Fiji,FJI,1929,0.201,0.565,0
Fiji,FJI,1930,0.21,0.565,0
Fiji,FJI,1931,0.21,0.565,0
Fiji,FJI,1932,0.21,0.565,0
Fiji,FJI,1933,0.21,0.565,0
Fiji,FJI,1934,0.21,0.565,0
Fiji,FJI,1935,0.21,0.565,0
Fiji,FJI,1936,0.211,0.565,0
Fiji,FJI,1937,0.211,0.565,0
Fiji,FJI,1938,0.211,0.565,0
Fiji,FJI,1939,0.211,0.565,0
Fiji,FJI,1940,0.211,0.565,0
Fiji,FJI,1941,0.211,0.565,0
Fiji,FJI,1942,0.211,0.565,0
Fiji,FJI,1943,0.211,0.565,0
Fiji,FJI,1944,0.213,0.565,0
Fiji,FJI,1945,0.213,0.565,0
Fiji,FJI,1946,0.213,0.565,0
Fiji,FJI,1947,0.21,0.565,0
Fiji,FJI,1948,0.21,0.565,0
Fiji,FJI,1949,0.21,0.565,0
Fiji,FJI,1950,0.212,0.574,0
Fiji,FJI,1951,0.212,0.574,0
Fiji,FJI,1952,0.212,0.574,0
Fiji,FJI,1953,0.213,0.574,0
Fiji,FJI,1954,0.213,0.574,0
Fiji,FJI,1955,0.213,0.574,0
Fiji,FJI,1956,0.21,0.574,0
Fiji,FJI,1957,0.212,0.574,0
Fiji,FJI,1958,0.212,0.574,0
Fiji,FJI,1959,0.212,0.574,0
Fiji,FJI,1960,0.215,0.574,0
Fiji,FJI,1961,0.218,0.574,0
Fiji,FJI,1962,0.218,0.574,0
Fiji,FJI,1963,0.279,0.574,0
Fiji,FJI,1964,0.288,0.574,0
Fiji,FJI,1965,0.288,0.574,0
Fiji,FJI,1966,0.298,0.574,0
Fiji,FJI,1967,0.312,0.574,1
Fiji,FJI,1968,0.481,0.574,1
Fiji,FJI,1969,0.481,0.574,1
Fiji,FJI,1970,0.506,0.701,2
Fiji,FJI,1971,0.516,0.701,2
Fiji,FJI,1972,0.537,0.701,2
Fiji,FJI,1973,0.569,0.701,2
Fiji,FJI,1974,0.569,0.701,2
Fiji,FJI,1975,0.569,0.701,2
Fiji,FJI,1976,0.569,0.701,2
Fiji,FJI,1977,0.572,0.701,2
Fiji,FJI,1978,0.572,0.701,2
Fiji,FJI,1979,0.572,0.701,2
Fiji,FJI,1980,0.572,0.701,2
Fiji,FJI,1981,0.572,0.701,2
Fiji,FJI,1982,0.571,0.701,2
Fiji,FJI,1983,0.569,0.701,2
Fiji,FJI,1984,0.569,0.701,2
Fiji,FJI,1985,0.569,0.701,2
Fiji,FJI,1986,0.569,0.701,2
Fiji,FJI,1987,0.327,0.381,0
Fiji,FJI,1988,0.219,0.41,0
Fiji,FJI,1989,0.219,0.41,0
Fiji,FJI,1990,0.223,0.416,0
Fiji,FJI,1991,0.224,0.421,0
Fiji,FJI,1992,0.403,0.551,1
Fiji,FJI,1993,0.54,0.686,2
Fiji,FJI,1994,0.525,0.686,2
Fiji,FJI,1995,0.522,0.688,2
Fiji,FJI,1996,0.522,0.685,2
Fiji,FJI,1997,0.543,0.706,2
Fiji,FJI,1998,0.543,0.706,2
Fiji,FJI,1999,0.542,0.706,2
Fiji,FJI,2000,0.344,0.445,0
Fiji,FJI,2001,0.256,0.498,0
Fiji,FJI,2002,0.317,0.641,1
Fiji,FJI,2003,0.53,0.641,2
Fiji,FJI,2004,0.53,0.641,2
Fiji,FJI,2005,0.53,0.641,2
Fiji,FJI,2006,0.395,0.561,1
Fiji,FJI,2007,0.134,0.349,0
Fiji,FJI,2008,0.131,0.35,0
Fiji,FJI,2009,0.129,0.323,0
Fiji,FJI,2010,0.131,0.352,0
Fiji,FJI,2011,0.131,0.352,0
Fiji,FJI,2012,0.135,0.352,0
Fiji,FJI,2013,0.14,0.379,0
Fiji,FJI,2014,0.196,0.435,1
Fiji,FJI,2015,0.385,0.597,1
Fiji,FJI,2016,0.397,0.591,1
Fiji,FJI,2017,0.4,0.609,1
Fiji,FJI,2018,0.403,0.597,1
Fiji,FJI,2019,0.391,0.57,1
Fiji,FJI,2020,0.411,0.575,1
Fiji,FJI,2021,0.4,0.571,1
Fiji,FJI,2022,0.398,0.555,1
Fiji,FJI,2023,0.509,0.776,2
Fiji,FJI,2024,0.514,0.769,2
Fiji,FJI,2025,0.507,0.749,2
Finland,FIN,1900,0.259,0.444,0
Finland,FIN,1901,0.259,0.444,0
Finland,FIN,1902,0.26,0.444,0
Finland,FIN,1903,0.26,0.444,0
Finland,FIN,1904,0.26,0.435,0
Finland,FIN,1905,0.263,0.44,0
Finland,FIN,1906,0.274,0.475,0
Finland,FIN,1907,0.342,0.533,0
Finland,FIN,1908,0.339,0.53,0
Finland,FIN,1909,0.336,0.529,0
Finland,FIN,1910,0.336,0.543,0
Finland,FIN,1911,0.336,0.548,0
Finland,FIN,1912,0.336,0.618,0
Finland,FIN,1913,0.336,0.618,0
Finland,FIN,1914,0.326,0.609,0
Finland,FIN,1915,0.326,0.609,0
Finland,FIN,1916,0.326,0.609,0
Finland,FIN,1917,0.357,0.667,1
Finland,FIN,1918,0.538,0.706,2
Finland,FIN,1919,0.634,0.826,2
Finland,FIN,1920,0.656,0.833,2
Finland,FIN,1921,0.661,0.833,2
Finland,FIN,1922,0.657,0.838,2
Finland,FIN,1923,0.645,0.844,2
Finland,FIN,1924,0.642,0.847,2
Finland,FIN,1925,0.642,0.848,2
Finland,FIN,1926,0.642,0.852,2
Finland,FIN,1927,0.642,0.852,2
Finland,FIN,1928,0.642,0.854,2
Finland,FIN,1929,0.638,0.854,2
Finland,FIN,1930,0.577,0.854,2
Finland,FIN,1931,0.577,0.855,2
Finland,FIN,1932,0.578,0.857,2
Finland,FIN,1933,0.588,0.867,2
Finland,FIN,1934,0.588,0.87,2
Finland,FIN,1935,0.588,0.87,2
Finland,FIN,1936,0.595,0.874,2
Finland,FIN,1937,0.602,0.883,2
Finland,FIN,1938,0.602,0.889,2
Finland,FIN,1939,0.527,0.851,2
Finland,FIN,1940,0.502,0.856,2
Finland,FIN,1941,0.502,0.858,2
Finland,FIN,1942,0.497,0.858,1
Finland,FIN,1943,0.497,0.858,1
Finland,FIN,1944,0.497,0.86,1
Finland,FIN,1945,0.675,0.87,2
Finland,FIN,1946,0.726,0.913,2
Finland,FIN,1947,0.713,0.917,2
Finland,FIN,1948,0.738,0.907,2
Finland,FIN,1949,0.803,0.954,3
Finland,FIN,1950,0.812,0.96,3
Finland,FIN,1951,0.812,0.96,3
Finland,FIN,1952,0.813,0.96,3
Finland,FIN,1953,0.816,0.96,3
Finland,FIN,1954,0.817,0.96,3
Finland,FIN,1955,0.817,0.96,3
Finland,FIN,1956,0.806,0.96,3
Finland,FIN,1957,0.806,0.96,3
Finland,FIN,1958,0.81,0.96,3
Finland,FIN,1959,0.814,0.96,3
Finland,FIN,1960,0.814,0.963,3
Finland,FIN,1961,0.814,0.963,3
Finland,FIN,1962,0.805,0.963,3
Finland,FIN,1963,0.806,0.963,3
Finland,FIN,1964,0.806,0.963,3
Finland,FIN,1965,0.811,0.963,3
Finland,FIN,1966,0.807,0.963,3
Finland,FIN,1967,0.815,0.963,3
Finland,FIN,1968,0.817,0.963,3
Finland,FIN,1969,0.812,0.963,3
Finland,FIN,1970,0.811,0.963,3
Finland,FIN,1971,0.811,0.963,3
Finland,FIN,1972,0.809,0.963,3
Finland,FIN,1973,0.809,0.958,3
Finland,FIN,1974,0.809,0.962,3
Finland,FIN,1975,0.811,0.962,3
Finland,FIN,1976,0.818,0.962,3
Finland,FIN,1977,0.818,0.962,3
Finland,FIN,1978,0.816,0.962,3
Finland,FIN,1979,0.816,0.962,3
Finland,FIN,1980,0.818,0.962,3
Finland,FIN,1981,0.822,0.962,3
Finland,FIN,1982,0.837,0.96,3
Finland,FIN,1983,0.842,0.964,3
Finland,FIN,1984,0.843,0.964,3
Finland,FIN,1985,0.843,0.964,3
Finland,FIN,1986,0.843,0.968,3
Finland,FIN,1987,0.847,0.968,3
Finland,FIN,1988,0.847,0.968,3
Finland,FIN,1989,0.847,0.968,3
Finland,FIN,1990,0.859,0.97,3
Finland,FIN,1991,0.864,0.97,3
Finland,FIN,1992,0.864,0.97,3
Finland,FIN,1993,0.871,0.97,3
Finland,FIN,1994,0.871,0.97,3
Finland,FIN,1995,0.872,0.97,3
Finland,FIN,1996,0.873,0.97,3
Finland,FIN,1997,0.873,0.97,3
Finland,FIN,1998,0.873,0.97,3
Finland,FIN,1999,0.873,0.97,3
Finland,FIN,2000,0.873,0.97,3
Finland,FIN,2001,0.873,0.97,3
Finland,FIN,2002,0.873,0.97,3
Finland,FIN,2003,0.871,0.97,3
Finland,FIN,2004,0.871,0.97,3
Finland,FIN,2005,0.871,0.97,3
Finland,FIN,2006,0.88,0.97,3
Finland,FIN,2007,0.881,0.97,3
Finland,FIN,2008,0.881,0.97,3
Finland,FIN,2009,0.881,0.97,3
Finland,FIN,2010,0.881,0.97,3
Finland,FIN,2011,0.884,0.968,3
Finland,FIN,2012,0.885,0.968,3
Finland,FIN,2013,0.891,0.977,3
Finland,FIN,2014,0.891,0.977,3
Finland,FIN,2015,0.869,0.969,3
Finland,FIN,2016,0.869,0.969,3
Finland,FIN,2017,0.873,0.976,3
Finland,FIN,2018,0.884,0.976,3
Finland,FIN,2019,0.881,0.971,3
Finland,FIN,2020,0.88,0.975,3
Finland,FIN,2021,0.871,0.976,3
Finland,FIN,2022,0.869,0.97,3
Finland,FIN,2023,0.853,0.97,3
Finland,FIN,2024,0.827,0.966,3
Finland,FIN,2025,0.852,0.965,3
Greece,GRC,1900,0.387,0.561,1
Greece,GRC,1901,0.387,0.561,1
Greece,GRC,1902,0.384,0.561,1
Greece,GRC,1903,0.363,0.561,1
Greece,GRC,1904,0.363,0.561,1
Greece,GRC,1905,0.36,0.561,1
Greece,GRC,1906,0.365,0.561,1
Greece,GRC,1907,0.366,0.561,1
Greece,GRC,1908,0.366,0.561,1
Greece,GRC,1909,0.365,0.566,1
Greece,GRC,1910,0.361,0.572,1
Greece,GRC,1911,0.354,0.577,1
Greece,GRC,1912,0.37,0.579,1
Greece,GRC,1913,0.374,0.579,1
Greece,GRC,1914,0.374,0.579,1
Greece,GRC,1915,0.358,0.572,1
Greece,GRC,1916,0.25,0.571,0
Greece,GRC,1917,0.22,0.56,0
Greece,GRC,1920,0.367,0.56,1
Greece,GRC,1921,0.367,0.565,1
Greece,GRC,1922,0.336,0.562,1
Greece,GRC,1923,0.258,0.558,0
Greece,GRC,1924,0.369,0.563,1
Greece,GRC,1925,0.252,0.527,1
Greece,GRC,1926,0.176,0.397,1
Greece,GRC,1927,0.357,0.593,1
Greece,GRC,1928,0.357,0.6,1
Greece,GRC,1929,0.359,0.608,1
Greece,GRC,1930,0.358,0.608,1
Greece,GRC,1931,0.358,0.608,1
Greece,GRC,1932,0.359,0.608,1
Greece,GRC,1933,0.354,0.597,1
Greece,GRC,1934,0.354,0.592,1
Greece,GRC,1935,0.301,0.546,0
Greece,GRC,1936,0.061,0.216,0
Greece,GRC,1937,0.045,0.242,0
Greece,GRC,1938,0.045,0.242,0
Greece,GRC,1939,0.045,0.242,0
Greece,GRC,1940,0.042,0.176,0
Greece,GRC,1941,0.041,0.162,0
Greece,GRC,1942,0.046,0.169,0
Greece,GRC,1943,0.046,0.173,0
Greece,GRC,1944,0.047,0.175,0
Greece,GRC,1945,0.119,0.267,0
Greece,GRC,1946,0.181,0.456,0
Greece,GRC,1947,0.27,0.526,1
Greece,GRC,1948,0.272,0.529,1
Greece,GRC,1949,0.272,0.531,1
Greece,GRC,1950,0.306,0.608,1
Greece,GRC,1951,0.31,0.625,1
Greece,GRC,1952,0.315,0.651,1
Greece,GRC,1953,0.385,0.622,1
Greece,GRC,1954,0.387,0.667,1
Greece,GRC,1955,0.389,0.689,1
Greece,GRC,1956,0.389,0.698,1
Greece,GRC,1957,0.388,0.703,1
Greece,GRC,1958,0.389,0.703,1
Greece,GRC,1959,0.389,0.703,1
Greece,GRC,1960,0.389,0.703,1
Greece,GRC,1961,0.387,0.701,1
Greece,GRC,1962,0.376,0.705,1
Greece,GRC,1963,0.379,0.707,1
Greece,GRC,1964,0.395,0.709,1
Greece,GRC,1965,0.395,0.706,1
Greece,GRC,1966,0.342,0.699,1
Greece,GRC,1967,0.115,0.316,0
Greece,GRC,1968,0.074,0.237,0
Greece,GRC,1969,0.074,0.237,0
Greece,GRC,1970,0.074,0.237,0
Greece,GRC,1971,0.074,0.237,0
Greece,GRC,1972,0.074,0.237,0
Greece,GRC,1973,0.074,0.237,0
Greece,GRC,1974,0.136,0.293,1
Greece,GRC,1975,0.744,0.797,2
Greece,GRC,1976,0.812,0.859,3
Greece,GRC,1977,0.827,0.884,3
Greece,GRC,1978,0.826,0.884,3
Greece,GRC,1979,0.826,0.884,3
Greece,GRC,1980,0.826,0.884,3
Greece,GRC,1981,0.834,0.884,3
Greece,GRC,1982,0.848,0.888,3
Greece,GRC,1983,0.848,0.888,3
Greece,GRC,1984,0.857,0.89,3
Greece,GRC,1985,0.858,0.89,3
Greece,GRC,1986,0.858,0.89,3
Greece,GRC,1987,0.861,0.89,3
Greece,GRC,1988,0.861,0.89,3
Greece,GRC,1989,0.867,0.89,3
Greece,GRC,1990,0.882,0.89,3
Greece,GRC,1991,0.882,0.89,3
Greece,GRC,1992,0.882,0.892,3
Greece,GRC,1993,0.882,0.893,3
Greece,GRC,1994,0.884,0.893,3
Greece,GRC,1995,0.884,0.894,3
Greece,GRC,1996,0.884,0.902,3
Greece,GRC,1997,0.883,0.902,3
Greece,GRC,1998,0.883,0.902,3
Greece,GRC,1999,0.883,0.902,3
Greece,GRC,2000,0.882,0.903,3
Greece,GRC,2001,0.887,0.903,3
Greece,GRC,2002,0.887,0.903,3
Greece,GRC,2003,0.887,0.903,3
Greece,GRC,2004,0.889,0.903,3
Greece,GRC,2005,0.89,0.903,3
Greece,GRC,2006,0.89,0.9,3
Greece,GRC,2007,0.895,0.895,3
Greece,GRC,2008,0.9,0.895,3
Greece,GRC,2009,0.901,0.895,3
Greece,GRC,2010,0.901,0.896,3
Greece,GRC,2011,0.901,0.9,3
Greece,GRC,2012,0.897,0.897,3
Greece,GRC,2013,0.889,0.898,3
Greece,GRC,2014,0.889,0.901,3
Greece,GRC,2015,0.88,0.89,3
Greece,GRC,2016,0.872,0.889,3
Greece,GRC,2017,0.868,0.889,3
Greece,GRC,2018,0.859,0.892,3
Greece,GRC,2019,0.864,0.881,3
Greece,GRC,2020,0.788,0.846,2
Greece,GRC,2021,0.76,0.82,2
Greece,GRC,2022,0.762,0.776,2
Greece,GRC,2023,0.735,0.76,2
Greece,GRC,2024,0.744,0.733,2
Greece,GRC,2025,0.741,0.74,2
Guyana,GUY,1900,0.121,0.519,0
Guyana,GUY,1901,0.219,0.519,0
Guyana,GUY,1902,0.219,0.519,0
Guyana,GUY,1903,0.219,0.519,0
Guyana,GUY,1904,0.219,0.523,0
Guyana,GUY,1905,0.219,0.523,0
Guyana,GUY,1906,0.218,0.523,0
Guyana,GUY,1907,0.218,0.523,0
Guyana,GUY,1908,0.218,0.523,0
Guyana,GUY,1909,0.218,0.523,0
Guyana,GUY,1910,0.221,0.523,0
Guyana,GUY,1911,0.22,0.523,0
Guyana,GUY,1912,0.22,0.523,0
Guyana,GUY,1913,0.22,0.523,0
Guyana,GUY,1914,0.22,0.523,0
Guyana,GUY,1915,0.22,0.523,0
Guyana,GUY,1916,0.222,0.523,0
Guyana,GUY,1917,0.222,0.523,0
Guyana,GUY,1918,0.222,0.529,0
Guyana,GUY,1919,0.222,0.529,0
Guyana,GUY,1920,0.222,0.529,0
Guyana,GUY,1921,0.221,0.529,0
Guyana,GUY,1922,0.22,0.529,0
Guyana,GUY,1923,0.22,0.531,0
Guyana,GUY,1924,0.22,0.531,0
Guyana,GUY,1925,0.22,0.531,0
Guyana,GUY,1926,0.219,0.531,0
Guyana,GUY,1927,0.216,0.531,0
Guyana,GUY,1928,0.215,0.531,0
Guyana,GUY,1929,0.221,0.531,0
Guyana,GUY,1930,0.222,0.531,0
Guyana,GUY,1931,0.222,0.531,0
Guyana,GUY,1932,0.222,0.531,0
Guyana,GUY,1933,0.222,0.531,0
Guyana,GUY,1934,0.222,0.531,0
Guyana,GUY,1935,0.222,0.531,0
Guyana,GUY,1936,0.224,0.531,0
Guyana,GUY,1937,0.224,0.531,0
Guyana,GUY,1938,0.225,0.531,0
Guyana,GUY,1939,0.225,0.531,0
Guyana,GUY,1940,0.225,0.531,0
Guyana,GUY,1941,0.225,0.531,0
Guyana,GUY,1942,0.225,0.531,0
Guyana,GUY,1943,0.225,0.531,0
Guyana,GUY,1944,0.225,0.531,0
Guyana,GUY,1945,0.237,0.531,0
Guyana,GUY,1946,0.237,0.531,0
Guyana,GUY,1947,0.239,0.531,0
Guyana,GUY,1948,0.238,0.531,0
Guyana,GUY,1949,0.238,0.531,0
Guyana,GUY,1950,0.239,0.54,0
Guyana,GUY,1951,0.239,0.54,0
Guyana,GUY,1952,0.276,0.54,0
Guyana,GUY,1953,0.266,0.515,0
Guyana,GUY,1954,0.2,0.477,0
Guyana,GUY,1955,0.2,0.477,0
Guyana,GUY,1956,0.2,0.477,0
Guyana,GUY,1957,0.233,0.509,0
Guyana,GUY,1958,0.301,0.56,0
Guyana,GUY,1959,0.301,0.56,0
Guyana,GUY,1960,0.299,0.554,0
Guyana,GUY,1961,0.296,0.554,0
Guyana,GUY,1962,0.289,0.549,0
Guyana,GUY,1963,0.289,0.549,0
Guyana,GUY,1964,0.288,0.552,0
Guyana,GUY,1965,0.274,0.552,0
Guyana,GUY,1966,0.286,0.507,1
Guyana,GUY,1967,0.421,0.516,1
Guyana,GUY,1968,0.407,0.516,1
Guyana,GUY,1969,0.338,0.516,1
Guyana,GUY,1970,0.321,0.514,1
Guyana,GUY,1971,0.321,0.514,1
Guyana,GUY,1972,0.315,0.514,1
Guyana,GUY,1973,0.305,0.514,1
Guyana,GUY,1974,0.294,0.509,1
Guyana,GUY,1975,0.294,0.509,1
Guyana,GUY,1976,0.292,0.509,1
Guyana,GUY,1977,0.286,0.511,1
Guyana,GUY,1978,0.282,0.511,1
Guyana,GUY,1979,0.282,0.511,1
Guyana,GUY,1980,0.269,0.477,1
Guyana,GUY,1981,0.248,0.48,1
Guyana,GUY,1982,0.248,0.48,1
Guyana,GUY,1983,0.248,0.48,1
Guyana,GUY,1984,0.249,0.484,1
Guyana,GUY,1985,0.245,0.491,1
Guyana,GUY,1986,0.284,0.524,1
Guyana,GUY,1987,0.292,0.524,1
Guyana,GUY,1988,0.297,0.53,1
Guyana,GUY,1989,0.3,0.53,1
Guyana,GUY,1990,0.314,0.54,1
Guyana,GUY,1991,0.309,0.54,1
Guyana,GUY,1992,0.358,0.591,1
Guyana,GUY,1993,0.444,0.587,1
Guyana,GUY,1994,0.444,0.591,1
Guyana,GUY,1995,0.444,0.591,1
Guyana,GUY,1996,0.444,0.591,1
Guyana,GUY,1997,0.452,0.595,1
Guyana,GUY,1998,0.523,0.577,2
Guyana,GUY,1999,0.522,0.577,2
Guyana,GUY,2000,0.519,0.574,2
Guyana,GUY,2001,0.553,0.573,2
Guyana,GUY,2002,0.572,0.572,2
Guyana,GUY,2003,0.588,0.572,2
Guyana,GUY,2004,0.588,0.574,2
Guyana,GUY,2005,0.588,0.569,2
Guyana,GUY,2006,0.583,0.57,2
Guyana,GUY,2007,0.579,0.571,2
Guyana,GUY,2008,0.576,0.57,2
Guyana,GUY,2009,0.583,0.569,2
Guyana,GUY,2010,0.583,0.572,2
Guyana,GUY,2011,0.582,0.57,2
Guyana,GUY,2012,0.579,0.576,2
Guyana,GUY,2013,0.608,0.574,2
Guyana,GUY,2014,0.607,0.574,2
Guyana,GUY,2015,0.65,0.636,2
Guyana,GUY,2016,0.657,0.65,2
Guyana,GUY,2017,0.66,0.647,2
Guyana,GUY,2018,0.664,0.625,2
Guyana,GUY,2019,0.64,0.617,2
Guyana,GUY,2020,0.555,0.642,2
Guyana,GUY,2021,0.498,0.604,1
Guyana,GUY,2022,0.491,0.597,1
Guyana,GUY,2023,0.484,0.573,1
Guyana,GUY,2024,0.491,0.57,1
Guyana,GUY,2025,0.515,0.57,2
Hong Kong,HKG,1900,0.135,0.565,0
Hong Kong,HKG,1901,0.135,0.565,0
Hong Kong,HKG,1902,0.135,0.565,0
Hong Kong,HKG,1903,0.135,0.565,0
Hong Kong,HKG,1904,0.135,0.565,0
Hong Kong,HKG,1905,0.135,0.565,0
Hong Kong,HKG,1906,0.135,0.565,0
Hong Kong,HKG,1907,0.135,0.565,0
Hong Kong,HKG,1908,0.135,0.565,0
Hong Kong,HKG,1909,0.135,0.565,0
Hong Kong,HKG,1910,0.135,0.565,0
Hong Kong,HKG,1911,0.135,0.565,0
Hong Kong,HKG,1912,0.135,0.565,0
Hong Kong,HKG,1913,0.135,0.565,0
Hong Kong,HKG,1914,0.135,0.565,0
Hong Kong,HKG,1915,0.135,0.565,0
Hong Kong,HKG,1916,0.135,0.565,0
Hong Kong,HKG,1917,0.135,0.565,0
Hong Kong,HKG,1918,0.135,0.565,0
Hong Kong,HKG,1919,0.135,0.565,0
Hong Kong,HKG,1920,0.135,0.566,0
Hong Kong,HKG,1921,0.135,0.568,0
Hong Kong,HKG,1922,0.135,0.568,0
Hong Kong,HKG,1923,0.135,0.568,0
Hong Kong,HKG,1924,0.135,0.568,0
Hong Kong,HKG,1925,0.135,0.568,0
Hong Kong,HKG,1926,0.135,0.568,0
Hong Kong,HKG,1927,0.135,0.568,0
Hong Kong,HKG,1928,0.135,0.568,0
Hong Kong,HKG,1929,0.135,0.568,0
Hong Kong,HKG,1930,0.135,0.568,0
Hong Kong,HKG,1931,0.135,0.568,0
Hong Kong,HKG,1932,0.141,0.568,0
Hong Kong,HKG,1933,0.141,0.568,0
Hong Kong,HKG,1934,0.141,0.568,0
Hong Kong,HKG,1935,0.141,0.568,0
Hong Kong,HKG,1936,0.141,0.568,0
Hong Kong,HKG,1937,0.141,0.568,0
Hong Kong,HKG,1938,0.141,0.568,0
Hong Kong,HKG,1939,0.141,0.568,0
Hong Kong,HKG,1940,0.141,0.558,0
Hong Kong,HKG,1941,0.118,0.523,0
Hong Kong,HKG,1942,0.105,0.516,0
Hong Kong,HKG,1943,0.105,0.516,0
Hong Kong,HKG,1944,0.105,0.522,0
Hong Kong,HKG,1945,0.105,0.535,0
Hong Kong,HKG,1946,0.149,0.587,0
Hong Kong,HKG,1947,0.149,0.587,0
Hong Kong,HKG,1948,0.149,0.587,0
Hong Kong,HKG,1949,0.149,0.587,0
Hong Kong,HKG,1950,0.148,0.591,0
Hong Kong,HKG,1951,0.148,0.591,0
Hong Kong,HKG,1952,0.148,0.591,0
Hong Kong,HKG,1953,0.148,0.591,0
Hong Kong,HKG,1954,0.148,0.591,0
Hong Kong,HKG,1955,0.148,0.591,0
Hong Kong,HKG,1956,0.147,0.591,0
Hong Kong,HKG,1957,0.148,0.591,0
Hong Kong,HKG,1958,0.148,0.591,0
Hong Kong,HKG,1959,0.148,0.591,0
Hong Kong,HKG,1960,0.16,0.606,0
Hong Kong,HKG,1961,0.16,0.606,0
Hong Kong,HKG,1962,0.16,0.606,0
Hong Kong,HKG,1963,0.16,0.606,0
Hong Kong,HKG,1964,0.159,0.606,0
Hong Kong,HKG,1965,0.159,0.6,0
Hong Kong,HKG,1966,0.159,0.6,0
Hong Kong,HKG,1967,0.159,0.6,0
Hong Kong,HKG,1968,0.159,0.608,0
Hong Kong,HKG,1969,0.16,0.608,0
Hong Kong,HKG,1970,0.164,0.623,0
Hong Kong,HKG,1971,0.164,0.623,0
Hong Kong,HKG,1972,0.164,0.623,0
Hong Kong,HKG,1973,0.164,0.623,0
Hong Kong,HKG,1974,0.164,0.645,0
Hong Kong,HKG,1975,0.164,0.645,0
Hong Kong,HKG,1976,0.164,0.648,0
Hong Kong,HKG,1977,0.167,0.648,0
Hong Kong,HKG,1978,0.167,0.649,0
Hong Kong,HKG,1979,0.167,0.649,0
Hong Kong,HKG,1980,0.185,0.657,0
Hong Kong,HKG,1981,0.185,0.657,0
Hong Kong,HKG,1982,0.185,0.657,0
Hong Kong,HKG,1983,0.184,0.657,0
Hong Kong,HKG,1984,0.184,0.66,0
Hong Kong,HKG,1985,0.189,0.676,0
Hong Kong,HKG,1986,0.197,0.681,0
Hong Kong,HKG,1987,0.197,0.681,0
Hong Kong,HKG,1988,0.198,0.681,0
Hong Kong,HKG,1989,0.2,0.681,0
Hong Kong,HKG,1990,0.263,0.715,0
Hong Kong,HKG,1991,0.299,0.735,0
Hong Kong,HKG,1992,0.373,0.752,0
Hong Kong,HKG,1993,0.373,0.752,0
Hong Kong,HKG,1994,0.373,0.752,0
Hong Kong,HKG,1995,0.377,0.752,0
Hong Kong,HKG,1996,0.377,0.752,0
Hong Kong,HKG,1997,0.368,0.771,0
Hong Kong,HKG,1998,0.372,0.771,0
Hong Kong,HKG,1999,0.371,0.774,0
Hong Kong,HKG,2000,0.371,0.773,0
Hong Kong,HKG,2001,0.372,0.773,0
Hong Kong,HKG,2002,0.372,0.773,0
Hong Kong,HKG,2003,0.372,0.772,0
Hong Kong,HKG,2004,0.371,0.772,0
Hong Kong,HKG,2005,0.369,0.772,0
Hong Kong,HKG,2006,0.369,0.772,0
Hong Kong,HKG,2007,0.369,0.772,0
Hong Kong,HKG,2008,0.369,0.772,0
Hong Kong,HKG,2009,0.371,0.772,0
Hong Kong,HKG,2010,0.369,0.768,0
Hong Kong,HKG,2011,0.367,0.768,0
Hong Kong,HKG,2012,0.362,0.765,0
Hong Kong,HKG,2013,0.358,0.762,0
Hong Kong,HKG,2014,0.354,0.759,0
Hong Kong,HKG,2015,0.345,0.751,0
Hong Kong,HKG,2016,0.333,0.744,0
Hong Kong,HKG,2017,0.325,0.738,0
Hong Kong,HKG,2018,0.318,0.726,0
Hong Kong,HKG,2019,0.3,0.709,0
Hong Kong,HKG,2020,0.255,0.57,0
Hong Kong,HKG,2021,0.205,0.508,0
Hong Kong,HKG,2022,0.16,0.486,0
Hong Kong,HKG,2023,0.149,0.46,0
Hong Kong,HKG,2024,0.158,0.464,0
Hong Kong,HKG,2025,0.151,0.47,0
Iceland,ISL,1900,0.346,0.836,0
Iceland,ISL,1901,0.346,0.836,0
Iceland,ISL,1902,0.346,0.848,0
Iceland,ISL,1903,0.346,0.848,0
Iceland,ISL,1904,0.51,0.848,2
Iceland,ISL,1905,0.554,0.849,2
Iceland,ISL,1906,0.554,0.849,2
Iceland,ISL,1907,0.554,0.849,2
Iceland,ISL,1908,0.554,0.849,2
Iceland,ISL,1909,0.553,0.849,2
Iceland,ISL,1910,0.553,0.849,2
Iceland,ISL,1911,0.553,0.849,2
Iceland,ISL,1912,0.551,0.849,2
Iceland,ISL,1913,0.551,0.849,2
Iceland,ISL,1914,0.553,0.849,2
Iceland,ISL,1915,0.553,0.849,2
Iceland,ISL,1916,0.774,0.853,2
Iceland,ISL,1917,0.775,0.853,2
Iceland,ISL,1918,0.775,0.855,2
Iceland,ISL,1919,0.774,0.858,2
Iceland,ISL,1920,0.77,0.863,3
Iceland,ISL,1921,0.77,0.863,3
Iceland,ISL,1922,0.77,0.863,3
Iceland,ISL,1923,0.77,0.863,3
Iceland,ISL,1924,0.771,0.863,3
Iceland,ISL,1925,0.771,0.863,3
Iceland,ISL,1926,0.771,0.863,3
Iceland,ISL,1927,0.774,0.863,3
Iceland,ISL,1928,0.776,0.863,3
Iceland,ISL,1929,0.776,0.863,3
Iceland,ISL,1930,0.772,0.846,2
Iceland,ISL,1931,0.771,0.846,2
Iceland,ISL,1932,0.77,0.846,2
Iceland,ISL,1933,0.769,0.846,2
Iceland,ISL,1934,0.768,0.846,2
Iceland,ISL,1935,0.788,0.846,2
Iceland,ISL,1936,0.788,0.846,2
Iceland,ISL,1937,0.789,0.846,2
Iceland,ISL,1938,0.789,0.846,2
Iceland,ISL,1939,0.789,0.846,2
Iceland,ISL,1940,0.771,0.846,2
Iceland,ISL,1941,0.771,0.846,2
Iceland,ISL,1942,0.774,0.846,2
Iceland,ISL,1943,0.776,0.846,2
Iceland,ISL,1944,0.784,0.867,3
Iceland,ISL,1945,0.789,0.869,3
Iceland,ISL,1946,0.797,0.869,3
Iceland,ISL,1947,0.795,0.869,3
Iceland,ISL,1948,0.795,0.869,3
Iceland,ISL,1949,0.795,0.869,3
Iceland,ISL,1950,0.798,0.868,3
Iceland,ISL,1951,0.798,0.868,3
Iceland,ISL,1952,0.802,0.868,3
Iceland,ISL,1953,0.806,0.868,3
Iceland,ISL,1954,0.807,0.868,3
Iceland,ISL,1955,0.807,0.868,3
Iceland,ISL,1956,0.807,0.868,3
Iceland,ISL,1957,0.808,0.868,3
Iceland,ISL,1958,0.808,0.868,3
Iceland,ISL,1959,0.808,0.868,3
Iceland,ISL,1960,0.809,0.868,3
Iceland,ISL,1961,0.809,0.873,3
Iceland,ISL,1962,0.809,0.873,3
Iceland,ISL,1963,0.808,0.873,3
Iceland,ISL,1964,0.807,0.873,3
Iceland,ISL,1965,0.807,0.873,3
Iceland,ISL,1966,0.818,0.873,3
Iceland,ISL,1967,0.824,0.873,3
Iceland,ISL,1968,0.824,0.873,3
Iceland,ISL,1969,0.823,0.873,3
Iceland,ISL,1970,0.823,0.873,3
Iceland,ISL,1971,0.825,0.873,3
Iceland,ISL,1972,0.826,0.873,3
Iceland,ISL,1973,0.826,0.873,3
Iceland,ISL,1974,0.826,0.873,3
Iceland,ISL,1975,0.825,0.873,3
Iceland,ISL,1976,0.825,0.873,3
Iceland,ISL,1977,0.825,0.873,3
Iceland,ISL,1978,0.826,0.874,3
Iceland,ISL,1979,0.827,0.874,3
Iceland,ISL,1980,0.849,0.877,3
Iceland,ISL,1981,0.849,0.877,3
Iceland,ISL,1982,0.849,0.877,3
Iceland,ISL,1983,0.845,0.877,3
Iceland,ISL,1984,0.843,0.877,3
Iceland,ISL,1985,0.843,0.877,3
Iceland,ISL,1986,0.852,0.877,3
Iceland,ISL,1987,0.859,0.898,3
Iceland,ISL,1988,0.859,0.898,3
Iceland,ISL,1989,0.859,0.894,3
Iceland,ISL,1990,0.862,0.9,3
Iceland,ISL,1991,0.862,0.9,3
Iceland,ISL,1992,0.862,0.9,3
Iceland,ISL,1993,0.862,0.9,3
Iceland,ISL,1994,0.862,0.903,3
Iceland,ISL,1995,0.862,0.903,3
Iceland,ISL,1996,0.869,0.903,3
Iceland,ISL,1997,0.868,0.903,3
Iceland,ISL,1998,0.868,0.903,3
Iceland,ISL,1999,0.868,0.903,3
Iceland,ISL,2000,0.868,0.903,3
Iceland,ISL,2001,0.868,0.903,3
Iceland,ISL,2002,0.868,0.903,3
Iceland,ISL,2003,0.867,0.903,3
Iceland,ISL,2004,0.867,0.903,3
Iceland,ISL,2005,0.865,0.903,3
Iceland,ISL,2006,0.865,0.903,3
Iceland,ISL,2007,0.873,0.903,3
Iceland,ISL,2008,0.88,0.903,3
Iceland,ISL,2009,0.882,0.902,3
Iceland,ISL,2010,0.881,0.909,3
Iceland,ISL,2011,0.881,0.904,3
Iceland,ISL,2012,0.875,0.907,3
Iceland,ISL,2013,0.858,0.907,3
Iceland,ISL,2014,0.856,0.907,3
Iceland,ISL,2015,0.861,0.907,3
Iceland,ISL,2016,0.86,0.907,3
Iceland,ISL,2017,0.861,0.908,3
Iceland,ISL,2018,0.875,0.908,3
Iceland,ISL,2019,0.859,0.92,3
Iceland,ISL,2020,0.859,0.921,3
Iceland,ISL,2021,0.836,0.895,3
Iceland,ISL,2022,0.832,0.895,3
Iceland,ISL,2023,0.841,0.895,3
Iceland,ISL,2024,0.842,0.906,3
Iceland,ISL,2025,0.807,0.9,3
Israel,ISR,1948,0.287,0.816,0
Israel,ISR,1949,0.573,0.824,2
Israel,ISR,1950,0.593,0.828,2
Israel,ISR,1951,0.595,0.828,2
Israel,ISR,1952,0.599,0.828,2
Israel,ISR,1953,0.588,0.829,2
Israel,ISR,1954,0.6,0.829,2
Israel,ISR,1955,0.605,0.829,2
Israel,ISR,1956,0.605,0.829,2
Israel,ISR,1957,0.614,0.829,2
Israel,ISR,1958,0.614,0.829,2
Israel,ISR,1959,0.604,0.829,2
Israel,ISR,1960,0.635,0.829,2
Israel,ISR,1961,0.643,0.829,2
Israel,ISR,1962,0.647,0.829,2
Israel,ISR,1963,0.647,0.829,2
Israel,ISR,1964,0.647,0.842,2
Israel,ISR,1965,0.631,0.842,2
Israel,ISR,1966,0.644,0.854,3
Israel,ISR,1967,0.651,0.886,3
Israel,ISR,1968,0.661,0.886,3
Israel,ISR,1969,0.665,0.886,3
Israel,ISR,1970,0.678,0.886,3
Israel,ISR,1971,0.678,0.886,3
Israel,ISR,1972,0.693,0.895,3
Israel,ISR,1973,0.693,0.905,3
Israel,ISR,1974,0.744,0.905,3
Israel,ISR,1975,0.744,0.905,3
Israel,ISR,1976,0.744,0.908,3
Israel,ISR,1977,0.749,0.908,3
Israel,ISR,1978,0.754,0.912,3
Israel,ISR,1979,0.754,0.912,3
Israel,ISR,1980,0.754,0.912,3
Israel,ISR,1981,0.756,0.912,3
Israel,ISR,1982,0.758,0.912,3
Israel,ISR,1983,0.758,0.912,3
Israel,ISR,1984,0.753,0.912,3
Israel,ISR,1985,0.749,0.911,3
Israel,ISR,1986,0.757,0.911,3
Israel,ISR,1987,0.765,0.911,3
Israel,ISR,1988,0.753,0.911,3
Israel,ISR,1989,0.767,0.911,3
Israel,ISR,1990,0.767,0.911,3
Israel,ISR,1991,0.768,0.911,3
Israel,ISR,1992,0.762,0.911,3
Israel,ISR,1993,0.762,0.913,3
Israel,ISR,1994,0.772,0.913,3
Israel,ISR,1995,0.772,0.913,3
Israel,ISR,1996,0.773,0.913,3
Israel,ISR,1997,0.774,0.913,3
Israel,ISR,1998,0.774,0.913,3
Israel,ISR,1999,0.773,0.913,3
Israel,ISR,2000,0.768,0.917,3
Israel,ISR,2001,0.764,0.917,3
Israel,ISR,2002,0.764,0.917,3
Israel,ISR,2003,0.76,0.917,3
Israel,ISR,2004,0.759,0.917,3
Israel,ISR,2005,0.759,0.917,3
Israel,ISR,2006,0.764,0.917,3
Israel,ISR,2007,0.758,0.917,3
Israel,ISR,2008,0.758,0.917,3
Israel,ISR,2009,0.756,0.917,3
Israel,ISR,2010,0.752,0.914,3
Israel,ISR,2011,0.752,0.914,3
Israel,ISR,2012,0.751,0.914,3
Israel,ISR,2013,0.734,0.906,3
Israel,ISR,2014,0.733,0.906,3
Israel,ISR,2015,0.733,0.907,3
Israel,ISR,2016,0.729,0.901,3
Israel,ISR,2017,0.714,0.902,3
Israel,ISR,2018,0.705,0.901,3
Israel,ISR,2019,0.708,0.893,3
Israel,ISR,2020,0.723,0.896,3
Israel,ISR,2021,0.722,0.898,3
Israel,ISR,2022,0.714,0.914,3
Israel,ISR,2023,0.704,0.885,2
Israel,ISR,2024,0.702,0.85,2
Israel,ISR,2025,0.694,0.847,2
Kuwait,KWT,1900,0.078,0.377,0
Kuwait,KWT,1901,0.078,0.377,0
Kuwait,KWT,1902,0.078,0.377,0
Kuwait,KWT,1903,0.078,0.377,0
Kuwait,KWT,1904,0.078,0.377,0
Kuwait,KWT,1905,0.078,0.377,0
Kuwait,KWT,1906,0.078,0.377,0
Kuwait,KWT,1907,0.078,0.377,0
Kuwait,KWT,1908,0.078,0.377,0
Kuwait,KWT,1909,0.078,0.377,0
Kuwait,KWT,1910,0.078,0.386,0
Kuwait,KWT,1911,0.078,0.386,0
Kuwait,KWT,1912,0.078,0.386,0
Kuwait,KWT,1913,0.078,0.386,0
Kuwait,KWT,1914,0.078,0.386,0
Kuwait,KWT,1915,0.078,0.386,0
Kuwait,KWT,1916,0.078,0.386,0
Kuwait,KWT,1917,0.078,0.386,0
Kuwait,KWT,1918,0.078,0.386,0
Kuwait,KWT,1919,0.078,0.39,0
Kuwait,KWT,1920,0.08,0.39,0
Kuwait,KWT,1921,0.078,0.387,0
Kuwait,KWT,1922,0.078,0.388,0
Kuwait,KWT,1923,0.078,0.388,0
Kuwait,KWT,1924,0.078,0.388,0
Kuwait,KWT,1925,0.078,0.388,0
Kuwait,KWT,1926,0.078,0.388,0
Kuwait,KWT,1927,0.078,0.388,0
Kuwait,KWT,1928,0.078,0.388,0
Kuwait,KWT,1929,0.078,0.388,0
Kuwait,KWT,1930,0.078,0.39,0
Kuwait,KWT,1931,0.078,0.39,0
Kuwait,KWT,1932,0.078,0.39,0
Kuwait,KWT,1933,0.078,0.39,0
Kuwait,KWT,1934,0.078,0.39,0
Kuwait,KWT,1935,0.078,0.39,0
Kuwait,KWT,1936,0.078,0.39,0
Kuwait,KWT,1937,0.08,0.39,0
Kuwait,KWT,1938,0.08,0.387,0
Kuwait,KWT,1939,0.08,0.389,0
Kuwait,KWT,1940,0.08,0.399,0
Kuwait,KWT,1941,0.08,0.399,0
Kuwait,KWT,1942,0.08,0.399,0
Kuwait,KWT,1943,0.08,0.399,0
Kuwait,KWT,1944,0.08,0.399,0
Kuwait,KWT,1945,0.08,0.399,0
Kuwait,KWT,1946,0.081,0.399,0
Kuwait,KWT,1947,0.081,0.399,0
Kuwait,KWT,1948,0.081,0.399,0
Kuwait,KWT,1949,0.081,0.399,0
Kuwait,KWT,1950,0.088,0.403,0
Kuwait,KWT,1951,0.088,0.406,0
Kuwait,KWT,1952,0.088,0.406,0
Kuwait,KWT,1953,0.088,0.406,0
Kuwait,KWT,1954,0.088,0.406,0
Kuwait,KWT,1955,0.088,0.402,0
Kuwait,KWT,1956,0.089,0.402,0
Kuwait,KWT,1957,0.089,0.402,0
Kuwait,KWT,1958,0.089,0.402,0
Kuwait,KWT,1959,0.088,0.402,0
Kuwait,KWT,1960,0.093,0.431,0
Kuwait,KWT,1961,0.182,0.548,0
Kuwait,KWT,1962,0.195,0.674,0
Kuwait,KWT,1963,0.226,0.754,0
Kuwait,KWT,1964,0.226,0.754,0
Kuwait,KWT,1965,0.232,0.754,0
Kuwait,KWT,1966,0.289,0.754,0
Kuwait,KWT,1967,0.259,0.754,0
Kuwait,KWT,1968,0.256,0.754,0
Kuwait,KWT,1969,0.256,0.754,0
Kuwait,KWT,1970,0.259,0.754,0
Kuwait,KWT,1971,0.282,0.754,0
Kuwait,KWT,1972,0.284,0.754,0
Kuwait,KWT,1973,0.284,0.742,0
Kuwait,KWT,1974,0.284,0.742,0
Kuwait,KWT,1975,0.286,0.738,0
Kuwait,KWT,1976,0.096,0.465,0
Kuwait,KWT,1977,0.095,0.456,0
Kuwait,KWT,1978,0.095,0.456,0
Kuwait,KWT,1979,0.095,0.456,0
Kuwait,KWT,1980,0.089,0.458,0
Kuwait,KWT,1981,0.257,0.74,0
Kuwait,KWT,1982,0.274,0.74,0
Kuwait,KWT,1983,0.274,0.74,0
Kuwait,KWT,1984,0.274,0.74,0
Kuwait,KWT,1985,0.272,0.74,0
Kuwait,KWT,1986,0.088,0.462,0
Kuwait,KWT,1987,0.088,0.457,0
Kuwait,KWT,1988,0.088,0.451,0
Kuwait,KWT,1989,0.087,0.451,0
Kuwait,KWT,1990,0.086,0.406,0
Kuwait,KWT,1991,0.108,0.408,0
Kuwait,KWT,1992,0.201,0.745,0
Kuwait,KWT,1993,0.282,0.738,0
Kuwait,KWT,1994,0.282,0.738,0
Kuwait,KWT,1995,0.282,0.738,0
Kuwait,KWT,1996,0.283,0.738,0
Kuwait,KWT,1997,0.286,0.738,0
Kuwait,KWT,1998,0.286,0.738,0
Kuwait,KWT,1999,0.284,0.738,0
Kuwait,KWT,2000,0.282,0.737,0
Kuwait,KWT,2001,0.266,0.737,0
Kuwait,KWT,2002,0.278,0.73,0
Kuwait,KWT,2003,0.282,0.73,0
Kuwait,KWT,2004,0.282,0.73,0
Kuwait,KWT,2005,0.326,0.732,0
Kuwait,KWT,2006,0.326,0.734,0
Kuwait,KWT,2007,0.323,0.734,0
Kuwait,KWT,2008,0.324,0.734,0
Kuwait,KWT,2009,0.324,0.733,0
Kuwait,KWT,2010,0.32,0.731,0
Kuwait,KWT,2011,0.319,0.729,0
Kuwait,KWT,2012,0.31,0.732,0
Kuwait,KWT,2013,0.311,0.727,0
Kuwait,KWT,2014,0.315,0.727,0
Kuwait,KWT,2015,0.311,0.727,0
Kuwait,KWT,2016,0.311,0.735,0
Kuwait,KWT,2017,0.326,0.736,0
Kuwait,KWT,2018,0.32,0.736,0
Kuwait,KWT,2019,0.323,0.738,0
Kuwait,KWT,2020,0.317,0.73,0
Kuwait,KWT,2021,0.301,0.728,0
Kuwait,KWT,2022,0.298,0.755,0
Kuwait,KWT,2023,0.314,0.775,0
Kuwait,KWT,2024,0.198,0.537,0
Kuwait,KWT,2025,0.138,0.428,0
Lithuania,LTU,1918,0.155,0.407,0
Lithuania,LTU,1919,0.163,0.473,0
Lithuania,LTU,1920,0.473,0.65,1
Lithuania,LTU,1921,0.575,0.741,2
Lithuania,LTU,1922,0.582,0.741,2
Lithuania,LTU,1923,0.583,0.748,2
Lithuania,LTU,1924,0.574,0.734,2
Lithuania,LTU,1925,0.574,0.734,2
Lithuania,LTU,1926,0.527,0.721,2
Lithuania,LTU,1927,0.143,0.458,0
Lithuania,LTU,1928,0.141,0.453,0
Lithuania,LTU,1929,0.141,0.457,0
Lithuania,LTU,1930,0.141,0.468,0
Lithuania,LTU,1931,0.141,0.468,0
Lithuania,LTU,1932,0.141,0.468,0
Lithuania,LTU,1933,0.141,0.468,0
Lithuania,LTU,1934,0.141,0.468,0
Lithuania,LTU,1935,0.14,0.465,0
Lithuania,LTU,1936,0.141,0.466,0
Lithuania,LTU,1937,0.116,0.468,0
Lithuania,LTU,1938,0.116,0.474,0
Lithuania,LTU,1939,0.12,0.468,0
Lithuania,LTU,1990,0.797,0.879,2
Lithuania,LTU,1991,0.791,0.916,2
Lithuania,LTU,1992,0.799,0.928,2
Lithuania,LTU,1993,0.811,0.928,3
Lithuania,LTU,1994,0.828,0.927,3
Lithuania,LTU,1995,0.828,0.927,3
Lithuania,LTU,1996,0.824,0.927,3
Lithuania,LTU,1997,0.827,0.928,3
Lithuania,LTU,1998,0.824,0.928,3
Lithuania,LTU,1999,0.827,0.93,3
Lithuania,LTU,2000,0.822,0.939,3
Lithuania,LTU,2001,0.816,0.945,3
Lithuania,LTU,2002,0.816,0.945,3
Lithuania,LTU,2003,0.814,0.941,3
Lithuania,LTU,2004,0.819,0.944,3
Lithuania,LTU,2005,0.822,0.944,3
Lithuania,LTU,2006,0.822,0.943,3
Lithuania,LTU,2007,0.822,0.945,3
Lithuania,LTU,2008,0.824,0.946,3
Lithuania,LTU,2009,0.846,0.946,3
Lithuania,LTU,2010,0.85,0.949,3
Lithuania,LTU,2011,0.847,0.949,3
Lithuania,LTU,2012,0.839,0.949,3
Lithuania,LTU,2013,0.826,0.949,3
Lithuania,LTU,2014,0.829,0.949,3
Lithuania,LTU,2015,0.836,0.949,3
Lithuania,LTU,2016,0.825,0.955,2
Lithuania,LTU,2017,0.808,0.953,2
Lithuania,LTU,2018,0.818,0.939,2
Lithuania,LTU,2019,0.817,0.942,2
Lithuania,LTU,2020,0.802,0.949,2
Lithuania,LTU,2021,0.793,0.943,2
Lithuania,LTU,2022,0.793,0.945,2
Lithuania,LTU,2023,0.785,0.941,2
Lithuania,LTU,2024,0.798,0.935,2
Lithuania,LTU,2025,0.786,0.923,3
Luxembourg,LUX,1915,0.294,0.507,1
Luxembourg,LUX,1916,0.296,0.507,1
Luxembourg,LUX,1917,0.298,0.515,1
Luxembourg,LUX,1918,0.313,0.679,1
Luxembourg,LUX,1919,0.519,0.769,2
Luxembourg,LUX,1920,0.645,0.768,2
Luxembourg,LUX,1921,0.645,0.768,2
Luxembourg,LUX,1922,0.648,0.768,2
Luxembourg,LUX,1923,0.651,0.768,2
Luxembourg,LUX,1924,0.658,0.768,2
Luxembourg,LUX,1925,0.661,0.768,2
Luxembourg,LUX,1926,0.661,0.768,2
Luxembourg,LUX,1927,0.661,0.768,2
Luxembourg,LUX,1928,0.651,0.768,2
Luxembourg,LUX,1929,0.649,0.768,2
Luxembourg,LUX,1930,0.649,0.768,2
Luxembourg,LUX,1931,0.649,0.768,2
Luxembourg,LUX,1932,0.649,0.768,2
Luxembourg,LUX,1933,0.649,0.768,2
Luxembourg,LUX,1934,0.649,0.768,2
Luxembourg,LUX,1935,0.649,0.768,2
Luxembourg,LUX,1936,0.649,0.768,2
Luxembourg,LUX,1937,0.65,0.768,2
Luxembourg,LUX,1938,0.651,0.768,2
Luxembourg,LUX,1939,0.651,0.768,2
Luxembourg,LUX,1940,0.216,0.138,0
Luxembourg,LUX,1941,0.143,0.134,0
Luxembourg,LUX,1942,0.143,0.134,0
Luxembourg,LUX,1943,0.143,0.134,0
Luxembourg,LUX,1944,0.143,0.139,0
Luxembourg,LUX,1945,0.31,0.641,1
Luxembourg,LUX,1946,0.779,0.829,3
Luxembourg,LUX,1947,0.814,0.838,3
Luxembourg,LUX,1948,0.817,0.838,3
Luxembourg,LUX,1949,0.819,0.857,3
Luxembourg,LUX,1950,0.826,0.887,3
Luxembourg,LUX,1951,0.83,0.887,3
Luxembourg,LUX,1952,0.832,0.887,3
Luxembourg,LUX,1953,0.832,0.887,3
Luxembourg,LUX,1954,0.836,0.887,3
Luxembourg,LUX,1955,0.833,0.887,3
Luxembourg,LUX,1956,0.833,0.888,3
Luxembourg,LUX,1957,0.833,0.891,3
Luxembourg,LUX,1958,0.833,0.891,3
Luxembourg,LUX,1959,0.84,0.891,3
Luxembourg,LUX,1960,0.86,0.891,3
Luxembourg,LUX,1961,0.86,0.891,3
Luxembourg,LUX,1962,0.86,0.891,3
Luxembourg,LUX,1963,0.863,0.891,3
Luxembourg,LUX,1964,0.864,0.891,3
Luxembourg,LUX,1965,0.864,0.891,3
Luxembourg,LUX,1966,0.864,0.891,3
Luxembourg,LUX,1967,0.864,0.891,3
Luxembourg,LUX,1968,0.864,0.891,3
Luxembourg,LUX,1969,0.865,0.891,3
Luxembourg,LUX,1970,0.865,0.899,3
Luxembourg,LUX,1971,0.865,0.899,3
Luxembourg,LUX,1972,0.865,0.899,3
Luxembourg,LUX,1973,0.865,0.899,3
Luxembourg,LUX,1974,0.869,0.899,3
Luxembourg,LUX,1975,0.869,0.899,3
Luxembourg,LUX,1976,0.869,0.899,3
Luxembourg,LUX,1977,0.869,0.899,3
Luxembourg,LUX,1978,0.869,0.899,3
Luxembourg,LUX,1979,0.869,0.899,3
Luxembourg,LUX,1980,0.869,0.899,3
Luxembourg,LUX,1981,0.869,0.899,3
Luxembourg,LUX,1982,0.869,0.899,3
Luxembourg,LUX,1983,0.869,0.899,3
Luxembourg,LUX,1984,0.869,0.899,3
Luxembourg,LUX,1985,0.87,0.899,3
Luxembourg,LUX,1986,0.87,0.899,3
Luxembourg,LUX,1987,0.87,0.899,3
Luxembourg,LUX,1988,0.87,0.899,3
Luxembourg,LUX,1989,0.869,0.899,3
Luxembourg,LUX,1990,0.868,0.908,3
Luxembourg,LUX,1991,0.868,0.908,3
Luxembourg,LUX,1992,0.868,0.908,3
Luxembourg,LUX,1993,0.868,0.908,3
Luxembourg,LUX,1994,0.868,0.908,3
Luxembourg,LUX,1995,0.867,0.908,3
Luxembourg,LUX,1996,0.867,0.908,3
Luxembourg,LUX,1997,0.867,0.908,3
Luxembourg,LUX,1998,0.867,0.908,3
Luxembourg,LUX,1999,0.868,0.908,3
Luxembourg,LUX,2000,0.869,0.908,3
Luxembourg,LUX,2001,0.869,0.908,3
Luxembourg,LUX,2002,0.869,0.908,3
Luxembourg,LUX,2003,0.869,0.908,3
Luxembourg,LUX,2004,0.869,0.908,3
Luxembourg,LUX,2005,0.87,0.908,3
Luxembourg,LUX,2006,0.87,0.908,3
Luxembourg,LUX,2007,0.87,0.908,3
Luxembourg,LUX,2008,0.87,0.908,3
Luxembourg,LUX,2009,0.871,0.908,3
Luxembourg,LUX,2010,0.872,0.908,3
Luxembourg,LUX,2011,0.872,0.908,3
Luxembourg,LUX,2012,0.872,0.908,3
Luxembourg,LUX,2013,0.873,0.908,3
Luxembourg,LUX,2014,0.874,0.908,3
Luxembourg,LUX,2015,0.874,0.908,3
Luxembourg,LUX,2016,0.874,0.908,3
Luxembourg,LUX,2017,0.874,0.908,3
Luxembourg,LUX,2018,0.874,0.908,3
Luxembourg,LUX,2019,0.872,0.907,3
Luxembourg,LUX,2020,0.872,0.9,3
Luxembourg,LUX,2021,0.872,0.901,3
Luxembourg,LUX,2022,0.872,0.905,3
Luxembourg,LUX,2023,0.871,0.909,3
Luxembourg,LUX,2024,0.869,0.899,3
Luxembourg,LUX,2025,0.869,0.893,3
North Macedonia,MKD,1991,0.273,0.713,0
North Macedonia,MKD,1992,0.274,0.715,0
North Macedonia,MKD,1993,0.277,0.721,0
North Macedonia,MKD,1994,0.315,0.72,1
North Macedonia,MKD,1995,0.449,0.714,1
North Macedonia,MKD,1996,0.463,0.715,1
North Macedonia,MKD,1997,0.471,0.716,1
North Macedonia,MKD,1998,0.503,0.725,2
North Macedonia,MKD,1999,0.564,0.732,1
North Macedonia,MKD,2000,0.459,0.708,1
North Macedonia,MKD,2001,0.445,0.68,1
North Macedonia,MKD,2002,0.525,0.721,2
North Macedonia,MKD,2003,0.617,0.726,2
North Macedonia,MKD,2004,0.618,0.727,2
North Macedonia,MKD,2005,0.603,0.727,2
North Macedonia,MKD,2006,0.597,0.725,2
North Macedonia,MKD,2007,0.584,0.718,2
North Macedonia,MKD,2008,0.553,0.709,2
North Macedonia,MKD,2009,0.528,0.667,2
North Macedonia,MKD,2010,0.526,0.657,2
North Macedonia,MKD,2011,0.478,0.647,1
North Macedonia,MKD,2012,0.45,0.624,1
North Macedonia,MKD,2013,0.448,0.558,1
North Macedonia,MKD,2014,0.447,0.531,1
North Macedonia,MKD,2015,0.44,0.521,1
North Macedonia,MKD,2016,0.449,0.53,1
North Macedonia,MKD,2017,0.548,0.636,2
North Macedonia,MKD,2018,0.575,0.621,2
North Macedonia,MKD,2019,0.602,0.635,2
North Macedonia,MKD,2020,0.598,0.616,2
North Macedonia,MKD,2021,0.592,0.606,2
North Macedonia,MKD,2022,0.56,0.605,2
North Macedonia,MKD,2023,0.562,0.585,2
North Macedonia,MKD,2024,0.557,0.606,2
North Macedonia,MKD,2025,0.562,0.61,2
Malaysia,MYS,1900,0.046,0.445,0
Malaysia,MYS,1901,0.046,0.445,0
Malaysia,MYS,1902,0.046,0.445,0
Malaysia,MYS,1903,0.046,0.445,0
Malaysia,MYS,1904,0.046,0.445,0
Malaysia,MYS,1905,0.046,0.445,0
Malaysia,MYS,1906,0.046,0.445,0
Malaysia,MYS,1907,0.046,0.445,0
Malaysia,MYS,1908,0.046,0.445,0
Malaysia,MYS,1909,0.046,0.445,0
Malaysia,MYS,1910,0.046,0.445,0
Malaysia,MYS,1911,0.046,0.445,0
Malaysia,MYS,1912,0.046,0.445,0
Malaysia,MYS,1913,0.046,0.445,0
Malaysia,MYS,1914,0.046,0.445,0
Malaysia,MYS,1915,0.046,0.442,0
Malaysia,MYS,1916,0.046,0.443,0
Malaysia,MYS,1917,0.046,0.443,0
Malaysia,MYS,1918,0.046,0.443,0
Malaysia,MYS,1919,0.046,0.443,0
Malaysia,MYS,1920,0.046,0.443,0
Malaysia,MYS,1921,0.046,0.443,0
Malaysia,MYS,1922,0.046,0.443,0
Malaysia,MYS,1923,0.046,0.443,0
Malaysia,MYS,1924,0.046,0.443,0
Malaysia,MYS,1925,0.046,0.443,0
Malaysia,MYS,1926,0.046,0.443,0
Malaysia,MYS,1927,0.046,0.443,0
Malaysia,MYS,1928,0.046,0.443,0
Malaysia,MYS,1929,0.046,0.443,0
Malaysia,MYS,1930,0.046,0.443,0
Malaysia,MYS,1931,0.046,0.443,0
Malaysia,MYS,1932,0.046,0.443,0
Malaysia,MYS,1933,0.046,0.443,0
Malaysia,MYS,1934,0.046,0.443,0
Malaysia,MYS,1935,0.046,0.443,0
Malaysia,MYS,1936,0.046,0.443,0
Malaysia,MYS,1937,0.046,0.443,0
Malaysia,MYS,1938,0.046,0.443,0
Malaysia,MYS,1939,0.046,0.443,0
Malaysia,MYS,1940,0.044,0.421,0
Malaysia,MYS,1941,0.044,0.34,0
Malaysia,MYS,1942,0.035,0.306,0
Malaysia,MYS,1943,0.035,0.306,0
Malaysia,MYS,1944,0.035,0.306,0
Malaysia,MYS,1945,0.035,0.31,0
Malaysia,MYS,1946,0.067,0.421,0
Malaysia,MYS,1947,0.067,0.439,0
Malaysia,MYS,1948,0.069,0.429,0
Malaysia,MYS,1949,0.069,0.532,0
Malaysia,MYS,1950,0.069,0.532,0
Malaysia,MYS,1951,0.069,0.532,0
Malaysia,MYS,1952,0.069,0.532,0
Malaysia,MYS,1953,0.069,0.532,0
Malaysia,MYS,1954,0.069,0.532,0
Malaysia,MYS,1955,0.21,0.561,1
Malaysia,MYS,1956,0.303,0.561,1
Malaysia,MYS,1957,0.308,0.537,1
Malaysia,MYS,1958,0.315,0.551,1
Malaysia,MYS,1959,0.313,0.551,1
Malaysia,MYS,1960,0.311,0.538,1
Malaysia,MYS,1961,0.311,0.544,1
Malaysia,MYS,1962,0.309,0.544,1
Malaysia,MYS,1963,0.309,0.544,1
Malaysia,MYS,1964,0.303,0.533,1
Malaysia,MYS,1965,0.3,0.533,1
Malaysia,MYS,1966,0.298,0.533,1
Malaysia,MYS,1967,0.3,0.541,1
Malaysia,MYS,1968,0.295,0.534,1
Malaysia,MYS,1969,0.209,0.476,1
Malaysia,MYS,1970,0.146,0.441,0
Malaysia,MYS,1971,0.146,0.441,0
Malaysia,MYS,1972,0.208,0.511,0
Malaysia,MYS,1973,0.208,0.511,0
Malaysia,MYS,1974,0.233,0.511,1
Malaysia,MYS,1975,0.275,0.511,1
Malaysia,MYS,1976,0.275,0.511,1
Malaysia,MYS,1977,0.275,0.511,1
Malaysia,MYS,1978,0.276,0.512,1
Malaysia,MYS,1979,0.276,0.512,1
Malaysia,MYS,1980,0.278,0.512,1
Malaysia,MYS,1981,0.274,0.501,1
Malaysia,MYS,1982,0.273,0.453,1
Malaysia,MYS,1983,0.272,0.448,1
Malaysia,MYS,1984,0.272,0.445,1
Malaysia,MYS,1985,0.272,0.44,1
Malaysia,MYS,1986,0.27,0.436,1
Malaysia,MYS,1987,0.26,0.426,1
Malaysia,MYS,1988,0.257,0.406,1
Malaysia,MYS,1989,0.257,0.424,1
Malaysia,MYS,1990,0.26,0.429,1
Malaysia,MYS,1991,0.259,0.429,1
Malaysia,MYS,1992,0.259,0.429,1
Malaysia,MYS,1993,0.259,0.429,1
Malaysia,MYS,1994,0.259,0.429,1
Malaysia,MYS,1995,0.258,0.429,1
Malaysia,MYS,1996,0.257,0.429,1
Malaysia,MYS,1997,0.257,0.429,1
Malaysia,MYS,1998,0.257,0.428,1
Malaysia,MYS,1999,0.266,0.419,1
Malaysia,MYS,2000,0.277,0.418,1
Malaysia,MYS,2001,0.281,0.418,1
Malaysia,MYS,2002,0.281,0.433,1
Malaysia,MYS,2003,0.286,0.433,1
Malaysia,MYS,2004,0.309,0.509,1
Malaysia,MYS,2005,0.311,0.513,1
Malaysia,MYS,2006,0.312,0.516,1
Malaysia,MYS,2007,0.314,0.515,1
Malaysia,MYS,2008,0.328,0.515,1
Malaysia,MYS,2009,0.331,0.515,1
Malaysia,MYS,2010,0.329,0.516,1
Malaysia,MYS,2011,0.327,0.516,1
Malaysia,MYS,2012,0.327,0.52,1
Malaysia,MYS,2013,0.321,0.495,1
Malaysia,MYS,2014,0.323,0.495,1
Malaysia,MYS,2015,0.325,0.483,1
Malaysia,MYS,2016,0.328,0.478,1
Malaysia,MYS,2017,0.333,0.477,1
Malaysia,MYS,2018,0.444,0.644,1
Malaysia,MYS,2019,0.47,0.655,1
Malaysia,MYS,2020,0.425,0.637,1
Malaysia,MYS,2021,0.432,0.614,1
Malaysia,MYS,2022,0.459,0.614,1
Malaysia,MYS,2023,0.508,0.659,2
Malaysia,MYS,2024,0.513,0.65,2
Malaysia,MYS,2025,0.504,0.643,2
Malta,MLT,1900,0.191,0.492,0
Malta,MLT,1901,0.191,0.492,0
Malta,MLT,1902,0.191,0.492,0
Malta,MLT,1903,0.191,0.492,0
Malta,MLT,1904,0.192,0.492,0
Malta,MLT,1905,0.192,0.492,0
Malta,MLT,1906,0.192,0.492,0
Malta,MLT,1907,0.192,0.492,0
Malta,MLT,1908,0.192,0.492,0
Malta,MLT,1909,0.192,0.492,0
Malta,MLT,1910,0.192,0.492,0
Malta,MLT,1911,0.192,0.492,0
Malta,MLT,1912,0.192,0.492,0
Malta,MLT,1913,0.192,0.492,0
Malta,MLT,1914,0.192,0.492,0
Malta,MLT,1915,0.192,0.492,0
Malta,MLT,1916,0.192,0.492,0
Malta,MLT,1917,0.192,0.492,0
Malta,MLT,1918,0.192,0.492,0
Malta,MLT,1919,0.192,0.492,0
Malta,MLT,1920,0.192,0.492,0
Malta,MLT,1921,0.237,0.52,1
Malta,MLT,1922,0.391,0.724,1
Malta,MLT,1923,0.391,0.724,1
Malta,MLT,1924,0.39,0.724,1
Malta,MLT,1925,0.388,0.724,1
Malta,MLT,1926,0.388,0.724,1
Malta,MLT,1927,0.39,0.724,1
Malta,MLT,1928,0.393,0.724,1
Malta,MLT,1929,0.393,0.724,1
Malta,MLT,1930,0.245,0.544,1
Malta,MLT,1931,0.217,0.509,0
Malta,MLT,1932,0.266,0.509,1
Malta,MLT,1933,0.306,0.725,0
Malta,MLT,1934,0.217,0.509,0
Malta,MLT,1935,0.202,0.509,0
Malta,MLT,1936,0.202,0.509,0
Malta,MLT,1937,0.202,0.509,0
Malta,MLT,1938,0.202,0.509,0
Malta,MLT,1939,0.24,0.509,0
Malta,MLT,1940,0.207,0.509,0
Malta,MLT,1941,0.207,0.509,0
Malta,MLT,1942,0.207,0.509,0
Malta,MLT,1943,0.207,0.509,0
Malta,MLT,1944,0.207,0.509,0
Malta,MLT,1945,0.234,0.509,0
Malta,MLT,1946,0.203,0.509,0
Malta,MLT,1947,0.324,0.545,1
Malta,MLT,1948,0.671,0.73,2
Malta,MLT,1949,0.671,0.73,2
Malta,MLT,1950,0.671,0.73,2
Malta,MLT,1951,0.672,0.73,2
Malta,MLT,1952,0.672,0.73,2
Malta,MLT,1953,0.672,0.73,2
Malta,MLT,1954,0.666,0.73,2
Malta,MLT,1955,0.668,0.73,2
Malta,MLT,1956,0.668,0.73,2
Malta,MLT,1957,0.668,0.73,2
Malta,MLT,1958,0.36,0.73,0
Malta,MLT,1959,0.257,0.516,0
Malta,MLT,1960,0.257,0.516,0
Malta,MLT,1961,0.257,0.516,0
Malta,MLT,1962,0.347,0.516,1
Malta,MLT,1963,0.663,0.73,2
Malta,MLT,1964,0.714,0.716,2
Malta,MLT,1965,0.699,0.71,2
Malta,MLT,1966,0.7,0.71,2
Malta,MLT,1967,0.701,0.705,2
Malta,MLT,1968,0.701,0.705,2
Malta,MLT,1969,0.701,0.705,2
Malta,MLT,1970,0.701,0.705,2
Malta,MLT,1971,0.693,0.69,2
Malta,MLT,1972,0.693,0.69,2
Malta,MLT,1973,0.693,0.69,2
Malta,MLT,1974,0.693,0.69,2
Malta,MLT,1975,0.693,0.69,2
Malta,MLT,1976,0.685,0.69,2
Malta,MLT,1977,0.667,0.69,2
Malta,MLT,1978,0.667,0.69,2
Malta,MLT,1979,0.667,0.69,2
Malta,MLT,1980,0.667,0.69,2
Malta,MLT,1981,0.666,0.69,2
Malta,MLT,1982,0.65,0.69,2
Malta,MLT,1983,0.65,0.69,2
Malta,MLT,1984,0.65,0.69,2
Malta,MLT,1985,0.65,0.69,2
Malta,MLT,1986,0.65,0.697,2
Malta,MLT,1987,0.713,0.706,2
Malta,MLT,1988,0.723,0.725,2
Malta,MLT,1989,0.723,0.725,2
Malta,MLT,1990,0.723,0.725,2
Malta,MLT,1991,0.738,0.725,2
Malta,MLT,1992,0.771,0.725,2
Malta,MLT,1993,0.776,0.725,2
Malta,MLT,1994,0.776,0.725,2
Malta,MLT,1995,0.776,0.725,2
Malta,MLT,1996,0.786,0.725,2
Malta,MLT,1997,0.788,0.725,2
Malta,MLT,1998,0.787,0.725,2
Malta,MLT,1999,0.786,0.725,2
Malta,MLT,2000,0.786,0.725,2
Malta,MLT,2001,0.786,0.725,2
Malta,MLT,2002,0.786,0.725,2
Malta,MLT,2003,0.788,0.725,2
Malta,MLT,2004,0.789,0.725,2
Malta,MLT,2005,0.789,0.725,2
Malta,MLT,2006,0.789,0.725,2
Malta,MLT,2007,0.784,0.725,2
Malta,MLT,2008,0.803,0.725,2
Malta,MLT,2009,0.815,0.725,2
Malta,MLT,2010,0.815,0.725,2
Malta,MLT,2011,0.815,0.725,2
Malta,MLT,2012,0.817,0.725,2
Malta,MLT,2013,0.793,0.718,2
Malta,MLT,2014,0.778,0.718,2
Malta,MLT,2015,0.778,0.713,2
Malta,MLT,2016,0.777,0.698,2
Malta,MLT,2017,0.761,0.692,2
Malta,MLT,2018,0.754,0.689,2
Malta,MLT,2019,0.767,0.702,2
Malta,MLT,2020,0.767,0.767,2
Malta,MLT,2021,0.77,0.769,2
Malta,MLT,2022,0.78,0.767,2
Malta,MLT,2023,0.783,0.776,2
Malta,MLT,2024,0.783,0.77,2
Malta,MLT,2025,0.783,0.77,2
Mauritius,MUS,1900,0.139,0.417,0
Mauritius,MUS,1901,0.14,0.417,0
Mauritius,MUS,1902,0.139,0.417,0
Mauritius,MUS,1903,0.139,0.417,0
Mauritius,MUS,1904,0.139,0.417,0
Mauritius,MUS,1905,0.141,0.417,0
Mauritius,MUS,1906,0.141,0.417,0
Mauritius,MUS,1907,0.141,0.417,0
Mauritius,MUS,1908,0.141,0.417,0
Mauritius,MUS,1909,0.141,0.417,0
Mauritius,MUS,1910,0.141,0.417,0
Mauritius,MUS,1911,0.141,0.417,0
Mauritius,MUS,1912,0.141,0.417,0
Mauritius,MUS,1913,0.141,0.417,0
Mauritius,MUS,1914,0.137,0.417,0
Mauritius,MUS,1915,0.137,0.417,0
Mauritius,MUS,1916,0.137,0.417,0
Mauritius,MUS,1917,0.137,0.417,0
Mauritius,MUS,1918,0.137,0.417,0
Mauritius,MUS,1919,0.141,0.417,0
Mauritius,MUS,1920,0.141,0.417,0
Mauritius,MUS,1921,0.149,0.417,0
Mauritius,MUS,1922,0.149,0.417,0
Mauritius,MUS,1923,0.149,0.417,0
Mauritius,MUS,1924,0.149,0.422,0
Mauritius,MUS,1925,0.149,0.422,0
Mauritius,MUS,1926,0.149,0.426,0
Mauritius,MUS,1927,0.149,0.426,0
Mauritius,MUS,1928,0.149,0.426,0
Mauritius,MUS,1929,0.149,0.426,0
Mauritius,MUS,1930,0.147,0.426,0
Mauritius,MUS,1931,0.147,0.426,0
Mauritius,MUS,1932,0.147,0.426,0
Mauritius,MUS,1933,0.147,0.426,0
Mauritius,MUS,1934,0.147,0.426,0
Mauritius,MUS,1935,0.147,0.426,0
Mauritius,MUS,1936,0.148,0.426,0
Mauritius,MUS,1937,0.154,0.414,0
Mauritius,MUS,1938,0.154,0.426,0
Mauritius,MUS,1939,0.151,0.43,0
Mauritius,MUS,1940,0.154,0.432,0
Mauritius,MUS,1941,0.154,0.432,0
Mauritius,MUS,1942,0.154,0.432,0
Mauritius,MUS,1943,0.157,0.44,0
Mauritius,MUS,1944,0.161,0.447,0
Mauritius,MUS,1945,0.161,0.447,0
Mauritius,MUS,1946,0.163,0.451,0
Mauritius,MUS,1947,0.163,0.451,0
Mauritius,MUS,1948,0.224,0.565,0
Mauritius,MUS,1949,0.315,0.797,0
Mauritius,MUS,1950,0.317,0.801,0
Mauritius,MUS,1951,0.317,0.801,0
Mauritius,MUS,1952,0.317,0.801,0
Mauritius,MUS,1953,0.317,0.801,0
Mauritius,MUS,1954,0.316,0.816,0
Mauritius,MUS,1955,0.316,0.816,0
Mauritius,MUS,1956,0.316,0.816,0
Mauritius,MUS,1957,0.321,0.816,0
Mauritius,MUS,1958,0.324,0.816,0
Mauritius,MUS,1959,0.356,0.821,0
Mauritius,MUS,1960,0.356,0.818,0
Mauritius,MUS,1961,0.357,0.821,1
Mauritius,MUS,1962,0.472,0.821,1
Mauritius,MUS,1963,0.472,0.813,1
Mauritius,MUS,1964,0.466,0.813,1
Mauritius,MUS,1965,0.466,0.813,1
Mauritius,MUS,1966,0.466,0.813,1
Mauritius,MUS,1967,0.476,0.815,1
Mauritius,MUS,1968,0.636,0.852,2
Mauritius,MUS,1969,0.654,0.855,2
Mauritius,MUS,1970,0.642,0.848,2
Mauritius,MUS,1971,0.638,0.845,2
Mauritius,MUS,1972,0.638,0.851,2
Mauritius,MUS,1973,0.633,0.851,2
Mauritius,MUS,1974,0.633,0.858,2
Mauritius,MUS,1975,0.633,0.858,2
Mauritius,MUS,1976,0.652,0.863,2
Mauritius,MUS,1977,0.676,0.863,2
Mauritius,MUS,1978,0.676,0.863,2
Mauritius,MUS,1979,0.68,0.863,2
Mauritius,MUS,1980,0.69,0.865,2
Mauritius,MUS,1981,0.69,0.865,2
Mauritius,MUS,1982,0.7,0.865,2
Mauritius,MUS,1983,0.7,0.864,2
Mauritius,MUS,1984,0.701,0.864,2
Mauritius,MUS,1985,0.701,0.864,3
Mauritius,MUS,1986,0.707,0.864,3
Mauritius,MUS,1987,0.708,0.864,3
Mauritius,MUS,1988,0.71,0.864,3
Mauritius,MUS,1989,0.71,0.864,3
Mauritius,MUS,1990,0.718,0.841,3
Mauritius,MUS,1991,0.72,0.841,3
Mauritius,MUS,1992,0.719,0.853,3
Mauritius,MUS,1993,0.725,0.858,3
Mauritius,MUS,1994,0.725,0.858,3
Mauritius,MUS,1995,0.725,0.858,3
Mauritius,MUS,1996,0.723,0.858,3
Mauritius,MUS,1997,0.723,0.858,3
Mauritius,MUS,1998,0.723,0.858,3
Mauritius,MUS,1999,0.723,0.858,3
Mauritius,MUS,2000,0.73,0.887,3
Mauritius,MUS,2001,0.731,0.887,3
Mauritius,MUS,2002,0.737,0.887,3
Mauritius,MUS,2003,0.737,0.887,3
Mauritius,MUS,2004,0.737,0.887,3
Mauritius,MUS,2005,0.737,0.884,3
Mauritius,MUS,2006,0.737,0.884,3
Mauritius,MUS,2007,0.737,0.884,3
Mauritius,MUS,2008,0.737,0.877,3
Mauritius,MUS,2009,0.737,0.877,3
Mauritius,MUS,2010,0.746,0.889,3
Mauritius,MUS,2011,0.746,0.891,3
Mauritius,MUS,2012,0.746,0.891,3
Mauritius,MUS,2013,0.738,0.88,3
Mauritius,MUS,2014,0.723,0.854,3
Mauritius,MUS,2015,0.737,0.853,3
Mauritius,MUS,2016,0.731,0.853,3
Mauritius,MUS,2017,0.732,0.85,2
Mauritius,MUS,2018,0.739,0.855,2
Mauritius,MUS,2019,0.694,0.862,2
Mauritius,MUS,2020,0.549,0.801,2
Mauritius,MUS,2021,0.532,0.766,2
Mauritius,MUS,2022,0.501,0.696,2
Mauritius,MUS,2023,0.47,0.692,1
Mauritius,MUS,2024,0.495,0.698,1
Mauritius,MUS,2025,0.738,0.873,2
Montenegro,MNE,1900,0.069,0.332,0
Montenegro,MNE,1901,0.069,0.332,0
Montenegro,MNE,1902,0.069,0.332,0
Montenegro,MNE,1903,0.069,0.339,0
Montenegro,MNE,1904,0.069,0.339,0
Montenegro,MNE,1905,0.093,0.339,0
Montenegro,MNE,1906,0.139,0.353,0
Montenegro,MNE,1907,0.128,0.409,0
Montenegro,MNE,1908,0.107,0.382,0
Montenegro,MNE,1909,0.107,0.382,0
Montenegro,MNE,1910,0.107,0.382,0
Montenegro,MNE,1911,0.103,0.382,0
Montenegro,MNE,1912,0.099,0.376,0
Montenegro,MNE,1913,0.103,0.38,0
Montenegro,MNE,1914,0.109,0.376,0
Montenegro,MNE,1915,0.107,0.381,0
Montenegro,MNE,1916,0.079,0.321,0
Montenegro,MNE,1917,0.077,0.303,0
Montenegro,MNE,1998,0.353,0.509,1
Montenegro,MNE,1999,0.432,0.694,1
Montenegro,MNE,2000,0.432,0.701,1
Montenegro,MNE,2001,0.457,0.697,1
Montenegro,MNE,2002,0.483,0.697,1
Montenegro,MNE,2003,0.503,0.702,2
Montenegro,MNE,2004,0.518,0.702,2
Montenegro,MNE,2005,0.522,0.702,2
Montenegro,MNE,2006,0.512,0.701,2
Montenegro,MNE,2007,0.493,0.753,1
Montenegro,MNE,2008,0.506,0.767,2
Montenegro,MNE,2009,0.511,0.768,2
Montenegro,MNE,2010,0.51,0.768,2
Montenegro,MNE,2011,0.51,0.769,2
Montenegro,MNE,2012,0.517,0.769,2
Montenegro,MNE,2013,0.494,0.753,1
Montenegro,MNE,2014,0.484,0.753,1
Montenegro,MNE,2015,0.484,0.756,1
Montenegro,MNE,2016,0.484,0.748,1
Montenegro,MNE,2017,0.474,0.742,1
Montenegro,MNE,2018,0.482,0.736,1
Montenegro,MNE,2019,0.483,0.732,1
Montenegro,MNE,2020,0.5,0.751,1
Montenegro,MNE,2021,0.534,0.78,2
Montenegro,MNE,2022,0.532,0.778,2
Montenegro,MNE,2023,0.61,0.794,2
Montenegro,MNE,2024,0.64,0.762,2
Montenegro,MNE,2025,0.636,0.77,2
New Zealand,NZL,1900,0.783,0.881,2
New Zealand,NZL,1901,0.793,0.881,2
New Zealand,NZL,1902,0.794,0.881,2
New Zealand,NZL,1903,0.796,0.881,2
New Zealand,NZL,1904,0.796,0.881,2
New Zealand,NZL,1905,0.796,0.881,2
New Zealand,NZL,1906,0.797,0.881,2
New Zealand,NZL,1907,0.797,0.881,2
New Zealand,NZL,1908,0.797,0.881,2
New Zealand,NZL,1909,0.798,0.881,2
New Zealand,NZL,1910,0.798,0.881,2
New Zealand,NZL,1911,0.798,0.881,2
New Zealand,NZL,1912,0.781,0.881,2
New Zealand,NZL,1913,0.783,0.883,3
New Zealand,NZL,1914,0.772,0.881,3
New Zealand,NZL,1915,0.767,0.881,3
New Zealand,NZL,1916,0.769,0.881,3
New Zealand,NZL,1917,0.767,0.881,3
New Zealand,NZL,1918,0.767,0.881,3
New Zealand,NZL,1919,0.796,0.883,3
New Zealand,NZL,1920,0.802,0.884,3
New Zealand,NZL,1921,0.798,0.884,3
New Zealand,NZL,1922,0.804,0.884,3
New Zealand,NZL,1923,0.806,0.884,3
New Zealand,NZL,1924,0.806,0.884,3
New Zealand,NZL,1925,0.805,0.884,3
New Zealand,NZL,1926,0.802,0.884,3
New Zealand,NZL,1927,0.802,0.884,3
New Zealand,NZL,1928,0.803,0.884,3
New Zealand,NZL,1929,0.807,0.884,3
New Zealand,NZL,1930,0.814,0.884,3
New Zealand,NZL,1931,0.814,0.884,3
New Zealand,NZL,1932,0.8,0.884,3
New Zealand,NZL,1933,0.81,0.884,3
New Zealand,NZL,1934,0.81,0.884,3
New Zealand,NZL,1935,0.802,0.884,3
New Zealand,NZL,1936,0.787,0.884,3
New Zealand,NZL,1937,0.787,0.884,3
New Zealand,NZL,1938,0.787,0.884,3
New Zealand,NZL,1939,0.782,0.884,3
New Zealand,NZL,1940,0.774,0.884,3
New Zealand,NZL,1941,0.774,0.884,3
New Zealand,NZL,1942,0.774,0.884,3
New Zealand,NZL,1943,0.774,0.884,3
New Zealand,NZL,1944,0.774,0.884,3
New Zealand,NZL,1945,0.774,0.884,3
New Zealand,NZL,1946,0.794,0.884,3
New Zealand,NZL,1947,0.802,0.884,3
New Zealand,NZL,1948,0.802,0.884,3
New Zealand,NZL,1949,0.801,0.884,3
New Zealand,NZL,1950,0.8,0.884,3
New Zealand,NZL,1951,0.768,0.884,3
New Zealand,NZL,1952,0.786,0.884,3
New Zealand,NZL,1953,0.786,0.884,3
New Zealand,NZL,1954,0.793,0.884,3
New Zealand,NZL,1955,0.804,0.884,3
New Zealand,NZL,1956,0.804,0.884,3
New Zealand,NZL,1957,0.804,0.884,3
New Zealand,NZL,1958,0.809,0.884,3
New Zealand,NZL,1959,0.809,0.884,3
New Zealand,NZL,1960,0.82,0.896,3
New Zealand,NZL,1961,0.822,0.896,3
New Zealand,NZL,1962,0.829,0.905,3
New Zealand,NZL,1963,0.833,0.914,3
New Zealand,NZL,1964,0.831,0.914,3
New Zealand,NZL,1965,0.831,0.914,3
New Zealand,NZL,1966,0.831,0.914,3
New Zealand,NZL,1967,0.833,0.914,3
New Zealand,NZL,1968,0.833,0.914,3
New Zealand,NZL,1969,0.833,0.914,3
New Zealand,NZL,1970,0.847,0.914,3
New Zealand,NZL,1971,0.847,0.914,3
New Zealand,NZL,1972,0.847,0.916,3
New Zealand,NZL,1973,0.845,0.916,3
New Zealand,NZL,1974,0.85,0.916,3
New Zealand,NZL,1975,0.85,0.916,3
New Zealand,NZL,1976,0.853,0.92,3
New Zealand,NZL,1977,0.847,0.92,3
New Zealand,NZL,1978,0.849,0.92,3
New Zealand,NZL,1979,0.846,0.92,3
New Zealand,NZL,1980,0.849,0.921,3
New Zealand,NZL,1981,0.849,0.921,3
New Zealand,NZL,1982,0.85,0.921,3
New Zealand,NZL,1983,0.853,0.921,3
New Zealand,NZL,1984,0.862,0.923,3
New Zealand,NZL,1985,0.863,0.933,3
New Zealand,NZL,1986,0.863,0.943,3
New Zealand,NZL,1987,0.864,0.943,3
New Zealand,NZL,1988,0.866,0.943,3
New Zealand,NZL,1989,0.866,0.943,3
New Zealand,NZL,1990,0.869,0.942,3
New Zealand,NZL,1991,0.871,0.942,3
New Zealand,NZL,1992,0.871,0.942,3
New Zealand,NZL,1993,0.874,0.942,3
New Zealand,NZL,1994,0.872,0.942,3
New Zealand,NZL,1995,0.872,0.942,3
New Zealand,NZL,1996,0.879,0.942,3
New Zealand,NZL,1997,0.88,0.949,3
New Zealand,NZL,1998,0.88,0.949,3
New Zealand,NZL,1999,0.88,0.949,3
New Zealand,NZL,2000,0.881,0.949,3
New Zealand,NZL,2001,0.881,0.949,3
New Zealand,NZL,2002,0.881,0.949,3
New Zealand,NZL,2003,0.88,0.949,3
New Zealand,NZL,2004,0.88,0.949,3
New Zealand,NZL,2005,0.879,0.949,3
New Zealand,NZL,2006,0.878,0.949,3
New Zealand,NZL,2007,0.878,0.949,3
New Zealand,NZL,2008,0.88,0.949,3
New Zealand,NZL,2009,0.893,0.949,3
New Zealand,NZL,2010,0.893,0.949,3
New Zealand,NZL,2011,0.891,0.949,3
New Zealand,NZL,2012,0.893,0.949,3
New Zealand,NZL,2013,0.887,0.949,3
New Zealand,NZL,2014,0.886,0.949,3
New Zealand,NZL,2015,0.883,0.949,3
New Zealand,NZL,2016,0.883,0.949,3
New Zealand,NZL,2017,0.879,0.949,3
New Zealand,NZL,2018,0.888,0.948,3
New Zealand,NZL,2019,0.885,0.949,3
New Zealand,NZL,2020,0.882,0.946,3
New Zealand,NZL,2021,0.874,0.942,3
New Zealand,NZL,2022,0.878,0.947,3
New Zealand,NZL,2023,0.88,0.95,3
New Zealand,NZL,2024,0.868,0.948,3
New Zealand,NZL,2025,0.849,0.938,3
Norway,NOR,1900,0.434,0.915,1
Norway,NOR,1901,0.437,0.915,1
Norway,NOR,1902,0.437,0.915,1
Norway,NOR,1903,0.433,0.915,1
Norway,NOR,1904,0.428,0.915,1
Norway,NOR,1905,0.425,0.915,1
Norway,NOR,1906,0.53,0.915,2
Norway,NOR,1907,0.532,0.915,2
Norway,NOR,1908,0.532,0.915,2
Norway,NOR,1909,0.531,0.915,2
Norway,NOR,1910,0.535,0.915,2
Norway,NOR,1911,0.535,0.915,2
Norway,NOR,1912,0.535,0.915,2
Norway,NOR,1913,0.538,0.915,2
Norway,NOR,1914,0.701,0.915,2
Norway,NOR,1915,0.702,0.915,2
Norway,NOR,1916,0.702,0.914,2
Norway,NOR,1917,0.701,0.914,2
Norway,NOR,1918,0.704,0.914,2
Norway,NOR,1919,0.696,0.914,2
Norway,NOR,1920,0.706,0.915,2
Norway,NOR,1921,0.707,0.915,2
Norway,NOR,1922,0.71,0.915,2
Norway,NOR,1923,0.71,0.915,2
Norway,NOR,1924,0.71,0.915,2
Norway,NOR,1925,0.707,0.915,2
Norway,NOR,1926,0.707,0.915,2
Norway,NOR,1927,0.707,0.915,2
Norway,NOR,1928,0.708,0.915,2
Norway,NOR,1929,0.713,0.915,2
Norway,NOR,1930,0.713,0.915,2
Norway,NOR,1931,0.715,0.915,2
Norway,NOR,1932,0.715,0.915,2
Norway,NOR,1933,0.716,0.915,2
Norway,NOR,1934,0.716,0.915,2
Norway,NOR,1935,0.716,0.915,2
Norway,NOR,1936,0.716,0.915,2
Norway,NOR,1937,0.716,0.915,2
Norway,NOR,1938,0.716,0.915,2
Norway,NOR,1939,0.713,0.915,2
Norway,NOR,1940,0.297,0.516,1
Norway,NOR,1941,0.245,0.452,1
Norway,NOR,1942,0.111,0.277,0
Norway,NOR,1943,0.1,0.277,0
Norway,NOR,1944,0.101,0.276,0
Norway,NOR,1945,0.269,0.532,1
Norway,NOR,1946,0.778,0.915,3
Norway,NOR,1947,0.778,0.915,3
Norway,NOR,1948,0.78,0.919,3
Norway,NOR,1949,0.78,0.919,3
Norway,NOR,1950,0.781,0.925,3
Norway,NOR,1951,0.781,0.929,3
Norway,NOR,1952,0.781,0.929,3
Norway,NOR,1953,0.781,0.931,3
Norway,NOR,1954,0.796,0.931,3
Norway,NOR,1955,0.799,0.931,3
Norway,NOR,1956,0.803,0.931,3
Norway,NOR,1957,0.806,0.942,3
Norway,NOR,1958,0.811,0.942,3
Norway,NOR,1959,0.811,0.942,3
Norway,NOR,1960,0.828,0.945,3
Norway,NOR,1961,0.829,0.945,3
Norway,NOR,1962,0.83,0.945,3
Norway,NOR,1963,0.83,0.945,3
Norway,NOR,1964,0.83,0.966,3
Norway,NOR,1965,0.829,0.973,3
Norway,NOR,1966,0.828,0.973,3
Norway,NOR,1967,0.828,0.973,3
Norway,NOR,1968,0.828,0.973,3
Norway,NOR,1969,0.829,0.973,3
Norway,NOR,1970,0.844,0.974,3
Norway,NOR,1971,0.844,0.974,3
Norway,NOR,1972,0.844,0.974,3
Norway,NOR,1973,0.844,0.974,3
Norway,NOR,1974,0.844,0.974,3
Norway,NOR,1975,0.844,0.974,3
Norway,NOR,1976,0.844,0.974,3
Norway,NOR,1977,0.844,0.974,3
Norway,NOR,1978,0.845,0.974,3
Norway,NOR,1979,0.845,0.974,3
Norway,NOR,1980,0.864,0.976,3
Norway,NOR,1981,0.864,0.977,3
Norway,NOR,1982,0.863,0.977,3
Norway,NOR,1983,0.863,0.977,3
Norway,NOR,1984,0.863,0.977,3
Norway,NOR,1985,0.863,0.977,3
Norway,NOR,1986,0.865,0.977,3
Norway,NOR,1987,0.865,0.977,3
Norway,NOR,1988,0.865,0.977,3
Norway,NOR,1989,0.864,0.977,3
Norway,NOR,1990,0.88,0.978,3
Norway,NOR,1991,0.88,0.978,3
Norway,NOR,1992,0.88,0.978,3
Norway,NOR,1993,0.88,0.978,3
Norway,NOR,1994,0.881,0.978,3
Norway,NOR,1995,0.881,0.978,3
Norway,NOR,1996,0.881,0.978,3
Norway,NOR,1997,0.881,0.978,3
Norway,NOR,1998,0.882,0.978,3
Norway,NOR,1999,0.882,0.978,3
Norway,NOR,2000,0.891,0.978,3
Norway,NOR,2001,0.892,0.978,3
Norway,NOR,2002,0.893,0.978,3
Norway,NOR,2003,0.893,0.978,3
Norway,NOR,2004,0.893,0.978,3
Norway,NOR,2005,0.895,0.978,3
Norway,NOR,2006,0.898,0.978,3
Norway,NOR,2007,0.898,0.978,3
Norway,NOR,2008,0.898,0.978,3
Norway,NOR,2009,0.899,0.978,3
Norway,NOR,2010,0.901,0.978,3
Norway,NOR,2011,0.901,0.978,3
Norway,NOR,2012,0.901,0.978,3
Norway,NOR,2013,0.897,0.978,3
Norway,NOR,2014,0.9,0.978,3
Norway,NOR,2015,0.904,0.978,3
Norway,NOR,2016,0.891,0.978,3
Norway,NOR,2017,0.888,0.978,3
Norway,NOR,2018,0.883,0.976,3
Norway,NOR,2019,0.889,0.973,3
Norway,NOR,2020,0.888,0.957,3
Norway,NOR,2021,0.892,0.957,3
Norway,NOR,2022,0.892,0.956,3
Norway,NOR,2023,0.89,0.956,3
Norway,NOR,2024,0.889,0.965,3
Norway,NOR,2025,0.89,0.965,3
Oman,OMN,1900,0.007,0.077,0
Oman,OMN,1901,0.007,0.077,0
Oman,OMN,1902,0.007,0.077,0
Oman,OMN,1903,0.007,0.077,0
Oman,OMN,1904,0.007,0.077,0
Oman,OMN,1905,0.007,0.077,0
Oman,OMN,1906,0.008,0.079,0
Oman,OMN,1907,0.008,0.079,0
Oman,OMN,1908,0.008,0.079,0
Oman,OMN,1909,0.008,0.079,0
Oman,OMN,1910,0.008,0.083,0
Oman,OMN,1911,0.008,0.083,0
Oman,OMN,1912,0.008,0.083,0
Oman,OMN,1913,0.008,0.08,0
Oman,OMN,1914,0.008,0.08,0
Oman,OMN,1915,0.008,0.08,0
Oman,OMN,1916,0.008,0.08,0
Oman,OMN,1917,0.008,0.08,0
Oman,OMN,1918,0.008,0.078,0
Oman,OMN,1919,0.008,0.078,0
Oman,OMN,1920,0.008,0.078,0
Oman,OMN,1921,0.008,0.078,0
Oman,OMN,1922,0.008,0.081,0
Oman,OMN,1923,0.008,0.081,0
Oman,OMN,1924,0.008,0.081,0
Oman,OMN,1925,0.008,0.081,0
Oman,OMN,1926,0.008,0.081,0
Oman,OMN,1927,0.007,0.081,0
Oman,OMN,1928,0.007,0.081,0
Oman,OMN,1929,0.007,0.081,0
Oman,OMN,1930,0.007,0.081,0
Oman,OMN,1931,0.008,0.081,0
Oman,OMN,1932,0.008,0.094,0
Oman,OMN,1933,0.008,0.094,0
Oman,OMN,1934,0.008,0.094,0
Oman,OMN,1935,0.009,0.094,0
Oman,OMN,1936,0.009,0.094,0
Oman,OMN,1937,0.009,0.094,0
Oman,OMN,1938,0.009,0.094,0
Oman,OMN,1939,0.009,0.094,0
Oman,OMN,1940,0.009,0.097,0
Oman,OMN,1941,0.009,0.1,0
Oman,OMN,1942,0.009,0.1,0
Oman,OMN,1943,0.009,0.1,0
Oman,OMN,1944,0.009,0.1,0
Oman,OMN,1945,0.009,0.1,0
Oman,OMN,1946,0.009,0.1,0
Oman,OMN,1947,0.009,0.097,0
Oman,OMN,1948,0.008,0.097,0
Oman,OMN,1949,0.008,0.097,0
Oman,OMN,1950,0.008,0.099,0
Oman,OMN,1951,0.008,0.099,0
Oman,OMN,1952,0.008,0.099,0
Oman,OMN,1953,0.008,0.099,0
Oman,OMN,1954,0.007,0.099,0
Oman,OMN,1955,0.007,0.099,0
Oman,OMN,1956,0.007,0.099,0
Oman,OMN,1957,0.007,0.099,0
Oman,OMN,1958,0.007,0.099,0
Oman,OMN,1959,0.007,0.099,0
Oman,OMN,1960,0.007,0.099,0
Oman,OMN,1961,0.007,0.099,0
Oman,OMN,1962,0.007,0.099,0
Oman,OMN,1963,0.007,0.097,0
Oman,OMN,1964,0.007,0.097,0
Oman,OMN,1965,0.007,0.088,0
Oman,OMN,1966,0.007,0.088,0
Oman,OMN,1967,0.007,0.088,0
Oman,OMN,1968,0.007,0.088,0
Oman,OMN,1969,0.007,0.088,0
Oman,OMN,1970,0.012,0.176,0
Oman,OMN,1971,0.012,0.193,0
Oman,OMN,1972,0.013,0.194,0
Oman,OMN,1973,0.013,0.194,0
Oman,OMN,1974,0.013,0.212,0
Oman,OMN,1975,0.013,0.209,0
Oman,OMN,1976,0.013,0.226,0
Oman,OMN,1977,0.015,0.243,0
Oman,OMN,1978,0.015,0.243,0
Oman,OMN,1979,0.015,0.243,0
Oman,OMN,1980,0.015,0.247,0
Oman,OMN,1981,0.015,0.247,0
Oman,OMN,1982,0.015,0.252,0
Oman,OMN,1983,0.015,0.252,0
Oman,OMN,1984,0.015,0.252,0
Oman,OMN,1985,0.015,0.252,0
Oman,OMN,1986,0.015,0.256,0
Oman,OMN,1987,0.015,0.256,0
Oman,OMN,1988,0.015,0.261,0
Oman,OMN,1989,0.015,0.261,0
Oman,OMN,1990,0.014,0.261,0
Oman,OMN,1991,0.014,0.274,0
Oman,OMN,1992,0.014,0.335,0
Oman,OMN,1993,0.014,0.333,0
Oman,OMN,1994,0.015,0.333,0
Oman,OMN,1995,0.015,0.335,0
Oman,OMN,1996,0.015,0.34,0
Oman,OMN,1997,0.015,0.342,0
Oman,OMN,1998,0.017,0.342,0
Oman,OMN,1999,0.017,0.346,0
Oman,OMN,2000,0.051,0.396,0
Oman,OMN,2001,0.101,0.396,0
Oman,OMN,2002,0.148,0.4,0
Oman,OMN,2003,0.151,0.4,0
Oman,OMN,2004,0.156,0.4,0
Oman,OMN,2005,0.156,0.403,0
Oman,OMN,2006,0.157,0.41,0
Oman,OMN,2007,0.157,0.407,0
Oman,OMN,2008,0.157,0.406,0
Oman,OMN,2009,0.157,0.41,0
Oman,OMN,2010,0.156,0.407,0
Oman,OMN,2011,0.167,0.436,0
Oman,OMN,2012,0.171,0.44,0
Oman,OMN,2013,0.171,0.442,0
Oman,OMN,2014,0.172,0.446,0
Oman,OMN,2015,0.172,0.446,0
Oman,OMN,2016,0.175,0.446,0
Oman,OMN,2017,0.176,0.44,0
Oman,OMN,2018,0.176,0.441,0
Oman,OMN,2019,0.176,0.445,0
Oman,OMN,2020,0.174,0.431,0
Oman,OMN,2021,0.174,0.442,0
Oman,OMN,2022,0.172,0.44,0
Oman,OMN,2023,0.172,0.439,0
Oman,OMN,2024,0.175,0.439,0
Oman,OMN,2025,0.175,0.443,0
Paraguay,PRY,1900,0.213,0.196,0
Paraguay,PRY,1901,0.213,0.196,0
Paraguay,PRY,1902,0.213,0.196,0
Paraguay,PRY,1903,0.213,0.196,1
Paraguay,PRY,1904,0.209,0.197,0
Paraguay,PRY,1905,0.207,0.207,0
Paraguay,PRY,1906,0.207,0.207,1
Paraguay,PRY,1907,0.207,0.207,1
Paraguay,PRY,1908,0.175,0.138,0
Paraguay,PRY,1909,0.207,0.209,0
Paraguay,PRY,1910,0.207,0.209,0
Paraguay,PRY,1911,0.195,0.209,0
Paraguay,PRY,1912,0.197,0.209,0
Paraguay,PRY,1913,0.209,0.211,0
Paraguay,PRY,1914,0.209,0.211,0
Paraguay,PRY,1915,0.21,0.211,0
Paraguay,PRY,1916,0.21,0.211,0
Paraguay,PRY,1917,0.21,0.211,0
Paraguay,PRY,1918,0.21,0.211,0
Paraguay,PRY,1919,0.21,0.211,0
Paraguay,PRY,1920,0.21,0.211,0
Paraguay,PRY,1921,0.21,0.211,0
Paraguay,PRY,1922,0.209,0.211,0
Paraguay,PRY,1923,0.209,0.212,0
Paraguay,PRY,1924,0.217,0.243,0
Paraguay,PRY,1925,0.217,0.243,0
Paraguay,PRY,1926,0.217,0.243,0
Paraguay,PRY,1927,0.217,0.243,0
Paraguay,PRY,1928,0.217,0.243,0
Paraguay,PRY,1929,0.217,0.243,0
Paraguay,PRY,1930,0.215,0.243,0
Paraguay,PRY,1931,0.215,0.243,0
Paraguay,PRY,1932,0.209,0.243,0
Paraguay,PRY,1933,0.209,0.243,0
Paraguay,PRY,1934,0.209,0.243,0
Paraguay,PRY,1935,0.209,0.243,0
Paraguay,PRY,1936,0.14,0.144,0
Paraguay,PRY,1937,0.159,0.159,0
Paraguay,PRY,1938,0.196,0.187,0
Paraguay,PRY,1939,0.198,0.213,0
Paraguay,PRY,1940,0.114,0.116,0
Paraguay,PRY,1941,0.104,0.106,0
Paraguay,PRY,1942,0.104,0.106,0
Paraguay,PRY,1943,0.121,0.106,1
Paraguay,PRY,1944,0.141,0.106,1
Paraguay,PRY,1945,0.141,0.106,1
Paraguay,PRY,1946,0.144,0.108,1
Paraguay,PRY,1947,0.128,0.092,1
Paraguay,PRY,1948,0.143,0.136,1
Paraguay,PRY,1949,0.155,0.143,1
Paraguay,PRY,1950,0.154,0.143,1
Paraguay,PRY,1951,0.154,0.143,1
Paraguay,PRY,1952,0.154,0.143,1
Paraguay,PRY,1953,0.153,0.143,1
Paraguay,PRY,1954,0.127,0.128,0
Paraguay,PRY,1955,0.118,0.124,0
Paraguay,PRY,1956,0.118,0.124,0
Paraguay,PRY,1957,0.118,0.124,0
Paraguay,PRY,1958,0.117,0.123,0
Paraguay,PRY,1959,0.095,0.084,0
Paraguay,PRY,1960,0.084,0.071,0
Paraguay,PRY,1961,0.116,0.092,0
Paraguay,PRY,1962,0.149,0.092,0
Paraguay,PRY,1963,0.156,0.092,1
Paraguay,PRY,1964,0.159,0.092,1
Paraguay,PRY,1965,0.159,0.092,1
Paraguay,PRY,1966,0.159,0.105,1
Paraguay,PRY,1967,0.159,0.105,1
Paraguay,PRY,1968,0.159,0.101,1
Paraguay,PRY,1969,0.161,0.101,1
Paraguay,PRY,1970,0.161,0.101,1
Paraguay,PRY,1971,0.161,0.101,1
Paraguay,PRY,1972,0.161,0.101,1
Paraguay,PRY,1973,0.161,0.101,1
Paraguay,PRY,1974,0.161,0.101,1
Paraguay,PRY,1975,0.161,0.101,1
Paraguay,PRY,1976,0.161,0.101,1
Paraguay,PRY,1977,0.16,0.101,1
Paraguay,PRY,1978,0.16,0.101,1
Paraguay,PRY,1979,0.16,0.101,1
Paraguay,PRY,1980,0.162,0.11,1
Paraguay,PRY,1981,0.162,0.11,1
Paraguay,PRY,1982,0.162,0.11,1
Paraguay,PRY,1983,0.163,0.11,1
Paraguay,PRY,1984,0.163,0.11,1
Paraguay,PRY,1985,0.164,0.11,1
Paraguay,PRY,1986,0.164,0.116,1
Paraguay,PRY,1987,0.166,0.126,1
Paraguay,PRY,1988,0.167,0.126,1
Paraguay,PRY,1989,0.191,0.197,1
Paraguay,PRY,1990,0.384,0.425,1
Paraguay,PRY,1991,0.401,0.425,1
Paraguay,PRY,1992,0.481,0.673,1
Paraguay,PRY,1993,0.512,0.663,2
Paraguay,PRY,1994,0.518,0.679,2
Paraguay,PRY,1995,0.518,0.679,2
Paraguay,PRY,1996,0.523,0.679,2
Paraguay,PRY,1997,0.527,0.679,2
Paraguay,PRY,1998,0.532,0.679,2
Paraguay,PRY,1999,0.535,0.674,2
Paraguay,PRY,2000,0.54,0.68,2
Paraguay,PRY,2001,0.54,0.68,2
Paraguay,PRY,2002,0.54,0.68,2
Paraguay,PRY,2003,0.565,0.681,2
Paraguay,PRY,2004,0.595,0.681,2
Paraguay,PRY,2005,0.595,0.681,2
Paraguay,PRY,2006,0.595,0.693,2
Paraguay,PRY,2007,0.595,0.719,2
Paraguay,PRY,2008,0.62,0.783,2
Paraguay,PRY,2009,0.631,0.785,2
Paraguay,PRY,2010,0.639,0.785,2
Paraguay,PRY,2011,0.63,0.785,2
Paraguay,PRY,2012,0.608,0.774,2
Paraguay,PRY,2013,0.585,0.646,2
Paraguay,PRY,2014,0.595,0.653,2
Paraguay,PRY,2015,0.593,0.662,2
Paraguay,PRY,2016,0.589,0.661,2
Paraguay,PRY,2017,0.596,0.659,2
Paraguay,PRY,2018,0.583,0.675,2
Paraguay,PRY,2019,0.585,0.677,2
Paraguay,PRY,2020,0.578,0.688,2
Paraguay,PRY,2021,0.578,0.706,2
Paraguay,PRY,2022,0.578,0.711,2
Paraguay,PRY,2023,0.576,0.695,2
Paraguay,PRY,2024,0.581,0.62,2
Paraguay,PRY,2025,0.581,0.586,2
Romania,ROU,1900,0.238,0.429,0
Romania,ROU,1901,0.238,0.429,0
Romania,ROU,1902,0.239,0.429,0
Romania,ROU,1903,0.239,0.429,0
Romania,ROU,1904,0.239,0.429,0
Romania,ROU,1905,0.238,0.429,0
Romania,ROU,1906,0.238,0.429,0
Romania,ROU,1907,0.235,0.429,0
Romania,ROU,1908,0.24,0.429,0
Romania,ROU,1909,0.24,0.429,0
Romania,ROU,1910,0.24,0.429,0
Romania,ROU,1911,0.238,0.429,0
Romania,ROU,1912,0.239,0.429,0
Romania,ROU,1913,0.239,0.429,0
Romania,ROU,1914,0.237,0.405,0
Romania,ROU,1915,0.237,0.405,0
Romania,ROU,1916,0.232,0.402,0
Romania,ROU,1917,0.232,0.398,0
Romania,ROU,1918,0.23,0.403,0
Romania,ROU,1919,0.239,0.42,0
Romania,ROU,1920,0.235,0.437,0
Romania,ROU,1921,0.236,0.437,0
Romania,ROU,1922,0.233,0.437,0
Romania,ROU,1923,0.233,0.442,0
Romania,ROU,1924,0.223,0.447,0
Romania,ROU,1925,0.227,0.458,0
Romania,ROU,1926,0.231,0.429,0
Romania,ROU,1927,0.235,0.429,0
Romania,ROU,1928,0.235,0.428,0
Romania,ROU,1929,0.238,0.428,0
Romania,ROU,1930,0.221,0.424,0
Romania,ROU,1931,0.221,0.424,0
Romania,ROU,1932,0.22,0.424,0
Romania,ROU,1933,0.216,0.424,0
Romania,ROU,1934,0.218,0.424,0
Romania,ROU,1935,0.218,0.424,0
Romania,ROU,1936,0.218,0.424,0
Romania,ROU,1937,0.208,0.397,0
Romania,ROU,1938,0.13,0.267,0
Romania,ROU,1939,0.128,0.223,0
Romania,ROU,1940,0.113,0.211,0
Romania,ROU,1941,0.113,0.201,0
Romania,ROU,1942,0.113,0.208,0
Romania,ROU,1943,0.113,0.211,0
Romania,ROU,1944,0.106,0.152,0
Romania,ROU,1945,0.134,0.192,0
Romania,ROU,1946,0.133,0.168,0
Romania,ROU,1947,0.146,0.135,0
Romania,ROU,1948,0.137,0.081,0
Romania,ROU,1949,0.135,0.07,0
Romania,ROU,1950,0.134,0.069,0
Romania,ROU,1951,0.134,0.069,0
Romania,ROU,1952,0.136,0.069,0
Romania,ROU,1953,0.151,0.069,0
Romania,ROU,1954,0.151,0.069,0
Romania,ROU,1955,0.151,0.069,0
Romania,ROU,1956,0.151,0.071,0
Romania,ROU,1957,0.154,0.072,0
Romania,ROU,1958,0.154,0.072,0
Romania,ROU,1959,0.154,0.072,0
Romania,ROU,1960,0.154,0.074,0
Romania,ROU,1961,0.186,0.081,0
Romania,ROU,1962,0.187,0.081,0
Romania,ROU,1963,0.187,0.084,0
Romania,ROU,1964,0.187,0.084,0
Romania,ROU,1965,0.187,0.086,0
Romania,ROU,1966,0.186,0.087,0
Romania,ROU,1967,0.186,0.087,0
Romania,ROU,1968,0.186,0.087,0
Romania,ROU,1969,0.186,0.087,0
Romania,ROU,1970,0.186,0.087,0
Romania,ROU,1971,0.186,0.086,0
Romania,ROU,1972,0.186,0.086,0
Romania,ROU,1973,0.186,0.086,0
Romania,ROU,1974,0.186,0.086,0
Romania,ROU,1975,0.186,0.086,0
Romania,ROU,1976,0.186,0.086,0
Romania,ROU,1977,0.186,0.086,0
Romania,ROU,1978,0.186,0.086,0
Romania,ROU,1979,0.186,0.086,0
Romania,ROU,1980,0.186,0.086,0
Romania,ROU,1981,0.186,0.086,0
Romania,ROU,1982,0.186,0.086,0
Romania,ROU,1983,0.186,0.086,0
Romania,ROU,1984,0.186,0.086,0
Romania,ROU,1985,0.186,0.086,0
Romania,ROU,1986,0.185,0.086,0
Romania,ROU,1987,0.185,0.086,0
Romania,ROU,1988,0.185,0.086,0
Romania,ROU,1989,0.185,0.086,0
Romania,ROU,1990,0.522,0.49,2
Romania,ROU,1991,0.545,0.53,2
Romania,ROU,1992,0.553,0.596,2
Romania,ROU,1993,0.562,0.651,2
Romania,ROU,1994,0.562,0.651,2
Romania,ROU,1995,0.562,0.651,2
Romania,ROU,1996,0.573,0.668,2
Romania,ROU,1997,0.619,0.668,2
Romania,ROU,1998,0.619,0.668,2
Romania,ROU,1999,0.619,0.658,2
Romania,ROU,2000,0.611,0.671,2
Romania,ROU,2001,0.597,0.671,2
Romania,ROU,2002,0.597,0.667,2
Romania,ROU,2003,0.609,0.679,2
Romania,ROU,2004,0.592,0.703,2
Romania,ROU,2005,0.61,0.746,2
Romania,ROU,2006,0.611,0.746,2
Romania,ROU,2007,0.609,0.777,2
Romania,ROU,2008,0.621,0.784,2
Romania,ROU,2009,0.666,0.781,2
Romania,ROU,2010,0.68,0.799,2
Romania,ROU,2011,0.684,0.799,2
Romania,ROU,2012,0.674,0.787,2
Romania,ROU,2013,0.672,0.836,2
Romania,ROU,2014,0.676,0.844,2
Romania,ROU,2015,0.716,0.854,2
Romania,ROU,2016,0.733,0.865,2
Romania,ROU,2017,0.695,0.742,2
Romania,ROU,2018,0.692,0.658,2
Romania,ROU,2019,0.75,0.705,2
Romania,ROU,2020,0.805,0.832,2
Romania,ROU,2021,0.766,0.778,2
Romania,ROU,2022,0.691,0.767,2
Romania,ROU,2023,0.677,0.713,2
Romania,ROU,2024,0.628,0.677,2
Romania,ROU,2025,0.605,0.747,2
Sao Tome and Principe,STP,1900,0.025,0.325,0
Sao Tome and Principe,STP,1901,0.025,0.325,0
Sao Tome and Principe,STP,1902,0.025,0.325,0
Sao Tome and Principe,STP,1903,0.025,0.325,0
Sao Tome and Principe,STP,1904,0.025,0.325,0
Sao Tome and Principe,STP,1905,0.025,0.325,0
Sao Tome and Principe,STP,1906,0.025,0.325,0
Sao Tome and Principe,STP,1907,0.025,0.325,0
Sao Tome and Principe,STP,1908,0.025,0.325,0
Sao Tome and Principe,STP,1909,0.025,0.325,0
Sao Tome and Principe,STP,1910,0.025,0.325,0
Sao Tome and Principe,STP,1911,0.037,0.325,0
Sao Tome and Principe,STP,1912,0.037,0.325,0
Sao Tome and Principe,STP,1913,0.037,0.325,0
Sao Tome and Principe,STP,1914,0.037,0.325,0
Sao Tome and Principe,STP,1915,0.037,0.325,0
Sao Tome and Principe,STP,1916,0.037,0.325,0
Sao Tome and Principe,STP,1917,0.037,0.325,0
Sao Tome and Principe,STP,1918,0.037,0.325,0
Sao Tome and Principe,STP,1919,0.037,0.325,0
Sao Tome and Principe,STP,1920,0.037,0.325,0
Sao Tome and Principe,STP,1921,0.037,0.325,0
Sao Tome and Principe,STP,1922,0.037,0.325,0
Sao Tome and Principe,STP,1923,0.037,0.325,0
Sao Tome and Principe,STP,1924,0.037,0.325,0
Sao Tome and Principe,STP,1925,0.037,0.325,0
Sao Tome and Principe,STP,1926,0.033,0.325,0
Sao Tome and Principe,STP,1927,0.026,0.325,0
Sao Tome and Principe,STP,1928,0.026,0.325,0
Sao Tome and Principe,STP,1929,0.026,0.325,0
Sao Tome and Principe,STP,1930,0.026,0.325,0
Sao Tome and Principe,STP,1931,0.026,0.325,0
Sao Tome and Principe,STP,1932,0.026,0.325,0
Sao Tome and Principe,STP,1933,0.026,0.325,0
Sao Tome and Principe,STP,1934,0.026,0.325,0
Sao Tome and Principe,STP,1935,0.026,0.325,0
Sao Tome and Principe,STP,1936,0.026,0.325,0
Sao Tome and Principe,STP,1937,0.026,0.325,0
Sao Tome and Principe,STP,1938,0.026,0.325,0
Sao Tome and Principe,STP,1939,0.026,0.325,0
Sao Tome and Principe,STP,1940,0.028,0.325,0
Sao Tome and Principe,STP,1941,0.028,0.325,0
Sao Tome and Principe,STP,1942,0.028,0.325,0
Sao Tome and Principe,STP,1943,0.028,0.325,0
Sao Tome and Principe,STP,1944,0.028,0.325,0
Sao Tome and Principe,STP,1945,0.028,0.325,0
Sao Tome and Principe,STP,1946,0.028,0.325,0
Sao Tome and Principe,STP,1947,0.028,0.325,0
Sao Tome and Principe,STP,1948,0.028,0.325,0
Sao Tome and Principe,STP,1949,0.028,0.325,0
Sao Tome and Principe,STP,1950,0.028,0.325,0
Sao Tome and Principe,STP,1951,0.028,0.325,0
Sao Tome and Principe,STP,1952,0.028,0.325,0
Sao Tome and Principe,STP,1953,0.026,0.31,0
Sao Tome and Principe,STP,1954,0.028,0.323,0
Sao Tome and Principe,STP,1955,0.028,0.327,0
Sao Tome and Principe,STP,1956,0.028,0.327,0
Sao Tome and Principe,STP,1957,0.028,0.327,0
Sao Tome and Principe,STP,1958,0.028,0.327,0
Sao Tome and Principe,STP,1959,0.028,0.327,0
Sao Tome and Principe,STP,1960,0.028,0.327,0
Sao Tome and Principe,STP,1961,0.028,0.33,0
Sao Tome and Principe,STP,1962,0.028,0.333,0
Sao Tome and Principe,STP,1963,0.028,0.333,0
Sao Tome and Principe,STP,1964,0.028,0.339,0
Sao Tome and Principe,STP,1965,0.028,0.339,0
Sao Tome and Principe,STP,1966,0.028,0.339,0
Sao Tome and Principe,STP,1967,0.028,0.339,0
Sao Tome and Principe,STP,1968,0.028,0.339,0
Sao Tome and Principe,STP,1969,0.028,0.339,0
Sao Tome and Principe,STP,1970,0.028,0.339,0
Sao Tome and Principe,STP,1971,0.028,0.339,0
Sao Tome and Principe,STP,1972,0.041,0.339,0
Sao Tome and Principe,STP,1973,0.041,0.404,0
Sao Tome and Principe,STP,1974,0.041,0.384,0
Sao Tome and Principe,STP,1975,0.155,0.491,0
Sao Tome and Principe,STP,1976,0.158,0.525,0
Sao Tome and Principe,STP,1977,0.158,0.521,0
Sao Tome and Principe,STP,1978,0.158,0.521,0
Sao Tome and Principe,STP,1979,0.158,0.521,0
Sao Tome and Principe,STP,1980,0.158,0.526,0
Sao Tome and Principe,STP,1981,0.158,0.526,0
Sao Tome and Principe,STP,1982,0.158,0.526,0
Sao Tome and Principe,STP,1983,0.158,0.526,0
Sao Tome and Principe,STP,1984,0.158,0.526,0
Sao Tome and Principe,STP,1985,0.158,0.526,0
Sao Tome and Principe,STP,1986,0.158,0.526,0
Sao Tome and Principe,STP,1987,0.189,0.526,0
Sao Tome and Principe,STP,1988,0.189,0.526,0
Sao Tome and Principe,STP,1989,0.189,0.526,0
Sao Tome and Principe,STP,1990,0.234,0.587,0
Sao Tome and Principe,STP,1991,0.54,0.704,2
Sao Tome and Principe,STP,1992,0.623,0.777,2
Sao Tome and Principe,STP,1993,0.631,0.781,2
Sao Tome and Principe,STP,1994,0.633,0.781,2
Sao Tome and Principe,STP,1995,0.64,0.781,2
Sao Tome and Principe,STP,1996,0.626,0.786,2
Sao Tome and Principe,STP,1997,0.614,0.786,2
Sao Tome and Principe,STP,1998,0.618,0.786,2
Sao Tome and Principe,STP,1999,0.642,0.783,2
Sao Tome and Principe,STP,2000,0.642,0.778,2
Sao Tome and Principe,STP,2001,0.644,0.778,2
Sao Tome and Principe,STP,2002,0.637,0.778,2
Sao Tome and Principe,STP,2003,0.637,0.795,2
Sao Tome and Principe,STP,2004,0.637,0.808,2
Sao Tome and Principe,STP,2005,0.641,0.813,2
Sao Tome and Principe,STP,2006,0.642,0.814,2
Sao Tome and Principe,STP,2007,0.643,0.814,2
Sao Tome and Principe,STP,2008,0.643,0.814,2
Sao Tome and Principe,STP,2009,0.643,0.814,2
Sao Tome and Principe,STP,2010,0.653,0.815,2
Sao Tome and Principe,STP,2011,0.657,0.815,2
Sao Tome and Principe,STP,2012,0.654,0.815,2
Sao Tome and Principe,STP,2013,0.655,0.836,2
Sao Tome and Principe,STP,2014,0.657,0.831,2
Sao Tome and Principe,STP,2015,0.664,0.831,2
Sao Tome and Principe,STP,2016,0.658,0.831,2
Sao Tome and Principe,STP,2017,0.647,0.822,2
Sao Tome and Principe,STP,2018,0.65,0.808,2
Sao Tome and Principe,STP,2019,0.67,0.826,2
Sao Tome and Principe,STP,2020,0.66,0.846,2
Sao Tome and Principe,STP,2021,0.657,0.846,2
Sao Tome and Principe,STP,2022,0.65,0.833,2
Sao Tome and Principe,STP,2023,0.644,0.843,2
Sao Tome and Principe,STP,2024,0.632,0.815,2
Sao Tome and Principe,STP,2025,0.632,0.815,2
Saudi Arabia,SAU,1900,0.01,0.116,0
Saudi Arabia,SAU,1901,0.01,0.116,0
Saudi Arabia,SAU,1902,0.01,0.116,0
Saudi Arabia,SAU,1903,0.009,0.125,0
Saudi Arabia,SAU,1904,0.009,0.125,0
Saudi Arabia,SAU,1905,0.009,0.125,0
Saudi Arabia,SAU,1906,0.009,0.125,0
Saudi Arabia,SAU,1907,0.009,0.125,0
Saudi Arabia,SAU,1908,0.009,0.125,0
Saudi Arabia,SAU,1909,0.009,0.125,0
Saudi Arabia,SAU,1910,0.009,0.125,0
Saudi Arabia,SAU,1911,0.009,0.125,0
Saudi Arabia,SAU,1912,0.009,0.125,0
Saudi Arabia,SAU,1913,0.009,0.125,0
Saudi Arabia,SAU,1914,0.009,0.125,0
Saudi Arabia,SAU,1915,0.009,0.125,0
Saudi Arabia,SAU,1916,0.009,0.125,0
Saudi Arabia,SAU,1917,0.009,0.125,0
Saudi Arabia,SAU,1918,0.009,0.125,0
Saudi Arabia,SAU,1919,0.009,0.125,0
Saudi Arabia,SAU,1920,0.009,0.125,0
Saudi Arabia,SAU,1921,0.009,0.125,0
Saudi Arabia,SAU,1922,0.009,0.125,0
Saudi Arabia,SAU,1923,0.009,0.125,0
Saudi Arabia,SAU,1924,0.009,0.125,0
Saudi Arabia,SAU,1925,0.009,0.125,0
Saudi Arabia,SAU,1926,0.009,0.125,0
Saudi Arabia,SAU,1927,0.009,0.125,0
Saudi Arabia,SAU,1928,0.009,0.125,0
Saudi Arabia,SAU,1929,0.009,0.13,0
Saudi Arabia,SAU,1930,0.009,0.13,0
Saudi Arabia,SAU,1931,0.009,0.13,0
Saudi Arabia,SAU,1932,0.009,0.136,0
Saudi Arabia,SAU,1933,0.008,0.14,0
Saudi Arabia,SAU,1934,0.008,0.14,0
Saudi Arabia,SAU,1935,0.008,0.14,0
Saudi Arabia,SAU,1936,0.008,0.14,0
Saudi Arabia,SAU,1937,0.008,0.14,0
Saudi Arabia,SAU,1938,0.008,0.14,0
Saudi Arabia,SAU,1939,0.008,0.141,0
Saudi Arabia,SAU,1940,0.008,0.141,0
Saudi Arabia,SAU,1941,0.008,0.141,0
Saudi Arabia,SAU,1942,0.008,0.141,0
Saudi Arabia,SAU,1943,0.008,0.141,0
Saudi Arabia,SAU,1944,0.008,0.141,0
Saudi Arabia,SAU,1945,0.008,0.141,0
Saudi Arabia,SAU,1946,0.008,0.141,0
Saudi Arabia,SAU,1947,0.008,0.141,0
Saudi Arabia,SAU,1948,0.008,0.141,0
Saudi Arabia,SAU,1949,0.008,0.141,0
Saudi Arabia,SAU,1950,0.008,0.135,0
Saudi Arabia,SAU,1951,0.008,0.135,0
Saudi Arabia,SAU,1952,0.008,0.133,0
Saudi Arabia,SAU,1953,0.01,0.133,0
Saudi Arabia,SAU,1954,0.013,0.15,0
Saudi Arabia,SAU,1955,0.013,0.15,0
Saudi Arabia,SAU,1956,0.014,0.15,0
Saudi Arabia,SAU,1957,0.014,0.15,0
Saudi Arabia,SAU,1958,0.014,0.15,0
Saudi Arabia,SAU,1959,0.014,0.15,0
Saudi Arabia,SAU,1960,0.014,0.15,0
Saudi Arabia,SAU,1961,0.014,0.15,0
Saudi Arabia,SAU,1962,0.014,0.157,0
Saudi Arabia,SAU,1963,0.014,0.165,0
Saudi Arabia,SAU,1964,0.014,0.165,0
Saudi Arabia,SAU,1965,0.014,0.165,0
Saudi Arabia,SAU,1966,0.014,0.165,0
Saudi Arabia,SAU,1967,0.014,0.165,0
Saudi Arabia,SAU,1968,0.014,0.165,0
Saudi Arabia,SAU,1969,0.014,0.165,0
Saudi Arabia,SAU,1970,0.013,0.163,0
Saudi Arabia,SAU,1971,0.013,0.163,0
Saudi Arabia,SAU,1972,0.013,0.163,0
Saudi Arabia,SAU,1973,0.013,0.144,0
Saudi Arabia,SAU,1974,0.014,0.144,0
Saudi Arabia,SAU,1975,0.013,0.145,0
Saudi Arabia,SAU,1976,0.013,0.145,0
Saudi Arabia,SAU,1977,0.013,0.145,0
Saudi Arabia,SAU,1978,0.013,0.145,0
Saudi Arabia,SAU,1979,0.014,0.145,0
Saudi Arabia,SAU,1980,0.014,0.147,0
Saudi Arabia,SAU,1981,0.014,0.147,0
Saudi Arabia,SAU,1982,0.014,0.147,0
Saudi Arabia,SAU,1983,0.014,0.143,0
Saudi Arabia,SAU,1984,0.014,0.143,0
Saudi Arabia,SAU,1985,0.014,0.143,0
Saudi Arabia,SAU,1986,0.014,0.147,0
Saudi Arabia,SAU,1987,0.014,0.147,0
Saudi Arabia,SAU,1988,0.014,0.147,0
Saudi Arabia,SAU,1989,0.014,0.147,0
Saudi Arabia,SAU,1990,0.013,0.147,0
Saudi Arabia,SAU,1991,0.013,0.146,0
Saudi Arabia,SAU,1992,0.013,0.155,0
Saudi Arabia,SAU,1993,0.016,0.155,0
Saudi Arabia,SAU,1994,0.016,0.155,0
Saudi Arabia,SAU,1995,0.015,0.155,0
Saudi Arabia,SAU,1996,0.016,0.155,0
Saudi Arabia,SAU,1997,0.016,0.155,0
Saudi Arabia,SAU,1998,0.016,0.155,0
Saudi Arabia,SAU,1999,0.016,0.155,0
Saudi Arabia,SAU,2000,0.017,0.156,0
Saudi Arabia,SAU,2001,0.018,0.155,0
Saudi Arabia,SAU,2002,0.018,0.153,0
Saudi Arabia,SAU,2003,0.018,0.153,0
Saudi Arabia,SAU,2004,0.018,0.153,0
Saudi Arabia,SAU,2005,0.019,0.166,0
Saudi Arabia,SAU,2006,0.019,0.168,0
Saudi Arabia,SAU,2007,0.019,0.169,0
Saudi Arabia,SAU,2008,0.019,0.174,0
Saudi Arabia,SAU,2009,0.019,0.178,0
Saudi Arabia,SAU,2010,0.02,0.182,0
Saudi Arabia,SAU,2011,0.02,0.182,0
Saudi Arabia,SAU,2012,0.019,0.18,0
Saudi Arabia,SAU,2013,0.018,0.18,0
Saudi Arabia,SAU,2014,0.017,0.18,0
Saudi Arabia,SAU,2015,0.016,0.184,0
Saudi Arabia,SAU,2016,0.016,0.175,0
Saudi Arabia,SAU,2017,0.014,0.172,0
Saudi Arabia,SAU,2018,0.015,0.166,0
Saudi Arabia,SAU,2019,0.015,0.177,0
Saudi Arabia,SAU,2020,0.014,0.176,0
Saudi Arabia,SAU,2021,0.015,0.178,0
Saudi Arabia,SAU,2022,0.015,0.182,0
Saudi Arabia,SAU,2023,0.014,0.178,0
Saudi Arabia,SAU,2024,0.015,0.186,0
Saudi Arabia,SAU,2025,0.016,0.184,0
Serbia,SRB,1900,0.165,0.375,0
Serbia,SRB,1901,0.165,0.375,0
Serbia,SRB,1902,0.165,0.382,0
Serbia,SRB,1903,0.164,0.395,0
Serbia,SRB,1904,0.167,0.421,0
Serbia,SRB,1905,0.167,0.421,0
Serbia,SRB,1906,0.167,0.415,0
Serbia,SRB,1907,0.167,0.415,0
Serbia,SRB,1908,0.165,0.416,0
Serbia,SRB,1909,0.162,0.416,0
Serbia,SRB,1910,0.162,0.416,0
Serbia,SRB,1911,0.162,0.416,0
Serbia,SRB,1912,0.162,0.412,0
Serbia,SRB,1913,0.161,0.404,0
Serbia,SRB,1914,0.159,0.394,0
Serbia,SRB,1915,0.146,0.33,0
Serbia,SRB,1916,0.146,0.319,0
Serbia,SRB,1917,0.146,0.319,0
Serbia,SRB,1918,0.146,0.32,0
Serbia,SRB,1919,0.162,0.424,0
Serbia,SRB,1920,0.163,0.424,0
Serbia,SRB,1921,0.169,0.426,0
Serbia,SRB,1922,0.169,0.43,0
Serbia,SRB,1923,0.168,0.441,0
Serbia,SRB,1924,0.168,0.441,0
Serbia,SRB,1925,0.167,0.441,0
Serbia,SRB,1926,0.167,0.441,0
Serbia,SRB,1927,0.166,0.435,0
Serbia,SRB,1928,0.156,0.424,0
Serbia,SRB,1929,0.136,0.407,0
Serbia,SRB,1930,0.103,0.225,0
Serbia,SRB,1931,0.104,0.225,0
Serbia,SRB,1935,0.14,0.35,0
Serbia,SRB,1936,0.141,0.35,0
Serbia,SRB,1937,0.141,0.35,0
Serbia,SRB,1938,0.141,0.35,0
Serbia,SRB,1939,0.146,0.35,0
Serbia,SRB,1940,0.128,0.327,0
Serbia,SRB,1941,0.094,0.114,0
Serbia,SRB,1942,0.056,0.046,0
Serbia,SRB,1943,0.053,0.047,0
Serbia,SRB,1944,0.053,0.049,0
Serbia,SRB,1945,0.049,0.134,0
Serbia,SRB,1946,0.092,0.257,0
Serbia,SRB,1947,0.091,0.25,0
Serbia,SRB,1948,0.09,0.251,0
Serbia,SRB,1949,0.09,0.289,0
Serbia,SRB,1950,0.094,0.314,0
Serbia,SRB,1951,0.094,0.329,0
Serbia,SRB,1952,0.094,0.334,0
Serbia,SRB,1953,0.095,0.345,0
Serbia,SRB,1954,0.093,0.349,0
Serbia,SRB,1955,0.093,0.351,0
Serbia,SRB,1956,0.093,0.351,0
Serbia,SRB,1957,0.093,0.351,0
Serbia,SRB,1958,0.092,0.351,0
Serbia,SRB,1959,0.092,0.351,0
Serbia,SRB,1960,0.092,0.351,0
Serbia,SRB,1961,0.092,0.351,0
Serbia,SRB,1962,0.092,0.351,0
Serbia,SRB,1963,0.092,0.408,0
Serbia,SRB,1964,0.092,0.408,0
Serbia,SRB,1965,0.092,0.42,0
Serbia,SRB,1966,0.092,0.42,0
Serbia,SRB,1967,0.094,0.423,0
Serbia,SRB,1968,0.094,0.423,0
Serbia,SRB,1969,0.093,0.423,0
Serbia,SRB,1970,0.094,0.423,0
Serbia,SRB,1971,0.094,0.423,0
Serbia,SRB,1972,0.093,0.423,0
Serbia,SRB,1973,0.093,0.423,0
Serbia,SRB,1974,0.091,0.439,0
Serbia,SRB,1975,0.094,0.441,0
Serbia,SRB,1976,0.094,0.441,0
Serbia,SRB,1977,0.094,0.441,0
Serbia,SRB,1978,0.094,0.441,0
Serbia,SRB,1979,0.094,0.435,0
Serbia,SRB,1980,0.114,0.437,0
Serbia,SRB,1981,0.135,0.45,0
Serbia,SRB,1982,0.135,0.457,0
Serbia,SRB,1983,0.135,0.457,0
Serbia,SRB,1984,0.135,0.458,0
Serbia,SRB,1985,0.135,0.458,0
Serbia,SRB,1986,0.135,0.458,0
Serbia,SRB,1987,0.137,0.458,0
Serbia,SRB,1988,0.137,0.467,0
Serbia,SRB,1989,0.136,0.435,0
Serbia,SRB,1990,0.2,0.45,0
Serbia,SRB,1991,0.164,0.322,0
Serbia,SRB,1992,0.238,0.401,1
Serbia,SRB,1993,0.288,0.451,1
Serbia,SRB,1994,0.288,0.454,1
Serbia,SRB,1995,0.288,0.454,1
Serbia,SRB,1996,0.293,0.461,1
Serbia,SRB,1997,0.299,0.461,1
Serbia,SRB,1998,0.298,0.456,1
Serbia,SRB,1999,0.298,0.457,1
Serbia,SRB,2000,0.364,0.625,1
Serbia,SRB,2001,0.584,0.812,2
Serbia,SRB,2002,0.61,0.809,2
Serbia,SRB,2003,0.646,0.813,2
Serbia,SRB,2004,0.634,0.815,2
Serbia,SRB,2005,0.634,0.821,2
Serbia,SRB,2006,0.633,0.82,2
Serbia,SRB,2007,0.628,0.835,3
Serbia,SRB,2008,0.628,0.835,3
Serbia,SRB,2009,0.623,0.835,3
Serbia,SRB,2010,0.61,0.819,3
Serbia,SRB,2011,0.607,0.819,3
Serbia,SRB,2012,0.593,0.808,3
Serbia,SRB,2013,0.502,0.764,2
Serbia,SRB,2014,0.44,0.731,1
Serbia,SRB,2015,0.422,0.736,1
Serbia,SRB,2016,0.411,0.697,1
Serbia,SRB,2017,0.376,0.666,1
Serbia,SRB,2018,0.354,0.675,1
Serbia,SRB,2019,0.365,0.653,1
Serbia,SRB,2020,0.349,0.57,1
Serbia,SRB,2021,0.336,0.563,1
Serbia,SRB,2022,0.357,0.599,1
Serbia,SRB,2023,0.36,0.563,1
Serbia,SRB,2024,0.315,0.553,1
Serbia,SRB,2025,0.3,0.522,1
Seychelles,SYC,1903,0.065,0.318,0
Seychelles,SYC,1904,0.065,0.318,0
Seychelles,SYC,1905,0.065,0.318,0
Seychelles,SYC,1906,0.065,0.318,0
Seychelles,SYC,1907,0.065,0.318,0
Seychelles,SYC,1908,0.065,0.318,0
Seychelles,SYC,1909,0.065,0.318,0
Seychelles,SYC,1910,0.065,0.318,0
Seychelles,SYC,1911,0.065,0.318,0
Seychelles,SYC,1912,0.065,0.318,0
Seychelles,SYC,1913,0.065,0.318,0
Seychelles,SYC,1914,0.065,0.318,0
Seychelles,SYC,1915,0.065,0.318,0
Seychelles,SYC,1916,0.065,0.318,0
Seychelles,SYC,1917,0.065,0.318,0
Seychelles,SYC,1918,0.065,0.318,0
Seychelles,SYC,1919,0.065,0.318,0
Seychelles,SYC,1920,0.065,0.318,0
Seychelles,SYC,1921,0.065,0.318,0
Seychelles,SYC,1922,0.065,0.318,0
Seychelles,SYC,1923,0.065,0.318,0
Seychelles,SYC,1924,0.065,0.318,0
Seychelles,SYC,1925,0.065,0.318,0
Seychelles,SYC,1926,0.065,0.318,0
Seychelles,SYC,1927,0.065,0.318,0
Seychelles,SYC,1928,0.065,0.318,0
Seychelles,SYC,1929,0.065,0.318,0
Seychelles,SYC,1930,0.065,0.318,0
Seychelles,SYC,1931,0.065,0.318,0
Seychelles,SYC,1932,0.065,0.318,0
Seychelles,SYC,1933,0.065,0.318,0
Seychelles,SYC,1934,0.065,0.318,0
Seychelles,SYC,1935,0.065,0.318,0
Seychelles,SYC,1936,0.065,0.318,0
Seychelles,SYC,1937,0.065,0.318,0
Seychelles,SYC,1938,0.065,0.318,0
Seychelles,SYC,1939,0.065,0.318,0
Seychelles,SYC,1940,0.065,0.328,0
Seychelles,SYC,1941,0.065,0.328,0
Seychelles,SYC,1942,0.065,0.328,0
Seychelles,SYC,1943,0.065,0.328,0
Seychelles,SYC,1944,0.065,0.328,0
Seychelles,SYC,1945,0.065,0.328,0
Seychelles,SYC,1946,0.07,0.328,0
Seychelles,SYC,1947,0.07,0.328,0
Seychelles,SYC,1948,0.089,0.328,0
Seychelles,SYC,1949,0.13,0.519,0
Seychelles,SYC,1950,0.13,0.519,0
Seychelles,SYC,1951,0.124,0.519,0
Seychelles,SYC,1952,0.124,0.519,0
Seychelles,SYC,1953,0.129,0.519,0
Seychelles,SYC,1954,0.129,0.519,0
Seychelles,SYC,1955,0.129,0.519,0
Seychelles,SYC,1956,0.129,0.519,0
Seychelles,SYC,1957,0.128,0.519,0
Seychelles,SYC,1958,0.128,0.519,0
Seychelles,SYC,1959,0.128,0.519,0
Seychelles,SYC,1960,0.128,0.519,0
Seychelles,SYC,1961,0.127,0.519,0
Seychelles,SYC,1962,0.127,0.519,0
Seychelles,SYC,1963,0.132,0.519,0
Seychelles,SYC,1964,0.156,0.519,0
Seychelles,SYC,1965,0.165,0.522,0
Seychelles,SYC,1966,0.166,0.522,0
Seychelles,SYC,1967,0.235,0.518,0
Seychelles,SYC,1968,0.237,0.518,0
Seychelles,SYC,1969,0.237,0.518,0
Seychelles,SYC,1970,0.252,0.544,1
Seychelles,SYC,1971,0.329,0.567,1
Seychelles,SYC,1972,0.315,0.533,1
Seychelles,SYC,1973,0.315,0.533,1
Seychelles,SYC,1974,0.272,0.533,1
Seychelles,SYC,1975,0.266,0.533,1
Seychelles,SYC,1976,0.289,0.571,1
Seychelles,SYC,1977,0.17,0.396,0
Seychelles,SYC,1978,0.098,0.334,0
Seychelles,SYC,1979,0.15,0.483,1
Seychelles,SYC,1980,0.2,0.499,1
Seychelles,SYC,1981,0.2,0.499,1
Seychelles,SYC,1982,0.201,0.504,1
Seychelles,SYC,1983,0.201,0.508,1
Seychelles,SYC,1984,0.201,0.51,1
Seychelles,SYC,1985,0.206,0.523,1
Seychelles,SYC,1986,0.207,0.516,1
Seychelles,SYC,1987,0.207,0.516,0
Seychelles,SYC,1988,0.202,0.516,0
Seychelles,SYC,1989,0.205,0.516,0
Seychelles,SYC,1990,0.21,0.535,0
Seychelles,SYC,1991,0.218,0.535,0
Seychelles,SYC,1992,0.279,0.566,1
Seychelles,SYC,1993,0.34,0.591,1
Seychelles,SYC,1994,0.353,0.591,1
Seychelles,SYC,1995,0.362,0.589,1
Seychelles,SYC,1996,0.36,0.589,1
Seychelles,SYC,1997,0.365,0.589,1
Seychelles,SYC,1998,0.367,0.589,1
Seychelles,SYC,1999,0.368,0.589,1
Seychelles,SYC,2000,0.368,0.601,1
Seychelles,SYC,2001,0.359,0.601,1
Seychelles,SYC,2002,0.361,0.607,1
Seychelles,SYC,2003,0.396,0.68,1
Seychelles,SYC,2004,0.439,0.726,1
Seychelles,SYC,2005,0.44,0.724,1
Seychelles,SYC,2006,0.449,0.722,1
Seychelles,SYC,2007,0.474,0.726,1
Seychelles,SYC,2008,0.48,0.728,1
Seychelles,SYC,2009,0.478,0.728,1
Seychelles,SYC,2010,0.478,0.728,1
Seychelles,SYC,2011,0.479,0.737,1
Seychelles,SYC,2012,0.477,0.732,1
Seychelles,SYC,2013,0.491,0.765,1
Seychelles,SYC,2014,0.495,0.771,1
Seychelles,SYC,2015,0.518,0.799,2
Seychelles,SYC,2016,0.585,0.834,3
Seychelles,SYC,2017,0.599,0.85,3
Seychelles,SYC,2018,0.605,0.87,3
Seychelles,SYC,2019,0.621,0.865,3
Seychelles,SYC,2020,0.666,0.871,3
Seychelles,SYC,2021,0.711,0.911,3
Seychelles,SYC,2022,0.735,0.895,3
Seychelles,SYC,2023,0.728,0.897,3
Seychelles,SYC,2024,0.737,0.899,3
Seychelles,SYC,2025,0.76,0.909,3
Singapore,SGP,1900,0.1,0.512,0
Singapore,SGP,1901,0.1,0.512,0
Singapore,SGP,1902,0.1,0.512,0
Singapore,SGP,1903,0.1,0.512,0
Singapore,SGP,1904,0.1,0.512,0
Singapore,SGP,1905,0.1,0.512,0
Singapore,SGP,1906,0.1,0.514,0
Singapore,SGP,1907,0.1,0.514,0
Singapore,SGP,1908,0.1,0.514,0
Singapore,SGP,1909,0.1,0.513,0
Singapore,SGP,1910,0.098,0.511,0
Singapore,SGP,1911,0.098,0.511,0
Singapore,SGP,1912,0.098,0.511,0
Singapore,SGP,1913,0.098,0.511,0
Singapore,SGP,1914,0.098,0.511,0
Singapore,SGP,1915,0.098,0.511,0
Singapore,SGP,1916,0.098,0.511,0
Singapore,SGP,1917,0.098,0.511,0
Singapore,SGP,1918,0.098,0.511,0
Singapore,SGP,1919,0.098,0.511,0
Singapore,SGP,1920,0.098,0.511,0
Singapore,SGP,1921,0.098,0.511,0
Singapore,SGP,1922,0.098,0.511,0
Singapore,SGP,1923,0.098,0.511,0
Singapore,SGP,1924,0.098,0.511,0
Singapore,SGP,1925,0.098,0.511,0
Singapore,SGP,1926,0.098,0.511,0
Singapore,SGP,1927,0.098,0.511,0
Singapore,SGP,1928,0.098,0.511,0
Singapore,SGP,1929,0.098,0.511,0
Singapore,SGP,1930,0.098,0.511,0
Singapore,SGP,1931,0.098,0.511,0
Singapore,SGP,1932,0.098,0.511,0
Singapore,SGP,1933,0.098,0.511,0
Singapore,SGP,1934,0.098,0.511,0
Singapore,SGP,1935,0.098,0.511,0
Singapore,SGP,1936,0.098,0.511,0
Singapore,SGP,1937,0.098,0.511,0
Singapore,SGP,1938,0.098,0.511,0
Singapore,SGP,1939,0.098,0.511,0
Singapore,SGP,1940,0.098,0.503,0
Singapore,SGP,1941,0.098,0.503,0
Singapore,SGP,1942,0.09,0.22,0
Singapore,SGP,1943,0.084,0.22,0
Singapore,SGP,1944,0.084,0.22,0
Singapore,SGP,1945,0.084,0.22,0
Singapore,SGP,1946,0.117,0.529,0
Singapore,SGP,1947,0.117,0.529,0
Singapore,SGP,1948,0.174,0.529,0
Singapore,SGP,1949,0.19,0.529,0
Singapore,SGP,1950,0.193,0.529,0
Singapore,SGP,1951,0.196,0.551,0
Singapore,SGP,1952,0.197,0.551,0
Singapore,SGP,1953,0.198,0.551,0
Singapore,SGP,1954,0.198,0.551,0
Singapore,SGP,1955,0.254,0.569,1
Singapore,SGP,1956,0.278,0.567,1
Singapore,SGP,1957,0.278,0.567,1
Singapore,SGP,1958,0.278,0.6,1
Singapore,SGP,1959,0.4,0.638,1
Singapore,SGP,1960,0.408,0.632,1
Singapore,SGP,1961,0.408,0.632,1
Singapore,SGP,1962,0.408,0.632,1
Singapore,SGP,1963,0.405,0.651,1
Singapore,SGP,1964,0.335,0.651,1
Singapore,SGP,1965,0.31,0.667,1
Singapore,SGP,1966,0.308,0.67,1
Singapore,SGP,1967,0.308,0.675,1
Singapore,SGP,1968,0.312,0.679,1
Singapore,SGP,1969,0.313,0.679,1
Singapore,SGP,1970,0.313,0.693,1
Singapore,SGP,1971,0.313,0.693,1
Singapore,SGP,1972,0.317,0.693,1
Singapore,SGP,1973,0.326,0.693,1
Singapore,SGP,1974,0.326,0.693,1
Singapore,SGP,1975,0.326,0.694,1
Singapore,SGP,1976,0.326,0.691,1
Singapore,SGP,1977,0.325,0.691,1
Singapore,SGP,1978,0.325,0.691,1
Singapore,SGP,1979,0.325,0.691,1
Singapore,SGP,1980,0.333,0.698,1
Singapore,SGP,1981,0.341,0.698,1
Singapore,SGP,1982,0.341,0.698,1
Singapore,SGP,1983,0.341,0.698,1
Singapore,SGP,1984,0.341,0.698,1
Singapore,SGP,1985,0.341,0.698,1
Singapore,SGP,1986,0.348,0.698,1
Singapore,SGP,1987,0.352,0.698,1
Singapore,SGP,1988,0.353,0.698,1
Singapore,SGP,1989,0.352,0.698,1
Singapore,SGP,1990,0.365,0.706,1
Singapore,SGP,1991,0.368,0.706,1
Singapore,SGP,1992,0.36,0.706,1
Singapore,SGP,1993,0.36,0.706,1
Singapore,SGP,1994,0.361,0.706,1
Singapore,SGP,1995,0.361,0.706,1
Singapore,SGP,1996,0.362,0.706,1
Singapore,SGP,1997,0.375,0.706,1
Singapore,SGP,1998,0.375,0.706,1
Singapore,SGP,1999,0.371,0.706,1
Singapore,SGP,2000,0.378,0.715,1
Singapore,SGP,2001,0.378,0.715,1
Singapore,SGP,2002,0.377,0.715,1
Singapore,SGP,2003,0.377,0.715,1
Singapore,SGP,2004,0.377,0.715,1
Singapore,SGP,2005,0.375,0.715,1
Singapore,SGP,2006,0.386,0.711,1
Singapore,SGP,2007,0.384,0.711,1
Singapore,SGP,2008,0.387,0.711,1
Singapore,SGP,2009,0.39,0.707,1
Singapore,SGP,2010,0.39,0.709,1
Singapore,SGP,2011,0.403,0.718,1
Singapore,SGP,2012,0.419,0.718,1
Singapore,SGP,2013,0.414,0.718,1
Singapore,SGP,2014,0.414,0.718,1
Singapore,SGP,2015,0.416,0.718,1
Singapore,SGP,2016,0.424,0.718,1
Singapore,SGP,2017,0.425,0.74,1
Singapore,SGP,2018,0.409,0.74,1
Singapore,SGP,2019,0.403,0.737,1
Singapore,SGP,2020,0.402,0.743,1
Singapore,SGP,2021,0.395,0.744,1
Singapore,SGP,2022,0.395,0.74,1
Singapore,SGP,2023,0.405,0.745,1
Singapore,SGP,2024,0.418,0.762,1
Singapore,SGP,2025,0.434,0.767,1
Slovakia,SVK,1993,0.75,0.835,0
Slovakia,SVK,1994,0.704,0.743,2
Slovakia,SVK,1995,0.702,0.74,2
Slovakia,SVK,1996,0.702,0.738,2
Slovakia,SVK,1997,0.702,0.742,2
Slovakia,SVK,1998,0.765,0.806,2
Slovakia,SVK,1999,0.844,0.882,3
Slovakia,SVK,2000,0.849,0.882,3
Slovakia,SVK,2001,0.849,0.882,3
Slovakia,SVK,2002,0.847,0.882,3
Slovakia,SVK,2003,0.843,0.886,3
Slovakia,SVK,2004,0.845,0.886,3
Slovakia,SVK,2005,0.845,0.886,3
Slovakia,SVK,2006,0.82,0.886,3
Slovakia,SVK,2007,0.835,0.882,3
Slovakia,SVK,2008,0.834,0.878,3
Slovakia,SVK,2009,0.835,0.877,3
Slovakia,SVK,2010,0.85,0.885,3
Slovakia,SVK,2011,0.851,0.887,3
Slovakia,SVK,2012,0.844,0.875,3
Slovakia,SVK,2013,0.835,0.868,3
Slovakia,SVK,2014,0.834,0.864,3
Slovakia,SVK,2015,0.838,0.86,3
Slovakia,SVK,2016,0.837,0.863,3
Slovakia,SVK,2017,0.835,0.856,3
Slovakia,SVK,2018,0.814,0.856,3
Slovakia,SVK,2019,0.841,0.875,2
Slovakia,SVK,2020,0.84,0.906,3
Slovakia,SVK,2021,0.839,0.908,3
Slovakia,SVK,2022,0.837,0.918,3
Slovakia,SVK,2023,0.812,0.9,2
Slovakia,SVK,2024,0.746,0.77,2
Slovakia,SVK,2025,0.733,0.759,2
Slovenia,SVN,1989,0.248,0.7,0
Slovenia,SVN,1990,0.621,0.793,2
Slovenia,SVN,1991,0.815,0.885,3
Slovenia,SVN,1992,0.848,0.909,3
Slovenia,SVN,1993,0.842,0.911,3
Slovenia,SVN,1994,0.845,0.911,3
Slovenia,SVN,1995,0.839,0.911,3
Slovenia,SVN,1996,0.849,0.91,3
Slovenia,SVN,1997,0.842,0.916,3
Slovenia,SVN,1998,0.842,0.918,3
Slovenia,SVN,1999,0.837,0.915,3
Slovenia,SVN,2000,0.84,0.897,3
Slovenia,SVN,2001,0.832,0.899,3
Slovenia,SVN,2002,0.843,0.901,3
Slovenia,SVN,2003,0.841,0.899,3
Slovenia,SVN,2004,0.825,0.897,3
Slovenia,SVN,2005,0.822,0.898,3
Slovenia,SVN,2006,0.823,0.898,3
Slovenia,SVN,2007,0.826,0.898,3
Slovenia,SVN,2008,0.825,0.899,3
Slovenia,SVN,2009,0.873,0.908,3
Slovenia,SVN,2010,0.872,0.916,3
Slovenia,SVN,2011,0.863,0.918,3
Slovenia,SVN,2012,0.847,0.915,3
Slovenia,SVN,2013,0.854,0.917,3
Slovenia,SVN,2014,0.865,0.925,3
Slovenia,SVN,2015,0.873,0.927,3
Slovenia,SVN,2016,0.861,0.933,3
Slovenia,SVN,2017,0.84,0.932,3
Slovenia,SVN,2018,0.83,0.928,3
Slovenia,SVN,2019,0.814,0.929,3
Slovenia,SVN,2020,0.752,0.895,3
Slovenia,SVN,2021,0.715,0.881,2
Slovenia,SVN,2022,0.808,0.91,3
Slovenia,SVN,2023,0.76,0.87,2
Slovenia,SVN,2024,0.725,0.874,2
Slovenia,SVN,2025,0.692,0.849,2
Solomon Islands,SLB,1900,0.047,0.264,0
Solomon Islands,SLB,1901,0.047,0.264,0
Solomon Islands,SLB,1902,0.047,0.264,0
Solomon Islands,SLB,1903,0.047,0.264,0
Solomon Islands,SLB,1904,0.047,0.264,0
Solomon Islands,SLB,1905,0.047,0.264,0
Solomon Islands,SLB,1906,0.047,0.264,0
Solomon Islands,SLB,1907,0.047,0.264,0
Solomon Islands,SLB,1908,0.047,0.264,0
Solomon Islands,SLB,1909,0.047,0.264,0
Solomon Islands,SLB,1910,0.047,0.264,0
Solomon Islands,SLB,1911,0.047,0.264,0
Solomon Islands,SLB,1912,0.047,0.264,0
Solomon Islands,SLB,1913,0.047,0.259,0
Solomon Islands,SLB,1914,0.045,0.241,0
Solomon Islands,SLB,1915,0.045,0.241,0
Solomon Islands,SLB,1916,0.045,0.241,0
Solomon Islands,SLB,1917,0.045,0.241,0
Solomon Islands,SLB,1918,0.045,0.241,0
Solomon Islands,SLB,1919,0.045,0.241,0
Solomon Islands,SLB,1920,0.049,0.282,0
Solomon Islands,SLB,1921,0.049,0.292,0
Solomon Islands,SLB,1922,0.049,0.292,0
Solomon Islands,SLB,1923,0.049,0.292,0
Solomon Islands,SLB,1924,0.049,0.292,0
Solomon Islands,SLB,1925,0.049,0.292,0
Solomon Islands,SLB,1926,0.049,0.292,0
Solomon Islands,SLB,1927,0.049,0.292,0
Solomon Islands,SLB,1928,0.049,0.279,0
Solomon Islands,SLB,1929,0.049,0.299,0
Solomon Islands,SLB,1930,0.049,0.308,0
Solomon Islands,SLB,1931,0.049,0.308,0
Solomon Islands,SLB,1932,0.049,0.308,0
Solomon Islands,SLB,1933,0.049,0.308,0
Solomon Islands,SLB,1934,0.049,0.308,0
Solomon Islands,SLB,1935,0.049,0.308,0
Solomon Islands,SLB,1936,0.049,0.308,0
Solomon Islands,SLB,1937,0.049,0.308,0
Solomon Islands,SLB,1938,0.046,0.308,0
Solomon Islands,SLB,1939,0.043,0.274,0
Solomon Islands,SLB,1940,0.046,0.274,0
Solomon Islands,SLB,1941,0.046,0.25,0
Solomon Islands,SLB,1942,0.046,0.25,0
Solomon Islands,SLB,1943,0.046,0.25,0
Solomon Islands,SLB,1944,0.046,0.248,0
Solomon Islands,SLB,1945,0.045,0.246,0
Solomon Islands,SLB,1946,0.044,0.301,0
Solomon Islands,SLB,1947,0.045,0.304,0
Solomon Islands,SLB,1948,0.045,0.304,0
Solomon Islands,SLB,1949,0.045,0.304,0
Solomon Islands,SLB,1950,0.054,0.33,0
Solomon Islands,SLB,1951,0.054,0.359,0
Solomon Islands,SLB,1952,0.054,0.366,0
Solomon Islands,SLB,1953,0.054,0.365,0
Solomon Islands,SLB,1954,0.054,0.368,0
Solomon Islands,SLB,1955,0.054,0.368,0
Solomon Islands,SLB,1956,0.054,0.368,0
Solomon Islands,SLB,1957,0.054,0.368,0
Solomon Islands,SLB,1958,0.054,0.368,0
Solomon Islands,SLB,1959,0.054,0.368,0
Solomon Islands,SLB,1960,0.074,0.59,0
Solomon Islands,SLB,1961,0.074,0.59,0
Solomon Islands,SLB,1962,0.074,0.59,0
Solomon Islands,SLB,1963,0.074,0.59,0
Solomon Islands,SLB,1964,0.206,0.59,0
Solomon Islands,SLB,1965,0.239,0.59,0
Solomon Islands,SLB,1966,0.239,0.59,0
Solomon Islands,SLB,1967,0.24,0.59,0
Solomon Islands,SLB,1968,0.241,0.59,0
Solomon Islands,SLB,1969,0.241,0.59,0
Solomon Islands,SLB,1970,0.258,0.644,0
Solomon Islands,SLB,1971,0.258,0.644,0
Solomon Islands,SLB,1972,0.258,0.644,0
Solomon Islands,SLB,1973,0.261,0.644,0
Solomon Islands,SLB,1974,0.274,0.649,1
Solomon Islands,SLB,1975,0.301,0.649,1
Solomon Islands,SLB,1976,0.324,0.649,1
Solomon Islands,SLB,1977,0.328,0.649,1
Solomon Islands,SLB,1978,0.49,0.723,1
Solomon Islands,SLB,1979,0.515,0.761,2
Solomon Islands,SLB,1980,0.52,0.756,2
Solomon Islands,SLB,1981,0.52,0.752,2
Solomon Islands,SLB,1982,0.536,0.752,2
Solomon Islands,SLB,1983,0.536,0.752,2
Solomon Islands,SLB,1984,0.537,0.752,2
Solomon Islands,SLB,1985,0.54,0.752,2
Solomon Islands,SLB,1986,0.54,0.752,2
Solomon Islands,SLB,1987,0.54,0.752,2
Solomon Islands,SLB,1988,0.54,0.752,2
Solomon Islands,SLB,1989,0.531,0.752,2
Solomon Islands,SLB,1990,0.532,0.748,2
Solomon Islands,SLB,1991,0.532,0.748,2
Solomon Islands,SLB,1992,0.532,0.748,2
Solomon Islands,SLB,1993,0.532,0.748,2
Solomon Islands,SLB,1994,0.532,0.748,2
Solomon Islands,SLB,1995,0.532,0.748,2
Solomon Islands,SLB,1996,0.532,0.748,2
Solomon Islands,SLB,1997,0.526,0.748,2
Solomon Islands,SLB,1998,0.512,0.734,2
Solomon Islands,SLB,1999,0.511,0.685,2
Solomon Islands,SLB,2000,0.356,0.528,1
Solomon Islands,SLB,2001,0.273,0.476,1
Solomon Islands,SLB,2002,0.507,0.708,2
Solomon Islands,SLB,2003,0.507,0.726,2
Solomon Islands,SLB,2004,0.52,0.733,2
Solomon Islands,SLB,2005,0.511,0.732,2
Solomon Islands,SLB,2006,0.471,0.679,1
Solomon Islands,SLB,2007,0.559,0.748,2
Solomon Islands,SLB,2008,0.559,0.748,2
Solomon Islands,SLB,2009,0.564,0.748,2
Solomon Islands,SLB,2010,0.573,0.74,2
Solomon Islands,SLB,2011,0.582,0.74,2
Solomon Islands,SLB,2012,0.586,0.74,2
Solomon Islands,SLB,2013,0.582,0.745,2
Solomon Islands,SLB,2014,0.585,0.742,2
Solomon Islands,SLB,2015,0.594,0.745,2
Solomon Islands,SLB,2016,0.61,0.742,2
Solomon Islands,SLB,2017,0.616,0.752,2
Solomon Islands,SLB,2018,0.623,0.752,2
Solomon Islands,SLB,2019,0.656,0.746,2
Solomon Islands,SLB,2020,0.655,0.723,2
Solomon Islands,SLB,2021,0.658,0.735,2
Solomon Islands,SLB,2022,0.659,0.742,2
Solomon Islands,SLB,2023,0.666,0.757,2
Solomon Islands,SLB,2024,0.688,0.764,2
Solomon Islands,SLB,2025,0.696,0.757,2
Vanuatu,VUT,1906,0.073,0.571,0
Vanuatu,VUT,1907,0.073,0.571,0
Vanuatu,VUT,1908,0.073,0.571,0
Vanuatu,VUT,1909,0.074,0.571,0
Vanuatu,VUT,1910,0.074,0.571,0
Vanuatu,VUT,1911,0.074,0.571,0
Vanuatu,VUT,1912,0.074,0.571,0
Vanuatu,VUT,1913,0.074,0.571,0
Vanuatu,VUT,1914,0.074,0.571,0
Vanuatu,VUT,1915,0.074,0.571,0
Vanuatu,VUT,1916,0.074,0.571,0
Vanuatu,VUT,1917,0.074,0.571,0
Vanuatu,VUT,1918,0.074,0.571,0
Vanuatu,VUT,1919,0.074,0.571,0
Vanuatu,VUT,1920,0.074,0.571,0
Vanuatu,VUT,1921,0.074,0.571,0
Vanuatu,VUT,1922,0.074,0.571,0
Vanuatu,VUT,1923,0.074,0.571,0
Vanuatu,VUT,1924,0.074,0.571,0
Vanuatu,VUT,1925,0.074,0.571,0
Vanuatu,VUT,1926,0.074,0.571,0
Vanuatu,VUT,1927,0.074,0.571,0
Vanuatu,VUT,1928,0.074,0.571,0
Vanuatu,VUT,1929,0.074,0.571,0
Vanuatu,VUT,1930,0.077,0.571,0
Vanuatu,VUT,1931,0.077,0.571,0
Vanuatu,VUT,1932,0.077,0.571,0
Vanuatu,VUT,1933,0.077,0.571,0
Vanuatu,VUT,1934,0.077,0.571,0
Vanuatu,VUT,1935,0.077,0.571,0
Vanuatu,VUT,1936,0.077,0.571,0
Vanuatu,VUT,1937,0.077,0.571,0
Vanuatu,VUT,1938,0.077,0.571,0
Vanuatu,VUT,1939,0.077,0.571,0
Vanuatu,VUT,1940,0.08,0.571,0
Vanuatu,VUT,1941,0.08,0.571,0
Vanuatu,VUT,1942,0.08,0.571,0
Vanuatu,VUT,1943,0.08,0.571,0
Vanuatu,VUT,1944,0.08,0.571,0
Vanuatu,VUT,1945,0.08,0.571,0
Vanuatu,VUT,1946,0.08,0.571,0
Vanuatu,VUT,1947,0.08,0.571,0
Vanuatu,VUT,1948,0.08,0.571,0
Vanuatu,VUT,1949,0.08,0.571,0
Vanuatu,VUT,1950,0.08,0.561,0
Vanuatu,VUT,1951,0.08,0.572,0
Vanuatu,VUT,1952,0.08,0.572,0
Vanuatu,VUT,1953,0.08,0.572,0
Vanuatu,VUT,1954,0.083,0.572,0
Vanuatu,VUT,1955,0.08,0.572,0
Vanuatu,VUT,1956,0.08,0.572,0
Vanuatu,VUT,1957,0.08,0.572,0
Vanuatu,VUT,1958,0.081,0.572,0
Vanuatu,VUT,1959,0.081,0.572,0
Vanuatu,VUT,1960,0.081,0.572,0
Vanuatu,VUT,1961,0.081,0.572,0
Vanuatu,VUT,1962,0.081,0.572,0
Vanuatu,VUT,1963,0.081,0.572,0
Vanuatu,VUT,1964,0.081,0.572,0
Vanuatu,VUT,1965,0.081,0.572,0
Vanuatu,VUT,1966,0.081,0.572,0
Vanuatu,VUT,1967,0.081,0.572,0
Vanuatu,VUT,1968,0.081,0.572,0
Vanuatu,VUT,1969,0.081,0.572,0
Vanuatu,VUT,1970,0.154,0.561,0
Vanuatu,VUT,1971,0.166,0.597,0
Vanuatu,VUT,1972,0.166,0.597,0
Vanuatu,VUT,1973,0.166,0.597,0
Vanuatu,VUT,1974,0.166,0.597,0
Vanuatu,VUT,1975,0.24,0.597,0
Vanuatu,VUT,1976,0.306,0.867,0
Vanuatu,VUT,1977,0.316,0.867,1
Vanuatu,VUT,1978,0.415,0.867,1
Vanuatu,VUT,1979,0.474,0.867,1
Vanuatu,VUT,1980,0.699,0.833,2
Vanuatu,VUT,1981,0.699,0.833,2
Vanuatu,VUT,1982,0.699,0.833,2
Vanuatu,VUT,1983,0.699,0.833,2
Vanuatu,VUT,1984,0.699,0.833,2
Vanuatu,VUT,1985,0.699,0.833,2
Vanuatu,VUT,1986,0.699,0.833,2
Vanuatu,VUT,1987,0.698,0.833,2
Vanuatu,VUT,1988,0.69,0.833,2
Vanuatu,VUT,1989,0.69,0.833,2
Vanuatu,VUT,1990,0.697,0.829,2
Vanuatu,VUT,1991,0.687,0.829,2
Vanuatu,VUT,1992,0.615,0.829,2
Vanuatu,VUT,1993,0.615,0.829,2
Vanuatu,VUT,1994,0.615,0.837,2
Vanuatu,VUT,1995,0.616,0.838,2
Vanuatu,VUT,1996,0.618,0.838,2
Vanuatu,VUT,1997,0.618,0.838,2
Vanuatu,VUT,1998,0.617,0.838,2
Vanuatu,VUT,1999,0.617,0.838,2
Vanuatu,VUT,2000,0.619,0.837,2
Vanuatu,VUT,2001,0.619,0.837,2
Vanuatu,VUT,2002,0.619,0.837,2
Vanuatu,VUT,2003,0.62,0.837,2
Vanuatu,VUT,2004,0.615,0.837,2
Vanuatu,VUT,2005,0.611,0.837,2
Vanuatu,VUT,2006,0.611,0.837,2
Vanuatu,VUT,2007,0.611,0.837,2
Vanuatu,VUT,2008,0.653,0.837,2
Vanuatu,VUT,2009,0.737,0.837,2
Vanuatu,VUT,2010,0.737,0.84,2
Vanuatu,VUT,2011,0.737,0.84,2
Vanuatu,VUT,2012,0.738,0.84,2
Vanuatu,VUT,2013,0.745,0.84,2
Vanuatu,VUT,2014,0.745,0.84,2
Vanuatu,VUT,2015,0.747,0.859,2
Vanuatu,VUT,2016,0.771,0.859,2
Vanuatu,VUT,2017,0.793,0.862,2
Vanuatu,VUT,2018,0.79,0.861,2
Vanuatu,VUT,2019,0.779,0.847,2
Vanuatu,VUT,2020,0.78,0.841,2
Vanuatu,VUT,2021,0.8,0.834,2
Vanuatu,VUT,2022,0.804,0.841,2
Vanuatu,VUT,2023,0.82,0.858,2
Vanuatu,VUT,2024,0.8,0.857,2
Vanuatu,VUT,2025,0.729,0.857,2
United Arab Emirates,ARE,1971,0.016,0.19,0
United Arab Emirates,ARE,1972,0.016,0.19,0
United Arab Emirates,ARE,1973,0.014,0.19,0
United Arab Emirates,ARE,1974,0.016,0.19,0
United Arab Emirates,ARE,1975,0.016,0.19,0
United Arab Emirates,ARE,1976,0.017,0.188,0
United Arab Emirates,ARE,1977,0.019,0.188,0
United Arab Emirates,ARE,1978,0.019,0.188,0
United Arab Emirates,ARE,1979,0.019,0.191,0
United Arab Emirates,ARE,1980,0.017,0.191,0
United Arab Emirates,ARE,1981,0.017,0.191,0
United Arab Emirates,ARE,1982,0.017,0.191,0
United Arab Emirates,ARE,1983,0.018,0.191,0
United Arab Emirates,ARE,1984,0.019,0.191,0
United Arab Emirates,ARE,1985,0.02,0.199,0
United Arab Emirates,ARE,1986,0.02,0.199,0
United Arab Emirates,ARE,1987,0.023,0.199,0
United Arab Emirates,ARE,1988,0.023,0.199,0
United Arab Emirates,ARE,1989,0.023,0.208,0
United Arab Emirates,ARE,1990,0.023,0.215,0
United Arab Emirates,ARE,1991,0.022,0.215,0
United Arab Emirates,ARE,1992,0.025,0.215,0
United Arab Emirates,ARE,1993,0.023,0.215,0
United Arab Emirates,ARE,1994,0.024,0.257,0
United Arab Emirates,ARE,1995,0.027,0.266,0
United Arab Emirates,ARE,1996,0.027,0.276,0
United Arab Emirates,ARE,1997,0.027,0.276,0
United Arab Emirates,ARE,1998,0.028,0.276,0
United Arab Emirates,ARE,1999,0.028,0.276,0
United Arab Emirates,ARE,2000,0.028,0.276,0
United Arab Emirates,ARE,2001,0.028,0.276,0
United Arab Emirates,ARE,2002,0.025,0.279,0
United Arab Emirates,ARE,2003,0.025,0.271,0
United Arab Emirates,ARE,2004,0.019,0.27,0
United Arab Emirates,ARE,2005,0.021,0.277,0
United Arab Emirates,ARE,2006,0.024,0.282,0
United Arab Emirates,ARE,2007,0.071,0.295,0
United Arab Emirates,ARE,2008,0.071,0.295,0
United Arab Emirates,ARE,2009,0.071,0.297,0
United Arab Emirates,ARE,2010,0.072,0.302,0
United Arab Emirates,ARE,2011,0.081,0.284,0
United Arab Emirates,ARE,2012,0.09,0.307,0
United Arab Emirates,ARE,2013,0.091,0.31,0
United Arab Emirates,ARE,2014,0.089,0.313,0
United Arab Emirates,ARE,2015,0.095,0.319,0
United Arab Emirates,ARE,2016,0.1,0.322,0
United Arab Emirates,ARE,2017,0.095,0.325,0
United Arab Emirates,ARE,2018,0.096,0.334,0
United Arab Emirates,ARE,2019,0.102,0.317,0
United Arab Emirates,ARE,2020,0.102,0.314,0
United Arab Emirates,ARE,2021,0.1,0.292,0
United Arab Emirates,ARE,2022,0.101,0.303,0
United Arab Emirates,ARE,2023,0.102,0.267,0
United Arab Emirates,ARE,2024,0.104,0.267,0
United Arab Emirates,ARE,2025,0.104,0.265,0
Palestine/British Mandate,PSB,1918,0.075,0.366,0
Palestine/British Mandate,PSB,1919,0.075,0.366,0
Palestine/British Mandate,PSB,1920,0.138,0.366,0
Palestine/British Mandate,PSB,1921,0.138,0.366,0
Palestine/British Mandate,PSB,1922,0.138,0.366,0
Palestine/British Mandate,PSB,1923,0.169,0.366,0
Palestine/British Mandate,PSB,1924,0.142,0.366,0
Palestine/British Mandate,PSB,1925,0.142,0.366,0
Palestine/British Mandate,PSB,1926,0.142,0.366,0
Palestine/British Mandate,PSB,1927,0.142,0.366,0
Palestine/British Mandate,PSB,1928,0.142,0.366,0
Palestine/British Mandate,PSB,1929,0.142,0.366,0
Palestine/British Mandate,PSB,1930,0.142,0.366,0
Palestine/British Mandate,PSB,1931,0.142,0.366,0
Palestine/British Mandate,PSB,1932,0.142,0.366,0
Palestine/British Mandate,PSB,1933,0.142,0.366,0
Palestine/British Mandate,PSB,1934,0.142,0.366,0
Palestine/British Mandate,PSB,1935,0.142,0.366,0
Palestine/British Mandate,PSB,1936,0.142,0.362,0
Palestine/British Mandate,PSB,1937,0.142,0.362,0
Palestine/British Mandate,PSB,1938,0.142,0.362,0
Palestine/British Mandate,PSB,1939,0.142,0.362,0
Palestine/British Mandate,PSB,1940,0.142,0.365,0
Palestine/British Mandate,PSB,1941,0.142,0.365,0
Palestine/British Mandate,PSB,1942,0.142,0.365,0
Palestine/British Mandate,PSB,1943,0.142,0.365,0
Palestine/British Mandate,PSB,1944,0.142,0.365,0
Palestine/British Mandate,PSB,1945,0.142,0.362,0
Palestine/British Mandate,PSB,1946,0.142,0.362,0
Palestine/British Mandate,PSB,1947,0.08,0.362,0
Palestine/British Mandate,PSB,1948,0.08,0.362,0
Hungary,HUN,1900,0.26,0.602,1
Hungary,HUN,1901,0.262,0.602,1
Hungary,HUN,1902,0.267,0.602,1
Hungary,HUN,1903,0.267,0.602,1
Hungary,HUN,1904,0.267,0.602,1
Hungary,HUN,1905,0.268,0.594,1
Hungary,HUN,1906,0.263,0.594,1
Hungary,HUN,1907,0.26,0.599,1
Hungary,HUN,1908,0.26,0.599,1
Hungary,HUN,1909,0.26,0.599,1
Hungary,HUN,1910,0.267,0.599,1
Hungary,HUN,1911,0.272,0.599,1
Hungary,HUN,1912,0.272,0.599,1
Hungary,HUN,1913,0.272,0.599,1
Hungary,HUN,1914,0.268,0.584,1
Hungary,HUN,1915,0.268,0.584,1
Hungary,HUN,1916,0.268,0.584,1
Hungary,HUN,1917,0.268,0.584,1
Hungary,HUN,1918,0.387,0.578,1
Hungary,HUN,1919,0.162,0.301,0
Hungary,HUN,1920,0.27,0.559,1
Hungary,HUN,1921,0.284,0.594,1
Hungary,HUN,1922,0.317,0.638,1
Hungary,HUN,1923,0.337,0.647,1
Hungary,HUN,1924,0.343,0.652,1
Hungary,HUN,1925,0.344,0.652,1
Hungary,HUN,1926,0.347,0.652,1
Hungary,HUN,1927,0.313,0.647,1
Hungary,HUN,1928,0.313,0.647,1
Hungary,HUN,1929,0.313,0.647,1
Hungary,HUN,1930,0.315,0.646,1
Hungary,HUN,1931,0.32,0.646,1
Hungary,HUN,1932,0.318,0.646,1
Hungary,HUN,1933,0.321,0.646,1
Hungary,HUN,1934,0.321,0.646,1
Hungary,HUN,1935,0.317,0.648,1
Hungary,HUN,1936,0.316,0.646,1
Hungary,HUN,1937,0.314,0.634,1
Hungary,HUN,1938,0.31,0.631,1
Hungary,HUN,1939,0.296,0.623,1
Hungary,HUN,1940,0.284,0.588,1
Hungary,HUN,1941,0.259,0.579,1
Hungary,HUN,1942,0.257,0.58,1
Hungary,HUN,1943,0.254,0.562,1
Hungary,HUN,1944,0.2,0.293,1
Hungary,HUN,1945,0.16,0.198,0
Hungary,HUN,1946,0.222,0.408,0
Hungary,HUN,1947,0.211,0.418,0
Hungary,HUN,1948,0.19,0.36,0
Hungary,HUN,1949,0.122,0.27,0
Hungary,HUN,1950,0.118,0.223,0
Hungary,HUN,1951,0.118,0.226,0
Hungary,HUN,1952,0.118,0.226,0
Hungary,HUN,1953,0.153,0.226,0
Hungary,HUN,1954,0.181,0.233,0
Hungary,HUN,1955,0.137,0.233,0
Hungary,HUN,1956,0.119,0.226,0
Hungary,HUN,1957,0.118,0.233,0
Hungary,HUN,1958,0.119,0.249,0
Hungary,HUN,1959,0.121,0.257,0
Hungary,HUN,1960,0.122,0.269,0
Hungary,HUN,1961,0.122,0.272,0
Hungary,HUN,1962,0.124,0.281,0
Hungary,HUN,1963,0.127,0.274,0
Hungary,HUN,1964,0.13,0.297,0
Hungary,HUN,1965,0.13,0.299,0
Hungary,HUN,1966,0.13,0.302,0
Hungary,HUN,1967,0.129,0.302,0
Hungary,HUN,1968,0.13,0.304,0
Hungary,HUN,1969,0.13,0.315,0
Hungary,HUN,1970,0.131,0.321,0
Hungary,HUN,1971,0.131,0.324,0
Hungary,HUN,1972,0.132,0.322,0
Hungary,HUN,1973,0.132,0.322,0
Hungary,HUN,1974,0.132,0.322,0
Hungary,HUN,1975,0.131,0.322,0
Hungary,HUN,1976,0.131,0.324,0
Hungary,HUN,1977,0.131,0.324,0
Hungary,HUN,1978,0.131,0.324,0
Hungary,HUN,1979,0.131,0.324,0
Hungary,HUN,1980,0.134,0.329,0
Hungary,HUN,1981,0.136,0.329,0
Hungary,HUN,1982,0.136,0.329,0
Hungary,HUN,1983,0.136,0.329,0
Hungary,HUN,1984,0.136,0.329,0
Hungary,HUN,1985,0.141,0.338,0
Hungary,HUN,1986,0.145,0.345,0
Hungary,HUN,1987,0.15,0.349,0
Hungary,HUN,1988,0.167,0.383,0
Hungary,HUN,1989,0.265,0.496,1
Hungary,HUN,1990,0.799,0.899,2
Hungary,HUN,1991,0.843,0.903,3
Hungary,HUN,1992,0.843,0.903,3
Hungary,HUN,1993,0.843,0.903,3
Hungary,HUN,1994,0.842,0.903,3
Hungary,HUN,1995,0.844,0.903,3
Hungary,HUN,1996,0.844,0.903,3
Hungary,HUN,1997,0.844,0.904,3
Hungary,HUN,1998,0.84,0.904,3
Hungary,HUN,1999,0.839,0.896,3
Hungary,HUN,2000,0.839,0.896,3
Hungary,HUN,2001,0.839,0.896,3
Hungary,HUN,2002,0.842,0.9,3
Hungary,HUN,2003,0.843,0.905,3
Hungary,HUN,2004,0.843,0.905,3
Hungary,HUN,2005,0.843,0.897,3
Hungary,HUN,2006,0.831,0.898,3
Hungary,HUN,2007,0.85,0.904,3
Hungary,HUN,2008,0.85,0.905,3
Hungary,HUN,2009,0.85,0.906,3
Hungary,HUN,2010,0.808,0.828,2
Hungary,HUN,2011,0.778,0.809,2
Hungary,HUN,2012,0.773,0.787,2
Hungary,HUN,2013,0.738,0.759,2
Hungary,HUN,2014,0.669,0.758,2
Hungary,HUN,2015,0.617,0.751,2
Hungary,HUN,2016,0.613,0.751,2
Hungary,HUN,2017,0.555,0.752,2
Hungary,HUN,2018,0.481,0.727,1
Hungary,HUN,2019,0.466,0.724,1
Hungary,HUN,2020,0.46,0.705,1
Hungary,HUN,2021,0.45,0.705,1
Hungary,HUN,2022,0.447,0.682,1
Hungary,HUN,2023,0.434,0.67,1
Hungary,HUN,2024,0.444,0.661,1
Hungary,HUN,2025,0.421,0.667,1
Zanzibar,ZZB,1900,0.033,0.266,0
Zanzibar,ZZB,1901,0.033,0.266,0
Zanzibar,ZZB,1902,0.033,0.266,0
Zanzibar,ZZB,1903,0.033,0.266,0
Zanzibar,ZZB,1904,0.033,0.266,0
Zanzibar,ZZB,1905,0.033,0.266,0
Zanzibar,ZZB,1906,0.033,0.266,0
Zanzibar,ZZB,1907,0.033,0.266,0
Zanzibar,ZZB,1908,0.033,0.266,0
Zanzibar,ZZB,1909,0.033,0.266,0
Zanzibar,ZZB,1910,0.033,0.266,0
Zanzibar,ZZB,1911,0.033,0.266,0
Zanzibar,ZZB,1912,0.033,0.266,0
Zanzibar,ZZB,1913,0.033,0.266,0
Zanzibar,ZZB,1914,0.033,0.266,0
Zanzibar,ZZB,1915,0.033,0.266,0
Zanzibar,ZZB,1916,0.033,0.266,0
Zanzibar,ZZB,1917,0.033,0.266,0
Zanzibar,ZZB,1918,0.033,0.266,0
Zanzibar,ZZB,1919,0.033,0.266,0
Zanzibar,ZZB,1920,0.033,0.266,0
Zanzibar,ZZB,1921,0.033,0.266,0
Zanzibar,ZZB,1922,0.033,0.266,0
Zanzibar,ZZB,1923,0.033,0.266,0
Zanzibar,ZZB,1924,0.033,0.266,0
Zanzibar,ZZB,1925,0.035,0.266,0
Zanzibar,ZZB,1926,0.035,0.395,0
Zanzibar,ZZB,1927,0.035,0.395,0
Zanzibar,ZZB,1928,0.035,0.395,0
Zanzibar,ZZB,1929,0.035,0.395,0
Zanzibar,ZZB,1930,0.043,0.399,0
Zanzibar,ZZB,1931,0.043,0.399,0
Zanzibar,ZZB,1932,0.043,0.399,0
Zanzibar,ZZB,1933,0.043,0.399,0
Zanzibar,ZZB,1934,0.043,0.399,0
Zanzibar,ZZB,1935,0.043,0.399,0
Zanzibar,ZZB,1936,0.043,0.399,0
Zanzibar,ZZB,1937,0.043,0.399,0
Zanzibar,ZZB,1938,0.043,0.399,0
Zanzibar,ZZB,1939,0.043,0.399,0
Zanzibar,ZZB,1940,0.043,0.399,0
Zanzibar,ZZB,1941,0.043,0.399,0
Zanzibar,ZZB,1942,0.043,0.399,0
Zanzibar,ZZB,1943,0.043,0.399,0
Zanzibar,ZZB,1944,0.043,0.399,0
Zanzibar,ZZB,1945,0.043,0.399,0
Zanzibar,ZZB,1946,0.043,0.399,0
Zanzibar,ZZB,1947,0.043,0.399,0
Zanzibar,ZZB,1948,0.043,0.399,0
Zanzibar,ZZB,1949,0.043,0.399,0
Zanzibar,ZZB,1950,0.047,0.399,0
Zanzibar,ZZB,1951,0.047,0.399,0
Zanzibar,ZZB,1952,0.047,0.399,0
Zanzibar,ZZB,1953,0.054,0.399,0
Zanzibar,ZZB,1954,0.054,0.399,0
Zanzibar,ZZB,1955,0.061,0.36,0
Zanzibar,ZZB,1956,0.064,0.36,0
Zanzibar,ZZB,1957,0.097,0.36,0
Zanzibar,ZZB,1958,0.131,0.36,0
Zanzibar,ZZB,1959,0.131,0.36,0
Zanzibar,ZZB,1960,0.131,0.373,0
Zanzibar,ZZB,1961,0.143,0.391,0
Zanzibar,ZZB,1962,0.137,0.391,0
Zanzibar,ZZB,1963,0.196,0.473,0
Zanzibar,ZZB,1964,0.015,0.135,0
Zanzibar,ZZB,1965,0.017,0.159,0
Zanzibar,ZZB,1966,0.017,0.159,0
Zanzibar,ZZB,1967,0.016,0.159,0
Zanzibar,ZZB,1968,0.016,0.159,0
Zanzibar,ZZB,1969,0.016,0.159,0
Zanzibar,ZZB,1970,0.016,0.159,0
Zanzibar,ZZB,1971,0.016,0.159,0
Zanzibar,ZZB,1972,0.016,0.159,0
Zanzibar,ZZB,1973,0.017,0.246,0
Zanzibar,ZZB,1974,0.017,0.246,0
Zanzibar,ZZB,1975,0.017,0.246,0
Zanzibar,ZZB,1976,0.017,0.246,0
Zanzibar,ZZB,1977,0.017,0.335,0
Zanzibar,ZZB,1978,0.018,0.369,0
Zanzibar,ZZB,1979,0.018,0.369,0
Zanzibar,ZZB,1980,0.027,0.394,0
Zanzibar,ZZB,1981,0.106,0.394,0
Zanzibar,ZZB,1982,0.106,0.394,0
Zanzibar,ZZB,1983,0.106,0.394,0
Zanzibar,ZZB,1984,0.113,0.459,0
Zanzibar,ZZB,1985,0.115,0.459,0
Zanzibar,ZZB,1986,0.113,0.459,0
Zanzibar,ZZB,1987,0.113,0.459,0
Zanzibar,ZZB,1988,0.113,0.434,0
Zanzibar,ZZB,1989,0.111,0.413,0
Zanzibar,ZZB,1990,0.114,0.429,0
Zanzibar,ZZB,1991,0.116,0.429,0
Zanzibar,ZZB,1992,0.127,0.419,0
Zanzibar,ZZB,1993,0.137,0.424,0
Zanzibar,ZZB,1994,0.139,0.424,0
Zanzibar,ZZB,1995,0.251,0.52,1
Zanzibar,ZZB,1996,0.288,0.518,1
Zanzibar,ZZB,1997,0.29,0.518,1
Zanzibar,ZZB,1998,0.29,0.518,1
Zanzibar,ZZB,1999,0.293,0.518,1
Zanzibar,ZZB,2000,0.296,0.558,1
Zanzibar,ZZB,2001,0.296,0.558,1
Zanzibar,ZZB,2002,0.297,0.58,1
Zanzibar,ZZB,2003,0.297,0.584,1
Zanzibar,ZZB,2004,0.288,0.584,1
Zanzibar,ZZB,2005,0.291,0.59,1
Zanzibar,ZZB,2006,0.296,0.593,1
Zanzibar,ZZB,2007,0.299,0.591,1
Zanzibar,ZZB,2008,0.299,0.596,1
Zanzibar,ZZB,2009,0.302,0.596,1
Zanzibar,ZZB,2010,0.314,0.607,1
Zanzibar,ZZB,2011,0.332,0.609,1
Zanzibar,ZZB,2012,0.334,0.609,1
Zanzibar,ZZB,2013,0.333,0.617,1
Zanzibar,ZZB,2014,0.329,0.614,1
Zanzibar,ZZB,2015,0.299,0.606,1
Zanzibar,ZZB,2016,0.252,0.584,1
Zanzibar,ZZB,2017,0.269,0.593,1
Zanzibar,ZZB,2018,0.271,0.608,1
Zanzibar,ZZB,2019,0.272,0.588,1
Zanzibar,ZZB,2020,0.267,0.585,1
Zanzibar,ZZB,2021,0.279,0.611,1
Zanzibar,ZZB,2022,0.289,0.627,1
Zanzibar,ZZB,2023,0.291,0.623,1
Zanzibar,ZZB,2024,0.288,0.659,1
Zanzibar,ZZB,2025,0.309,0.653,1
