Geo,Time,Child deaths per 1000 born
afg,1957,368.2
afg,1958,362.1
afg,1959,356.4
afg,1960,350.6
afg,1961,345.2
afg,1962,340.2
afg,1963,335.0
afg,1964,329.7
afg,1965,324.5
afg,1966,319.5
afg,1967,314.8
afg,1968,310.0
afg,1969,304.9
afg,1970,300.0
afg,1971,344.3
afg,1972,337.9
afg,1973,284.7
afg,1974,279.5
afg,1975,274.2
afg,1976,268.6
afg,1977,262.9
afg,1978,256.9
afg,1979,251.1
afg,1980,245.2
afg,1981,239.0
afg,1982,277.0
afg,1983,271.2
afg,1984,303.8
afg,1985,296.0
afg,1986,250.5
afg,1987,244.2
afg,1988,194.3
afg,1989,187.8
afg,1990,181.4
afg,1991,175.2
afg,1992,169.1
afg,1993,163.5
afg,1994,158.3
afg,1995,153.4
afg,1996,148.8
afg,1997,144.4
afg,1998,140.2
afg,1999,136.0
afg,2000,131.7
afg,2001,127.5
afg,2002,123.1
afg,2003,118.5
afg,2004,113.9
afg,2005,109.3
afg,2006,104.8
afg,2007,100.4
afg,2008,96.1
afg,2009,91.9
afg,2010,88.0
afg,2011,84.3
afg,2012,80.8
afg,2013,77.6
afg,2014,74.6
afg,2015,71.9
afg,2016,69.4
afg,2017,67.1
afg,2018,64.8
afg,2019,62.7
afg,2020,60.7
afg,2021,58.7
afg,2022,56.8
afg,2023,54.9
ago,1980,232.8
ago,1981,228.8
ago,1982,225.5
ago,1983,222.1
ago,1984,219.3
ago,1985,217.3
ago,1986,215.6
ago,1987,214.6
ago,1988,213.8
ago,1989,213.2
ago,1990,212.7
ago,1991,212.6
ago,1992,212.4
ago,1993,212.1
ago,1994,211.4
ago,1995,209.9
ago,1996,207.3
ago,1997,203.5
ago,1998,198.4
ago,1999,192.2
ago,2000,185.0
ago,2001,176.3
ago,2002,166.4
ago,2003,155.5
ago,2004,143.7
ago,2005,131.5
ago,2006,119.8
ago,2007,109.0
ago,2008,99.2
ago,2009,90.7
ago,2010,83.4
ago,2011,77.2
ago,2012,72.0
ago,2013,67.9
ago,2014,64.5
ago,2015,61.8
ago,2016,59.6
ago,2017,57.9
ago,2018,56.5
ago,2019,55.3
ago,2020,54.2
ago,2021,53.2
ago,2022,51.9
ago,2023,50.5
aia,1985,25.2
aia,1986,23.8
aia,1987,22.5
aia,1988,21.3
aia,1989,20.2
aia,1990,19.2
aia,1991,18.2
aia,1992,17.2
aia,1993,16.4
aia,1994,15.6
aia,1995,14.9
aia,1996,14.2
aia,1997,13.5
aia,1998,13.0
aia,1999,12.4
aia,2000,12.0
aia,2001,11.5
aia,2002,11.1
aia,2003,10.7
aia,2004,10.4
aia,2005,10.0
aia,2006,9.7
aia,2007,9.4
aia,2008,9.1
aia,2009,8.9
aia,2010,8.6
aia,2011,8.4
aia,2012,8.1
aia,2013,7.9
aia,2014,7.7
aia,2015,7.4
aia,2016,7.2
aia,2017,7.0
aia,2018,6.8
aia,2019,6.6
aia,2020,6.4
aia,2021,6.2
aia,2022,6.0
aia,2023,5.8
alb,1978,96.6
alb,1979,88.8
alb,1980,81.6
alb,1981,75.0
alb,1982,68.9
alb,1983,63.6
alb,1984,58.8
alb,1985,54.6
alb,1986,50.9
alb,1987,47.7
alb,1988,45.0
alb,1989,42.6
alb,1990,40.6
alb,1991,38.8
alb,1992,37.3
alb,1993,36.0
alb,1994,34.7
alb,1995,33.5
alb,1996,32.2
alb,1997,30.9
alb,1998,29.6
alb,1999,28.3
alb,2000,27.0
alb,2001,25.6
alb,2002,24.3
alb,2003,22.9
alb,2004,21.4
alb,2005,20.0
alb,2006,18.5
alb,2007,17.1
alb,2008,15.8
alb,2009,14.5
alb,2010,13.3
alb,2011,12.2
alb,2012,11.2
alb,2013,10.5
alb,2014,9.9
alb,2015,9.6
alb,2016,9.4
alb,2017,9.3
alb,2018,9.3
alb,2019,9.4
alb,2020,9.4
alb,2021,9.5
alb,2022,9.4
alb,2023,9.4
and,1985,17.2
and,1986,16.3
and,1987,15.4
and,1988,14.5
and,1989,13.8
and,1990,13.0
and,1991,12.3
and,1992,11.6
and,1993,11.0
and,1994,10.3
and,1995,9.8
and,1996,9.3
and,1997,8.8
and,1998,8.4
and,1999,8.0
and,2000,7.6
and,2001,7.2
and,2002,6.8
and,2003,6.5
and,2004,6.2
and,2005,5.9
and,2006,5.6
and,2007,5.3
and,2008,5.0
and,2009,4.8
and,2010,4.5
and,2011,4.3
and,2012,4.1
and,2013,3.9
and,2014,3.7
and,2015,3.5
and,2016,3.4
and,2017,3.2
and,2018,3.1
and,2019,3.0
and,2020,2.9
and,2021,2.8
and,2022,2.7
and,2023,2.6
are,1960,201.3
are,1961,190.7
are,1962,180.3
are,1963,169.7
are,1964,159.0
are,1965,148.0
are,1966,137.2
are,1967,126.6
are,1968,116.2
are,1969,106.1
are,1970,96.5
are,1971,87.4
are,1972,79.1
are,1973,71.5
are,1974,64.6
are,1975,58.3
are,1976,52.5
are,1977,47.1
are,1978,42.3
are,1979,37.9
are,1980,34.0
are,1981,30.7
are,1982,27.7
are,1983,25.2
are,1984,23.1
are,1985,21.3
are,1986,19.7
are,1987,18.3
are,1988,17.1
are,1989,16.1
are,1990,15.1
are,1991,14.3
are,1992,13.7
are,1993,13.1
are,1994,12.6
are,1995,12.1
are,1996,11.8
are,1997,11.5
are,1998,11.2
are,1999,11.0
are,2000,10.7
are,2001,10.5
are,2002,10.3
are,2003,10.2
are,2004,10.0
are,2005,9.8
are,2006,9.6
are,2007,9.4
are,2008,9.2
are,2009,9.0
are,2010,8.8
are,2011,8.6
are,2012,8.4
are,2013,8.2
are,2014,7.9
are,2015,7.6
are,2016,7.3
are,2017,7.0
are,2018,6.7
are,2019,6.3
are,2020,5.9
are,2021,5.6
are,2022,5.3
are,2023,5.0
arg,1911,238.8
arg,1912,229.6
arg,1913,205.3
arg,1914,196.0
arg,1915,194.1
arg,1916,194.1
arg,1917,201.6
arg,1918,220.3
arg,1919,212.8
arg,1920,199.7
arg,1921,179.1
arg,1922,171.6
arg,1923,171.6
arg,1924,179.1
arg,1925,188.4
arg,1926,184.7
arg,1927,197.8
arg,1928,173.4
arg,1929,162.2
arg,1930,149.3
arg,1931,149.3
arg,1932,140.2
arg,1933,125.9
arg,1934,143.8
arg,1935,160.4
arg,1936,143.8
arg,1937,140.2
arg,1938,154.8
arg,1939,131.2
arg,1940,131.2
arg,1941,122.4
arg,1942,124.1
arg,1943,113.7
arg,1944,115.4
arg,1945,117.2
arg,1946,103.5
arg,1947,110.3
arg,1948,95.2
arg,1949,92.0
arg,1950,93.6
arg,1951,92.0
arg,1952,88.8
arg,1953,85.7
arg,1954,81.2
arg,1955,84.2
arg,1956,76.6
arg,1957,93.6
arg,1958,82.7
arg,1964,57.5
arg,1965,57.5
arg,1966,58.7
arg,1967,58.6
arg,1968,58.4
arg,1969,72.6
arg,1970,71.8
arg,1971,70.8
arg,1972,69.7
arg,1973,68.1
arg,1974,66.1
arg,1975,63.3
arg,1976,59.8
arg,1977,55.7
arg,1978,51.2
arg,1979,46.8
arg,1980,42.8
arg,1981,39.4
arg,1982,36.5
arg,1983,34.1
arg,1984,32.1
arg,1985,30.6
arg,1986,29.6
arg,1987,29.1
arg,1988,29.0
arg,1989,29.0
arg,1990,28.8
arg,1991,28.3
arg,1992,27.6
arg,1993,26.6
arg,1994,25.4
arg,1995,24.2
arg,1996,23.0
arg,1997,21.9
arg,1998,20.9
arg,1999,20.0
arg,2000,19.4
arg,2001,18.8
arg,2002,18.3
arg,2003,17.8
arg,2004,17.3
arg,2005,16.7
arg,2006,16.2
arg,2007,15.8
arg,2008,15.4
arg,2009,15.0
arg,2010,14.4
arg,2011,13.9
arg,2012,13.3
arg,2013,12.7
arg,2014,12.2
arg,2015,11.7
arg,2016,11.4
arg,2017,11.0
arg,2018,10.7
arg,2019,10.5
arg,2020,10.3
arg,2021,10.1
arg,2022,9.9
arg,2023,9.7
arm,1976,87.0
arm,1977,83.4
arm,1978,80.0
arm,1979,76.7
arm,1980,73.6
arm,1981,70.6
arm,1982,67.7
arm,1983,65.0
arm,1984,62.4
arm,1985,59.9
arm,1986,57.5
arm,1987,55.2
arm,1988,101.6
arm,1989,50.8
arm,1990,48.7
arm,1991,46.6
arm,1992,44.6
arm,1993,42.6
arm,1994,40.7
arm,1995,38.8
arm,1996,37.0
arm,1997,35.3
arm,1998,33.7
arm,1999,32.1
arm,2000,30.6
arm,2001,29.1
arm,2002,27.7
arm,2003,26.4
arm,2004,25.1
arm,2005,23.9
arm,2006,22.7
arm,2007,21.6
arm,2008,20.6
arm,2009,19.6
arm,2010,18.7
arm,2011,17.8
arm,2012,16.9
arm,2013,16.1
arm,2014,15.4
arm,2015,14.7
arm,2016,14.0
arm,2017,13.3
arm,2018,12.7
arm,2019,12.1
arm,2020,11.6
arm,2021,11.0
arm,2022,10.5
arm,2023,10.0
atg,1949,122.3
atg,1950,118.8
atg,1951,115.3
atg,1952,111.9
atg,1953,108.4
atg,1954,104.9
atg,1955,101.5
atg,1956,98.2
atg,1957,94.8
atg,1958,91.2
atg,1959,87.2
atg,1960,82.6
atg,1961,77.4
atg,1962,71.8
atg,1963,65.9
atg,1964,60.0
atg,1965,54.1
atg,1966,48.6
atg,1967,43.6
atg,1968,39.2
atg,1969,35.4
atg,1970,32.2
atg,1971,29.6
atg,1972,27.4
atg,1973,25.6
atg,1974,24.0
atg,1975,22.5
atg,1976,21.1
atg,1977,19.7
atg,1978,18.4
atg,1979,17.1
atg,1980,16.0
atg,1981,15.0
atg,1982,14.2
atg,1983,13.6
atg,1984,13.2
atg,1985,12.9
atg,1986,12.8
atg,1987,12.9
atg,1988,13.0
atg,1989,13.2
atg,1990,13.6
atg,1991,13.9
atg,1992,14.3
atg,1993,14.7
atg,1994,15.1
atg,1995,15.4
atg,1996,15.5
atg,1997,15.5
atg,1998,15.4
atg,1999,15.2
atg,2000,14.9
atg,2001,14.6
atg,2002,14.3
atg,2003,13.9
atg,2004,13.6
atg,2005,13.3
atg,2006,13.0
atg,2007,12.7
atg,2008,12.5
atg,2009,12.2
atg,2010,12.0
atg,2011,11.8
atg,2012,11.6
atg,2013,11.4
atg,2014,11.2
atg,2015,11.0
atg,2016,10.8
atg,2017,10.7
atg,2018,10.5
atg,2019,10.3
atg,2020,10.1
atg,2021,9.8
atg,2022,9.6
atg,2023,9.3
aus,1870,169.7
aus,1871,156.6
aus,1872,182.8
aus,1873,175.3
aus,1874,196.0
aus,1875,222.2
aus,1876,184.7
aus,1877,199.7
aus,1878,207.2
aus,1879,177.2
aus,1880,180.9
aus,1881,179.1
aus,1882,214.7
aus,1883,188.4
aus,1884,196.0
aus,1885,201.6
aus,1886,197.8
aus,1887,179.1
aus,1888,179.1
aus,1889,209.1
aus,1890,162.2
aus,1891,177.2
aus,1892,160.4
aus,1893,179.1
aus,1894,156.6
aus,1895,151.1
aus,1896,175.3
aus,1897,158.5
aus,1898,201.6
aus,1899,179.1
aus,1900,149.3
aus,1901,156.6
aus,1902,162.2
aus,1903,169.7
aus,1904,117.2
aus,1905,117.2
aus,1906,118.9
aus,1907,115.4
aus,1908,110.3
aus,1909,100.2
aus,1910,105.2
aus,1911,93.6
aus,1912,100.2
aus,1913,100.2
aus,1914,98.5
aus,1915,93.6
aus,1916,96.9
aus,1917,75.0
aus,1918,79.7
aus,1919,95.2
aus,1920,95.2
aus,1921,89.1
aus,1922,71.0
aus,1923,79.5
aus,1924,76.1
aus,1925,69.8
aus,1926,70.2
aus,1927,72.3
aus,1928,71.6
aus,1929,68.1
aus,1930,63.8
aus,1931,54.3
aus,1932,53.6
aus,1933,53.3
aus,1934,58.0
aus,1935,53.6
aus,1936,55.8
aus,1937,50.7
aus,1938,50.5
aus,1939,50.5
aus,1940,50.2
aus,1941,52.5
aus,1942,51.5
aus,1943,50.3
aus,1944,41.4
aus,1945,37.9
aus,1946,38.5
aus,1947,35.8
aus,1948,33.9
aus,1949,32.2
aus,1950,31.6
aus,1951,31.0
aus,1952,30.3
aus,1953,29.5
aus,1954,28.7
aus,1955,28.0
aus,1956,27.3
aus,1957,26.6
aus,1958,26.0
aus,1959,25.4
aus,1960,24.9
aus,1961,24.3
aus,1962,23.7
aus,1963,23.2
aus,1964,22.7
aus,1965,22.3
aus,1966,22.1
aus,1967,22.0
aus,1968,21.9
aus,1969,21.7
aus,1970,21.5
aus,1971,21.0
aus,1972,20.3
aus,1973,19.4
aus,1974,18.4
aus,1975,17.3
aus,1976,16.2
aus,1977,15.2
aus,1978,14.4
aus,1979,13.6
aus,1980,13.0
aus,1981,12.5
aus,1982,12.2
aus,1983,11.9
aus,1984,11.6
aus,1985,11.3
aus,1986,11.0
aus,1987,10.6
aus,1988,10.2
aus,1989,9.7
aus,1990,9.2
aus,1991,8.7
aus,1992,8.2
aus,1993,7.7
aus,1994,7.3
aus,1995,7.0
aus,1996,6.8
aus,1997,6.6
aus,1998,6.4
aus,1999,6.3
aus,2000,6.2
aus,2001,6.1
aus,2002,6.0
aus,2003,5.9
aus,2004,5.8
aus,2005,5.7
aus,2006,5.6
aus,2007,5.4
aus,2008,5.2
aus,2009,5.0
aus,2010,4.8
aus,2011,4.5
aus,2012,4.3
aus,2013,4.1
aus,2014,4.0
aus,2015,3.9
aus,2016,3.8
aus,2017,3.8
aus,2018,3.8
aus,2019,3.8
aus,2020,3.8
aus,2021,3.7
aus,2022,3.7
aus,2023,3.7
aut,1830,385.1
aut,1831,436.9
aut,1832,394.8
aut,1833,422.2
aut,1834,440.1
aut,1835,402.9
aut,1836,383.5
aut,1837,410.9
aut,1838,390.0
aut,1839,414.1
aut,1840,396.4
aut,1841,407.7
aut,1842,398.0
aut,1843,420.6
aut,1844,373.8
aut,1845,401.3
aut,1846,407.7
aut,1849,394.8
aut,1850,407.7
aut,1851,393.2
aut,1852,393.2
aut,1853,368.9
aut,1854,443.3
aut,1855,451.5
aut,1856,391.6
aut,1857,388.3
aut,1858,406.1
aut,1859,412.5
aut,1860,385.1
aut,1861,428.7
aut,1862,406.1
aut,1863,420.6
aut,1864,406.1
aut,1865,438.5
aut,1866,451.5
aut,1867,410.9
aut,1868,402.9
aut,1869,393.2
aut,1870,410.9
aut,1871,414.1
aut,1872,438.5
aut,1873,471.0
aut,1874,422.2
aut,1875,394.8
aut,1876,401.3
aut,1877,419.0
aut,1878,409.3
aut,1879,390.0
aut,1880,406.1
aut,1881,406.1
aut,1882,415.7
aut,1883,410.9
aut,1884,401.3
aut,1885,414.1
aut,1886,406.1
aut,1887,396.4
aut,1888,404.5
aut,1889,383.5
aut,1890,420.6
aut,1891,394.8
aut,1892,420.6
aut,1893,377.0
aut,1894,407.7
aut,1895,391.6
aut,1896,373.8
aut,1897,370.5
aut,1898,364.1
aut,1899,356.0
aut,1900,375.4
aut,1901,339.9
aut,1902,351.2
aut,1903,349.6
aut,1904,341.5
aut,1905,375.4
aut,1906,328.5
aut,1907,339.9
aut,1908,323.6
aut,1909,339.9
aut,1910,307.3
aut,1911,336.6
aut,1912,294.2
aut,1913,309.0
aut,1914,279.4
aut,1915,354.4
aut,1916,312.3
aut,1917,302.4
aut,1918,313.9
aut,1919,253.2
aut,1922,253.2
aut,1923,227.8
aut,1924,201.6
aut,1925,184.7
aut,1926,192.2
aut,1927,196.0
aut,1928,186.6
aut,1929,173.4
aut,1930,156.6
aut,1931,154.8
aut,1932,160.4
aut,1933,138.4
aut,1934,134.8
aut,1935,147.4
aut,1936,136.6
aut,1937,134.8
aut,1938,113.7
aut,1939,101.8
aut,1940,103.5
aut,1941,96.9
aut,1942,103.5
aut,1943,112.0
aut,1944,127.7
aut,1945,263.5
aut,1946,115.4
aut,1947,104.5
aut,1948,92.1
aut,1949,76.6
aut,1950,71.6
aut,1951,67.0
aut,1952,62.8
aut,1953,59.3
aut,1954,56.3
aut,1955,53.8
aut,1956,51.7
aut,1957,49.8
aut,1958,47.7
aut,1959,45.3
aut,1960,42.8
aut,1961,40.3
aut,1962,38.0
aut,1963,35.9
aut,1964,34.2
aut,1965,32.7
aut,1966,31.5
aut,1967,30.5
aut,1968,29.8
aut,1969,29.4
aut,1970,29.1
aut,1971,28.7
aut,1972,27.9
aut,1973,26.7
aut,1974,25.0
aut,1975,23.1
aut,1976,21.2
aut,1977,19.5
aut,1978,18.1
aut,1979,17.1
aut,1980,16.3
aut,1981,15.5
aut,1982,14.7
aut,1983,14.0
aut,1984,13.3
aut,1985,12.6
aut,1986,11.9
aut,1987,11.2
aut,1988,10.5
aut,1989,10.0
aut,1990,9.5
aut,1991,9.0
aut,1992,8.5
aut,1993,7.9
aut,1994,7.4
aut,1995,6.8
aut,1996,6.4
aut,1997,6.0
aut,1998,5.8
aut,1999,5.6
aut,2000,5.5
aut,2001,5.4
aut,2002,5.3
aut,2003,5.2
aut,2004,5.0
aut,2005,4.9
aut,2006,4.8
aut,2007,4.6
aut,2008,4.5
aut,2009,4.4
aut,2010,4.3
aut,2011,4.2
aut,2012,4.0
aut,2013,3.9
aut,2014,3.8
aut,2015,3.7
aut,2016,3.6
aut,2017,3.6
aut,2018,3.5
aut,2019,3.5
aut,2020,3.4
aut,2021,3.4
aut,2022,3.3
aut,2023,3.3
aze,1982,110.6
aze,1983,108.0
aze,1984,105.3
aze,1985,102.9
aze,1986,100.5
aze,1987,98.6
aze,1988,97.0
aze,1989,95.9
aze,1990,95.4
aze,1991,95.4
aze,1992,95.5
aze,1993,95.6
aze,1994,95.1
aze,1995,93.8
aze,1996,91.5
aze,1997,88.1
aze,1998,84.0
aze,1999,79.3
aze,2000,74.3
aze,2001,69.3
aze,2002,64.4
aze,2003,59.9
aze,2004,55.8
aze,2005,52.1
aze,2006,48.7
aze,2007,45.7
aze,2008,42.9
aze,2009,40.2
aze,2010,37.8
aze,2011,35.5
aze,2012,33.4
aze,2013,31.4
aze,2014,29.6
aze,2015,27.9
aze,2016,26.5
aze,2017,25.1
aze,2018,23.8
aze,2019,22.7
aze,2020,21.5
aze,2021,20.5
aze,2022,19.6
aze,2023,18.7
bdi,1959,250.3
bdi,1960,249.3
bdi,1961,248.4
bdi,1962,247.5
bdi,1963,246.9
bdi,1964,240.2
bdi,1965,242.0
bdi,1966,244.2
bdi,1967,246.4
bdi,1968,248.0
bdi,1969,249.1
bdi,1970,249.8
bdi,1971,250.0
bdi,1972,317.5
bdi,1973,250.2
bdi,1974,249.8
bdi,1975,249.3
bdi,1976,247.9
bdi,1977,244.9
bdi,1978,239.6
bdi,1979,232.3
bdi,1980,223.5
bdi,1981,213.4
bdi,1982,202.9
bdi,1983,192.7
bdi,1984,183.9
bdi,1985,176.9
bdi,1986,172.0
bdi,1987,169.2
bdi,1988,168.1
bdi,1989,168.1
bdi,1990,168.6
bdi,1991,169.3
bdi,1992,169.7
bdi,1993,192.2
bdi,1994,169.4
bdi,1995,168.2
bdi,1996,189.6
bdi,1997,164.1
bdi,1998,160.8
bdi,1999,156.9
bdi,2000,152.4
bdi,2001,147.5
bdi,2002,142.3
bdi,2003,136.6
bdi,2004,130.4
bdi,2005,123.7
bdi,2006,116.6
bdi,2007,109.5
bdi,2008,102.6
bdi,2009,96.1
bdi,2010,90.2
bdi,2011,84.7
bdi,2012,79.6
bdi,2013,74.9
bdi,2014,70.6
bdi,2015,66.9
bdi,2016,63.7
bdi,2017,60.9
bdi,2018,58.5
bdi,2019,56.2
bdi,2020,54.3
bdi,2021,52.3
bdi,2022,50.3
bdi,2023,48.7
bel,1834,312.3
bel,1835,271.6
bel,1836,281.1
bel,1837,300.8
bel,1838,309.0
bel,1839,300.8
bel,1840,295.9
bel,1841,275.4
bel,1842,293.2
bel,1843,274.9
bel,1844,250.2
bel,1845,261.5
bel,1846,293.9
bel,1847,304.5
bel,1848,270.1
bel,1849,291.6
bel,1850,243.7
bel,1851,258.5
bel,1852,258.3
bel,1853,254.1
bel,1854,280.3
bel,1855,308.0
bel,1856,279.0
bel,1857,283.3
bel,1858,279.4
bel,1859,292.3
bel,1860,224.0
bel,1861,273.4
bel,1862,258.9
bel,1863,280.1
bel,1864,289.2
bel,1865,317.5
bel,1866,319.8
bel,1867,258.3
bel,1868,270.4
bel,1869,264.5
bel,1870,275.0
bel,1871,340.5
bel,1872,294.3
bel,1873,252.1
bel,1874,243.6
bel,1875,272.7
bel,1876,250.5
bel,1877,240.4
bel,1878,239.6
bel,1879,246.3
bel,1880,274.7
bel,1881,241.9
bel,1882,233.5
bel,1883,235.4
bel,1884,249.0
bel,1885,230.3
bel,1886,265.9
bel,1887,231.6
bel,1888,248.3
bel,1889,251.0
bel,1890,256.2
bel,1891,255.4
bel,1892,261.8
bel,1893,255.4
bel,1894,225.9
bel,1895,246.8
bel,1896,217.0
bel,1897,210.8
bel,1898,224.0
bel,1899,240.2
bel,1900,234.5
bel,1901,204.1
bel,1902,207.9
bel,1903,212.8
bel,1904,212.4
bel,1905,202.0
bel,1906,210.5
bel,1907,188.6
bel,1908,207.0
bel,1909,195.9
bel,1910,193.8
bel,1911,218.3
bel,1912,176.6
bel,1913,179.4
bel,1914,205.3
bel,1915,196.0
bel,1916,179.1
bel,1917,224.1
bel,1918,212.8
bel,1919,183.2
bel,1920,160.2
bel,1921,157.5
bel,1922,146.3
bel,1923,130.1
bel,1924,120.2
bel,1925,129.5
bel,1926,132.0
bel,1927,125.8
bel,1928,120.8
bel,1929,140.3
bel,1930,129.3
bel,1931,109.9
bel,1932,115.2
bel,1933,112.0
bel,1934,100.4
bel,1935,102.5
bel,1936,105.2
bel,1937,102.9
bel,1938,102.2
bel,1939,100.1
bel,1940,106.7
bel,1941,103.6
bel,1942,103.5
bel,1943,97.7
bel,1944,101.9
bel,1945,118.2
bel,1946,94.0
bel,1947,77.8
bel,1948,67.8
bel,1949,63.5
bel,1950,60.1
bel,1951,56.9
bel,1952,53.8
bel,1953,50.9
bel,1954,48.1
bel,1955,45.4
bel,1956,42.7
bel,1957,40.1
bel,1958,37.7
bel,1959,35.7
bel,1960,33.9
bel,1961,32.5
bel,1962,31.2
bel,1963,30.0
bel,1964,28.9
bel,1965,27.9
bel,1966,27.0
bel,1967,26.3
bel,1968,25.5
bel,1969,24.8
bel,1970,23.9
bel,1971,23.0
bel,1972,21.9
bel,1973,20.8
bel,1974,19.6
bel,1975,18.6
bel,1976,17.6
bel,1977,16.7
bel,1978,15.9
bel,1979,15.2
bel,1980,14.5
bel,1981,13.9
bel,1982,13.3
bel,1983,12.7
bel,1984,12.2
bel,1985,11.8
bel,1986,11.4
bel,1987,11.0
bel,1988,10.7
bel,1989,10.3
bel,1990,10.0
bel,1991,9.6
bel,1992,9.2
bel,1993,8.7
bel,1994,8.2
bel,1995,7.6
bel,1996,7.2
bel,1997,6.7
bel,1998,6.4
bel,1999,6.1
bel,2000,5.9
bel,2001,5.7
bel,2002,5.5
bel,2003,5.3
bel,2004,5.2
bel,2005,5.0
bel,2006,4.9
bel,2007,4.8
bel,2008,4.7
bel,2009,4.6
bel,2010,4.5
bel,2011,4.4
bel,2012,4.3
bel,2013,4.2
bel,2014,4.1
bel,2015,4.1
bel,2016,4.1
bel,2017,4.0
bel,2018,4.0
bel,2019,3.9
bel,2020,3.9
bel,2021,3.8
bel,2022,3.8
bel,2023,3.7
ben,1945,367.5
ben,1946,363.0
ben,1947,358.8
ben,1948,354.7
ben,1949,351.0
ben,1950,347.0
ben,1951,343.3
ben,1952,339.8
ben,1953,336.3
ben,1954,332.5
ben,1955,328.8
ben,1956,324.8
ben,1957,320.8
ben,1958,316.6
ben,1959,312.2
ben,1960,307.6
ben,1961,302.8
ben,1962,298.0
ben,1963,292.9
ben,1964,287.8
ben,1965,282.6
ben,1966,277.7
ben,1967,273.0
ben,1968,268.3
ben,1969,264.1
ben,1970,259.7
ben,1971,255.3
ben,1972,250.7
ben,1973,245.9
ben,1974,240.9
ben,1975,235.9
ben,1976,230.6
ben,1977,225.5
ben,1978,220.6
ben,1979,215.8
ben,1980,211.3
ben,1981,207.1
ben,1982,203.1
ben,1983,199.1
ben,1984,195.3
ben,1985,191.3
ben,1986,187.4
ben,1987,183.5
ben,1988,179.4
ben,1989,175.4
ben,1990,171.2
ben,1991,167.0
ben,1992,163.0
ben,1993,159.0
ben,1994,155.2
ben,1995,151.5
ben,1996,148.1
ben,1997,144.8
ben,1998,141.5
ben,1999,138.3
ben,2000,135.0
ben,2001,131.7
ben,2002,128.5
ben,2003,125.4
ben,2004,122.5
ben,2005,119.7
ben,2006,117.0
ben,2007,114.4
ben,2008,112.0
ben,2009,109.7
ben,2010,107.4
ben,2011,105.1
ben,2012,102.9
ben,2013,100.6
ben,2014,98.4
ben,2015,96.1
ben,2016,94.0
ben,2017,91.8
ben,2018,89.4
ben,2019,87.0
ben,2020,84.6
ben,2021,82.2
ben,2022,79.6
ben,2023,77.2
bfa,1944,395.7
bfa,1945,393.2
bfa,1946,390.2
bfa,1947,387.9
bfa,1948,384.8
bfa,1949,381.7
bfa,1950,379.2
bfa,1951,376.2
bfa,1952,373.1
bfa,1953,369.7
bfa,1954,366.1
bfa,1955,362.6
bfa,1956,358.7
bfa,1957,354.7
bfa,1958,350.8
bfa,1959,346.9
bfa,1960,343.1
bfa,1961,339.1
bfa,1962,335.5
bfa,1963,332.1
bfa,1964,328.7
bfa,1965,325.7
bfa,1966,322.7
bfa,1967,320.1
bfa,1968,317.5
bfa,1969,314.5
bfa,1970,311.4
bfa,1971,307.8
bfa,1972,303.0
bfa,1973,296.9
bfa,1974,289.2
bfa,1975,280.1
bfa,1976,270.1
bfa,1977,260.5
bfa,1978,251.5
bfa,1979,243.6
bfa,1980,236.7
bfa,1981,230.9
bfa,1982,225.8
bfa,1983,221.2
bfa,1984,216.7
bfa,1985,212.2
bfa,1986,207.9
bfa,1987,203.8
bfa,1988,200.5
bfa,1989,198.1
bfa,1990,196.6
bfa,1991,195.7
bfa,1992,195.3
bfa,1993,194.6
bfa,1994,193.7
bfa,1995,192.0
bfa,1996,189.6
bfa,1997,186.7
bfa,1998,183.4
bfa,1999,179.8
bfa,2000,176.0
bfa,2001,171.9
bfa,2002,167.3
bfa,2003,162.3
bfa,2004,156.8
bfa,2005,150.8
bfa,2006,144.4
bfa,2007,138.1
bfa,2008,132.1
bfa,2009,126.5
bfa,2010,121.3
bfa,2011,116.6
bfa,2012,112.3
bfa,2013,108.2
bfa,2014,104.3
bfa,2015,100.8
bfa,2016,97.4
bfa,2017,94.1
bfa,2018,91.0
bfa,2019,88.1
bfa,2020,85.1
bfa,2021,82.4
bfa,2022,79.8
bfa,2023,77.4
bgd,1950,354.8
bgd,1951,343.7
bgd,1952,333.2
bgd,1953,322.8
bgd,1954,312.8
bgd,1955,303.6
bgd,1956,294.8
bgd,1957,286.4
bgd,1958,278.4
bgd,1959,271.1
bgd,1960,263.6
bgd,1961,256.7
bgd,1962,250.2
bgd,1963,244.1
bgd,1964,238.7
bgd,1965,234.2
bgd,1966,230.9
bgd,1967,228.5
bgd,1968,227.2
bgd,1969,227.0
bgd,1970,271.0
bgd,1971,367.0
bgd,1972,228.8
bgd,1973,229.1
bgd,1974,275.7
bgd,1975,273.0
bgd,1976,224.9
bgd,1977,221.5
bgd,1978,217.2
bgd,1979,212.4
bgd,1980,207.2
bgd,1981,201.8
bgd,1982,196.2
bgd,1983,190.6
bgd,1984,184.7
bgd,1985,178.6
bgd,1986,172.3
bgd,1987,165.8
bgd,1988,159.3
bgd,1989,152.8
bgd,1990,146.5
bgd,1991,140.3
bgd,1992,134.1
bgd,1993,127.8
bgd,1994,121.6
bgd,1995,115.5
bgd,1996,109.4
bgd,1997,103.3
bgd,1998,97.1
bgd,1999,91.2
bgd,2000,85.5
bgd,2001,80.2
bgd,2002,75.3
bgd,2003,70.8
bgd,2004,66.8
bgd,2005,63.0
bgd,2006,59.6
bgd,2007,56.5
bgd,2008,53.6
bgd,2009,51.1
bgd,2010,48.7
bgd,2011,46.5
bgd,2012,44.4
bgd,2013,42.4
bgd,2014,40.5
bgd,2015,38.5
bgd,2016,36.7
bgd,2017,35.0
bgd,2018,33.5
bgd,2019,32.3
bgd,2020,31.4
bgd,2021,30.9
bgd,2022,30.7
bgd,2023,30.6
bgr,1947,216.9
bgr,1948,200.1
bgr,1949,149.2
bgr,1950,139.3
bgr,1951,130.0
bgr,1952,120.9
bgr,1953,112.2
bgr,1954,103.6
bgr,1955,94.9
bgr,1956,86.1
bgr,1957,77.4
bgr,1958,69.1
bgr,1959,61.4
bgr,1960,54.6
bgr,1961,48.9
bgr,1962,44.3
bgr,1963,41.0
bgr,1964,38.7
bgr,1965,37.4
bgr,1966,36.8
bgr,1967,36.4
bgr,1968,35.6
bgr,1969,34.0
bgr,1970,32.3
bgr,1971,31.1
bgr,1972,30.2
bgr,1973,29.6
bgr,1974,29.1
bgr,1975,28.6
bgr,1976,27.9
bgr,1977,27.1
bgr,1978,26.1
bgr,1979,25.0
bgr,1980,23.8
bgr,1981,23.0
bgr,1982,22.2
bgr,1983,21.5
bgr,1984,20.6
bgr,1985,19.7
bgr,1986,18.8
bgr,1987,18.0
bgr,1988,17.7
bgr,1989,17.9
bgr,1990,18.4
bgr,1991,18.8
bgr,1992,19.1
bgr,1993,19.3
bgr,1994,19.2
bgr,1995,19.2
bgr,1996,19.3
bgr,1997,19.3
bgr,1998,19.0
bgr,1999,18.3
bgr,2000,17.5
bgr,2001,16.7
bgr,2002,16.0
bgr,2003,15.1
bgr,2004,14.2
bgr,2005,13.3
bgr,2006,12.5
bgr,2007,11.9
bgr,2008,11.4
bgr,2009,11.1
bgr,2010,10.9
bgr,2011,10.4
bgr,2012,9.9
bgr,2013,9.3
bgr,2014,8.7
bgr,2015,8.2
bgr,2016,7.7
bgr,2017,7.3
bgr,2018,7.0
bgr,2019,6.7
bgr,2020,6.5
bgr,2021,6.3
bgr,2022,6.1
bgr,2023,5.9
bhr,1955,298.4
bhr,1956,274.8
bhr,1957,253.3
bhr,1958,233.7
bhr,1959,215.2
bhr,1960,197.6
bhr,1961,181.3
bhr,1962,166.2
bhr,1963,152.1
bhr,1964,138.9
bhr,1965,126.8
bhr,1966,115.6
bhr,1967,105.0
bhr,1968,95.3
bhr,1969,86.4
bhr,1970,78.1
bhr,1971,70.7
bhr,1972,64.1
bhr,1973,58.2
bhr,1974,53.0
bhr,1975,48.5
bhr,1976,44.6
bhr,1977,41.2
bhr,1978,38.2
bhr,1979,35.5
bhr,1980,33.1
bhr,1981,31.0
bhr,1982,29.2
bhr,1983,27.6
bhr,1984,26.3
bhr,1985,25.2
bhr,1986,24.4
bhr,1987,23.8
bhr,1988,23.4
bhr,1989,23.2
bhr,1990,23.0
bhr,1991,22.7
bhr,1992,22.1
bhr,1993,21.0
bhr,1994,19.7
bhr,1995,18.2
bhr,1996,16.6
bhr,1997,15.2
bhr,1998,14.1
bhr,1999,13.2
bhr,2000,12.5
bhr,2001,12.0
bhr,2002,11.6
bhr,2003,11.3
bhr,2004,11.0
bhr,2005,10.6
bhr,2006,10.3
bhr,2007,9.8
bhr,2008,9.4
bhr,2009,9.0
bhr,2010,8.6
bhr,2011,8.3
bhr,2012,8.1
bhr,2013,7.9
bhr,2014,7.8
bhr,2015,7.7
bhr,2016,7.6
bhr,2017,7.7
bhr,2018,7.7
bhr,2019,7.8
bhr,2020,8.0
bhr,2021,8.2
bhr,2022,8.4
bhr,2023,8.6
bhs,1968,29.4
bhs,1969,29.8
bhs,1970,30.3
bhs,1971,30.7
bhs,1972,31.1
bhs,1973,31.3
bhs,1974,31.4
bhs,1975,31.3
bhs,1976,31.0
bhs,1977,30.7
bhs,1978,30.3
bhs,1979,29.9
bhs,1980,29.5
bhs,1981,29.1
bhs,1982,28.7
bhs,1983,28.4
bhs,1984,28.2
bhs,1985,27.8
bhs,1986,27.3
bhs,1987,26.5
bhs,1988,25.5
bhs,1989,24.5
bhs,1990,23.3
bhs,1991,22.3
bhs,1992,21.2
bhs,1993,20.2
bhs,1994,19.3
bhs,1995,18.4
bhs,1996,17.6
bhs,1997,16.9
bhs,1998,16.4
bhs,1999,16.2
bhs,2000,16.2
bhs,2001,16.3
bhs,2002,16.5
bhs,2003,16.7
bhs,2004,16.8
bhs,2005,16.9
bhs,2006,16.8
bhs,2007,16.5
bhs,2008,16.2
bhs,2009,15.8
bhs,2010,15.4
bhs,2011,15.1
bhs,2012,14.7
bhs,2013,14.4
bhs,2014,14.2
bhs,2015,14.0
bhs,2016,13.8
bhs,2017,13.7
bhs,2018,13.5
bhs,2019,24.3
bhs,2020,13.3
bhs,2021,13.1
bhs,2022,12.9
bhs,2023,12.7
bih,1960,158.5
bih,1970,81.2
bih,1983,30.4
bih,1984,29.4
bih,1985,27.0
bih,1986,24.9
bih,1987,23.0
bih,1988,21.2
bih,1989,19.6
bih,1990,18.2
bih,1991,16.9
bih,1992,62.3
bih,1993,63.4
bih,1994,14.0
bih,1995,20.1
bih,1996,12.4
bih,1997,11.7
bih,1998,10.9
bih,1999,10.2
bih,2000,9.5
bih,2001,8.9
bih,2002,8.4
bih,2003,8.0
bih,2004,7.6
bih,2005,7.4
bih,2006,7.2
bih,2007,7.1
bih,2008,7.0
bih,2009,6.9
bih,2010,6.8
bih,2011,6.8
bih,2012,6.7
bih,2013,6.7
bih,2014,6.7
bih,2015,6.7
bih,2016,6.8
bih,2017,6.8
bih,2018,6.8
bih,2019,6.7
bih,2020,6.6
bih,2021,6.4
bih,2022,6.2
bih,2023,6.0
blr,1958,55.7
blr,1959,49.9
blr,1960,44.8
blr,1961,40.5
blr,1962,36.7
blr,1963,33.6
blr,1964,30.9
blr,1965,28.8
blr,1966,27.0
blr,1967,25.6
blr,1968,24.6
blr,1969,23.7
blr,1970,23.1
blr,1971,22.6
blr,1972,22.2
blr,1973,22.0
blr,1974,21.9
blr,1975,21.8
blr,1976,21.7
blr,1977,21.6
blr,1978,21.4
blr,1979,21.0
blr,1980,20.6
blr,1981,20.0
blr,1982,19.4
blr,1983,18.8
blr,1984,18.2
blr,1985,17.6
blr,1986,17.0
blr,1987,16.4
blr,1988,15.9
blr,1989,15.5
blr,1990,15.2
blr,1991,15.2
blr,1992,15.3
blr,1993,15.5
blr,1994,15.7
blr,1995,15.7
blr,1996,15.5
blr,1997,15.1
blr,1998,14.5
blr,1999,13.7
blr,2000,12.8
blr,2001,11.8
blr,2002,10.9
blr,2003,10.1
blr,2004,9.4
blr,2005,8.7
blr,2006,8.0
blr,2007,7.3
blr,2008,6.6
blr,2009,6.1
blr,2010,5.6
blr,2011,5.2
blr,2012,4.9
blr,2013,4.6
blr,2014,4.3
blr,2015,4.1
blr,2016,3.9
blr,2017,3.6
blr,2018,3.4
blr,2019,3.1
blr,2020,2.9
blr,2021,2.7
blr,2022,2.6
blr,2023,2.4
blz,1967,114.9
blz,1968,109.8
blz,1969,105.1
blz,1970,100.3
blz,1971,95.9
blz,1972,92.0
blz,1973,88.1
blz,1974,84.4
blz,1975,81.0
blz,1976,77.7
blz,1977,74.6
blz,1978,71.6
blz,1979,68.9
blz,1980,66.1
blz,1981,63.5
blz,1982,60.9
blz,1983,58.2
blz,1984,55.6
blz,1985,52.9
blz,1986,50.1
blz,1987,47.3
blz,1988,44.6
blz,1989,41.9
blz,1990,39.4
blz,1991,37.1
blz,1992,34.9
blz,1993,33.0
blz,1994,31.4
blz,1995,29.9
blz,1996,28.6
blz,1997,27.5
blz,1998,26.4
blz,1999,25.4
blz,2000,24.5
blz,2001,23.6
blz,2002,22.8
blz,2003,22.1
blz,2004,21.5
blz,2005,21.0
blz,2006,20.6
blz,2007,20.2
blz,2008,19.7
blz,2009,19.3
blz,2010,18.8
blz,2011,18.3
blz,2012,17.7
blz,2013,17.0
blz,2014,16.3
blz,2015,15.6
blz,2016,15.0
blz,2017,14.4
blz,2018,13.9
blz,2019,13.5
blz,2020,13.2
blz,2021,13.0
blz,2022,12.8
blz,2023,12.8
bol,1960,285.4
bol,1961,279.5
bol,1962,273.6
bol,1963,267.8
bol,1964,261.9
bol,1965,255.9
bol,1966,249.8
bol,1967,243.8
bol,1968,237.8
bol,1969,231.5
bol,1970,225.4
bol,1971,219.2
bol,1972,212.8
bol,1973,206.6
bol,1974,200.1
bol,1975,193.7
bol,1976,187.4
bol,1977,181.4
bol,1978,175.7
bol,1979,170.4
bol,1980,165.4
bol,1981,160.8
bol,1982,156.3
bol,1983,151.9
bol,1984,147.4
bol,1985,142.6
bol,1986,137.8
bol,1987,132.9
bol,1988,127.8
bol,1989,122.8
bol,1990,117.8
bol,1991,113.0
bol,1992,108.2
bol,1993,103.5
bol,1994,98.8
bol,1995,94.1
bol,1996,89.4
bol,1997,84.6
bol,1998,79.9
bol,1999,75.3
bol,2000,70.7
bol,2001,66.3
bol,2002,62.1
bol,2003,58.2
bol,2004,54.5
bol,2005,51.0
bol,2006,47.7
bol,2007,44.7
bol,2008,41.8
bol,2009,39.1
bol,2010,36.7
bol,2011,34.4
bol,2012,32.3
bol,2013,30.3
bol,2014,28.4
bol,2015,26.7
bol,2016,25.0
bol,2017,23.4
bol,2018,22.0
bol,2019,20.6
bol,2020,19.3
bol,2021,18.2
bol,2022,17.3
bol,2023,16.4
bra,1931,223.0
bra,1932,224.7
bra,1933,226.7
bra,1934,228.7
bra,1935,231.0
bra,1936,233.2
bra,1937,234.9
bra,1938,236.8
bra,1939,238.1
bra,1940,239.2
bra,1941,239.7
bra,1942,239.4
bra,1943,238.5
bra,1944,237.5
bra,1945,235.7
bra,1946,233.1
bra,1947,230.1
bra,1948,226.8
bra,1949,223.0
bra,1950,219.0
bra,1951,214.7
bra,1952,210.1
bra,1953,205.4
bra,1954,200.4
bra,1955,195.2
bra,1956,190.0
bra,1957,184.9
bra,1958,179.7
bra,1959,174.7
bra,1960,169.8
bra,1961,165.0
bra,1962,160.4
bra,1963,156.1
bra,1964,152.2
bra,1965,148.5
bra,1966,145.0
bra,1967,141.6
bra,1968,138.4
bra,1969,135.3
bra,1970,132.1
bra,1971,128.9
bra,1972,125.6
bra,1973,122.3
bra,1974,118.9
bra,1975,115.4
bra,1976,111.8
bra,1977,108.0
bra,1978,104.1
bra,1979,100.0
bra,1980,95.8
bra,1981,91.5
bra,1982,87.3
bra,1983,83.3
bra,1984,79.8
bra,1985,76.5
bra,1986,73.6
bra,1987,70.9
bra,1988,68.1
bra,1989,65.5
bra,1990,62.8
bra,1991,60.1
bra,1992,57.1
bra,1993,53.9
bra,1994,50.8
bra,1995,47.7
bra,1996,44.7
bra,1997,41.9
bra,1998,39.3
bra,1999,36.8
bra,2000,34.4
bra,2001,32.2
bra,2002,30.1
bra,2003,28.2
bra,2004,26.3
bra,2005,24.6
bra,2006,23.1
bra,2007,21.7
bra,2008,20.5
bra,2009,19.5
bra,2010,18.6
bra,2011,17.9
bra,2012,17.2
bra,2013,16.7
bra,2014,16.3
bra,2015,16.0
bra,2016,16.8
bra,2017,15.4
bra,2018,15.2
bra,2019,15.0
bra,2020,14.9
bra,2021,14.7
bra,2022,14.6
bra,2023,14.4
brb,1906,682.1
brb,1907,490.4
brb,1908,518.1
brb,1909,409.3
brb,1910,435.2
brb,1911,427.1
brb,1912,675.6
brb,1913,394.8
brb,1914,654.5
brb,1915,313.9
brb,1916,393.2
brb,1917,469.3
brb,1918,333.4
brb,1919,571.6
brb,1920,438.5
brb,1921,651.2
brb,1922,304.1
brb,1923,597.6
brb,1924,484.0
brb,1925,506.7
brb,1926,509.9
brb,1927,326.9
brb,1928,537.5
brb,1929,388.3
brb,1930,375.4
brb,1931,484.0
brb,1932,322.0
brb,1933,381.9
brb,1934,415.7
brb,1935,357.7
brb,1936,322.0
brb,1937,352.8
brb,1938,359.3
brb,1939,315.5
brb,1940,292.6
brb,1941,364.1
brb,1942,284.4
brb,1943,266.8
brb,1944,277.8
brb,1945,240.6
brb,1946,260.2
brb,1947,270.0
brb,1948,249.7
brb,1949,190.3
brb,1950,184.0
brb,1951,177.5
brb,1952,170.1
brb,1953,161.0
brb,1954,150.0
brb,1955,137.6
brb,1956,124.6
brb,1957,112.2
brb,1958,101.2
brb,1959,92.1
brb,1960,84.7
brb,1961,78.6
brb,1962,73.3
brb,1963,68.6
brb,1964,64.5
brb,1965,61.0
brb,1966,57.9
brb,1967,55.3
brb,1968,52.8
brb,1969,50.4
brb,1970,47.9
brb,1971,45.5
brb,1972,43.2
brb,1973,40.8
brb,1974,38.6
brb,1975,36.4
brb,1976,34.3
brb,1977,32.3
brb,1978,30.4
brb,1979,28.6
brb,1980,26.9
brb,1981,25.5
brb,1982,24.4
brb,1983,23.4
brb,1984,22.6
brb,1985,21.9
brb,1986,21.2
brb,1987,20.5
brb,1988,19.7
brb,1989,18.9
brb,1990,18.1
brb,1991,17.3
brb,1992,16.6
brb,1993,15.9
brb,1994,15.3
brb,1995,14.9
brb,1996,14.5
brb,1997,14.3
brb,1998,14.2
brb,1999,14.3
brb,2000,14.4
brb,2001,14.5
brb,2002,14.7
brb,2003,14.8
brb,2004,14.9
brb,2005,14.8
brb,2006,14.7
brb,2007,14.5
brb,2008,14.3
brb,2009,14.1
brb,2010,13.9
brb,2011,13.7
brb,2012,13.5
brb,2013,13.3
brb,2014,13.1
brb,2015,12.8
brb,2016,12.4
brb,2017,12.1
brb,2018,11.8
brb,2019,11.4
brb,2020,11.1
brb,2021,10.7
brb,2022,10.4
brb,2023,10.1
brn,1945,290.0
brn,1946,269.7
brn,1947,250.8
brn,1948,233.2
brn,1949,216.4
brn,1950,200.7
brn,1951,185.9
brn,1952,171.8
brn,1953,158.5
brn,1954,145.9
brn,1955,134.1
brn,1956,123.3
brn,1957,113.4
brn,1958,104.4
brn,1959,96.2
brn,1960,88.9
brn,1961,82.4
brn,1962,76.6
brn,1963,71.5
brn,1964,67.1
brn,1965,63.2
brn,1966,59.9
brn,1967,57.0
brn,1968,54.3
brn,1969,51.7
brn,1970,49.1
brn,1971,46.4
brn,1972,43.6
brn,1973,40.7
brn,1974,37.8
brn,1975,34.9
brn,1976,32.1
brn,1977,29.5
brn,1978,27.0
brn,1979,24.8
brn,1980,22.8
brn,1981,20.9
brn,1982,19.3
brn,1983,17.9
brn,1984,16.7
brn,1985,15.7
brn,1986,14.8
brn,1987,14.2
brn,1988,13.7
brn,1989,13.5
brn,1990,13.3
brn,1991,13.2
brn,1992,13.1
brn,1993,12.9
brn,1994,12.7
brn,1995,12.3
brn,1996,11.9
brn,1997,11.4
brn,1998,11.0
brn,1999,10.6
brn,2000,10.3
brn,2001,10.0
brn,2002,9.8
brn,2003,9.7
brn,2004,9.6
brn,2005,9.5
brn,2006,9.5
brn,2007,9.6
brn,2008,9.6
brn,2009,9.7
brn,2010,9.9
brn,2011,10.0
brn,2012,10.2
brn,2013,10.4
brn,2014,10.6
brn,2015,10.7
brn,2016,10.7
brn,2017,10.7
brn,2018,10.6
brn,2019,10.5
brn,2020,10.4
brn,2021,10.3
brn,2022,10.2
brn,2023,10.1
btn,1968,275.7
btn,1969,269.1
btn,1970,262.7
btn,1971,256.5
btn,1972,249.9
btn,1973,243.5
btn,1974,237.2
btn,1975,230.4
btn,1976,223.8
btn,1977,216.8
btn,1978,210.0
btn,1979,202.8
btn,1980,195.3
btn,1981,187.6
btn,1982,180.3
btn,1983,173.4
btn,1984,166.3
btn,1985,159.5
btn,1986,152.8
btn,1987,146.2
btn,1988,139.8
btn,1989,133.8
btn,1990,128.0
btn,1991,122.4
btn,1992,117.2
btn,1993,112.1
btn,1994,107.0
btn,1995,102.0
btn,1996,96.9
btn,1997,92.0
btn,1998,87.1
btn,1999,82.2
btn,2000,77.7
btn,2001,73.2
btn,2002,68.8
btn,2003,64.6
btn,2004,60.6
btn,2005,56.7
btn,2006,52.9
btn,2007,49.5
btn,2008,46.2
btn,2009,43.3
btn,2010,40.5
btn,2011,37.9
btn,2012,35.5
btn,2013,33.2
btn,2014,31.2
btn,2015,29.2
btn,2016,27.4
btn,2017,25.8
btn,2018,24.2
btn,2019,22.7
btn,2020,21.3
btn,2021,20.0
btn,2022,19.0
btn,2023,18.0
bwa,1954,201.4
bwa,1955,195.2
bwa,1956,188.9
bwa,1957,183.4
bwa,1958,178.3
bwa,1959,172.8
bwa,1960,167.8
bwa,1961,162.7
bwa,1962,158.2
bwa,1963,153.9
bwa,1964,149.5
bwa,1965,145.5
bwa,1966,141.9
bwa,1967,138.1
bwa,1968,133.9
bwa,1969,129.7
bwa,1970,125.3
bwa,1971,120.7
bwa,1972,115.9
bwa,1973,111.1
bwa,1974,105.8
bwa,1975,100.4
bwa,1976,94.8
bwa,1977,88.9
bwa,1978,83.3
bwa,1979,78.1
bwa,1980,73.3
bwa,1981,69.0
bwa,1982,65.2
bwa,1983,61.9
bwa,1984,59.1
bwa,1985,56.6
bwa,1986,54.2
bwa,1987,52.1
bwa,1988,50.7
bwa,1989,50.5
bwa,1990,51.5
bwa,1991,53.6
bwa,1992,57.1
bwa,1993,61.5
bwa,1994,66.2
bwa,1995,66.4
bwa,1996,70.4
bwa,1997,73.4
bwa,1998,75.4
bwa,1999,78.5
bwa,2000,79.8
bwa,2001,79.3
bwa,2002,77.9
bwa,2003,76.7
bwa,2004,75.7
bwa,2005,70.8
bwa,2006,66.0
bwa,2007,64.3
bwa,2008,63.7
bwa,2009,60.6
bwa,2010,58.4
bwa,2011,58.8
bwa,2012,53.9
bwa,2013,50.3
bwa,2014,49.0
bwa,2015,46.7
bwa,2016,45.1
bwa,2017,42.1
bwa,2018,41.2
bwa,2019,40.0
bwa,2020,38.9
bwa,2021,37.1
bwa,2022,35.7
bwa,2023,34.6
caf,1959,290.6
caf,1960,285.1
caf,1961,279.5
caf,1962,274.1
caf,1963,268.5
caf,1964,262.5
caf,1965,256.7
caf,1966,250.6
caf,1967,244.6
caf,1968,238.6
caf,1969,233.2
caf,1970,227.8
caf,1971,222.8
caf,1972,218.3
caf,1973,214.0
caf,1974,210.0
caf,1975,206.2
caf,1976,202.5
caf,1977,198.9
caf,1978,195.5
caf,1979,192.4
caf,1980,189.7
caf,1981,187.3
caf,1982,185.3
caf,1983,183.6
caf,1984,182.4
caf,1985,181.4
caf,1986,180.6
caf,1987,180.0
caf,1988,179.4
caf,1989,179.0
caf,1990,178.6
caf,1991,178.1
caf,1992,177.4
caf,1993,176.7
caf,1994,175.9
caf,1995,175.0
caf,1996,173.7
caf,1997,172.1
caf,1998,170.1
caf,1999,168.0
caf,2000,165.5
caf,2001,162.5
caf,2002,159.0
caf,2003,155.6
caf,2004,151.8
caf,2005,147.9
caf,2006,143.5
caf,2007,139.3
caf,2008,135.5
caf,2009,489.3
caf,2010,150.7
caf,2011,125.1
caf,2012,121.9
caf,2013,134.2
caf,2014,186.8
caf,2015,113.7
caf,2016,126.8
caf,2017,155.2
caf,2018,120.2
caf,2019,254.7
caf,2020,124.2
caf,2021,178.7
caf,2022,424.6
caf,2023,92.6
can,1900,304.1
can,1901,271.6
can,1902,216.6
can,1903,212.8
can,1904,167.8
can,1906,205.3
can,1908,339.9
can,1909,222.2
can,1910,282.7
can,1911,300.8
can,1912,261.9
can,1913,273.2
can,1914,261.9
can,1915,247.9
can,1916,268.5
can,1917,216.6
can,1918,220.3
can,1919,227.8
can,1920,265.2
can,1921,144.4
can,1922,143.9
can,1923,141.1
can,1924,127.1
can,1925,122.4
can,1926,132.6
can,1927,124.9
can,1928,120.7
can,1929,127.5
can,1930,124.7
can,1931,115.6
can,1932,98.8
can,1933,92.9
can,1934,91.9
can,1935,91.5
can,1936,86.2
can,1937,103.3
can,1938,86.4
can,1939,80.8
can,1940,77.8
can,1941,80.6
can,1942,73.1
can,1943,70.2
can,1944,68.7
can,1945,61.3
can,1946,61.2
can,1947,59.9
can,1948,53.9
can,1949,51.3
can,1950,48.6
can,1951,46.1
can,1952,43.8
can,1953,41.7
can,1954,39.9
can,1955,38.3
can,1956,37.0
can,1957,35.8
can,1958,34.7
can,1959,33.6
can,1960,32.6
can,1961,31.6
can,1962,30.5
can,1963,29.4
can,1964,28.2
can,1965,27.1
can,1966,26.0
can,1967,25.0
can,1968,23.9
can,1969,22.9
can,1970,22.0
can,1971,21.0
can,1972,19.9
can,1973,18.9
can,1974,17.9
can,1975,17.0
can,1976,16.0
can,1977,15.1
can,1978,14.2
can,1979,13.3
can,1980,12.5
can,1981,11.8
can,1982,11.2
can,1983,10.6
can,1984,10.1
can,1985,9.7
can,1986,9.4
can,1987,9.1
can,1988,8.8
can,1989,8.6
can,1990,8.3
can,1991,8.0
can,1992,7.7
can,1993,7.4
can,1994,7.2
can,1995,6.9
can,1996,6.7
can,1997,6.5
can,1998,6.4
can,1999,6.3
can,2000,6.2
can,2001,6.2
can,2002,6.2
can,2003,6.2
can,2004,6.1
can,2005,6.1
can,2006,6.0
can,2007,6.0
can,2008,5.9
can,2009,5.8
can,2010,5.7
can,2011,5.6
can,2012,5.6
can,2013,5.5
can,2014,5.4
can,2015,5.3
can,2016,5.3
can,2017,5.2
can,2018,5.2
can,2019,5.2
can,2020,5.2
can,2021,5.2
can,2022,5.3
can,2023,5.4
che,1876,276.1
che,1877,285.1
che,1878,279.8
che,1879,257.1
che,1880,253.2
che,1881,262.2
che,1882,240.4
che,1883,220.6
che,1884,218.1
che,1885,231.0
che,1886,222.0
che,1887,216.2
che,1888,203.9
che,1889,217.8
che,1890,208.1
che,1891,225.4
che,1892,196.6
che,1893,204.8
che,1894,207.9
che,1895,203.3
che,1896,178.4
che,1897,181.2
che,1898,197.6
che,1899,180.7
che,1900,197.0
che,1901,183.5
che,1902,168.3
che,1903,169.0
che,1904,182.5
che,1905,169.2
che,1906,164.3
che,1907,154.7
che,1908,141.4
che,1909,150.6
che,1910,140.7
che,1911,154.1
che,1912,122.7
che,1913,125.2
che,1914,118.4
che,1915,112.5
che,1916,102.9
che,1917,103.9
che,1918,126.8
che,1919,110.7
che,1920,120.9
che,1921,95.3
che,1922,87.7
che,1923,77.8
che,1924,78.8
che,1925,77.1
che,1926,73.9
che,1927,74.2
che,1928,73.9
che,1929,69.7
che,1930,67.4
che,1931,65.2
che,1932,66.8
che,1933,61.1
che,1934,59.7
che,1935,62.7
che,1936,59.7
che,1937,60.5
che,1938,56.0
che,1939,54.5
che,1940,61.6
che,1941,54.3
che,1942,50.8
che,1943,51.3
che,1944,53.5
che,1945,51.3
che,1946,49.5
che,1947,47.8
che,1948,43.9
che,1949,42.1
che,1950,38.6
che,1951,37.2
che,1952,35.8
che,1953,34.5
che,1954,33.1
che,1955,31.6
che,1956,30.3
che,1957,29.0
che,1958,27.9
che,1959,27.2
che,1960,26.5
che,1961,26.0
che,1962,25.3
che,1963,24.5
che,1964,23.6
che,1965,22.6
che,1966,21.6
che,1967,20.7
che,1968,19.9
che,1969,19.2
che,1970,18.4
che,1971,17.6
che,1972,16.7
che,1973,15.7
che,1974,14.8
che,1975,13.8
che,1976,12.9
che,1977,12.1
che,1978,11.4
che,1979,10.9
che,1980,10.4
che,1981,10.0
che,1982,9.7
che,1983,9.4
che,1984,9.2
che,1985,9.0
che,1986,8.9
che,1987,8.8
che,1988,8.6
che,1989,8.4
che,1990,8.2
che,1991,7.8
che,1992,7.5
che,1993,7.1
che,1994,6.7
che,1995,6.4
che,1996,6.2
che,1997,6.0
che,1998,5.8
che,1999,5.7
che,2000,5.6
che,2001,5.5
che,2002,5.4
che,2003,5.3
che,2004,5.2
che,2005,5.1
che,2006,4.9
che,2007,4.8
che,2008,4.7
che,2009,4.6
che,2010,4.6
che,2011,4.5
che,2012,4.4
che,2013,4.4
che,2014,4.3
che,2015,4.3
che,2016,4.2
che,2017,4.1
che,2018,4.1
che,2019,4.0
che,2020,4.0
che,2021,4.0
che,2022,3.9
che,2023,3.9
chl,1901,552.2
chl,1902,438.5
chl,1903,428.7
chl,1904,464.5
chl,1905,404.5
chl,1906,531.0
chl,1907,484.0
chl,1908,516.4
chl,1909,511.6
chl,1910,433.6
chl,1911,540.8
chl,1912,466.1
chl,1913,464.5
chl,1914,414.1
chl,1915,412.5
chl,1916,391.6
chl,1917,436.9
chl,1918,414.1
chl,1919,496.9
chl,1920,427.1
chl,1921,451.5
chl,1922,390.0
chl,1923,459.6
chl,1924,432.0
chl,1925,419.0
chl,1926,407.7
chl,1927,367.3
chl,1928,344.7
chl,1929,364.1
chl,1930,380.3
chl,1931,377.0
chl,1932,381.9
chl,1933,419.0
chl,1934,425.5
chl,1935,407.7
chl,1936,409.3
chl,1937,391.6
chl,1938,383.5
chl,1939,365.7
chl,1940,352.8
chl,1941,325.3
chl,1942,317.1
chl,1943,315.5
chl,1944,294.2
chl,1945,299.1
chl,1946,260.2
chl,1947,261.9
chl,1948,237.0
chl,1949,251.5
chl,1950,238.3
chl,1951,229.4
chl,1952,220.6
chl,1953,212.4
chl,1954,149.9
chl,1955,149.0
chl,1956,150.1
chl,1957,152.5
chl,1958,154.4
chl,1959,154.6
chl,1960,152.8
chl,1961,149.0
chl,1962,143.3
chl,1963,135.9
chl,1964,126.7
chl,1965,116.0
chl,1966,104.1
chl,1967,93.4
chl,1968,86.0
chl,1969,82.3
chl,1970,80.7
chl,1971,79.2
chl,1972,77.4
chl,1973,74.8
chl,1974,71.0
chl,1975,65.0
chl,1976,56.8
chl,1977,48.4
chl,1978,41.6
chl,1979,36.9
chl,1980,33.2
chl,1981,29.9
chl,1982,26.9
chl,1983,24.7
chl,1984,23.2
chl,1985,22.3
chl,1986,22.1
chl,1987,21.9
chl,1988,21.5
chl,1989,20.4
chl,1990,19.0
chl,1991,17.6
chl,1992,16.3
chl,1993,15.0
chl,1994,13.9
chl,1995,13.1
chl,1996,12.6
chl,1997,12.2
chl,1998,11.9
chl,1999,11.4
chl,2000,10.9
chl,2001,10.3
chl,2002,9.8
chl,2003,9.4
chl,2004,9.2
chl,2005,9.1
chl,2006,9.0
chl,2007,8.9
chl,2008,8.8
chl,2009,8.8
chl,2010,8.7
chl,2011,8.6
chl,2012,8.4
chl,2013,8.3
chl,2014,8.1
chl,2015,7.9
chl,2016,7.7
chl,2017,7.6
chl,2018,7.3
chl,2019,7.0
chl,2020,6.8
chl,2021,6.7
chl,2022,6.8
chl,2023,6.9
chn,1950,317.1
chn,1955,291.0
chn,1958,233.3
chn,1959,268.5
chn,1960,309.0
chn,1961,261.9
chn,1962,167.8
chn,1965,115.4
chn,1968,132.3
chn,1969,118.0
chn,1970,112.1
chn,1971,106.3
chn,1972,100.8
chn,1973,95.2
chn,1974,89.7
chn,1975,84.3
chn,1976,79.1
chn,1977,74.2
chn,1978,69.8
chn,1979,65.9
chn,1980,62.6
chn,1981,59.9
chn,1982,57.7
chn,1983,56.1
chn,1984,54.9
chn,1985,54.2
chn,1986,53.9
chn,1987,53.8
chn,1988,53.9
chn,1989,53.8
chn,1990,53.6
chn,1991,53.0
chn,1992,52.1
chn,1993,50.8
chn,1994,49.2
chn,1995,47.4
chn,1996,45.5
chn,1997,43.5
chn,1998,41.4
chn,1999,39.1
chn,2000,36.6
chn,2001,34.1
chn,2002,31.4
chn,2003,28.8
chn,2004,26.3
chn,2005,24.0
chn,2006,21.9
chn,2007,20.1
chn,2008,18.5
chn,2009,17.1
chn,2010,15.7
chn,2011,14.6
chn,2012,13.5
chn,2013,12.5
chn,2014,11.6
chn,2015,10.7
chn,2016,10.0
chn,2017,9.3
chn,2018,8.6
chn,2019,8.0
chn,2020,7.5
chn,2021,7.0
chn,2022,6.6
chn,2023,6.1
civ,1955,362.0
civ,1956,353.0
civ,1957,344.5
civ,1958,336.0
civ,1959,327.6
civ,1960,319.3
civ,1961,311.2
civ,1962,303.5
civ,1963,295.8
civ,1964,288.3
civ,1965,281.1
civ,1966,274.0
civ,1967,266.9
civ,1968,259.9
civ,1969,252.8
civ,1970,245.6
civ,1971,238.1
civ,1972,230.1
civ,1973,221.8
civ,1974,213.2
civ,1975,204.5
civ,1976,196.2
civ,1977,188.4
civ,1978,181.3
civ,1979,175.1
civ,1980,170.0
civ,1981,165.5
civ,1982,161.8
civ,1983,158.8
civ,1984,156.5
civ,1985,154.7
civ,1986,153.6
civ,1987,152.9
civ,1988,152.9
civ,1989,153.2
civ,1990,153.6
civ,1991,154.1
civ,1992,154.2
civ,1993,154.1
civ,1994,153.5
civ,1995,152.4
civ,1996,150.9
civ,1997,148.9
civ,1998,146.4
civ,1999,143.6
civ,2000,140.4
civ,2001,136.9
civ,2002,133.1
civ,2003,129.2
civ,2004,125.3
civ,2005,121.2
civ,2006,117.4
civ,2007,113.5
civ,2008,109.0
civ,2009,105.2
civ,2010,101.6
civ,2011,98.4
civ,2012,95.3
civ,2013,92.0
civ,2014,88.6
civ,2015,85.5
civ,2016,83.0
civ,2017,80.5
civ,2018,77.9
civ,2019,75.3
civ,2020,73.0
civ,2021,70.8
civ,2022,68.7
civ,2023,66.5
cmr,1953,358.7
cmr,1954,345.8
cmr,1955,333.5
cmr,1956,321.6
cmr,1957,310.7
cmr,1958,300.4
cmr,1959,291.3
cmr,1960,283.4
cmr,1961,276.9
cmr,1962,271.3
cmr,1963,266.4
cmr,1964,261.4
cmr,1965,255.4
cmr,1966,248.5
cmr,1967,240.5
cmr,1968,231.8
cmr,1969,222.8
cmr,1970,214.2
cmr,1971,206.8
cmr,1972,201.0
cmr,1973,196.7
cmr,1974,194.0
cmr,1975,192.2
cmr,1976,190.9
cmr,1977,189.6
cmr,1978,187.5
cmr,1979,184.3
cmr,1980,180.0
cmr,1981,174.9
cmr,1982,169.0
cmr,1983,162.6
cmr,1984,156.2
cmr,1985,150.3
cmr,1986,145.1
cmr,1987,141.0
cmr,1988,138.4
cmr,1989,137.2
cmr,1990,137.4
cmr,1991,138.8
cmr,1992,140.9
cmr,1993,143.1
cmr,1994,145.4
cmr,1995,147.1
cmr,1996,148.2
cmr,1997,148.4
cmr,1998,147.8
cmr,1999,146.4
cmr,2000,143.9
cmr,2001,141.0
cmr,2002,137.6
cmr,2003,134.3
cmr,2004,130.9
cmr,2005,127.6
cmr,2006,124.2
cmr,2007,120.8
cmr,2008,117.2
cmr,2009,113.7
cmr,2010,109.5
cmr,2011,105.2
cmr,2012,100.8
cmr,2013,96.5
cmr,2014,92.4
cmr,2015,88.5
cmr,2016,85.1
cmr,2017,81.9
cmr,2018,78.9
cmr,2019,76.6
cmr,2020,74.4
cmr,2021,71.9
cmr,2022,69.4
cmr,2023,67.0
cod,1960,282.7
cod,1969,247.8
cod,1970,244.8
cod,1971,241.4
cod,1972,237.7
cod,1973,233.8
cod,1974,229.8
cod,1975,226.0
cod,1976,222.0
cod,1977,218.2
cod,1978,213.9
cod,1979,210.2
cod,1980,206.6
cod,1981,203.2
cod,1982,200.0
cod,1983,196.9
cod,1984,194.3
cod,1985,191.8
cod,1986,189.4
cod,1987,187.1
cod,1988,184.8
cod,1989,182.4
cod,1990,180.0
cod,1991,177.7
cod,1992,175.4
cod,1993,173.4
cod,1994,171.4
cod,1995,169.4
cod,1996,210.4
cod,1997,206.8
cod,1998,195.5
cod,1999,190.4
cod,2000,184.6
cod,2001,178.4
cod,2002,172.2
cod,2003,165.9
cod,2004,159.4
cod,2005,124.4
cod,2006,118.9
cod,2007,113.8
cod,2008,109.2
cod,2009,105.0
cod,2010,101.4
cod,2011,98.3
cod,2012,95.9
cod,2013,94.1
cod,2014,92.7
cod,2015,91.9
cod,2016,91.5
cod,2017,91.5
cod,2018,91.7
cod,2019,92.2
cod,2020,92.7
cod,2021,92.9
cod,2022,92.5
cod,2023,91.3
cog,1944,317.4
cog,1945,310.3
cog,1946,304.2
cog,1947,297.4
cog,1948,291.1
cog,1949,284.4
cog,1950,277.3
cog,1951,270.1
cog,1952,262.8
cog,1953,254.7
cog,1954,246.2
cog,1955,237.4
cog,1956,228.3
cog,1957,219.1
cog,1958,210.0
cog,1959,201.5
cog,1960,193.5
cog,1961,186.2
cog,1962,179.2
cog,1963,172.7
cog,1964,166.5
cog,1965,160.8
cog,1966,155.4
cog,1967,150.1
cog,1968,145.3
cog,1969,140.9
cog,1970,136.6
cog,1971,133.0
cog,1972,129.7
cog,1973,126.5
cog,1974,123.3
cog,1975,120.4
cog,1976,117.6
cog,1977,114.7
cog,1978,112.2
cog,1979,109.6
cog,1980,107.0
cog,1981,104.4
cog,1982,102.0
cog,1983,99.3
cog,1984,96.7
cog,1985,94.5
cog,1986,92.8
cog,1987,91.4
cog,1988,90.6
cog,1989,90.7
cog,1990,91.5
cog,1991,93.1
cog,1992,95.3
cog,1993,97.9
cog,1994,101.1
cog,1995,104.5
cog,1996,108.0
cog,1997,111.0
cog,1998,113.2
cog,1999,113.7
cog,2000,112.5
cog,2001,109.3
cog,2002,104.6
cog,2003,98.9
cog,2004,92.3
cog,2005,85.7
cog,2006,79.5
cog,2007,73.9
cog,2008,69.2
cog,2009,65.3
cog,2010,62.4
cog,2011,60.0
cog,2012,57.9
cog,2013,56.2
cog,2014,54.5
cog,2015,52.7
cog,2016,51.0
cog,2017,49.3
cog,2018,47.6
cog,2019,52.2
cog,2020,44.5
cog,2021,43.0
cog,2022,41.5
cog,2023,40.3
cok,1951,192.8
cok,1952,181.8
cok,1953,171.6
cok,1954,161.8
cok,1955,152.6
cok,1956,143.7
cok,1957,134.8
cok,1958,126.1
cok,1959,117.7
cok,1960,109.4
cok,1961,101.5
cok,1962,93.9
cok,1963,86.8
cok,1964,80.2
cok,1965,73.9
cok,1966,67.9
cok,1967,62.4
cok,1968,57.5
cok,1969,53.0
cok,1970,48.9
cok,1971,45.3
cok,1972,42.3
cok,1973,39.6
cok,1974,37.4
cok,1975,35.7
cok,1976,34.1
cok,1977,32.7
cok,1978,31.5
cok,1979,30.3
cok,1980,29.2
cok,1981,28.2
cok,1982,27.3
cok,1983,26.5
cok,1984,25.8
cok,1985,25.1
cok,1986,24.6
cok,1987,24.2
cok,1988,24.0
cok,1989,23.9
cok,1990,23.8
cok,1991,23.7
cok,1992,23.6
cok,1993,23.5
cok,1994,23.2
cok,1995,22.7
cok,1996,22.0
cok,1997,21.2
cok,1998,20.3
cok,1999,19.5
cok,2000,18.7
cok,2001,17.9
cok,2002,17.2
cok,2003,16.5
cok,2004,15.8
cok,2005,15.1
cok,2006,14.5
cok,2007,13.9
cok,2008,13.4
cok,2009,13.0
cok,2010,12.8
cok,2011,12.7
cok,2012,12.8
cok,2013,12.9
cok,2014,13.1
cok,2015,13.4
cok,2016,13.7
cok,2017,14.0
cok,2018,14.2
cok,2019,14.3
cok,2020,14.3
cok,2021,14.2
cok,2022,13.9
cok,2023,13.6
col,1924,227.8
col,1925,190.3
col,1926,238.8
col,1927,231.5
col,1928,203.5
col,1929,192.2
col,1930,160.4
col,1931,196.0
col,1933,229.6
col,1934,180.9
col,1935,253.2
col,1936,247.9
col,1937,242.5
col,1938,253.2
col,1939,263.5
col,1940,227.8
col,1941,242.5
col,1942,249.7
col,1943,255.0
col,1944,251.5
col,1945,244.3
col,1946,242.5
col,1947,224.1
col,1948,216.6
col,1949,212.8
col,1950,194.1
col,1951,186.6
col,1952,178.2
col,1953,172.2
col,1954,166.6
col,1955,161.2
col,1956,155.7
col,1957,150.5
col,1958,145.4
col,1959,140.5
col,1960,135.8
col,1961,131.4
col,1962,127.0
col,1963,122.9
col,1964,119.1
col,1965,115.5
col,1966,111.9
col,1967,108.3
col,1968,104.9
col,1969,101.3
col,1970,97.7
col,1971,94.1
col,1972,90.3
col,1973,86.5
col,1974,82.5
col,1975,78.5
col,1976,74.4
col,1977,70.3
col,1978,66.3
col,1979,62.4
col,1980,58.7
col,1981,55.3
col,1982,52.1
col,1983,49.1
col,1984,46.4
col,1985,49.3
col,1986,42.0
col,1987,40.1
col,1988,38.5
col,1989,37.1
col,1990,35.8
col,1991,34.5
col,1992,33.3
col,1993,32.2
col,1994,31.0
col,1995,29.9
col,1996,28.8
col,1997,27.8
col,1998,26.8
col,1999,25.9
col,2000,25.0
col,2001,24.2
col,2002,23.5
col,2003,22.7
col,2004,22.1
col,2005,21.4
col,2006,20.7
col,2007,20.1
col,2008,19.5
col,2009,18.8
col,2010,18.2
col,2011,17.6
col,2012,17.1
col,2013,16.5
col,2014,16.0
col,2015,15.5
col,2016,15.0
col,2017,14.5
col,2018,14.0
col,2019,13.5
col,2020,13.1
col,2021,12.7
col,2022,12.3
col,2023,11.9
com,1960,325.3
com,1969,225.2
com,1970,232.1
com,1971,225.9
com,1972,220.0
com,1973,214.3
com,1974,208.4
com,1975,202.7
com,1976,196.8
com,1977,191.0
com,1978,185.2
com,1979,179.3
com,1980,173.5
com,1981,167.6
com,1982,161.8
com,1983,156.1
com,1984,150.6
com,1985,145.2
com,1986,140.0
com,1987,134.9
com,1988,130.0
com,1989,125.2
com,1990,120.5
com,1991,115.8
com,1992,111.1
com,1993,106.5
com,1994,102.1
com,1995,97.8
com,1996,93.7
com,1997,90.0
com,1998,86.4
com,1999,83.0
com,2000,79.9
com,2001,76.8
com,2002,73.8
com,2003,71.0
com,2004,68.3
com,2005,65.8
com,2006,63.4
com,2007,61.2
com,2008,59.2
com,2009,57.3
com,2010,55.6
com,2011,54.0
com,2012,52.5
com,2013,51.2
com,2014,50.0
com,2015,48.9
com,2016,47.9
com,2017,46.9
com,2018,45.8
com,2019,44.8
com,2020,43.7
com,2021,42.6
com,2022,41.4
com,2023,40.2
cpv,1945,237.6
cpv,1946,231.6
cpv,1947,225.5
cpv,1948,219.9
cpv,1949,214.3
cpv,1950,209.0
cpv,1951,204.0
cpv,1952,199.4
cpv,1953,195.1
cpv,1954,190.8
cpv,1955,187.0
cpv,1956,183.7
cpv,1957,180.5
cpv,1958,177.5
cpv,1959,174.6
cpv,1960,171.4
cpv,1961,168.1
cpv,1962,164.8
cpv,1963,161.6
cpv,1964,157.9
cpv,1965,153.6
cpv,1966,149.1
cpv,1967,144.2
cpv,1968,138.8
cpv,1969,132.9
cpv,1970,126.7
cpv,1971,120.5
cpv,1972,114.1
cpv,1973,107.8
cpv,1974,101.7
cpv,1975,95.9
cpv,1976,90.8
cpv,1977,86.2
cpv,1978,82.7
cpv,1979,80.0
cpv,1980,78.1
cpv,1981,77.1
cpv,1982,76.5
cpv,1983,75.8
cpv,1984,74.6
cpv,1985,72.5
cpv,1986,69.6
cpv,1987,65.9
cpv,1988,62.1
cpv,1989,58.8
cpv,1990,56.4
cpv,1991,55.0
cpv,1992,54.6
cpv,1993,54.6
cpv,1994,54.5
cpv,1995,53.7
cpv,1996,51.7
cpv,1997,48.4
cpv,1998,44.3
cpv,1999,40.0
cpv,2000,36.0
cpv,2001,32.8
cpv,2002,30.5
cpv,2003,29.0
cpv,2004,28.2
cpv,2005,28.0
cpv,2006,28.0
cpv,2007,28.1
cpv,2008,27.9
cpv,2009,27.5
cpv,2010,26.7
cpv,2011,25.6
cpv,2012,24.2
cpv,2013,22.6
cpv,2014,20.9
cpv,2015,19.2
cpv,2016,17.6
cpv,2017,16.2
cpv,2018,15.1
cpv,2019,14.1
cpv,2020,13.3
cpv,2021,12.7
cpv,2022,12.1
cpv,2023,11.6
cri,1949,132.2
cri,1950,131.3
cri,1951,130.0
cri,1952,128.7
cri,1953,126.9
cri,1954,124.6
cri,1955,121.4
cri,1956,117.0
cri,1957,111.8
cri,1958,106.1
cri,1959,100.5
cri,1960,96.1
cri,1961,93.7
cri,1962,92.8
cri,1963,92.4
cri,1964,91.6
cri,1965,90.2
cri,1966,87.9
cri,1967,84.8
cri,1968,81.7
cri,1969,78.5
cri,1970,74.8
cri,1971,70.1
cri,1972,64.5
cri,1973,58.3
cri,1974,51.8
cri,1975,45.4
cri,1976,39.2
cri,1977,33.8
cri,1978,29.6
cri,1979,26.5
cri,1980,24.4
cri,1981,23.4
cri,1982,22.9
cri,1983,22.7
cri,1984,22.5
cri,1985,22.0
cri,1986,21.2
cri,1987,20.0
cri,1988,18.9
cri,1989,17.8
cri,1990,16.9
cri,1991,16.2
cri,1992,15.7
cri,1993,15.3
cri,1994,15.1
cri,1995,14.9
cri,1996,14.7
cri,1997,14.5
cri,1998,14.1
cri,1999,13.6
cri,2000,13.1
cri,2001,12.6
cri,2002,12.2
cri,2003,11.8
cri,2004,11.5
cri,2005,11.3
cri,2006,11.2
cri,2007,11.1
cri,2008,10.9
cri,2009,10.7
cri,2010,10.5
cri,2011,10.2
cri,2012,9.8
cri,2013,9.5
cri,2014,9.2
cri,2015,9.0
cri,2016,8.9
cri,2017,8.9
cri,2018,9.0
cri,2019,9.1
cri,2020,9.3
cri,2021,9.6
cri,2022,9.9
cri,2023,10.1
cub,1932,173.4
cub,1933,209.1
cub,1934,149.3
cub,1935,199.7
cub,1936,160.4
cub,1937,125.9
cub,1938,118.9
cub,1943,98.5
cub,1944,78.1
cub,1945,95.2
cub,1946,52.5
cub,1947,54.0
cub,1948,49.7
cub,1949,48.3
cub,1950,44.1
cub,1951,49.7
cub,1952,48.3
cub,1953,48.3
cub,1954,41.4
cub,1955,45.5
cub,1956,42.7
cub,1957,46.9
cub,1958,43.6
cub,1959,43.8
cub,1960,44.1
cub,1961,44.4
cub,1962,44.5
cub,1963,44.5
cub,1964,44.2
cub,1965,43.7
cub,1966,43.0
cub,1967,42.1
cub,1968,41.0
cub,1969,39.6
cub,1970,38.1
cub,1971,36.5
cub,1972,34.8
cub,1973,32.9
cub,1974,31.2
cub,1975,29.4
cub,1976,27.8
cub,1977,26.2
cub,1978,24.8
cub,1979,23.4
cub,1980,22.2
cub,1981,21.1
cub,1982,20.0
cub,1983,19.1
cub,1984,18.2
cub,1985,17.3
cub,1986,16.5
cub,1987,15.7
cub,1988,14.9
cub,1989,14.1
cub,1990,13.5
cub,1991,12.8
cub,1992,12.2
cub,1993,11.6
cub,1994,11.1
cub,1995,10.6
cub,1996,10.2
cub,1997,9.7
cub,1998,9.3
cub,1999,8.9
cub,2000,8.6
cub,2001,8.2
cub,2002,7.9
cub,2003,7.6
cub,2004,7.3
cub,2005,7.1
cub,2006,6.8
cub,2007,6.6
cub,2008,6.5
cub,2009,6.3
cub,2010,6.2
cub,2011,6.1
cub,2012,6.1
cub,2013,6.0
cub,2014,6.1
cub,2015,6.1
cub,2016,6.3
cub,2017,6.4
cub,2018,6.6
cub,2019,6.9
cub,2020,7.2
cub,2021,7.5
cub,2022,7.8
cub,2023,8.2
cyp,1960,37.3
cyp,1970,36.0
cyp,1971,36.9
cyp,1972,36.5
cyp,1973,36.1
cyp,1974,35.3
cyp,1975,34.1
cyp,1976,32.2
cyp,1977,29.5
cyp,1978,26.6
cyp,1979,23.9
cyp,1980,21.6
cyp,1981,19.6
cyp,1982,17.8
cyp,1983,16.2
cyp,1984,14.6
cyp,1985,13.1
cyp,1986,12.0
cyp,1987,11.4
cyp,1988,11.2
cyp,1989,11.2
cyp,1990,11.2
cyp,1991,11.1
cyp,1992,10.8
cyp,1993,10.3
cyp,1994,9.7
cyp,1995,9.1
cyp,1996,8.5
cyp,1997,8.0
cyp,1998,7.5
cyp,1999,7.0
cyp,2000,6.6
cyp,2001,6.2
cyp,2002,5.8
cyp,2003,5.4
cyp,2004,5.1
cyp,2005,4.7
cyp,2006,4.4
cyp,2007,4.1
cyp,2008,3.8
cyp,2009,3.5
cyp,2010,3.2
cyp,2011,3.0
cyp,2012,2.8
cyp,2013,2.7
cyp,2014,2.6
cyp,2015,2.5
cyp,2016,2.5
cyp,2017,2.6
cyp,2018,2.7
cyp,2019,3.0
cyp,2020,3.3
cyp,2021,3.7
cyp,2022,4.1
cyp,2023,4.6
cze,1949,85.0
cze,1950,71.6
cze,1951,60.4
cze,1952,51.3
cze,1953,44.1
cze,1954,38.5
cze,1955,34.1
cze,1956,30.9
cze,1957,28.5
cze,1958,26.8
cze,1959,25.6
cze,1960,24.8
cze,1961,24.4
cze,1962,24.2
cze,1963,24.3
cze,1964,24.4
cze,1965,24.6
cze,1966,24.7
cze,1967,24.8
cze,1968,24.7
cze,1969,24.5
cze,1970,24.3
cze,1971,23.9
cze,1972,23.4
cze,1973,22.9
cze,1974,22.3
cze,1975,21.6
cze,1976,20.8
cze,1977,19.9
cze,1978,18.9
cze,1979,17.9
cze,1980,16.9
cze,1981,16.0
cze,1982,15.2
cze,1983,14.7
cze,1984,14.4
cze,1985,14.2
cze,1986,13.8
cze,1987,13.4
cze,1988,13.0
cze,1989,12.6
cze,1990,12.2
cze,1991,11.7
cze,1992,11.0
cze,1993,10.3
cze,1994,9.4
cze,1995,8.5
cze,1996,7.7
cze,1997,6.9
cze,1998,6.3
cze,1999,5.8
cze,2000,5.5
cze,2001,5.2
cze,2002,5.0
cze,2003,4.8
cze,2004,4.6
cze,2005,4.4
cze,2006,4.1
cze,2007,3.9
cze,2008,3.7
cze,2009,3.5
cze,2010,3.4
cze,2011,3.3
cze,2012,3.2
cze,2013,3.1
cze,2014,3.1
cze,2015,3.2
cze,2016,3.2
cze,2017,3.2
cze,2018,3.1
cze,2019,3.0
cze,2020,2.9
cze,2021,2.8
cze,2022,2.7
cze,2023,2.6
deu,1836,474.2
deu,1837,490.4
deu,1838,482.3
deu,1839,462.8
deu,1840,485.6
deu,1841,487.2
deu,1842,516.4
deu,1843,466.1
deu,1844,466.1
deu,1845,469.3
deu,1846,516.4
deu,1847,464.5
deu,1848,506.7
deu,1849,462.8
deu,1850,482.3
deu,1851,466.1
deu,1852,484.0
deu,1853,462.8
deu,1854,472.6
deu,1855,462.8
deu,1856,410.9
deu,1857,498.6
deu,1858,469.3
deu,1859,526.2
deu,1860,422.2
deu,1863,484.0
deu,1864,482.3
deu,1865,539.2
deu,1866,488.8
deu,1867,506.7
deu,1868,498.6
deu,1869,475.8
deu,1870,484.0
deu,1871,535.9
deu,1872,488.8
deu,1873,498.6
deu,1874,482.3
deu,1875,393.2
deu,1876,370.5
deu,1877,365.7
deu,1878,367.3
deu,1879,354.4
deu,1880,390.0
deu,1881,364.1
deu,1882,370.5
deu,1883,377.0
deu,1884,381.9
deu,1885,367.3
deu,1886,381.9
deu,1887,352.8
deu,1888,354.4
deu,1889,367.3
deu,1890,367.3
deu,1891,356.0
deu,1892,373.8
deu,1893,364.1
deu,1894,356.0
deu,1895,373.8
deu,1896,338.3
deu,1897,360.9
deu,1898,341.5
deu,1899,351.2
deu,1900,372.2
deu,1901,336.6
deu,1902,297.5
deu,1903,331.8
deu,1904,318.8
deu,1905,333.4
deu,1906,300.8
deu,1907,286.0
deu,1908,289.3
deu,1909,276.2
deu,1910,263.5
deu,1911,312.3
deu,1912,237.0
deu,1913,244.3
deu,1914,266.8
deu,1915,238.8
deu,1916,224.1
deu,1917,240.6
deu,1918,256.7
deu,1919,233.3
deu,1920,207.2
deu,1921,212.8
deu,1922,205.3
deu,1923,207.2
deu,1924,164.1
deu,1925,158.5
deu,1926,153.0
deu,1927,143.8
deu,1928,129.4
deu,1929,143.8
deu,1930,122.4
deu,1931,118.9
deu,1932,112.0
deu,1933,108.6
deu,1934,90.4
deu,1935,147.4
deu,1936,90.4
deu,1937,87.2
deu,1938,81.2
deu,1939,100.2
deu,1940,87.2
deu,1960,42.7
deu,1967,29.2
deu,1968,27.1
deu,1969,26.4
deu,1970,25.6
deu,1971,24.9
deu,1972,24.0
deu,1973,23.1
deu,1974,22.0
deu,1975,20.8
deu,1976,19.6
deu,1977,18.3
deu,1978,17.1
deu,1979,16.0
deu,1980,15.0
deu,1981,14.1
deu,1982,13.2
deu,1983,12.5
deu,1984,11.8
deu,1985,11.1
deu,1986,10.6
deu,1987,10.1
deu,1988,9.5
deu,1989,9.0
deu,1990,8.5
deu,1991,8.0
deu,1992,7.6
deu,1993,7.2
deu,1994,6.8
deu,1995,6.5
deu,1996,6.2
deu,1997,5.9
deu,1998,5.7
deu,1999,5.5
deu,2000,5.4
deu,2001,5.2
deu,2002,5.1
deu,2003,5.0
deu,2004,4.9
deu,2005,4.7
deu,2006,4.6
deu,2007,4.5
deu,2008,4.4
deu,2009,4.3
deu,2010,4.2
deu,2011,4.1
deu,2012,4.0
deu,2013,4.0
deu,2014,4.0
deu,2015,3.9
deu,2016,3.9
deu,2017,3.8
deu,2018,3.8
deu,2019,3.7
deu,2020,3.7
deu,2021,3.7
deu,2022,3.7
deu,2023,3.7
dji,1976,169.5
dji,1977,164.5
dji,1978,159.8
dji,1979,155.2
dji,1980,150.9
dji,1981,146.9
dji,1982,142.7
dji,1983,138.7
dji,1984,134.6
dji,1985,130.7
dji,1986,127.2
dji,1987,123.8
dji,1988,120.7
dji,1989,117.8
dji,1990,115.3
dji,1991,113.1
dji,1992,111.3
dji,1993,109.6
dji,1994,108.2
dji,1995,106.9
dji,1996,105.5
dji,1997,104.0
dji,1998,102.3
dji,1999,100.5
dji,2000,98.5
dji,2001,96.3
dji,2002,94.0
dji,2003,91.6
dji,2004,89.3
dji,2005,86.9
dji,2006,84.6
dji,2007,82.3
dji,2008,79.9
dji,2009,77.7
dji,2010,75.5
dji,2011,73.4
dji,2012,71.3
dji,2013,69.2
dji,2014,67.2
dji,2015,65.2
dji,2016,63.2
dji,2017,61.2
dji,2018,59.4
dji,2019,57.5
dji,2020,55.7
dji,2021,54.0
dji,2022,52.1
dji,2023,50.5
dma,1960,136.4
dma,1961,124.3
dma,1962,113.3
dma,1963,103.2
dma,1964,94.1
dma,1965,85.9
dma,1966,78.4
dma,1967,71.6
dma,1968,65.5
dma,1969,59.9
dma,1970,54.8
dma,1971,50.3
dma,1972,46.1
dma,1973,42.4
dma,1974,39.1
dma,1975,36.2
dma,1976,33.6
dma,1977,31.2
dma,1978,29.2
dma,1979,33.4
dma,1980,25.8
dma,1981,24.5
dma,1982,23.3
dma,1983,22.3
dma,1984,21.4
dma,1985,20.6
dma,1986,20.0
dma,1987,19.5
dma,1988,19.1
dma,1989,18.8
dma,1990,18.5
dma,1991,18.4
dma,1992,18.2
dma,1993,18.2
dma,1994,18.2
dma,1995,18.3
dma,1996,18.4
dma,1997,18.6
dma,1998,18.8
dma,1999,19.1
dma,2000,19.4
dma,2001,19.7
dma,2002,20.1
dma,2003,20.6
dma,2004,21.1
dma,2005,21.6
dma,2006,22.2
dma,2007,22.8
dma,2008,23.5
dma,2009,24.2
dma,2010,24.9
dma,2011,25.7
dma,2012,26.5
dma,2013,27.4
dma,2014,28.3
dma,2015,29.2
dma,2016,30.2
dma,2017,31.1
dma,2018,32.1
dma,2019,33.0
dma,2020,33.8
dma,2021,34.4
dma,2022,35.0
dma,2023,35.4
dnk,1835,299.3
dnk,1836,279.6
dnk,1837,252.1
dnk,1838,240.3
dnk,1839,267.1
dnk,1840,270.6
dnk,1841,254.6
dnk,1842,254.2
dnk,1843,232.3
dnk,1844,236.0
dnk,1845,249.2
dnk,1846,285.3
dnk,1847,280.7
dnk,1848,280.3
dnk,1849,276.9
dnk,1850,242.8
dnk,1851,239.9
dnk,1852,261.8
dnk,1853,278.6
dnk,1854,236.5
dnk,1855,192.7
dnk,1856,199.8
dnk,1857,241.0
dnk,1858,271.8
dnk,1859,225.7
dnk,1860,217.5
dnk,1861,188.2
dnk,1862,195.0
dnk,1863,195.5
dnk,1864,260.1
dnk,1865,266.7
dnk,1866,239.5
dnk,1867,221.7
dnk,1868,220.9
dnk,1869,208.1
dnk,1870,212.6
dnk,1871,199.6
dnk,1872,190.6
dnk,1873,188.8
dnk,1874,205.3
dnk,1875,226.4
dnk,1876,211.7
dnk,1877,198.0
dnk,1878,202.9
dnk,1879,207.3
dnk,1880,231.4
dnk,1881,187.0
dnk,1882,221.7
dnk,1883,189.7
dnk,1884,195.0
dnk,1885,176.2
dnk,1886,187.6
dnk,1887,196.4
dnk,1888,211.9
dnk,1889,203.9
dnk,1890,205.7
dnk,1891,206.7
dnk,1892,207.0
dnk,1893,221.2
dnk,1894,196.2
dnk,1895,183.8
dnk,1896,166.2
dnk,1897,168.5
dnk,1898,164.8
dnk,1899,193.0
dnk,1900,163.4
dnk,1901,170.6
dnk,1902,148.8
dnk,1903,146.7
dnk,1904,139.5
dnk,1905,150.7
dnk,1906,135.5
dnk,1907,136.2
dnk,1908,152.5
dnk,1909,123.6
dnk,1910,122.2
dnk,1911,129.6
dnk,1912,116.0
dnk,1913,113.9
dnk,1914,117.7
dnk,1915,112.2
dnk,1916,128.8
dnk,1917,122.7
dnk,1918,99.1
dnk,1919,116.5
dnk,1920,119.9
dnk,1921,91.3
dnk,1922,98.2
dnk,1923,101.4
dnk,1924,103.1
dnk,1925,94.5
dnk,1926,98.6
dnk,1927,98.8
dnk,1928,97.1
dnk,1929,93.4
dnk,1930,93.8
dnk,1931,94.5
dnk,1932,85.0
dnk,1933,78.2
dnk,1934,75.6
dnk,1935,87.2
dnk,1936,80.9
dnk,1937,77.5
dnk,1938,70.5
dnk,1939,66.8
dnk,1940,58.8
dnk,1941,64.6
dnk,1942,57.4
dnk,1943,54.2
dnk,1944,58.9
dnk,1945,58.2
dnk,1946,54.0
dnk,1947,45.8
dnk,1948,40.5
dnk,1949,38.7
dnk,1950,34.0
dnk,1951,33.4
dnk,1952,32.6
dnk,1953,31.7
dnk,1954,30.5
dnk,1955,29.3
dnk,1956,28.1
dnk,1957,27.0
dnk,1958,26.2
dnk,1959,25.5
dnk,1960,25.0
dnk,1961,24.5
dnk,1962,23.8
dnk,1963,23.0
dnk,1964,22.1
dnk,1965,21.1
dnk,1966,20.0
dnk,1967,19.0
dnk,1968,18.1
dnk,1969,17.4
dnk,1970,16.6
dnk,1971,15.8
dnk,1972,14.9
dnk,1973,13.9
dnk,1974,13.1
dnk,1975,12.3
dnk,1976,11.6
dnk,1977,11.1
dnk,1978,10.6
dnk,1979,10.3
dnk,1980,10.0
dnk,1981,9.7
dnk,1982,9.6
dnk,1983,9.5
dnk,1984,9.6
dnk,1985,9.6
dnk,1986,9.7
dnk,1987,9.7
dnk,1988,9.6
dnk,1989,9.4
dnk,1990,8.9
dnk,1991,8.4
dnk,1992,7.9
dnk,1993,7.3
dnk,1994,6.9
dnk,1995,6.5
dnk,1996,6.2
dnk,1997,6.0
dnk,1998,5.9
dnk,1999,5.7
dnk,2000,5.6
dnk,2001,5.5
dnk,2002,5.4
dnk,2003,5.2
dnk,2004,5.0
dnk,2005,4.8
dnk,2006,4.6
dnk,2007,4.5
dnk,2008,4.3
dnk,2009,4.2
dnk,2010,4.1
dnk,2011,4.1
dnk,2012,4.1
dnk,2013,4.1
dnk,2014,4.1
dnk,2015,4.1
dnk,2016,4.0
dnk,2017,3.9
dnk,2018,3.9
dnk,2019,3.8
dnk,2020,3.7
dnk,2021,3.7
dnk,2022,3.8
dnk,2023,3.9
dom,1950,145.0
dom,1951,145.7
dom,1952,146.4
dom,1953,147.0
dom,1954,147.6
dom,1955,148.1
dom,1956,148.6
dom,1957,148.9
dom,1958,149.1
dom,1959,148.8
dom,1960,148.2
dom,1961,147.0
dom,1962,145.4
dom,1963,143.4
dom,1964,141.1
dom,1965,138.6
dom,1966,135.7
dom,1967,132.9
dom,1968,130.0
dom,1969,127.0
dom,1970,123.8
dom,1971,120.5
dom,1972,116.8
dom,1973,112.9
dom,1974,108.8
dom,1975,104.8
dom,1976,100.9
dom,1977,97.1
dom,1978,93.5
dom,1979,90.1
dom,1980,86.8
dom,1981,83.6
dom,1982,80.5
dom,1983,77.6
dom,1984,74.8
dom,1985,72.0
dom,1986,69.4
dom,1987,66.7
dom,1988,64.2
dom,1989,61.8
dom,1990,59.3
dom,1991,56.8
dom,1992,54.4
dom,1993,52.1
dom,1994,49.8
dom,1995,47.6
dom,1996,45.6
dom,1997,43.8
dom,1998,42.2
dom,1999,40.8
dom,2000,39.6
dom,2001,38.6
dom,2002,37.7
dom,2003,37.0
dom,2004,36.4
dom,2005,36.0
dom,2006,35.6
dom,2007,35.3
dom,2008,35.1
dom,2009,34.9
dom,2010,34.9
dom,2011,34.8
dom,2012,34.8
dom,2013,34.8
dom,2014,34.9
dom,2015,34.9
dom,2016,34.9
dom,2017,34.9
dom,2018,34.7
dom,2019,34.4
dom,2020,33.8
dom,2021,33.0
dom,2022,32.3
dom,2023,31.5
dza,1954,243.1
dza,1955,242.2
dza,1956,241.3
dza,1957,240.5
dza,1958,239.8
dza,1959,239.2
dza,1960,239.2
dza,1961,239.5
dza,1962,240.0
dza,1963,241.2
dza,1964,242.3
dza,1965,243.7
dza,1966,244.8
dza,1967,245.2
dza,1968,245.0
dza,1969,243.6
dza,1970,240.5
dza,1971,236.2
dza,1972,230.6
dza,1973,224.0
dza,1974,216.5
dza,1975,208.3
dza,1976,199.5
dza,1977,190.1
dza,1978,180.1
dza,1979,168.8
dza,1980,155.6
dza,1981,140.3
dza,1982,123.1
dza,1983,105.2
dza,1984,89.1
dza,1985,76.1
dza,1986,66.3
dza,1987,59.6
dza,1988,55.4
dza,1989,53.0
dza,1990,51.6
dza,1991,50.8
dza,1992,50.2
dza,1993,49.6
dza,1994,49.0
dza,1995,48.1
dza,1996,47.0
dza,1997,45.9
dza,1998,44.6
dza,1999,43.2
dza,2000,41.7
dza,2001,40.2
dza,2002,38.6
dza,2003,37.0
dza,2004,35.4
dza,2005,33.9
dza,2006,32.5
dza,2007,31.2
dza,2008,30.1
dza,2009,29.0
dza,2010,28.1
dza,2011,27.3
dza,2012,26.6
dza,2013,25.9
dza,2014,25.4
dza,2015,24.9
dza,2016,24.5
dza,2017,24.0
dza,2018,23.7
dza,2019,23.3
dza,2020,22.9
dza,2021,22.6
dza,2022,22.3
dza,2023,22.0
ecu,1955,208.0
ecu,1956,201.5
ecu,1957,194.5
ecu,1958,187.8
ecu,1959,181.7
ecu,1960,176.1
ecu,1961,170.6
ecu,1962,165.5
ecu,1963,160.7
ecu,1964,156.3
ecu,1965,152.2
ecu,1966,148.6
ecu,1967,145.4
ecu,1968,142.5
ecu,1969,139.6
ecu,1970,136.5
ecu,1971,133.1
ecu,1972,129.2
ecu,1973,124.6
ecu,1974,119.7
ecu,1975,114.5
ecu,1976,109.4
ecu,1977,104.4
ecu,1978,99.8
ecu,1979,95.4
ecu,1980,90.9
ecu,1981,86.5
ecu,1982,82.1
ecu,1983,77.7
ecu,1984,73.4
ecu,1985,69.4
ecu,1986,65.7
ecu,1987,62.4
ecu,1988,59.3
ecu,1989,56.5
ecu,1990,53.7
ecu,1991,51.1
ecu,1992,48.4
ecu,1993,45.8
ecu,1994,43.2
ecu,1995,40.5
ecu,1996,38.0
ecu,1997,35.6
ecu,1998,33.3
ecu,1999,31.3
ecu,2000,29.6
ecu,2001,28.0
ecu,2002,26.6
ecu,2003,25.5
ecu,2004,24.5
ecu,2005,23.6
ecu,2006,22.7
ecu,2007,21.8
ecu,2008,20.9
ecu,2009,20.0
ecu,2010,19.1
ecu,2011,18.2
ecu,2012,17.4
ecu,2013,16.6
ecu,2014,15.9
ecu,2015,15.3
ecu,2016,14.8
ecu,2017,14.4
ecu,2018,14.1
ecu,2019,13.8
ecu,2020,13.6
ecu,2021,13.4
ecu,2022,13.2
ecu,2023,13.0
egy,1955,374.0
egy,1956,364.1
egy,1957,354.3
egy,1958,344.4
egy,1959,334.7
egy,1960,324.4
egy,1961,314.0
egy,1962,303.4
egy,1963,293.2
egy,1964,283.9
egy,1965,275.6
egy,1966,268.4
egy,1967,262.5
egy,1968,257.7
egy,1969,253.7
egy,1970,250.0
egy,1971,246.1
egy,1972,241.5
egy,1973,235.7
egy,1974,228.2
egy,1975,219.4
egy,1976,209.7
egy,1977,199.7
egy,1978,189.5
egy,1979,179.7
egy,1980,169.8
egy,1981,160.0
egy,1982,149.9
egy,1983,139.8
egy,1984,129.5
egy,1985,119.6
egy,1986,110.7
egy,1987,102.9
egy,1988,96.3
egy,1989,90.7
egy,1990,86.0
egy,1991,81.7
egy,1992,77.5
egy,1993,73.3
egy,1994,69.0
egy,1995,64.8
egy,1996,60.7
egy,1997,56.9
egy,1998,53.4
egy,1999,50.2
egy,2000,47.3
egy,2001,44.8
egy,2002,42.5
egy,2003,40.4
egy,2004,38.6
egy,2005,37.0
egy,2006,35.6
egy,2007,34.2
egy,2008,32.8
egy,2009,31.6
egy,2010,30.5
egy,2011,29.5
egy,2012,28.6
egy,2013,27.8
egy,2014,27.1
egy,2015,26.5
egy,2016,26.0
egy,2017,25.6
egy,2018,25.2
egy,2019,24.8
egy,2020,24.4
egy,2021,24.0
egy,2022,23.5
egy,2023,22.9
eri,1969,218.7
eri,1970,216.9
eri,1971,214.9
eri,1972,213.0
eri,1973,210.8
eri,1974,220.5
eri,1975,254.6
eri,1976,210.3
eri,1977,206.0
eri,1978,201.9
eri,1979,198.6
eri,1980,195.4
eri,1981,192.5
eri,1982,189.4
eri,1983,284.0
eri,1984,279.4
eri,1985,274.2
eri,1986,175.4
eri,1987,170.9
eri,1988,165.7
eri,1989,160.0
eri,1990,153.4
eri,1991,146.3
eri,1992,138.6
eri,1993,130.5
eri,1994,122.4
eri,1995,114.5
eri,1996,107.3
eri,1997,100.8
eri,1998,95.0
eri,1999,110.2
eri,2000,85.3
eri,2001,81.1
eri,2002,77.3
eri,2003,73.8
eri,2004,70.5
eri,2005,67.5
eri,2006,64.7
eri,2007,62.0
eri,2008,59.6
eri,2009,57.3
eri,2010,55.2
eri,2011,53.3
eri,2012,51.4
eri,2013,49.7
eri,2014,48.1
eri,2015,46.4
eri,2016,44.7
eri,2017,43.3
eri,2018,41.9
eri,2019,40.5
eri,2020,39.1
eri,2021,37.8
eri,2022,36.6
eri,2023,35.4
esp,1858,284.4
esp,1859,310.6
esp,1860,282.7
esp,1861,273.2
esp,1862,284.4
esp,1863,309.0
esp,1864,325.3
esp,1865,326.9
esp,1866,300.8
esp,1867,305.7
esp,1868,344.7
esp,1869,318.8
esp,1870,330.1
esp,1878,318.8
esp,1879,310.6
esp,1880,309.0
esp,1881,307.3
esp,1882,312.3
esp,1883,331.8
esp,1884,302.4
esp,1885,312.3
esp,1886,284.4
esp,1887,323.6
esp,1888,299.1
esp,1900,331.8
esp,1901,300.8
esp,1902,292.6
esp,1903,263.5
esp,1904,281.1
esp,1905,261.9
esp,1906,282.7
esp,1907,256.7
esp,1908,288.3
esp,1909,286.4
esp,1910,299.2
esp,1911,321.7
esp,1912,261.1
esp,1913,277.1
esp,1914,267.3
esp,1915,269.7
esp,1916,255.2
esp,1917,267.5
esp,1918,345.0
esp,1919,271.7
esp,1920,314.2
esp,1921,290.0
esp,1922,257.6
esp,1923,253.2
esp,1924,234.3
esp,1925,227.2
esp,1926,217.8
esp,1927,204.2
esp,1928,214.7
esp,1929,201.9
esp,1930,215.7
esp,1931,207.2
esp,1932,190.3
esp,1933,182.5
esp,1934,177.0
esp,1935,172.1
esp,1936,169.0
esp,1937,199.5
esp,1938,183.3
esp,1939,192.5
esp,1940,207.8
esp,1941,205.5
esp,1942,163.5
esp,1943,155.6
esp,1944,136.1
esp,1945,126.8
esp,1946,122.2
esp,1947,107.6
esp,1948,98.8
esp,1949,116.6
esp,1950,103.4
esp,1951,92.3
esp,1952,83.5
esp,1953,76.8
esp,1954,71.8
esp,1955,68.0
esp,1956,65.0
esp,1957,62.4
esp,1958,59.8
esp,1959,57.3
esp,1960,54.7
esp,1961,52.0
esp,1962,49.4
esp,1963,46.9
esp,1964,44.5
esp,1965,42.3
esp,1966,40.3
esp,1967,38.2
esp,1968,36.1
esp,1969,33.9
esp,1970,31.6
esp,1971,29.3
esp,1972,27.2
esp,1973,25.2
esp,1974,23.4
esp,1975,21.7
esp,1976,20.2
esp,1977,18.7
esp,1978,17.3
esp,1979,16.1
esp,1980,14.9
esp,1981,13.8
esp,1982,13.0
esp,1983,12.2
esp,1984,11.7
esp,1985,11.1
esp,1986,10.7
esp,1987,10.3
esp,1988,9.9
esp,1989,9.5
esp,1990,9.2
esp,1991,8.8
esp,1992,8.3
esp,1993,7.9
esp,1994,7.4
esp,1995,6.9
esp,1996,6.5
esp,1997,6.1
esp,1998,5.8
esp,1999,5.6
esp,2000,5.4
esp,2001,5.3
esp,2002,5.1
esp,2003,5.0
esp,2004,4.9
esp,2005,4.7
esp,2006,4.5
esp,2007,4.4
esp,2008,4.2
esp,2009,4.0
esp,2010,3.8
esp,2011,3.7
esp,2012,3.6
esp,2013,3.5
esp,2014,3.4
esp,2015,3.3
esp,2016,3.3
esp,2017,3.2
esp,2018,3.2
esp,2019,3.2
esp,2020,3.2
esp,2021,3.2
esp,2022,3.2
esp,2023,3.2
est,1958,39.5
est,1959,37.2
est,1960,35.0
est,1961,33.0
est,1962,31.1
est,1963,29.3
est,1964,27.7
est,1965,26.3
est,1966,25.1
est,1967,24.1
est,1968,23.3
est,1969,22.6
est,1970,22.2
est,1971,21.9
est,1972,21.7
est,1973,21.6
est,1974,21.6
est,1975,21.7
est,1976,21.8
est,1977,21.9
est,1978,21.9
est,1979,21.8
est,1980,21.6
est,1981,21.2
est,1982,20.7
est,1983,20.2
est,1984,19.7
est,1985,19.2
est,1986,18.7
est,1987,18.4
est,1988,18.1
est,1989,17.9
est,1990,17.7
est,1991,17.5
est,1992,17.3
est,1993,16.9
est,1994,16.4
est,1995,15.7
est,1996,14.8
est,1997,13.9
est,1998,12.9
est,1999,12.0
est,2000,11.0
est,2001,10.1
est,2002,9.3
est,2003,8.5
est,2004,7.8
est,2005,7.1
est,2006,6.5
est,2007,5.9
est,2008,5.4
est,2009,5.0
est,2010,4.6
est,2011,4.2
est,2012,3.9
est,2013,3.6
est,2014,3.4
est,2015,3.2
est,2016,3.0
est,2017,2.8
est,2018,2.7
est,2019,2.5
est,2020,2.4
est,2021,2.3
est,2022,2.2
est,2023,2.1
eth,1966,251.4
eth,1967,250.8
eth,1968,250.3
eth,1969,250.1
eth,1970,249.6
eth,1971,249.3
eth,1972,289.0
eth,1973,287.6
eth,1974,286.1
eth,1975,284.8
eth,1976,247.0
eth,1977,246.4
eth,1978,245.7
eth,1979,244.0
eth,1980,241.9
eth,1981,239.2
eth,1982,235.8
eth,1983,323.3
eth,1984,317.3
eth,1985,306.0
eth,1986,299.5
eth,1987,215.1
eth,1988,210.9
eth,1989,206.5
eth,1990,202.0
eth,1991,197.0
eth,1992,191.5
eth,1993,185.5
eth,1994,178.9
eth,1995,172.3
eth,1996,165.6
eth,1997,159.0
eth,1998,152.5
eth,1999,146.3
eth,2000,140.1
eth,2001,133.8
eth,2002,127.4
eth,2003,121.0
eth,2004,114.6
eth,2005,108.3
eth,2006,102.4
eth,2007,96.9
eth,2008,91.8
eth,2009,87.1
eth,2010,82.7
eth,2011,78.6
eth,2012,74.8
eth,2013,71.2
eth,2014,67.7
eth,2015,64.4
eth,2016,61.3
eth,2017,58.4
eth,2018,55.8
eth,2019,53.6
eth,2020,51.5
eth,2021,70.4
eth,2022,68.1
eth,2023,51.5
fin,1866,354.4
fin,1867,362.5
fin,1868,636.6
fin,1869,225.9
fin,1870,218.5
fin,1871,225.9
fin,1872,281.1
fin,1873,299.1
fin,1874,294.2
fin,1875,277.8
fin,1876,265.2
fin,1877,261.9
fin,1878,311.1
fin,1879,240.9
fin,1880,288.1
fin,1881,319.2
fin,1882,298.7
fin,1883,263.0
fin,1884,264.8
fin,1885,288.1
fin,1886,287.7
fin,1887,225.9
fin,1888,231.8
fin,1889,234.5
fin,1890,238.4
fin,1891,269.4
fin,1892,293.8
fin,1893,241.4
fin,1894,228.8
fin,1895,202.5
fin,1896,216.0
fin,1897,199.6
fin,1898,208.0
fin,1899,241.0
fin,1900,269.6
fin,1901,256.3
fin,1902,214.8
fin,1903,212.3
fin,1904,201.3
fin,1905,216.2
fin,1906,205.0
fin,1907,194.6
fin,1908,207.3
fin,1909,185.0
fin,1910,191.2
fin,1911,182.9
fin,1912,173.5
fin,1913,175.2
fin,1914,166.8
fin,1915,167.9
fin,1916,176.7
fin,1917,191.8
fin,1918,214.5
fin,1919,225.0
fin,1920,180.4
fin,1921,140.2
fin,1922,145.4
fin,1923,144.8
fin,1924,157.3
fin,1925,121.7
fin,1926,120.1
fin,1927,139.5
fin,1928,122.2
fin,1929,138.6
fin,1930,106.4
fin,1931,102.7
fin,1932,100.1
fin,1933,106.6
fin,1934,107.7
fin,1935,94.3
fin,1936,93.8
fin,1937,95.5
fin,1938,93.4
fin,1939,99.5
fin,1940,114.5
fin,1941,91.2
fin,1942,75.7
fin,1943,79.0
fin,1944,103.5
fin,1945,98.7
fin,1946,75.7
fin,1947,75.5
fin,1948,64.3
fin,1949,47.6
fin,1950,45.2
fin,1951,43.0
fin,1952,41.0
fin,1953,39.1
fin,1954,37.3
fin,1955,35.6
fin,1956,33.9
fin,1957,32.2
fin,1958,30.4
fin,1959,28.6
fin,1960,26.8
fin,1961,25.2
fin,1962,23.8
fin,1963,22.5
fin,1964,21.3
fin,1965,20.2
fin,1966,19.2
fin,1967,18.4
fin,1968,17.6
fin,1969,16.8
fin,1970,16.1
fin,1971,15.4
fin,1972,14.6
fin,1973,13.9
fin,1974,13.1
fin,1975,12.3
fin,1976,11.4
fin,1977,10.6
fin,1978,9.9
fin,1979,9.2
fin,1980,8.7
fin,1981,8.2
fin,1982,7.9
fin,1983,7.6
fin,1984,7.4
fin,1985,7.3
fin,1986,7.3
fin,1987,7.2
fin,1988,7.1
fin,1989,6.9
fin,1990,6.7
fin,1991,6.4
fin,1992,6.1
fin,1993,5.8
fin,1994,5.5
fin,1995,5.2
fin,1996,4.9
fin,1997,4.7
fin,1998,4.6
fin,1999,4.4
fin,2000,4.3
fin,2001,4.2
fin,2002,4.1
fin,2003,4.0
fin,2004,3.9
fin,2005,3.7
fin,2006,3.6
fin,2007,3.5
fin,2008,3.3
fin,2009,3.2
fin,2010,3.0
fin,2011,2.9
fin,2012,2.8
fin,2013,2.6
fin,2014,2.6
fin,2015,2.5
fin,2016,2.4
fin,2017,2.4
fin,2018,2.4
fin,2019,2.4
fin,2020,2.4
fin,2021,2.4
fin,2022,2.4
fin,2023,2.4
fji,1940,145.0
fji,1941,143.9
fji,1942,142.9
fji,1943,141.7
fji,1944,140.5
fji,1945,139.1
fji,1946,137.4
fji,1947,135.4
fji,1948,133.2
fji,1949,130.3
fji,1950,126.7
fji,1951,122.4
fji,1952,117.6
fji,1953,112.4
fji,1954,107.2
fji,1955,101.8
fji,1956,96.7
fji,1957,91.9
fji,1958,87.4
fji,1959,83.2
fji,1960,79.2
fji,1961,75.5
fji,1962,72.1
fji,1963,68.9
fji,1964,66.0
fji,1965,63.4
fji,1966,61.2
fji,1967,59.4
fji,1968,58.1
fji,1969,57.2
fji,1970,56.6
fji,1971,56.3
fji,1972,56.0
fji,1973,55.6
fji,1974,54.9
fji,1975,53.9
fji,1976,52.5
fji,1977,50.8
fji,1978,48.8
fji,1979,46.7
fji,1980,44.5
fji,1981,42.3
fji,1982,40.3
fji,1983,38.4
fji,1984,36.7
fji,1985,35.1
fji,1986,33.7
fji,1987,32.4
fji,1988,31.2
fji,1989,30.0
fji,1990,28.8
fji,1991,27.8
fji,1992,26.7
fji,1993,25.9
fji,1994,25.1
fji,1995,24.4
fji,1996,23.8
fji,1997,23.4
fji,1998,23.0
fji,1999,22.8
fji,2000,22.6
fji,2001,22.6
fji,2002,22.7
fji,2003,22.8
fji,2004,23.1
fji,2005,23.3
fji,2006,23.5
fji,2007,23.5
fji,2008,23.2
fji,2009,22.8
fji,2010,22.2
fji,2011,21.6
fji,2012,21.0
fji,2013,20.7
fji,2014,20.6
fji,2015,20.9
fji,2016,21.6
fji,2017,22.7
fji,2018,24.2
fji,2019,25.7
fji,2020,27.2
fji,2021,28.3
fji,2022,28.9
fji,2023,29.2
fra,1816,273.2
fra,1817,283.5
fra,1818,293.7
fra,1819,312.2
fra,1820,284.8
fra,1821,287.3
fra,1822,309.4
fra,1823,289.2
fra,1824,305.6
fra,1825,305.7
fra,1826,303.7
fra,1827,284.5
fra,1828,312.8
fra,1829,284.3
fra,1830,282.9
fra,1831,283.5
fra,1832,298.0
fra,1833,286.5
fra,1834,338.0
fra,1835,277.3
fra,1836,259.1
fra,1837,274.1
fra,1838,286.5
fra,1839,268.0
fra,1840,260.7
fra,1841,262.5
fra,1842,270.1
fra,1843,268.9
fra,1844,251.9
fra,1845,236.9
fra,1846,271.6
fra,1847,258.1
fra,1848,264.8
fra,1849,301.1
fra,1850,238.1
fra,1851,262.1
fra,1852,265.1
fra,1853,244.4
fra,1854,298.0
fra,1855,278.7
fra,1856,268.6
fra,1857,285.5
fra,1858,282.5
fra,1859,347.3
fra,1860,243.3
fra,1861,291.1
fra,1862,258.3
fra,1863,275.2
fra,1864,264.9
fra,1865,283.3
fra,1866,253.3
fra,1867,263.5
fra,1868,288.4
fra,1869,273.6
fra,1870,300.3
fra,1871,343.9
fra,1872,254.9
fra,1873,267.0
fra,1874,241.7
fra,1875,245.7
fra,1876,240.4
fra,1877,237.0
fra,1878,249.5
fra,1879,235.4
fra,1880,257.0
fra,1881,244.1
fra,1882,248.4
fra,1883,247.9
fra,1884,260.0
fra,1885,240.2
fra,1886,250.0
fra,1887,242.6
fra,1888,241.8
fra,1889,229.5
fra,1890,250.6
fra,1891,235.5
fra,1892,250.2
fra,1893,249.0
fra,1894,226.3
fra,1895,228.2
fra,1896,203.2
fra,1897,207.0
fra,1898,228.5
fra,1899,234.2
fra,1900,224.0
fra,1901,206.6
fra,1902,196.6
fra,1903,194.4
fra,1904,201.7
fra,1905,190.6
fra,1906,200.0
fra,1907,184.0
fra,1908,181.6
fra,1909,167.5
fra,1910,160.1
fra,1911,204.3
fra,1912,157.0
fra,1913,163.0
fra,1914,155.1
fra,1915,165.9
fra,1916,164.2
fra,1917,181.0
fra,1918,221.6
fra,1919,177.8
fra,1920,167.8
fra,1921,155.2
fra,1922,119.1
fra,1923,134.0
fra,1924,118.9
fra,1925,127.5
fra,1926,134.2
fra,1927,118.0
fra,1928,126.6
fra,1929,130.2
fra,1930,109.4
fra,1931,104.7
fra,1932,106.2
fra,1933,100.4
fra,1934,97.7
fra,1935,91.8
fra,1936,92.4
fra,1937,89.8
fra,1938,89.5
fra,1939,85.7
fra,1940,115.3
fra,1941,94.1
fra,1942,96.6
fra,1943,101.1
fra,1944,105.0
fra,1945,136.3
fra,1946,97.3
fra,1947,82.7
fra,1948,65.1
fra,1949,61.1
fra,1950,57.1
fra,1951,53.3
fra,1952,49.7
fra,1953,46.3
fra,1954,43.1
fra,1955,40.1
fra,1956,37.4
fra,1957,34.8
fra,1958,32.4
fra,1959,30.3
fra,1960,28.5
fra,1961,27.0
fra,1962,25.7
fra,1963,24.5
fra,1964,23.4
fra,1965,22.4
fra,1966,21.4
fra,1967,20.6
fra,1968,19.9
fra,1969,19.1
fra,1970,18.2
fra,1971,17.4
fra,1972,16.6
fra,1973,16.0
fra,1974,15.4
fra,1975,14.9
fra,1976,14.4
fra,1977,13.9
fra,1978,13.4
fra,1979,12.8
fra,1980,12.4
fra,1981,11.9
fra,1982,11.5
fra,1983,11.1
fra,1984,10.7
fra,1985,10.4
fra,1986,10.1
fra,1987,9.8
fra,1988,9.6
fra,1989,9.3
fra,1990,9.0
fra,1991,8.6
fra,1992,8.1
fra,1993,7.5
fra,1994,7.0
fra,1995,6.5
fra,1996,6.1
fra,1997,5.8
fra,1998,5.7
fra,1999,5.5
fra,2000,5.4
fra,2001,5.2
fra,2002,5.1
fra,2003,4.9
fra,2004,4.8
fra,2005,4.6
fra,2006,4.5
fra,2007,4.4
fra,2008,4.4
fra,2009,4.3
fra,2010,4.2
fra,2011,4.2
fra,2012,4.1
fra,2013,4.1
fra,2014,4.1
fra,2015,4.2
fra,2016,4.2
fra,2017,4.2
fra,2018,4.2
fra,2019,4.2
fra,2020,4.2
fra,2021,4.3
fra,2022,4.3
fra,2023,4.3
fsm,1958,136.6
fsm,1959,130.7
fsm,1960,125.3
fsm,1961,120.0
fsm,1962,115.2
fsm,1963,110.4
fsm,1964,105.9
fsm,1965,101.5
fsm,1966,97.4
fsm,1967,93.4
fsm,1968,89.6
fsm,1969,85.9
fsm,1970,82.6
fsm,1971,79.5
fsm,1972,76.4
fsm,1973,73.6
fsm,1974,71.1
fsm,1975,68.9
fsm,1976,66.9
fsm,1977,65.0
fsm,1978,63.4
fsm,1979,62.0
fsm,1980,60.8
fsm,1981,59.9
fsm,1982,59.1
fsm,1983,58.3
fsm,1984,57.5
fsm,1985,56.4
fsm,1986,55.2
fsm,1987,53.8
fsm,1988,52.2
fsm,1989,50.7
fsm,1990,49.2
fsm,1991,48.1
fsm,1992,47.0
fsm,1993,46.1
fsm,1994,45.2
fsm,1995,44.3
fsm,1996,43.3
fsm,1997,42.1
fsm,1998,40.9
fsm,1999,39.8
fsm,2000,38.6
fsm,2001,37.7
fsm,2002,41.5
fsm,2003,36.4
fsm,2004,36.1
fsm,2005,35.9
fsm,2006,35.9
fsm,2007,35.6
fsm,2008,35.3
fsm,2009,34.8
fsm,2010,34.1
fsm,2011,33.4
fsm,2012,32.6
fsm,2013,31.6
fsm,2014,30.7
fsm,2015,29.8
fsm,2016,28.9
fsm,2017,28.1
fsm,2018,27.3
fsm,2019,26.4
fsm,2020,25.6
fsm,2021,24.7
fsm,2022,23.9
fsm,2023,23.1
gab,1944,358.0
gab,1945,347.3
gab,1946,337.0
gab,1947,327.3
gab,1948,317.9
gab,1949,308.6
gab,1950,299.6
gab,1951,290.8
gab,1952,282.2
gab,1953,273.5
gab,1954,265.1
gab,1955,257.1
gab,1956,248.9
gab,1957,240.9
gab,1958,233.3
gab,1959,225.8
gab,1960,218.8
gab,1961,211.6
gab,1962,204.7
gab,1963,198.0
gab,1964,191.5
gab,1965,185.2
gab,1966,179.2
gab,1967,173.4
gab,1968,167.7
gab,1969,162.2
gab,1970,156.9
gab,1971,151.8
gab,1972,146.7
gab,1973,141.9
gab,1974,137.0
gab,1975,132.5
gab,1976,128.0
gab,1977,123.7
gab,1978,119.5
gab,1979,115.3
gab,1980,111.5
gab,1981,107.7
gab,1982,104.0
gab,1983,100.6
gab,1984,97.5
gab,1985,94.7
gab,1986,92.0
gab,1987,89.6
gab,1988,87.6
gab,1989,85.9
gab,1990,84.3
gab,1991,82.9
gab,1992,81.8
gab,1993,80.8
gab,1994,79.9
gab,1995,79.2
gab,1996,78.3
gab,1997,77.4
gab,1998,76.3
gab,1999,74.9
gab,2000,73.3
gab,2001,71.5
gab,2002,69.6
gab,2003,67.7
gab,2004,65.6
gab,2005,63.6
gab,2006,61.8
gab,2007,59.7
gab,2008,57.6
gab,2009,55.6
gab,2010,53.4
gab,2011,51.3
gab,2012,49.4
gab,2013,47.3
gab,2014,45.8
gab,2015,44.4
gab,2016,42.7
gab,2017,41.4
gab,2018,39.9
gab,2019,38.5
gab,2020,36.8
gab,2021,35.8
gab,2022,34.7
gab,2023,33.8
gbr,1841,251.1
gbr,1842,261.6
gbr,1843,258.3
gbr,1844,259.0
gbr,1845,248.3
gbr,1846,281.4
gbr,1847,281.6
gbr,1848,278.5
gbr,1849,279.9
gbr,1850,247.4
gbr,1851,262.3
gbr,1852,267.2
gbr,1853,264.4
gbr,1854,281.9
gbr,1855,261.0
gbr,1856,247.3
gbr,1857,262.5
gbr,1858,280.7
gbr,1859,273.9
gbr,1860,244.3
gbr,1861,258.5
gbr,1862,253.7
gbr,1863,279.5
gbr,1864,271.8
gbr,1865,266.9
gbr,1866,268.9
gbr,1867,248.4
gbr,1868,262.9
gbr,1869,262.9
gbr,1870,268.4
gbr,1871,258.1
gbr,1872,243.6
gbr,1873,235.4
gbr,1874,252.8
gbr,1875,252.2
gbr,1876,238.6
gbr,1877,225.1
gbr,1878,251.6
gbr,1879,228.2
gbr,1880,251.1
gbr,1881,209.8
gbr,1882,232.6
gbr,1883,221.5
gbr,1884,233.2
gbr,1885,218.9
gbr,1886,230.6
gbr,1887,227.1
gbr,1888,212.9
gbr,1889,227.8
gbr,1890,232.0
gbr,1891,232.9
gbr,1892,227.6
gbr,1893,236.2
gbr,1894,207.3
gbr,1895,236.9
gbr,1896,225.2
gbr,1897,226.3
gbr,1898,231.2
gbr,1899,232.3
gbr,1900,225.5
gbr,1901,215.6
gbr,1902,199.4
gbr,1903,191.2
gbr,1904,208.6
gbr,1905,185.9
gbr,1906,190.1
gbr,1907,176.0
gbr,1908,175.7
gbr,1909,162.9
gbr,1910,155.9
gbr,1911,189.2
gbr,1912,145.8
gbr,1913,157.9
gbr,1914,155.5
gbr,1915,165.8
gbr,1916,133.7
gbr,1917,136.6
gbr,1918,171.1
gbr,1919,134.8
gbr,1920,133.6
gbr,1921,114.1
gbr,1922,120.1
gbr,1923,102.3
gbr,1924,114.3
gbr,1925,112.5
gbr,1926,103.2
gbr,1927,103.6
gbr,1928,98.1
gbr,1929,113.8
gbr,1930,89.4
gbr,1931,95.4
gbr,1932,92.8
gbr,1933,87.7
gbr,1934,86.5
gbr,1935,80.5
gbr,1936,83.3
gbr,1937,80.5
gbr,1938,73.5
gbr,1939,65.9
gbr,1940,77.2
gbr,1941,81.3
gbr,1942,68.0
gbr,1943,64.7
gbr,1944,59.5
gbr,1945,55.1
gbr,1946,53.6
gbr,1947,53.5
gbr,1948,40.2
gbr,1949,38.1
gbr,1950,36.6
gbr,1951,35.1
gbr,1952,33.6
gbr,1953,32.1
gbr,1954,30.8
gbr,1955,29.6
gbr,1956,28.7
gbr,1957,28.0
gbr,1958,27.4
gbr,1959,27.0
gbr,1960,26.6
gbr,1961,26.1
gbr,1962,25.6
gbr,1963,24.9
gbr,1964,24.2
gbr,1965,23.4
gbr,1966,22.8
gbr,1967,22.2
gbr,1968,21.8
gbr,1969,21.4
gbr,1970,21.0
gbr,1971,20.6
gbr,1972,20.0
gbr,1973,19.4
gbr,1974,18.7
gbr,1975,18.0
gbr,1976,17.2
gbr,1977,16.4
gbr,1978,15.7
gbr,1979,14.9
gbr,1980,14.1
gbr,1981,13.4
gbr,1982,12.7
gbr,1983,12.2
gbr,1984,11.7
gbr,1985,11.4
gbr,1986,11.1
gbr,1987,10.8
gbr,1988,10.4
gbr,1989,9.9
gbr,1990,9.3
gbr,1991,8.7
gbr,1992,8.2
gbr,1993,7.7
gbr,1994,7.4
gbr,1995,7.2
gbr,1996,7.0
gbr,1997,6.9
gbr,1998,6.8
gbr,1999,6.7
gbr,2000,6.5
gbr,2001,6.4
gbr,2002,6.3
gbr,2003,6.2
gbr,2004,6.1
gbr,2005,6.0
gbr,2006,5.9
gbr,2007,5.8
gbr,2008,5.6
gbr,2009,5.4
gbr,2010,5.2
gbr,2011,5.0
gbr,2012,4.8
gbr,2013,4.6
gbr,2014,4.5
gbr,2015,4.5
gbr,2016,4.4
gbr,2017,4.4
gbr,2018,4.4
gbr,2019,4.4
gbr,2020,4.4
gbr,2021,4.4
gbr,2022,4.5
gbr,2023,4.6
geo,1975,70.7
geo,1976,68.2
geo,1977,65.7
geo,1978,63.3
geo,1979,61.0
geo,1980,59.0
geo,1981,56.9
geo,1982,54.9
geo,1983,53.1
geo,1984,51.5
geo,1985,50.3
geo,1986,49.4
geo,1987,48.6
geo,1988,48.1
geo,1989,47.7
geo,1990,47.3
geo,1991,46.9
geo,1992,46.5
geo,1993,46.0
geo,1994,45.3
geo,1995,44.4
geo,1996,43.2
geo,1997,41.8
geo,1998,40.0
geo,1999,38.1
geo,2000,35.8
geo,2001,33.4
geo,2002,30.9
geo,2003,28.3
geo,2004,25.8
geo,2005,23.3
geo,2006,21.0
geo,2007,19.0
geo,2008,17.1
geo,2009,15.5
geo,2010,14.2
geo,2011,13.1
geo,2012,12.2
geo,2013,11.5
geo,2014,11.0
geo,2015,10.6
geo,2016,10.2
geo,2017,10.0
geo,2018,9.8
geo,2019,9.6
geo,2020,9.4
geo,2021,9.2
geo,2022,9.0
geo,2023,8.8
gha,1932,364.6
gha,1933,358.5
gha,1934,351.7
gha,1935,345.3
gha,1936,339.5
gha,1937,333.3
gha,1938,326.9
gha,1939,320.1
gha,1940,313.5
gha,1941,307.1
gha,1942,300.7
gha,1943,294.3
gha,1944,288.3
gha,1945,282.2
gha,1946,276.4
gha,1947,270.6
gha,1948,264.7
gha,1949,258.7
gha,1950,252.7
gha,1951,247.0
gha,1952,241.0
gha,1953,235.8
gha,1954,230.7
gha,1955,226.1
gha,1956,221.7
gha,1957,217.6
gha,1958,214.2
gha,1959,211.3
gha,1960,209.0
gha,1961,206.9
gha,1962,205.2
gha,1963,204.1
gha,1964,203.2
gha,1965,202.8
gha,1966,202.7
gha,1967,203.0
gha,1968,203.3
gha,1969,203.4
gha,1970,202.8
gha,1971,201.5
gha,1972,199.2
gha,1973,195.9
gha,1974,191.8
gha,1975,187.1
gha,1976,182.2
gha,1977,177.5
gha,1978,173.4
gha,1979,170.2
gha,1980,168.1
gha,1981,166.6
gha,1982,164.9
gha,1983,162.8
gha,1984,159.7
gha,1985,155.3
gha,1986,150.1
gha,1987,144.3
gha,1988,138.4
gha,1989,132.7
gha,1990,127.6
gha,1991,123.5
gha,1992,120.2
gha,1993,117.8
gha,1994,116.0
gha,1995,114.4
gha,1996,112.5
gha,1997,110.3
gha,1998,107.4
gha,1999,103.9
gha,2000,99.9
gha,2001,95.8
gha,2002,91.9
gha,2003,88.2
gha,2004,85.0
gha,2005,82.0
gha,2006,79.1
gha,2007,76.2
gha,2008,73.1
gha,2009,69.8
gha,2010,66.5
gha,2011,63.3
gha,2012,60.3
gha,2013,57.5
gha,2014,54.9
gha,2015,52.5
gha,2016,50.3
gha,2017,48.2
gha,2018,46.1
gha,2019,44.1
gha,2020,42.2
gha,2021,40.3
gha,2022,38.6
gha,2023,37.2
gin,1937,348.2
gin,1938,349.0
gin,1939,349.9
gin,1940,350.7
gin,1941,351.2
gin,1942,351.9
gin,1943,352.4
gin,1944,353.2
gin,1945,354.0
gin,1946,354.4
gin,1947,354.6
gin,1948,354.9
gin,1949,355.1
gin,1950,355.4
gin,1951,355.8
gin,1952,355.8
gin,1953,355.8
gin,1954,355.2
gin,1955,354.3
gin,1956,353.2
gin,1957,352.0
gin,1958,350.1
gin,1959,348.4
gin,1960,346.7
gin,1961,344.4
gin,1962,342.2
gin,1963,339.7
gin,1964,337.3
gin,1965,334.9
gin,1966,332.1
gin,1967,329.3
gin,1968,326.6
gin,1969,323.8
gin,1970,321.0
gin,1971,317.7
gin,1972,314.6
gin,1973,311.0
gin,1974,307.7
gin,1975,304.0
gin,1976,299.9
gin,1977,295.4
gin,1978,290.7
gin,1979,285.9
gin,1980,281.0
gin,1981,276.3
gin,1982,271.5
gin,1983,266.9
gin,1984,262.3
gin,1985,257.6
gin,1986,253.0
gin,1987,248.4
gin,1988,243.7
gin,1989,238.7
gin,1990,233.4
gin,1991,227.5
gin,1992,221.1
gin,1993,214.4
gin,1994,207.5
gin,1995,200.5
gin,1996,193.5
gin,1997,186.6
gin,1998,179.7
gin,1999,172.6
gin,2000,165.7
gin,2001,159.0
gin,2002,152.7
gin,2003,146.9
gin,2004,141.6
gin,2005,137.0
gin,2006,133.1
gin,2007,129.7
gin,2008,126.9
gin,2009,124.4
gin,2010,122.2
gin,2011,120.3
gin,2012,118.4
gin,2013,116.6
gin,2014,115.4
gin,2015,113.7
gin,2016,111.4
gin,2017,109.5
gin,2018,107.5
gin,2019,105.4
gin,2020,102.9
gin,2021,100.3
gin,2022,97.6
gin,2023,95.0
gmb,1956,389.8
gmb,1957,382.5
gmb,1958,374.8
gmb,1959,367.3
gmb,1960,360.1
gmb,1961,353.1
gmb,1962,346.4
gmb,1963,339.6
gmb,1964,333.1
gmb,1965,326.7
gmb,1966,320.4
gmb,1967,314.0
gmb,1968,307.9
gmb,1969,301.9
gmb,1970,295.6
gmb,1971,289.0
gmb,1972,282.5
gmb,1973,275.9
gmb,1974,269.2
gmb,1975,262.5
gmb,1976,255.8
gmb,1977,249.5
gmb,1978,243.0
gmb,1979,236.7
gmb,1980,230.3
gmb,1981,223.9
gmb,1982,217.2
gmb,1983,210.7
gmb,1984,204.1
gmb,1985,197.4
gmb,1986,190.7
gmb,1987,184.2
gmb,1988,178.1
gmb,1989,172.1
gmb,1990,166.2
gmb,1991,160.5
gmb,1992,154.9
gmb,1993,149.3
gmb,1994,143.7
gmb,1995,138.2
gmb,1996,132.9
gmb,1997,127.6
gmb,1998,122.6
gmb,1999,117.7
gmb,2000,112.8
gmb,2001,108.1
gmb,2002,103.6
gmb,2003,99.2
gmb,2004,94.9
gmb,2005,90.7
gmb,2006,86.8
gmb,2007,83.0
gmb,2008,79.4
gmb,2009,76.0
gmb,2010,72.7
gmb,2011,69.7
gmb,2012,66.8
gmb,2013,64.0
gmb,2014,61.4
gmb,2015,58.9
gmb,2016,56.6
gmb,2017,54.3
gmb,2018,52.3
gmb,2019,50.4
gmb,2020,48.6
gmb,2021,47.0
gmb,2022,45.3
gmb,2023,43.8
gnb,1950,286.1
gnb,1951,286.2
gnb,1952,286.4
gnb,1953,286.6
gnb,1954,286.9
gnb,1955,287.2
gnb,1956,287.1
gnb,1957,287.1
gnb,1958,286.9
gnb,1959,286.7
gnb,1960,286.5
gnb,1961,286.1
gnb,1962,285.5
gnb,1963,284.8
gnb,1964,283.5
gnb,1965,282.7
gnb,1966,281.9
gnb,1967,281.0
gnb,1968,279.7
gnb,1969,278.4
gnb,1970,276.8
gnb,1971,275.1
gnb,1972,273.2
gnb,1973,271.5
gnb,1974,269.6
gnb,1975,267.6
gnb,1976,265.6
gnb,1977,263.5
gnb,1978,261.3
gnb,1979,258.6
gnb,1980,255.8
gnb,1981,253.1
gnb,1982,250.4
gnb,1983,247.5
gnb,1984,244.6
gnb,1985,245.9
gnb,1986,241.2
gnb,1987,236.7
gnb,1988,232.4
gnb,1989,228.0
gnb,1990,223.7
gnb,1991,219.0
gnb,1992,214.5
gnb,1993,209.9
gnb,1994,205.0
gnb,1995,200.1
gnb,1996,195.0
gnb,1997,190.0
gnb,1998,185.0
gnb,1999,179.9
gnb,2000,174.8
gnb,2001,169.3
gnb,2002,163.6
gnb,2003,157.7
gnb,2004,151.6
gnb,2005,145.3
gnb,2006,139.1
gnb,2007,132.8
gnb,2008,126.5
gnb,2009,120.2
gnb,2010,114.3
gnb,2011,108.6
gnb,2012,103.6
gnb,2013,99.1
gnb,2014,95.2
gnb,2015,91.6
gnb,2016,88.2
gnb,2017,85.1
gnb,2018,82.2
gnb,2019,79.5
gnb,2020,76.7
gnb,2021,74.3
gnb,2022,72.0
gnb,2023,69.7
gnq,1982,198.6
gnq,1983,194.5
gnq,1984,190.4
gnq,1985,186.8
gnq,1986,183.9
gnq,1987,181.5
gnq,1988,179.8
gnq,1989,178.1
gnq,1990,176.7
gnq,1991,175.4
gnq,1992,173.9
gnq,1993,172.7
gnq,1994,171.3
gnq,1995,169.8
gnq,1996,167.8
gnq,1997,165.3
gnq,1998,162.2
gnq,1999,158.6
gnq,2000,154.5
gnq,2001,150.2
gnq,2002,145.9
gnq,2003,141.5
gnq,2004,137.0
gnq,2005,132.3
gnq,2006,127.4
gnq,2007,122.6
gnq,2008,118.0
gnq,2009,113.5
gnq,2010,109.4
gnq,2011,105.6
gnq,2012,102.0
gnq,2013,98.6
gnq,2014,95.3
gnq,2015,92.1
gnq,2016,89.0
gnq,2017,86.1
gnq,2018,83.2
gnq,2019,80.7
gnq,2020,77.9
gnq,2021,75.1
gnq,2022,72.8
gnq,2023,70.4
grc,1921,93.6
grc,1922,117.2
grc,1923,134.8
grc,1924,145.6
grc,1925,131.2
grc,1926,105.2
grc,1927,149.3
grc,1928,138.4
grc,1929,169.7
grc,1930,147.4
grc,1931,212.8
grc,1932,192.2
grc,1933,192.2
grc,1934,171.6
grc,1935,173.4
grc,1936,175.3
grc,1937,190.3
grc,1938,147.4
grc,1939,182.8
grc,1940,145.6
grc,1949,54.0
grc,1950,44.1
grc,1951,57.7
grc,1952,56.0
grc,1953,54.3
grc,1954,52.7
grc,1955,51.4
grc,1956,50.3
grc,1957,49.2
grc,1958,48.2
grc,1959,47.2
grc,1960,46.2
grc,1961,45.1
grc,1962,43.9
grc,1963,42.5
grc,1964,41.1
grc,1965,39.8
grc,1966,38.6
grc,1967,37.1
grc,1968,35.3
grc,1969,33.3
grc,1970,31.4
grc,1971,29.6
grc,1972,28.4
grc,1973,27.6
grc,1974,27.0
grc,1975,26.1
grc,1976,25.0
grc,1977,23.8
grc,1978,22.4
grc,1979,20.9
grc,1980,19.6
grc,1981,18.3
grc,1982,17.2
grc,1983,16.2
grc,1984,15.4
grc,1985,14.5
grc,1986,13.6
grc,1987,12.7
grc,1988,11.9
grc,1989,11.1
grc,1990,10.5
grc,1991,9.9
grc,1992,9.5
grc,1993,9.1
grc,1994,8.8
grc,1995,8.5
grc,1996,8.1
grc,1997,7.7
grc,1998,7.3
grc,1999,6.9
grc,2000,6.4
grc,2001,6.0
grc,2002,5.6
grc,2003,5.2
grc,2004,4.9
grc,2005,4.6
grc,2006,4.3
grc,2007,4.1
grc,2008,4.0
grc,2009,4.0
grc,2010,3.9
grc,2011,4.0
grc,2012,4.0
grc,2013,4.1
grc,2014,4.2
grc,2015,4.3
grc,2016,4.3
grc,2017,4.3
grc,2018,4.2
grc,2019,4.1
grc,2020,4.1
grc,2021,4.0
grc,2022,4.0
grc,2023,3.9
grd,1949,154.8
grd,1950,149.4
grd,1951,144.0
grd,1952,138.6
grd,1953,133.3
grd,1954,128.2
grd,1955,123.2
grd,1956,118.1
grd,1957,112.9
grd,1958,107.4
grd,1959,101.4
grd,1960,95.0
grd,1961,88.3
grd,1962,81.6
grd,1963,75.0
grd,1964,69.1
grd,1965,63.9
grd,1966,59.5
grd,1967,55.9
grd,1968,53.0
grd,1969,50.6
grd,1970,48.7
grd,1971,47.2
grd,1972,45.9
grd,1973,44.7
grd,1974,43.6
grd,1975,42.6
grd,1976,41.5
grd,1977,40.4
grd,1978,39.1
grd,1979,37.7
grd,1980,36.2
grd,1981,34.7
grd,1982,33.1
grd,1983,31.5
grd,1984,30.0
grd,1985,28.5
grd,1986,27.1
grd,1987,25.8
grd,1988,24.6
grd,1989,23.5
grd,1990,22.4
grd,1991,21.3
grd,1992,20.4
grd,1993,19.5
grd,1994,18.7
grd,1995,17.9
grd,1996,17.3
grd,1997,16.7
grd,1998,16.2
grd,1999,15.8
grd,2000,15.5
grd,2001,15.3
grd,2002,15.1
grd,2003,14.9
grd,2004,14.8
grd,2005,14.8
grd,2006,14.9
grd,2007,14.9
grd,2008,15.1
grd,2009,15.4
grd,2010,15.7
grd,2011,16.0
grd,2012,16.4
grd,2013,16.8
grd,2014,17.2
grd,2015,17.5
grd,2016,17.8
grd,2017,18.1
grd,2018,18.3
grd,2019,18.5
grd,2020,18.6
grd,2021,18.7
grd,2022,18.5
grd,2023,18.3
gtm,1957,237.6
gtm,1958,231.6
gtm,1959,225.9
gtm,1960,220.5
gtm,1961,215.3
gtm,1962,210.4
gtm,1963,205.4
gtm,1964,200.3
gtm,1965,195.4
gtm,1966,190.5
gtm,1967,185.5
gtm,1968,180.5
gtm,1969,175.5
gtm,1970,170.5
gtm,1971,165.4
gtm,1972,160.3
gtm,1973,155.2
gtm,1974,150.3
gtm,1975,145.3
gtm,1976,165.4
gtm,1977,135.7
gtm,1978,131.0
gtm,1979,126.3
gtm,1980,121.7
gtm,1981,117.2
gtm,1982,136.1
gtm,1983,108.3
gtm,1984,103.9
gtm,1985,99.7
gtm,1986,95.5
gtm,1987,91.4
gtm,1988,87.5
gtm,1989,83.7
gtm,1990,80.0
gtm,1991,76.4
gtm,1992,73.1
gtm,1993,69.9
gtm,1994,66.8
gtm,1995,63.9
gtm,1996,61.2
gtm,1997,58.7
gtm,1998,56.3
gtm,1999,54.0
gtm,2000,51.8
gtm,2001,49.7
gtm,2002,47.7
gtm,2003,45.9
gtm,2004,44.1
gtm,2005,42.4
gtm,2006,40.7
gtm,2007,39.1
gtm,2008,37.5
gtm,2009,36.0
gtm,2010,34.5
gtm,2011,33.1
gtm,2012,31.8
gtm,2013,30.4
gtm,2014,29.2
gtm,2015,28.1
gtm,2016,27.0
gtm,2017,26.1
gtm,2018,25.1
gtm,2019,24.3
gtm,2020,23.5
gtm,2021,22.7
gtm,2022,21.9
gtm,2023,21.2
guy,1903,333.4
guy,1904,326.9
guy,1905,304.1
guy,1906,326.9
guy,1907,415.7
guy,1908,322.0
guy,1909,339.9
guy,1910,381.9
guy,1911,372.2
guy,1912,309.0
guy,1913,291.0
guy,1914,276.2
guy,1915,299.1
guy,1916,309.0
guy,1917,323.6
guy,1918,362.5
guy,1919,300.8
guy,1920,238.8
guy,1921,317.1
guy,1922,302.4
guy,1923,287.7
guy,1924,268.5
guy,1925,251.5
guy,1926,258.5
guy,1927,256.7
guy,1928,300.8
guy,1929,235.2
guy,1930,235.2
guy,1931,222.2
guy,1932,222.2
guy,1933,249.7
guy,1934,273.2
guy,1935,190.3
guy,1936,186.6
guy,1937,188.4
guy,1938,270.0
guy,1939,186.6
guy,1940,156.6
guy,1941,120.6
guy,1942,143.8
guy,1943,225.9
guy,1944,216.6
guy,1945,151.1
guy,1946,125.9
guy,1947,122.4
guy,1948,121.6
guy,1949,162.7
guy,1950,155.3
guy,1951,148.1
guy,1952,141.0
guy,1953,134.0
guy,1954,127.1
guy,1955,120.4
guy,1956,114.0
guy,1957,107.9
guy,1958,102.2
guy,1959,97.1
guy,1960,92.5
guy,1961,88.5
guy,1962,85.2
guy,1963,82.4
guy,1964,80.1
guy,1965,78.3
guy,1966,76.9
guy,1967,75.8
guy,1968,75.0
guy,1969,74.4
guy,1970,74.0
guy,1971,73.8
guy,1972,73.6
guy,1973,73.5
guy,1974,73.3
guy,1975,73.1
guy,1976,72.7
guy,1977,72.3
guy,1978,71.9
guy,1979,71.4
guy,1980,70.8
guy,1981,70.3
guy,1982,69.6
guy,1983,69.0
guy,1984,68.3
guy,1985,67.5
guy,1986,66.6
guy,1987,65.5
guy,1988,64.3
guy,1989,62.9
guy,1990,61.4
guy,1991,59.8
guy,1992,58.1
guy,1993,56.5
guy,1994,54.9
guy,1995,53.4
guy,1996,51.9
guy,1997,50.6
guy,1998,49.2
guy,1999,48.0
guy,2000,46.7
guy,2001,45.6
guy,2002,44.5
guy,2003,43.4
guy,2004,42.5
guy,2005,41.6
guy,2006,40.7
guy,2007,39.9
guy,2008,39.1
guy,2009,38.3
guy,2010,37.6
guy,2011,36.8
guy,2012,36.0
guy,2013,35.2
guy,2014,34.3
guy,2015,33.3
guy,2016,32.4
guy,2017,31.4
guy,2018,30.5
guy,2019,29.6
guy,2020,28.6
guy,2021,27.8
guy,2022,26.9
guy,2023,26.0
hnd,1956,235.8
hnd,1957,228.2
hnd,1958,220.7
hnd,1959,213.4
hnd,1960,206.4
hnd,1961,199.8
hnd,1962,193.4
hnd,1963,187.2
hnd,1964,181.0
hnd,1965,175.0
hnd,1966,169.0
hnd,1967,163.0
hnd,1968,157.2
hnd,1969,151.5
hnd,1970,145.9
hnd,1971,140.4
hnd,1972,134.9
hnd,1973,129.5
hnd,1974,149.9
hnd,1975,119.1
hnd,1976,114.1
hnd,1977,109.1
hnd,1978,104.3
hnd,1979,99.6
hnd,1980,95.1
hnd,1981,90.7
hnd,1982,86.4
hnd,1983,82.2
hnd,1984,78.3
hnd,1985,74.5
hnd,1986,70.9
hnd,1987,67.5
hnd,1988,64.3
hnd,1989,61.2
hnd,1990,58.3
hnd,1991,55.6
hnd,1992,53.1
hnd,1993,50.7
hnd,1994,48.5
hnd,1995,46.4
hnd,1996,44.5
hnd,1997,42.6
hnd,1998,65.5
hnd,1999,39.0
hnd,2000,37.3
hnd,2001,35.6
hnd,2002,34.0
hnd,2003,32.5
hnd,2004,31.1
hnd,2005,29.8
hnd,2006,28.6
hnd,2007,27.4
hnd,2008,26.4
hnd,2009,25.4
hnd,2010,24.4
hnd,2011,23.5
hnd,2012,22.7
hnd,2013,21.9
hnd,2014,21.1
hnd,2015,20.3
hnd,2016,19.6
hnd,2017,18.9
hnd,2018,18.2
hnd,2019,17.7
hnd,2020,17.1
hnd,2021,16.5
hnd,2022,16.0
hnd,2023,15.5
hrv,1960,96.9
hrv,1970,42.7
hrv,1980,25.3
hrv,1981,21.9
hrv,1982,21.0
hrv,1983,20.0
hrv,1984,19.1
hrv,1985,18.0
hrv,1986,17.0
hrv,1987,15.8
hrv,1988,14.8
hrv,1989,13.8
hrv,1990,12.9
hrv,1991,14.3
hrv,1992,11.5
hrv,1993,10.9
hrv,1994,10.4
hrv,1995,10.0
hrv,1996,9.6
hrv,1997,9.3
hrv,1998,9.0
hrv,1999,8.6
hrv,2000,8.3
hrv,2001,8.0
hrv,2002,7.7
hrv,2003,8.2
hrv,2004,7.1
hrv,2005,6.7
hrv,2006,6.4
hrv,2007,6.2
hrv,2008,5.9
hrv,2009,5.7
hrv,2010,5.5
hrv,2011,5.3
hrv,2012,5.2
hrv,2013,5.1
hrv,2014,5.0
hrv,2015,4.9
hrv,2016,4.9
hrv,2017,4.8
hrv,2018,4.8
hrv,2019,4.7
hrv,2020,4.7
hrv,2021,4.6
hrv,2022,4.6
hrv,2023,5.1
hti,1956,314.9
hti,1957,309.2
hti,1958,304.1
hti,1959,298.9
hti,1960,293.8
hti,1961,289.1
hti,1962,284.3
hti,1963,279.9
hti,1964,275.3
hti,1965,270.7
hti,1966,265.9
hti,1967,260.9
hti,1968,256.0
hti,1969,250.8
hti,1970,245.6
hti,1971,240.3
hti,1972,234.9
hti,1973,229.2
hti,1974,223.3
hti,1975,217.6
hti,1976,211.8
hti,1977,206.3
hti,1978,201.0
hti,1979,195.6
hti,1980,190.5
hti,1981,185.5
hti,1982,180.5
hti,1983,175.5
hti,1984,170.7
hti,1985,166.0
hti,1986,161.5
hti,1987,157.1
hti,1988,152.9
hti,1989,148.7
hti,1990,144.5
hti,1991,140.3
hti,1992,136.2
hti,1993,131.9
hti,1994,127.7
hti,1995,123.3
hti,1996,119.0
hti,1997,114.7
hti,1998,110.6
hti,1999,106.6
hti,2000,102.9
hti,2001,99.4
hti,2002,96.2
hti,2003,93.3
hti,2004,90.7
hti,2005,88.4
hti,2006,86.2
hti,2007,84.1
hti,2008,82.2
hti,2009,80.2
hti,2010,137.7
hti,2011,76.5
hti,2012,74.6
hti,2013,72.8
hti,2014,70.9
hti,2015,69.1
hti,2016,67.2
hti,2017,65.3
hti,2018,63.4
hti,2019,61.5
hti,2020,59.8
hti,2021,58.1
hti,2022,56.2
hti,2023,54.4
hun,1852,372.2
hun,1853,427.1
hun,1854,428.7
hun,1855,435.2
hun,1856,398.0
hun,1857,414.1
hun,1858,399.7
hun,1859,404.5
hun,1864,415.7
hun,1865,364.1
hun,1891,420.6
hun,1892,446.6
hun,1893,390.0
hun,1894,401.3
hun,1895,393.2
hun,1896,367.3
hun,1897,362.5
hun,1898,367.3
hun,1899,339.9
hun,1900,362.5
hun,1901,336.6
hun,1902,356.0
hun,1903,331.8
hun,1904,320.4
hun,1905,377.0
hun,1906,336.6
hun,1907,344.7
hun,1908,326.9
hun,1909,348.0
hun,1910,317.1
hun,1911,338.3
hun,1912,464.5
hun,1913,326.9
hun,1914,320.4
hun,1915,428.7
hun,1916,356.0
hun,1917,351.2
hun,1918,352.8
hun,1919,266.8
hun,1920,318.8
hun,1921,313.9
hun,1922,322.0
hun,1923,299.1
hun,1924,313.9
hun,1925,273.2
hun,1926,271.6
hun,1927,300.8
hun,1928,287.7
hun,1929,291.0
hun,1930,247.9
hun,1931,263.5
hun,1932,299.1
hun,1933,216.6
hun,1934,238.8
hun,1935,246.1
hun,1936,222.2
hun,1937,211.0
hun,1938,207.2
hun,1939,188.4
hun,1940,205.3
hun,1941,179.1
hun,1942,211.0
hun,1943,179.1
hun,1945,274.7
hun,1946,180.9
hun,1947,154.8
hun,1948,138.4
hun,1949,110.9
hun,1950,100.2
hun,1951,90.7
hun,1952,82.5
hun,1953,75.6
hun,1954,70.6
hun,1955,67.5
hun,1956,65.6
hun,1957,63.4
hun,1958,60.4
hun,1959,57.1
hun,1960,54.1
hun,1961,51.6
hun,1962,49.4
hun,1963,47.5
hun,1964,45.9
hun,1965,44.5
hun,1966,43.2
hun,1967,42.0
hun,1968,40.8
hun,1969,39.8
hun,1970,38.9
hun,1971,38.3
hun,1972,38.2
hun,1973,38.3
hun,1974,37.7
hun,1975,35.5
hun,1976,32.3
hun,1977,29.3
hun,1978,27.0
hun,1979,25.2
hun,1980,23.7
hun,1981,22.6
hun,1982,22.0
hun,1983,21.9
hun,1984,21.9
hun,1985,21.5
hun,1986,20.7
hun,1987,19.7
hun,1988,18.7
hun,1989,17.8
hun,1990,17.2
hun,1991,16.5
hun,1992,15.7
hun,1993,14.5
hun,1994,13.4
hun,1995,12.5
hun,1996,11.9
hun,1997,11.5
hun,1998,11.1
hun,1999,10.6
hun,2000,10.1
hun,2001,9.5
hun,2002,9.0
hun,2003,8.4
hun,2004,8.0
hun,2005,7.5
hun,2006,7.2
hun,2007,6.8
hun,2008,6.5
hun,2009,6.2
hun,2010,6.0
hun,2011,5.9
hun,2012,5.7
hun,2013,5.6
hun,2014,5.3
hun,2015,5.1
hun,2016,4.7
hun,2017,4.5
hun,2018,4.3
hun,2019,4.1
hun,2020,4.0
hun,2021,4.0
hun,2022,3.9
hun,2023,3.8
idn,1951,293.3
idn,1952,284.7
idn,1953,276.4
idn,1954,268.2
idn,1955,260.2
idn,1956,252.4
idn,1957,244.9
idn,1958,237.8
idn,1959,231.1
idn,1960,224.5
idn,1961,218.2
idn,1962,212.3
idn,1963,206.4
idn,1964,200.7
idn,1965,229.9
idn,1966,189.1
idn,1967,183.3
idn,1968,177.5
idn,1969,171.8
idn,1970,166.3
idn,1971,160.9
idn,1972,155.6
idn,1973,150.5
idn,1974,145.6
idn,1975,140.9
idn,1976,136.4
idn,1977,132.2
idn,1978,128.1
idn,1979,124.2
idn,1980,120.4
idn,1981,116.6
idn,1982,112.8
idn,1983,109.1
idn,1984,105.4
idn,1985,101.8
idn,1986,98.1
idn,1987,94.4
idn,1988,90.7
idn,1989,86.9
idn,1990,83.2
idn,1991,79.4
idn,1992,75.8
idn,1993,72.2
idn,1994,68.8
idn,1995,65.5
idn,1996,62.4
idn,1997,59.4
idn,1998,56.6
idn,1999,53.9
idn,2000,51.4
idn,2001,49.0
idn,2002,46.7
idn,2003,44.6
idn,2004,48.6
idn,2005,40.7
idn,2006,38.9
idn,2007,37.2
idn,2008,35.6
idn,2009,34.1
idn,2010,32.6
idn,2011,31.2
idn,2012,29.9
idn,2013,28.6
idn,2014,27.3
idn,2015,26.1
idn,2016,25.0
idn,2017,23.8
idn,2018,22.8
idn,2019,21.8
idn,2020,20.8
idn,2021,19.9
idn,2022,19.1
idn,2023,18.4
ind,1911,333.4
ind,1912,338.3
ind,1913,317.1
ind,1914,344.7
ind,1915,328.5
ind,1916,328.5
ind,1917,333.4
ind,1918,433.6
ind,1919,364.1
ind,1920,317.1
ind,1921,322.0
ind,1922,284.4
ind,1923,286.0
ind,1924,307.3
ind,1925,282.7
ind,1926,307.3
ind,1927,271.6
ind,1928,281.1
ind,1929,289.3
ind,1930,294.2
ind,1931,291.0
ind,1932,274.7
ind,1933,277.8
ind,1934,304.1
ind,1935,266.8
ind,1936,263.5
ind,1937,263.5
ind,1938,271.6
ind,1939,253.2
ind,1940,260.2
ind,1941,256.7
ind,1942,265.2
ind,1943,268.5
ind,1944,274.7
ind,1945,244.3
ind,1950,266.8
ind,1953,268.2
ind,1954,264.2
ind,1955,260.0
ind,1956,256.0
ind,1957,252.2
ind,1958,248.4
ind,1959,244.8
ind,1960,241.3
ind,1961,238.1
ind,1962,235.0
ind,1963,232.2
ind,1964,229.6
ind,1965,227.0
ind,1966,224.5
ind,1967,222.1
ind,1968,219.7
ind,1969,217.1
ind,1970,214.4
ind,1971,211.4
ind,1972,208.2
ind,1973,204.5
ind,1974,200.6
ind,1975,196.1
ind,1976,191.3
ind,1977,186.1
ind,1978,180.7
ind,1979,175.2
ind,1980,169.8
ind,1981,164.6
ind,1982,159.8
ind,1983,155.2
ind,1984,151.0
ind,1985,146.8
ind,1986,142.8
ind,1987,138.8
ind,1988,134.8
ind,1989,130.9
ind,1990,127.0
ind,1991,123.4
ind,1992,119.9
ind,1993,116.5
ind,1994,113.1
ind,1995,109.7
ind,1996,106.2
ind,1997,102.7
ind,1998,99.1
ind,1999,95.4
ind,2000,91.8
ind,2001,88.1
ind,2002,84.6
ind,2003,81.1
ind,2004,77.7
ind,2005,74.3
ind,2006,71.0
ind,2007,67.8
ind,2008,64.5
ind,2009,61.2
ind,2010,58.1
ind,2011,55.0
ind,2012,52.0
ind,2013,49.1
ind,2014,46.4
ind,2015,43.7
ind,2016,41.3
ind,2017,39.0
ind,2018,36.9
ind,2019,34.9
ind,2020,33.0
ind,2021,31.2
ind,2022,29.5
ind,2023,28.0
irl,1864,145.6
irl,1865,145.6
irl,1866,138.4
irl,1867,143.8
irl,1868,140.2
irl,1869,136.6
irl,1870,140.2
irl,1871,133.0
irl,1872,143.8
irl,1873,142.0
irl,1874,138.4
irl,1875,140.2
irl,1876,138.4
irl,1877,134.8
irl,1878,143.8
irl,1879,151.1
irl,1880,171.6
irl,1881,133.0
irl,1882,140.2
irl,1883,145.6
irl,1884,134.8
irl,1885,140.2
irl,1886,138.4
irl,1887,140.2
irl,1888,143.8
irl,1889,138.4
irl,1890,140.2
irl,1891,140.2
irl,1892,158.5
irl,1893,153.0
irl,1894,153.0
irl,1895,156.6
irl,1896,140.2
irl,1897,165.9
irl,1898,167.8
irl,1899,164.1
irl,1900,165.9
irl,1901,151.1
irl,1902,149.3
irl,1903,142.0
irl,1904,149.3
irl,1905,140.2
irl,1906,136.6
irl,1907,134.8
irl,1908,143.8
irl,1909,134.8
irl,1910,140.2
irl,1911,138.4
irl,1912,124.1
irl,1913,143.8
irl,1914,125.9
irl,1915,134.8
irl,1916,118.9
irl,1917,127.7
irl,1918,124.1
irl,1919,127.7
irl,1920,118.9
irl,1922,95.2
irl,1923,90.4
irl,1924,100.2
irl,1925,93.6
irl,1926,103.5
irl,1927,98.5
irl,1928,93.6
irl,1929,96.9
irl,1930,93.6
irl,1931,95.2
irl,1932,100.2
irl,1933,88.8
irl,1934,85.7
irl,1935,93.6
irl,1936,103.5
irl,1937,101.8
irl,1938,92.0
irl,1939,90.4
irl,1940,90.4
irl,1941,103.5
irl,1942,95.2
irl,1943,118.9
irl,1944,112.0
irl,1945,98.5
irl,1946,88.8
irl,1947,93.6
irl,1948,59.3
irl,1949,56.4
irl,1950,54.2
irl,1951,52.0
irl,1952,49.6
irl,1953,47.2
irl,1954,44.9
irl,1955,42.9
irl,1956,41.2
irl,1957,39.8
irl,1958,38.3
irl,1959,36.8
irl,1960,35.2
irl,1961,33.8
irl,1962,32.5
irl,1963,31.3
irl,1964,30.1
irl,1965,28.7
irl,1966,27.1
irl,1967,25.5
irl,1968,24.1
irl,1969,23.0
irl,1970,22.2
irl,1971,21.7
irl,1972,21.4
irl,1973,21.1
irl,1974,20.6
irl,1975,20.0
irl,1976,19.1
irl,1977,18.1
irl,1978,16.9
irl,1979,15.6
irl,1980,14.3
irl,1981,13.2
irl,1982,12.4
irl,1983,11.7
irl,1984,11.1
irl,1985,10.7
irl,1986,10.4
irl,1987,10.2
irl,1988,9.9
irl,1989,9.6
irl,1990,9.2
irl,1991,8.7
irl,1992,8.1
irl,1993,7.7
irl,1994,7.4
irl,1995,7.3
irl,1996,7.3
irl,1997,7.3
irl,1998,7.3
irl,1999,7.3
irl,2000,7.2
irl,2001,6.9
irl,2002,6.5
irl,2003,6.1
irl,2004,5.6
irl,2005,5.2
irl,2006,4.8
irl,2007,4.6
irl,2008,4.4
irl,2009,4.3
irl,2010,4.2
irl,2011,4.1
irl,2012,4.0
irl,2013,3.9
irl,2014,3.8
irl,2015,3.7
irl,2016,3.6
irl,2017,3.5
irl,2018,3.4
irl,2019,3.4
irl,2020,3.5
irl,2021,3.6
irl,2022,3.7
irl,2023,3.8
irn,1958,339.0
irn,1967,287.9
irn,1968,266.1
irn,1969,245.9
irn,1970,227.3
irn,1971,189.2
irn,1972,180.2
irn,1973,171.7
irn,1974,163.0
irn,1975,154.3
irn,1976,145.4
irn,1977,136.3
irn,1978,127.0
irn,1979,117.9
irn,1980,109.2
irn,1981,101.0
irn,1982,93.8
irn,1983,87.3
irn,1984,81.8
irn,1985,76.9
irn,1986,72.5
irn,1987,68.4
irn,1988,64.6
irn,1989,61.1
irn,1990,58.0
irn,1991,55.1
irn,1992,52.5
irn,1993,50.3
irn,1994,48.2
irn,1995,46.2
irn,1996,44.3
irn,1997,42.4
irn,1998,40.4
irn,1999,38.4
irn,2000,36.4
irn,2001,34.3
irn,2002,32.3
irn,2003,30.3
irn,2004,28.3
irn,2005,26.5
irn,2006,24.7
irn,2007,23.1
irn,2008,21.7
irn,2009,20.4
irn,2010,19.3
irn,2011,18.3
irn,2012,17.5
irn,2013,16.8
irn,2014,16.1
irn,2015,15.5
irn,2016,14.9
irn,2017,14.4
irn,2018,13.9
irn,2019,13.4
irn,2020,13.0
irn,2021,12.6
irn,2022,12.1
irn,2023,11.7
irq,1942,568.6
irq,1943,536.5
irq,1944,506.8
irq,1945,477.8
irq,1946,450.8
irq,1947,425.6
irq,1948,401.1
irq,1949,377.8
irq,1950,355.5
irq,1951,334.0
irq,1952,313.8
irq,1953,294.4
irq,1954,276.5
irq,1955,259.4
irq,1956,243.3
irq,1957,228.3
irq,1958,214.5
irq,1959,201.7
irq,1960,189.9
irq,1961,179.0
irq,1962,169.0
irq,1963,159.8
irq,1964,151.2
irq,1965,143.4
irq,1966,136.2
irq,1967,129.5
irq,1968,123.3
irq,1969,117.6
irq,1970,112.2
irq,1971,107.1
irq,1972,102.3
irq,1973,97.7
irq,1974,93.3
irq,1975,89.2
irq,1976,85.3
irq,1977,81.7
irq,1978,78.4
irq,1979,75.3
irq,1980,72.4
irq,1981,69.8
irq,1982,67.3
irq,1983,65.1
irq,1984,63.0
irq,1985,61.1
irq,1986,59.4
irq,1987,57.8
irq,1988,70.2
irq,1989,82.9
irq,1990,81.4
irq,1991,65.7
irq,1992,51.9
irq,1993,50.9
irq,1994,50.0
irq,1995,49.1
irq,1996,48.2
irq,1997,47.2
irq,1998,46.3
irq,1999,45.3
irq,2000,44.3
irq,2001,43.4
irq,2002,42.5
irq,2003,41.6
irq,2004,40.7
irq,2005,39.7
irq,2006,38.8
irq,2007,37.7
irq,2008,36.7
irq,2009,35.6
irq,2010,34.5
irq,2011,33.4
irq,2012,32.4
irq,2013,31.3
irq,2014,30.3
irq,2015,29.3
irq,2016,28.4
irq,2017,27.5
irq,2018,26.5
irq,2019,25.7
irq,2020,24.9
irq,2021,24.0
irq,2022,23.3
irq,2023,22.5
isl,1838,383.2
isl,1839,438.6
isl,1840,414.5
isl,1841,323.8
isl,1842,270.0
isl,1843,421.1
isl,1844,257.7
isl,1845,279.3
isl,1846,608.3
isl,1847,416.0
isl,1848,303.5
isl,1849,392.4
isl,1850,405.0
isl,1851,439.2
isl,1852,279.4
isl,1853,227.7
isl,1854,264.0
isl,1855,289.5
isl,1856,289.8
isl,1857,324.7
isl,1858,350.6
isl,1859,388.4
isl,1860,530.4
isl,1861,438.3
isl,1862,420.7
isl,1863,292.0
isl,1864,326.7
isl,1865,329.9
isl,1866,383.6
isl,1867,330.3
isl,1868,341.3
isl,1869,427.0
isl,1870,287.6
isl,1871,340.7
isl,1872,490.5
isl,1873,290.5
isl,1874,299.0
isl,1875,339.8
isl,1876,302.4
isl,1877,244.1
isl,1878,277.4
isl,1879,230.3
isl,1880,268.6
isl,1881,364.7
isl,1882,587.5
isl,1883,405.4
isl,1884,248.3
isl,1885,228.6
isl,1886,217.6
isl,1887,238.9
isl,1888,182.7
isl,1889,130.3
isl,1890,340.7
isl,1891,216.8
isl,1892,135.4
isl,1893,118.4
isl,1894,161.3
isl,1895,167.9
isl,1896,150.8
isl,1897,183.1
isl,1898,212.4
isl,1899,136.6
isl,1900,168.2
isl,1901,121.1
isl,1902,184.7
isl,1903,208.0
isl,1904,125.8
isl,1905,148.0
isl,1906,113.7
isl,1907,164.2
isl,1908,228.5
isl,1909,174.1
isl,1910,141.6
isl,1911,117.7
isl,1912,94.8
isl,1913,85.8
isl,1914,142.1
isl,1915,100.1
isl,1916,124.0
isl,1917,81.7
isl,1918,79.0
isl,1919,91.5
isl,1920,135.4
isl,1921,93.1
isl,1922,87.7
isl,1923,80.6
isl,1924,99.1
isl,1925,67.3
isl,1926,66.9
isl,1927,116.7
isl,1928,62.0
isl,1929,63.3
isl,1930,63.9
isl,1931,69.5
isl,1932,60.2
isl,1933,54.7
isl,1934,70.2
isl,1935,99.0
isl,1936,67.7
isl,1937,45.5
isl,1938,40.9
isl,1939,49.2
isl,1940,50.2
isl,1941,48.2
isl,1942,67.6
isl,1943,42.8
isl,1944,49.6
isl,1945,44.6
isl,1946,39.1
isl,1947,32.2
isl,1948,34.0
isl,1949,32.2
isl,1950,30.6
isl,1951,29.1
isl,1952,27.7
isl,1953,26.4
isl,1954,25.3
isl,1955,24.4
isl,1956,23.5
isl,1957,22.9
isl,1958,22.3
isl,1959,21.8
isl,1960,21.4
isl,1961,21.1
isl,1962,20.7
isl,1963,20.2
isl,1964,19.7
isl,1965,19.1
isl,1966,18.5
isl,1967,17.9
isl,1968,17.2
isl,1969,16.6
isl,1970,16.0
isl,1971,15.4
isl,1972,14.8
isl,1973,14.1
isl,1974,13.5
isl,1975,12.8
isl,1976,12.2
isl,1977,11.5
isl,1978,10.9
isl,1979,10.3
isl,1980,9.7
isl,1981,9.2
isl,1982,8.7
isl,1983,8.3
isl,1984,7.9
isl,1985,7.6
isl,1986,7.4
isl,1987,7.1
isl,1988,6.9
isl,1989,6.6
isl,1990,6.4
isl,1991,6.2
isl,1992,5.9
isl,1993,5.7
isl,1994,5.4
isl,1995,5.2
isl,1996,4.9
isl,1997,4.6
isl,1998,4.4
isl,1999,4.1
isl,2000,3.9
isl,2001,3.7
isl,2002,3.5
isl,2003,3.3
isl,2004,3.2
isl,2005,3.1
isl,2006,2.9
isl,2007,2.8
isl,2008,2.8
isl,2009,2.7
isl,2010,2.7
isl,2011,2.6
isl,2012,2.6
isl,2013,2.6
isl,2014,2.6
isl,2015,2.6
isl,2016,2.6
isl,2017,2.7
isl,2018,2.7
isl,2019,2.8
isl,2020,2.8
isl,2021,2.9
isl,2022,2.9
isl,2023,2.9
isr,1922,231.5
isr,1923,197.8
isr,1924,160.4
isr,1925,209.1
isr,1926,164.1
isr,1927,177.2
isr,1928,142.0
isr,1929,131.2
isr,1930,95.2
isr,1931,117.2
isr,1932,124.1
isr,1933,115.4
isr,1934,110.3
isr,1935,87.2
isr,1936,95.2
isr,1937,76.6
isr,1938,79.7
isr,1939,71.9
isr,1940,79.7
isr,1941,75.0
isr,1942,78.1
isr,1943,56.9
isr,1944,45.5
isr,1945,45.5
isr,1946,40.1
isr,1947,37.3
isr,1948,45.5
isr,1949,68.8
isr,1950,61.3
isr,1951,52.5
isr,1952,66.5
isr,1953,64.0
isr,1954,61.6
isr,1955,59.2
isr,1956,56.8
isr,1957,54.3
isr,1958,51.9
isr,1959,49.5
isr,1960,47.1
isr,1961,44.8
isr,1962,42.6
isr,1963,40.6
isr,1964,38.6
isr,1965,36.8
isr,1966,35.1
isr,1967,33.6
isr,1968,32.3
isr,1969,31.1
isr,1970,30.0
isr,1971,29.1
isr,1972,28.2
isr,1973,27.2
isr,1974,26.1
isr,1975,24.8
isr,1976,23.3
isr,1977,21.9
isr,1978,20.5
isr,1979,19.3
isr,1980,18.2
isr,1981,17.4
isr,1982,16.6
isr,1983,15.9
isr,1984,15.1
isr,1985,14.4
isr,1986,13.7
isr,1987,13.1
isr,1988,12.6
isr,1989,12.0
isr,1990,11.5
isr,1991,11.0
isr,1992,10.4
isr,1993,9.8
isr,1994,9.2
isr,1995,8.7
isr,1996,8.2
isr,1997,7.8
isr,1998,7.5
isr,1999,7.2
isr,2000,6.9
isr,2001,6.6
isr,2002,6.4
isr,2003,6.1
isr,2004,5.8
isr,2005,5.6
isr,2006,5.3
isr,2007,5.1
isr,2008,4.9
isr,2009,4.7
isr,2010,4.6
isr,2011,4.4
isr,2012,4.3
isr,2013,4.1
isr,2014,4.0
isr,2015,3.9
isr,2016,3.8
isr,2017,3.7
isr,2018,3.7
isr,2019,3.6
isr,2020,3.5
isr,2021,3.5
isr,2022,3.4
isr,2023,3.4
ita,1872,445.0
ita,1873,409.9
ita,1874,405.4
ita,1875,404.2
ita,1876,377.6
ita,1877,366.6
ita,1878,370.9
ita,1879,373.2
ita,1880,386.5
ita,1881,385.8
ita,1882,391.1
ita,1883,374.9
ita,1884,351.3
ita,1885,356.5
ita,1886,365.4
ita,1887,358.6
ita,1888,348.4
ita,1889,329.1
ita,1890,332.9
ita,1891,336.4
ita,1892,323.9
ita,1893,316.5
ita,1894,316.2
ita,1895,322.3
ita,1896,308.5
ita,1897,282.4
ita,1898,290.6
ita,1899,272.9
ita,1900,296.6
ita,1901,277.0
ita,1902,292.0
ita,1903,280.0
ita,1904,268.4
ita,1905,273.0
ita,1906,266.0
ita,1907,254.7
ita,1908,275.9
ita,1909,261.5
ita,1910,243.4
ita,1911,260.1
ita,1912,221.5
ita,1913,228.9
ita,1914,209.5
ita,1915,245.7
ita,1916,255.2
ita,1917,233.5
ita,1918,355.0
ita,1919,242.9
ita,1920,243.5
ita,1921,219.9
ita,1922,205.5
ita,1923,198.2
ita,1924,190.0
ita,1925,192.1
ita,1926,200.9
ita,1927,185.6
ita,1928,185.2
ita,1929,185.9
ita,1930,165.9
ita,1931,164.8
ita,1932,163.4
ita,1933,149.9
ita,1934,148.3
ita,1935,150.6
ita,1936,145.3
ita,1937,161.6
ita,1938,157.1
ita,1939,140.4
ita,1940,142.1
ita,1941,153.1
ita,1942,153.8
ita,1943,157.2
ita,1944,137.1
ita,1945,141.5
ita,1946,138.1
ita,1947,112.4
ita,1948,94.8
ita,1949,93.5
ita,1950,88.7
ita,1951,81.6
ita,1952,75.3
ita,1953,69.8
ita,1954,65.3
ita,1955,62.0
ita,1956,59.5
ita,1957,57.5
ita,1958,55.7
ita,1959,53.9
ita,1960,51.9
ita,1961,49.8
ita,1962,47.6
ita,1963,45.3
ita,1964,43.1
ita,1965,41.1
ita,1966,39.3
ita,1967,37.8
ita,1968,36.4
ita,1969,35.1
ita,1970,33.6
ita,1971,31.8
ita,1972,29.8
ita,1973,27.6
ita,1974,25.3
ita,1975,23.1
ita,1976,21.1
ita,1977,19.5
ita,1978,18.1
ita,1979,17.0
ita,1980,16.1
ita,1981,15.2
ita,1982,14.3
ita,1983,13.5
ita,1984,12.7
ita,1985,12.0
ita,1986,11.4
ita,1987,10.8
ita,1988,10.4
ita,1989,10.0
ita,1990,9.7
ita,1991,9.3
ita,1992,8.9
ita,1993,8.5
ita,1994,8.0
ita,1995,7.5
ita,1996,7.0
ita,1997,6.6
ita,1998,6.2
ita,1999,5.9
ita,2000,5.6
ita,2001,5.3
ita,2002,5.1
ita,2003,4.8
ita,2004,4.6
ita,2005,4.5
ita,2006,4.3
ita,2007,4.2
ita,2008,4.1
ita,2009,4.1
ita,2010,4.0
ita,2011,3.9
ita,2012,3.8
ita,2013,3.7
ita,2014,3.6
ita,2015,3.5
ita,2016,3.4
ita,2017,3.3
ita,2018,3.2
ita,2019,3.1
ita,2020,3.0
ita,2021,2.9
ita,2022,2.8
ita,2023,2.8
jam,1879,265.2
jam,1880,320.4
jam,1881,281.1
jam,1882,225.9
jam,1883,247.9
jam,1884,270.0
jam,1885,258.5
jam,1886,249.7
jam,1887,276.2
jam,1888,263.5
jam,1889,284.4
jam,1890,305.7
jam,1891,284.4
jam,1892,266.8
jam,1893,274.7
jam,1894,273.2
jam,1895,289.3
jam,1896,286.0
jam,1897,287.7
jam,1898,284.4
jam,1899,276.2
jam,1900,282.7
jam,1901,265.2
jam,1902,263.5
jam,1903,304.1
jam,1904,313.9
jam,1905,268.5
jam,1906,322.0
jam,1907,364.1
jam,1908,279.4
jam,1909,284.4
jam,1910,289.3
jam,1911,305.7
jam,1912,315.5
jam,1913,279.4
jam,1914,271.6
jam,1915,286.0
jam,1916,286.0
jam,1917,300.8
jam,1918,286.0
jam,1919,263.5
jam,1920,281.1
jam,1921,320.4
jam,1922,287.7
jam,1923,277.8
jam,1924,261.9
jam,1925,281.1
jam,1926,273.2
jam,1927,281.1
jam,1928,255.0
jam,1929,260.2
jam,1930,225.9
jam,1931,249.7
jam,1932,225.9
jam,1933,242.5
jam,1934,209.1
jam,1935,220.3
jam,1936,207.2
jam,1937,182.8
jam,1938,203.5
jam,1939,188.4
jam,1940,171.6
jam,1941,156.6
jam,1942,145.6
jam,1943,136.6
jam,1944,147.4
jam,1945,153.0
jam,1946,145.1
jam,1947,139.6
jam,1948,134.3
jam,1949,130.0
jam,1950,140.5
jam,1951,133.2
jam,1952,125.6
jam,1953,119.1
jam,1954,112.8
jam,1955,106.9
jam,1956,101.3
jam,1957,96.0
jam,1958,90.9
jam,1959,86.2
jam,1960,82.0
jam,1961,78.2
jam,1962,74.8
jam,1963,71.8
jam,1964,69.2
jam,1965,66.9
jam,1966,64.8
jam,1967,62.7
jam,1968,60.6
jam,1969,58.4
jam,1970,56.1
jam,1971,53.8
jam,1972,51.4
jam,1973,49.1
jam,1974,46.9
jam,1975,45.0
jam,1976,43.2
jam,1977,41.6
jam,1978,40.1
jam,1979,38.8
jam,1980,37.5
jam,1981,36.2
jam,1982,35.0
jam,1983,33.9
jam,1984,32.9
jam,1985,32.0
jam,1986,31.0
jam,1987,30.2
jam,1988,29.4
jam,1989,28.7
jam,1990,28.0
jam,1991,27.3
jam,1992,26.5
jam,1993,25.8
jam,1994,25.0
jam,1995,24.3
jam,1996,23.4
jam,1997,22.6
jam,1998,21.9
jam,1999,21.1
jam,2000,20.5
jam,2001,20.0
jam,2002,19.6
jam,2003,19.3
jam,2004,19.1
jam,2005,19.1
jam,2006,19.1
jam,2007,19.1
jam,2008,19.1
jam,2009,19.1
jam,2010,19.0
jam,2011,19.0
jam,2012,18.9
jam,2013,18.9
jam,2014,18.8
jam,2015,18.7
jam,2016,18.7
jam,2017,18.7
jam,2018,18.7
jam,2019,18.8
jam,2020,18.7
jam,2021,18.6
jam,2022,18.4
jam,2023,18.1
jor,1945,358.3
jor,1946,339.7
jor,1947,322.1
jor,1948,305.5
jor,1949,289.5
jor,1950,274.8
jor,1951,260.3
jor,1952,246.3
jor,1953,233.2
jor,1954,220.6
jor,1955,208.3
jor,1956,196.7
jor,1957,185.6
jor,1958,175.0
jor,1959,164.9
jor,1960,155.4
jor,1961,146.5
jor,1962,138.2
jor,1963,130.5
jor,1964,123.2
jor,1965,116.6
jor,1966,110.4
jor,1967,104.7
jor,1968,99.4
jor,1969,94.5
jor,1970,89.8
jor,1971,85.5
jor,1972,81.3
jor,1973,77.4
jor,1974,73.7
jor,1975,70.2
jor,1976,66.9
jor,1977,63.7
jor,1978,60.7
jor,1979,57.9
jor,1980,55.2
jor,1981,52.7
jor,1982,50.3
jor,1983,48.0
jor,1984,45.8
jor,1985,43.8
jor,1986,41.8
jor,1987,40.1
jor,1988,38.4
jor,1989,37.0
jor,1990,35.6
jor,1991,34.3
jor,1992,33.2
jor,1993,32.1
jor,1994,31.1
jor,1995,30.1
jor,1996,29.2
jor,1997,28.3
jor,1998,27.5
jor,1999,26.6
jor,2000,25.8
jor,2001,25.0
jor,2002,24.2
jor,2003,23.5
jor,2004,22.7
jor,2005,22.0
jor,2006,21.3
jor,2007,20.7
jor,2008,20.1
jor,2009,19.5
jor,2010,18.9
jor,2011,18.4
jor,2012,17.9
jor,2013,17.4
jor,2014,17.0
jor,2015,16.5
jor,2016,16.1
jor,2017,15.7
jor,2018,15.3
jor,2019,14.9
jor,2020,14.5
jor,2021,14.1
jor,2022,13.7
jor,2023,13.3
jpn,1920,270.0
jpn,1921,286.0
jpn,1922,270.0
jpn,1923,265.2
jpn,1924,253.2
jpn,1925,227.8
jpn,1926,218.5
jpn,1927,227.8
jpn,1928,220.3
jpn,1929,227.8
jpn,1930,196.0
jpn,1931,209.1
jpn,1932,182.8
jpn,1933,190.3
jpn,1934,196.0
jpn,1935,162.2
jpn,1936,180.9
jpn,1937,160.4
jpn,1938,177.2
jpn,1939,162.2
jpn,1940,131.2
jpn,1941,120.6
jpn,1942,124.1
jpn,1943,125.9
jpn,1947,147.6
jpn,1948,99.2
jpn,1949,101.4
jpn,1950,91.5
jpn,1951,82.7
jpn,1952,74.9
jpn,1953,68.3
jpn,1954,62.7
jpn,1955,58.0
jpn,1956,54.0
jpn,1957,50.3
jpn,1958,46.8
jpn,1959,43.3
jpn,1960,39.8
jpn,1961,36.3
jpn,1962,32.9
jpn,1963,29.7
jpn,1964,27.0
jpn,1965,24.6
jpn,1966,22.6
jpn,1967,21.0
jpn,1968,19.6
jpn,1969,18.5
jpn,1970,17.5
jpn,1971,16.5
jpn,1972,15.7
jpn,1973,14.9
jpn,1974,14.1
jpn,1975,13.3
jpn,1976,12.5
jpn,1977,11.8
jpn,1978,11.1
jpn,1979,10.5
jpn,1980,9.9
jpn,1981,9.3
jpn,1982,8.8
jpn,1983,8.3
jpn,1984,7.9
jpn,1985,7.5
jpn,1986,7.1
jpn,1987,6.8
jpn,1988,6.6
jpn,1989,6.4
jpn,1990,6.3
jpn,1991,6.2
jpn,1992,6.1
jpn,1993,6.0
jpn,1994,5.9
jpn,1995,5.7
jpn,1996,5.5
jpn,1997,5.2
jpn,1998,5.0
jpn,1999,4.7
jpn,2000,4.5
jpn,2001,4.3
jpn,2002,4.1
jpn,2003,4.0
jpn,2004,3.9
jpn,2005,3.7
jpn,2006,3.6
jpn,2007,3.5
jpn,2008,3.4
jpn,2009,3.4
jpn,2010,3.3
jpn,2011,3.3
jpn,2012,3.1
jpn,2013,3.0
jpn,2014,2.9
jpn,2015,2.8
jpn,2016,2.7
jpn,2017,2.6
jpn,2018,2.5
jpn,2019,2.5
jpn,2020,2.4
jpn,2021,2.4
jpn,2022,2.4
jpn,2023,2.4
kaz,1971,85.6
kaz,1972,83.5
kaz,1973,81.6
kaz,1974,79.7
kaz,1975,78.1
kaz,1976,76.5
kaz,1977,75.2
kaz,1978,73.7
kaz,1979,72.2
kaz,1980,70.2
kaz,1981,68.1
kaz,1982,65.8
kaz,1983,63.6
kaz,1984,61.4
kaz,1985,59.2
kaz,1986,57.0
kaz,1987,55.0
kaz,1988,53.2
kaz,1989,51.9
kaz,1990,51.1
kaz,1991,50.8
kaz,1992,51.1
kaz,1993,51.7
kaz,1994,52.1
kaz,1995,51.9
kaz,1996,51.0
kaz,1997,49.3
kaz,1998,47.1
kaz,1999,44.7
kaz,2000,42.1
kaz,2001,39.6
kaz,2002,37.2
kaz,2003,35.1
kaz,2004,33.0
kaz,2005,31.0
kaz,2006,28.9
kaz,2007,26.8
kaz,2008,24.7
kaz,2009,22.5
kaz,2010,20.4
kaz,2011,18.3
kaz,2012,16.3
kaz,2013,14.5
kaz,2014,13.0
kaz,2015,11.9
kaz,2016,11.0
kaz,2017,10.5
kaz,2018,10.3
kaz,2019,10.2
kaz,2020,10.1
kaz,2021,10.0
kaz,2022,9.8
kaz,2023,9.6
ken,1950,319.8
ken,1951,305.4
ken,1952,300.2
ken,1953,283.6
ken,1954,267.9
ken,1955,253.5
ken,1956,240.0
ken,1957,227.8
ken,1958,216.6
ken,1959,206.4
ken,1960,197.2
ken,1961,189.1
ken,1962,182.0
ken,1963,175.8
ken,1964,170.7
ken,1965,166.6
ken,1966,163.2
ken,1967,160.0
ken,1968,156.8
ken,1969,153.6
ken,1970,150.2
ken,1971,146.8
ken,1972,143.2
ken,1973,139.3
ken,1974,135.2
ken,1975,131.0
ken,1976,126.6
ken,1977,122.2
ken,1978,117.8
ken,1979,113.5
ken,1980,109.7
ken,1981,106.0
ken,1982,102.7
ken,1983,99.8
ken,1984,97.5
ken,1985,95.9
ken,1986,95.1
ken,1987,95.2
ken,1988,96.4
ken,1989,98.6
ken,1990,101.4
ken,1991,104.4
ken,1992,107.1
ken,1993,109.0
ken,1994,109.7
ken,1995,109.3
ken,1996,108.0
ken,1997,105.9
ken,1998,103.0
ken,1999,99.5
ken,2000,95.2
ken,2001,90.5
ken,2002,85.6
ken,2003,80.8
ken,2004,76.1
ken,2005,71.2
ken,2006,66.8
ken,2007,62.9
ken,2008,58.0
ken,2009,55.2
ken,2010,53.1
ken,2011,51.7
ken,2012,50.7
ken,2013,49.4
ken,2014,48.3
ken,2015,46.8
ken,2016,45.5
ken,2017,44.7
ken,2018,43.7
ken,2019,42.7
ken,2020,42.1
ken,2021,41.3
ken,2022,40.5
ken,2023,39.6
kgz,1970,120.3
kgz,1971,117.9
kgz,1972,115.7
kgz,1973,113.8
kgz,1974,112.0
kgz,1975,113.5
kgz,1976,111.1
kgz,1977,108.5
kgz,1978,106.1
kgz,1979,103.5
kgz,1980,100.5
kgz,1981,96.8
kgz,1982,93.0
kgz,1983,88.7
kgz,1984,84.1
kgz,1985,79.6
kgz,1986,75.2
kgz,1987,71.2
kgz,1988,67.9
kgz,1989,65.5
kgz,1990,64.5
kgz,1991,64.7
kgz,1992,65.2
kgz,1993,65.5
kgz,1994,65.3
kgz,1995,64.0
kgz,1996,61.8
kgz,1997,59.1
kgz,1998,56.4
kgz,1999,53.6
kgz,2000,50.8
kgz,2001,48.1
kgz,2002,45.5
kgz,2003,43.0
kgz,2004,40.9
kgz,2005,39.2
kgz,2006,37.6
kgz,2007,35.9
kgz,2008,33.8
kgz,2009,31.6
kgz,2010,29.5
kgz,2011,27.6
kgz,2012,26.0
kgz,2013,24.7
kgz,2014,23.5
kgz,2015,22.3
kgz,2016,21.1
kgz,2017,20.0
kgz,2018,19.0
kgz,2019,18.3
kgz,2020,17.8
kgz,2021,17.5
kgz,2022,17.3
kgz,2023,17.0
khm,1975,535.0
khm,1976,551.3
khm,1977,543.0
khm,1978,518.7
khm,1979,207.3
khm,1980,181.5
khm,1981,159.1
khm,1982,141.9
khm,1983,130.6
khm,1984,124.2
khm,1985,120.6
khm,1986,118.4
khm,1987,116.9
khm,1988,116.3
khm,1989,116.2
khm,1990,116.3
khm,1991,116.3
khm,1992,116.4
khm,1993,117.0
khm,1994,118.0
khm,1995,119.0
khm,1996,119.5
khm,1997,118.8
khm,1998,116.5
khm,1999,112.1
khm,2000,105.2
khm,2001,96.0
khm,2002,86.2
khm,2003,77.5
khm,2004,70.4
khm,2005,64.4
khm,2006,59.3
khm,2007,54.9
khm,2008,50.8
khm,2009,47.0
khm,2010,43.5
khm,2011,40.3
khm,2012,37.2
khm,2013,34.5
khm,2014,32.0
khm,2015,29.6
khm,2016,27.5
khm,2017,25.6
khm,2018,24.1
khm,2019,22.8
khm,2020,21.8
khm,2021,20.8
khm,2022,19.9
khm,2023,19.1
kir,1946,223.0
kir,1947,222.1
kir,1948,221.1
kir,1949,220.0
kir,1950,219.5
kir,1951,218.7
kir,1952,217.9
kir,1953,217.2
kir,1954,216.1
kir,1955,214.5
kir,1956,212.5
kir,1957,209.9
kir,1958,207.0
kir,1959,203.2
kir,1960,199.0
kir,1961,194.2
kir,1962,188.7
kir,1963,182.7
kir,1964,176.5
kir,1965,170.0
kir,1966,163.6
kir,1967,157.4
kir,1968,151.4
kir,1969,145.8
kir,1970,140.8
kir,1971,136.3
kir,1972,132.3
kir,1973,129.1
kir,1974,126.9
kir,1975,125.0
kir,1976,123.7
kir,1977,122.5
kir,1978,121.4
kir,1979,120.2
kir,1980,118.7
kir,1981,117.2
kir,1982,115.2
kir,1983,113.1
kir,1984,110.9
kir,1985,108.3
kir,1986,105.5
kir,1987,102.2
kir,1988,98.7
kir,1989,94.8
kir,1990,91.2
kir,1991,87.5
kir,1992,84.2
kir,1993,81.2
kir,1994,78.5
kir,1995,76.1
kir,1996,73.9
kir,1997,71.9
kir,1998,69.8
kir,1999,67.8
kir,2000,65.8
kir,2001,64.1
kir,2002,62.5
kir,2003,61.4
kir,2004,60.7
kir,2005,60.1
kir,2006,59.7
kir,2007,59.2
kir,2008,58.7
kir,2009,58.2
kir,2010,57.7
kir,2011,57.5
kir,2012,57.4
kir,2013,57.7
kir,2014,58.0
kir,2015,58.6
kir,2016,59.1
kir,2017,59.6
kir,2018,59.6
kir,2019,59.1
kir,2020,58.3
kir,2021,57.2
kir,2022,55.9
kir,2023,54.5
kna,1970,69.5
kna,1971,67.3
kna,1972,65.1
kna,1973,61.7
kna,1974,60.4
kna,1975,59.2
kna,1976,57.8
kna,1977,56.4
kna,1978,54.8
kna,1979,52.9
kna,1980,50.6
kna,1981,48.0
kna,1982,45.3
kna,1983,42.5
kna,1984,39.9
kna,1985,37.6
kna,1986,35.6
kna,1987,33.8
kna,1988,32.4
kna,1989,31.2
kna,1990,30.3
kna,1991,29.6
kna,1992,29.0
kna,1993,28.5
kna,1994,28.0
kna,1995,27.5
kna,1996,27.0
kna,1997,26.4
kna,1998,25.6
kna,1999,24.8
kna,2000,23.9
kna,2001,22.9
kna,2002,22.0
kna,2003,21.1
kna,2004,20.3
kna,2005,19.7
kna,2006,19.2
kna,2007,18.9
kna,2008,18.8
kna,2009,18.7
kna,2010,18.8
kna,2011,18.9
kna,2012,19.1
kna,2013,19.3
kna,2014,19.4
kna,2015,19.4
kna,2016,19.3
kna,2017,19.0
kna,2018,18.6
kna,2019,18.2
kna,2020,17.8
kna,2021,17.3
kna,2022,16.8
kna,2023,16.4
kor,1950,369.4
kor,1951,312.9
kor,1952,266.1
kor,1953,227.6
kor,1954,196.6
kor,1955,172.3
kor,1956,153.7
kor,1957,139.2
kor,1958,128.2
kor,1959,119.7
kor,1960,112.9
kor,1961,107.2
kor,1962,102.3
kor,1963,97.4
kor,1964,92.4
kor,1965,87.3
kor,1966,81.9
kor,1967,76.5
kor,1968,71.1
kor,1969,66.0
kor,1970,61.4
kor,1971,57.2
kor,1972,53.7
kor,1973,50.8
kor,1974,48.3
kor,1975,46.2
kor,1976,44.2
kor,1977,42.4
kor,1978,40.4
kor,1979,38.5
kor,1980,36.3
kor,1981,34.0
kor,1982,31.6
kor,1983,29.3
kor,1984,26.9
kor,1985,24.6
kor,1986,22.4
kor,1987,20.5
kor,1988,18.7
kor,1989,17.1
kor,1990,15.7
kor,1991,14.5
kor,1992,13.3
kor,1993,12.3
kor,1994,11.4
kor,1995,10.5
kor,1996,9.8
kor,1997,9.1
kor,1998,8.5
kor,1999,8.0
kor,2000,7.6
kor,2001,7.2
kor,2002,6.8
kor,2003,6.4
kor,2004,6.0
kor,2005,5.6
kor,2006,5.2
kor,2007,4.8
kor,2008,4.5
kor,2009,4.3
kor,2010,4.1
kor,2011,4.0
kor,2012,3.8
kor,2013,3.7
kor,2014,3.6
kor,2015,3.5
kor,2016,3.4
kor,2017,3.3
kor,2018,3.2
kor,2019,3.1
kor,2020,3.1
kor,2021,3.0
kor,2022,2.9
kor,2023,2.9
kwt,1959,152.2
kwt,1960,142.0
kwt,1961,132.2
kwt,1962,123.2
kwt,1963,114.6
kwt,1964,106.4
kwt,1965,98.8
kwt,1966,91.9
kwt,1967,85.6
kwt,1968,79.9
kwt,1969,74.8
kwt,1970,70.1
kwt,1971,65.8
kwt,1972,61.8
kwt,1973,58.1
kwt,1974,54.6
kwt,1975,51.2
kwt,1976,48.0
kwt,1977,44.8
kwt,1978,41.8
kwt,1979,38.9
kwt,1980,36.0
kwt,1981,32.9
kwt,1982,30.0
kwt,1983,27.2
kwt,1984,24.9
kwt,1985,23.0
kwt,1986,21.6
kwt,1987,20.4
kwt,1988,19.4
kwt,1989,18.3
kwt,1990,17.2
kwt,1991,16.4
kwt,1992,15.7
kwt,1993,15.2
kwt,1994,14.9
kwt,1995,14.6
kwt,1996,14.2
kwt,1997,13.8
kwt,1998,13.4
kwt,1999,13.1
kwt,2000,12.7
kwt,2001,12.5
kwt,2002,12.3
kwt,2003,12.2
kwt,2004,12.0
kwt,2005,11.8
kwt,2006,11.6
kwt,2007,11.4
kwt,2008,11.2
kwt,2009,11.0
kwt,2010,10.7
kwt,2011,10.3
kwt,2012,10.0
kwt,2013,9.6
kwt,2014,9.3
kwt,2015,9.1
kwt,2016,9.0
kwt,2017,8.9
kwt,2018,8.9
kwt,2019,8.9
kwt,2020,8.8
kwt,2021,8.7
kwt,2022,8.6
kwt,2023,8.4
lao,1960,251.5
lao,1978,212.8
lao,1979,206.8
lao,1980,200.9
lao,1981,195.4
lao,1982,190.0
lao,1983,184.9
lao,1984,179.8
lao,1985,174.8
lao,1986,169.7
lao,1987,164.7
lao,1988,159.5
lao,1989,154.3
lao,1990,148.9
lao,1991,143.6
lao,1992,138.2
lao,1993,133.0
lao,1994,127.8
lao,1995,123.0
lao,1996,118.1
lao,1997,113.5
lao,1998,109.0
lao,1999,104.5
lao,2000,100.1
lao,2001,95.6
lao,2002,91.1
lao,2003,86.6
lao,2004,82.1
lao,2005,77.7
lao,2006,73.5
lao,2007,69.5
lao,2008,65.5
lao,2009,61.8
lao,2010,58.4
lao,2011,55.1
lao,2012,52.1
lao,2013,49.4
lao,2014,46.8
lao,2015,44.4
lao,2016,42.2
lao,2017,40.2
lao,2018,38.3
lao,2019,36.5
lao,2020,34.8
lao,2021,33.2
lao,2022,31.8
lao,2023,30.5
lbn,1956,85.4
lbn,1957,82.6
lbn,1958,79.8
lbn,1959,77.1
lbn,1960,74.5
lbn,1961,72.0
lbn,1962,69.8
lbn,1963,67.7
lbn,1964,66.0
lbn,1965,64.4
lbn,1966,63.2
lbn,1967,62.2
lbn,1968,61.4
lbn,1969,60.7
lbn,1970,60.1
lbn,1971,59.6
lbn,1972,59.1
lbn,1973,58.6
lbn,1974,58.0
lbn,1975,57.1
lbn,1976,209.1
lbn,1977,81.5
lbn,1978,79.5
lbn,1979,77.4
lbn,1980,75.2
lbn,1981,72.9
lbn,1982,125.7
lbn,1983,54.5
lbn,1984,52.3
lbn,1985,50.1
lbn,1986,47.9
lbn,1987,58.6
lbn,1988,56.4
lbn,1989,33.5
lbn,1990,31.9
lbn,1991,30.3
lbn,1992,28.9
lbn,1993,27.6
lbn,1994,26.4
lbn,1995,25.2
lbn,1996,24.1
lbn,1997,23.1
lbn,1998,22.0
lbn,1999,21.0
lbn,2000,20.0
lbn,2001,18.9
lbn,2002,18.0
lbn,2003,17.0
lbn,2004,16.1
lbn,2005,15.3
lbn,2006,14.6
lbn,2007,14.1
lbn,2008,13.6
lbn,2009,13.2
lbn,2010,13.0
lbn,2011,12.8
lbn,2012,12.7
lbn,2013,12.7
lbn,2014,12.8
lbn,2015,12.9
lbn,2016,13.2
lbn,2017,13.5
lbn,2018,14.0
lbn,2019,14.5
lbn,2020,15.1
lbn,2021,15.7
lbn,2022,16.3
lbn,2023,17.0
lbr,1954,302.5
lbr,1955,303.3
lbr,1956,304.4
lbr,1957,306.0
lbr,1958,307.7
lbr,1959,308.9
lbr,1960,309.7
lbr,1961,310.1
lbr,1962,309.7
lbr,1963,308.6
lbr,1964,307.0
lbr,1965,305.1
lbr,1966,302.5
lbr,1967,299.2
lbr,1968,295.0
lbr,1969,290.6
lbr,1970,285.9
lbr,1971,281.3
lbr,1972,276.8
lbr,1973,272.6
lbr,1974,268.4
lbr,1975,264.2
lbr,1976,260.2
lbr,1977,256.6
lbr,1978,253.1
lbr,1979,249.7
lbr,1980,246.6
lbr,1981,244.0
lbr,1982,242.1
lbr,1983,241.1
lbr,1984,241.6
lbr,1985,243.9
lbr,1986,247.9
lbr,1987,253.4
lbr,1988,259.5
lbr,1989,265.5
lbr,1990,270.0
lbr,1991,272.3
lbr,1992,271.7
lbr,1993,268.1
lbr,1994,261.9
lbr,1995,253.7
lbr,1996,243.8
lbr,1997,232.7
lbr,1998,220.7
lbr,1999,208.0
lbr,2000,194.9
lbr,2001,181.7
lbr,2002,168.6
lbr,2003,156.2
lbr,2004,144.8
lbr,2005,134.9
lbr,2006,126.5
lbr,2007,119.6
lbr,2008,114.0
lbr,2009,109.5
lbr,2010,105.7
lbr,2011,102.4
lbr,2012,99.5
lbr,2013,97.0
lbr,2014,97.0
lbr,2015,93.2
lbr,2016,91.5
lbr,2017,90.3
lbr,2018,89.4
lbr,2019,88.7
lbr,2020,88.3
lbr,2021,88.0
lbr,2022,87.8
lbr,2023,87.3
lby,1956,358.7
lby,1957,335.9
lby,1958,315.0
lby,1959,295.4
lby,1960,276.8
lby,1961,259.0
lby,1962,242.5
lby,1963,226.5
lby,1964,211.6
lby,1965,197.5
lby,1966,183.7
lby,1967,170.7
lby,1968,158.5
lby,1969,147.2
lby,1970,136.7
lby,1971,126.9
lby,1972,117.8
lby,1973,109.7
lby,1974,102.4
lby,1975,95.8
lby,1976,89.9
lby,1977,84.5
lby,1978,79.8
lby,1979,75.5
lby,1980,71.7
lby,1981,68.1
lby,1982,64.6
lby,1983,61.4
lby,1984,58.2
lby,1985,55.2
lby,1986,52.3
lby,1987,49.6
lby,1988,46.9
lby,1989,44.5
lby,1990,42.1
lby,1991,40.0
lby,1992,38.0
lby,1993,36.2
lby,1994,34.6
lby,1995,33.2
lby,1996,31.9
lby,1997,30.9
lby,1998,29.9
lby,1999,29.0
lby,2000,28.1
lby,2001,27.3
lby,2002,26.5
lby,2003,25.5
lby,2004,24.4
lby,2005,23.1
lby,2006,21.7
lby,2007,20.2
lby,2008,18.8
lby,2009,17.6
lby,2010,16.6
lby,2011,19.6
lby,2012,15.0
lby,2013,14.4
lby,2014,13.8
lby,2015,13.3
lby,2016,12.8
lby,2017,12.4
lby,2018,11.9
lby,2019,11.6
lby,2020,11.2
lby,2021,10.8
lby,2022,10.4
lby,2023,31.7
lca,1950,174.5
lca,1951,170.9
lca,1952,167.4
lca,1953,163.9
lca,1954,160.3
lca,1955,156.6
lca,1956,152.8
lca,1957,148.7
lca,1958,144.3
lca,1959,139.5
lca,1960,134.2
lca,1961,128.5
lca,1962,122.4
lca,1963,116.1
lca,1964,109.6
lca,1965,102.9
lca,1966,96.2
lca,1967,89.6
lca,1968,83.2
lca,1969,76.9
lca,1970,71.0
lca,1971,65.4
lca,1972,60.1
lca,1973,55.3
lca,1974,50.8
lca,1975,46.7
lca,1976,43.0
lca,1977,39.7
lca,1978,36.8
lca,1979,34.2
lca,1980,32.0
lca,1981,30.0
lca,1982,28.3
lca,1983,26.8
lca,1984,25.5
lca,1985,24.4
lca,1986,23.5
lca,1987,22.6
lca,1988,21.9
lca,1989,21.3
lca,1990,20.8
lca,1991,20.4
lca,1992,20.0
lca,1993,19.7
lca,1994,19.4
lca,1995,19.2
lca,1996,19.0
lca,1997,18.8
lca,1998,18.7
lca,1999,18.5
lca,2000,18.5
lca,2001,18.4
lca,2002,18.4
lca,2003,18.4
lca,2004,18.5
lca,2005,18.5
lca,2006,18.6
lca,2007,18.6
lca,2008,18.7
lca,2009,18.8
lca,2010,18.8
lca,2011,18.8
lca,2012,18.8
lca,2013,18.8
lca,2014,18.8
lca,2015,18.7
lca,2016,18.6
lca,2017,18.5
lca,2018,18.4
lca,2019,18.2
lca,2020,18.1
lca,2021,17.9
lca,2022,17.7
lca,2023,17.5
lka,1950,140.2
lka,1951,132.0
lka,1952,130.2
lka,1953,128.2
lka,1954,125.6
lka,1955,122.3
lka,1956,118.0
lka,1957,112.5
lka,1958,106.2
lka,1959,99.9
lka,1960,94.1
lka,1961,89.6
lka,1962,86.7
lka,1963,84.8
lka,1964,83.0
lka,1965,80.7
lka,1966,78.1
lka,1967,75.5
lka,1968,73.1
lka,1969,71.3
lka,1970,70.1
lka,1971,69.1
lka,1972,68.3
lka,1973,67.3
lka,1974,65.9
lka,1975,63.8
lka,1976,61.1
lka,1977,57.6
lka,1978,53.7
lka,1979,49.9
lka,1980,46.3
lka,1981,42.9
lka,1982,39.8
lka,1983,36.7
lka,1984,33.5
lka,1985,30.2
lka,1986,27.4
lka,1987,25.3
lka,1988,24.1
lka,1989,27.9
lka,1990,23.3
lka,1991,23.2
lka,1992,22.9
lka,1993,22.2
lka,1994,21.4
lka,1995,20.5
lka,1996,19.5
lka,1997,18.6
lka,1998,17.6
lka,1999,16.9
lka,2000,16.3
lka,2001,15.8
lka,2002,15.5
lka,2003,15.2
lka,2004,29.0
lka,2005,14.0
lka,2006,13.3
lka,2007,12.6
lka,2008,12.0
lka,2009,21.5
lka,2010,11.2
lka,2011,10.8
lka,2012,10.3
lka,2013,9.8
lka,2014,9.2
lka,2015,8.7
lka,2016,8.3
lka,2017,7.9
lka,2018,7.6
lka,2019,7.2
lka,2020,6.9
lka,2021,6.6
lka,2022,6.3
lka,2023,6.1
lso,1950,269.2
lso,1951,257.4
lso,1952,232.6
lso,1953,224.2
lso,1954,216.2
lso,1955,208.6
lso,1956,201.3
lso,1957,195.5
lso,1958,190.8
lso,1959,187.5
lso,1960,185.3
lso,1961,184.3
lso,1962,184.4
lso,1963,185.1
lso,1964,185.9
lso,1965,186.2
lso,1966,185.8
lso,1967,184.5
lso,1968,182.2
lso,1969,179.2
lso,1970,175.5
lso,1971,171.6
lso,1972,167.6
lso,1973,163.3
lso,1974,158.7
lso,1975,153.3
lso,1976,147.4
lso,1977,141.1
lso,1978,134.8
lso,1979,128.6
lso,1980,122.4
lso,1981,116.4
lso,1982,110.7
lso,1983,105.7
lso,1984,101.1
lso,1985,96.9
lso,1986,93.3
lso,1987,90.2
lso,1988,87.7
lso,1989,85.7
lso,1990,84.5
lso,1991,84.4
lso,1992,85.4
lso,1993,87.6
lso,1994,91.1
lso,1995,95.1
lso,1996,98.9
lso,1997,102.1
lso,1998,104.2
lso,1999,106.3
lso,2000,108.3
lso,2001,110.3
lso,2002,112.1
lso,2003,113.2
lso,2004,113.9
lso,2005,114.6
lso,2006,114.7
lso,2007,111.9
lso,2008,111.6
lso,2009,99.1
lso,2010,90.9
lso,2011,85.2
lso,2012,81.4
lso,2013,79.3
lso,2014,77.6
lso,2015,75.1
lso,2016,71.4
lso,2017,70.1
lso,2018,68.8
lso,2019,68.1
lso,2020,66.3
lso,2021,64.0
lso,2022,62.0
lso,2023,61.3
ltu,1958,63.5
ltu,1959,55.5
ltu,1960,49.1
ltu,1961,44.1
ltu,1962,40.0
ltu,1963,36.5
ltu,1964,33.5
ltu,1965,31.2
ltu,1966,29.4
ltu,1967,27.9
ltu,1968,26.2
ltu,1969,24.6
ltu,1970,23.0
ltu,1971,21.7
ltu,1972,21.0
ltu,1973,21.3
ltu,1974,22.0
ltu,1975,22.7
ltu,1976,22.8
ltu,1977,22.4
ltu,1978,21.8
ltu,1979,21.1
ltu,1980,20.4
ltu,1981,19.8
ltu,1982,19.3
ltu,1983,18.8
ltu,1984,18.2
ltu,1985,17.4
ltu,1986,16.3
ltu,1987,15.2
ltu,1988,14.5
ltu,1989,14.3
ltu,1990,15.0
ltu,1991,16.5
ltu,1992,18.0
ltu,1993,18.1
ltu,1994,16.8
ltu,1995,15.1
ltu,1996,13.5
ltu,1997,12.4
ltu,1998,11.6
ltu,1999,11.1
ltu,2000,10.7
ltu,2001,10.3
ltu,2002,9.9
ltu,2003,9.6
ltu,2004,9.3
ltu,2005,9.0
ltu,2006,8.6
ltu,2007,8.0
ltu,2008,7.3
ltu,2009,6.7
ltu,2010,6.1
ltu,2011,5.6
ltu,2012,5.3
ltu,2013,5.1
ltu,2014,5.1
ltu,2015,5.0
ltu,2016,4.8
ltu,2017,4.5
ltu,2018,4.2
ltu,2019,3.9
ltu,2020,3.7
ltu,2021,3.6
ltu,2022,3.5
ltu,2023,3.4
lux,1949,57.8
lux,1950,55.8
lux,1951,53.8
lux,1952,51.9
lux,1953,50.0
lux,1954,48.2
lux,1955,46.4
lux,1956,44.6
lux,1957,42.8
lux,1958,40.9
lux,1959,39.1
lux,1960,37.2
lux,1961,35.4
lux,1962,33.7
lux,1963,32.0
lux,1964,30.4
lux,1965,28.9
lux,1966,27.5
lux,1967,26.1
lux,1968,24.8
lux,1969,23.6
lux,1970,22.3
lux,1971,21.1
lux,1972,19.9
lux,1973,18.8
lux,1974,17.7
lux,1975,16.7
lux,1976,15.8
lux,1977,15.1
lux,1978,14.4
lux,1979,13.9
lux,1980,13.4
lux,1981,12.9
lux,1982,12.5
lux,1983,12.1
lux,1984,11.6
lux,1985,11.2
lux,1986,10.7
lux,1987,10.2
lux,1988,9.8
lux,1989,9.3
lux,1990,8.8
lux,1991,8.3
lux,1992,7.8
lux,1993,7.3
lux,1994,6.8
lux,1995,6.4
lux,1996,6.0
lux,1997,5.6
lux,1998,5.3
lux,1999,5.0
lux,2000,4.7
lux,2001,4.4
lux,2002,4.2
lux,2003,3.9
lux,2004,3.7
lux,2005,3.5
lux,2006,3.3
lux,2007,3.1
lux,2008,3.0
lux,2009,2.9
lux,2010,2.8
lux,2011,2.7
lux,2012,2.7
lux,2013,2.6
lux,2014,2.6
lux,2015,2.5
lux,2016,2.5
lux,2017,2.5
lux,2018,2.4
lux,2019,2.4
lux,2020,2.4
lux,2021,2.3
lux,2022,2.3
lux,2023,2.2
lva,1958,37.7
lva,1959,35.3
lva,1960,33.2
lva,1961,31.4
lva,1962,29.6
lva,1963,28.0
lva,1964,26.5
lva,1965,25.2
lva,1966,24.0
lva,1967,23.1
lva,1968,22.4
lva,1969,21.8
lva,1970,21.4
lva,1971,21.1
lva,1972,21.2
lva,1973,21.4
lva,1974,21.8
lva,1975,22.2
lva,1976,22.4
lva,1977,22.3
lva,1978,22.0
lva,1979,21.6
lva,1980,21.2
lva,1981,20.8
lva,1982,20.2
lva,1983,19.5
lva,1984,18.5
lva,1985,17.4
lva,1986,16.4
lva,1987,15.7
lva,1988,15.5
lva,1989,15.9
lva,1990,16.9
lva,1991,18.2
lva,1992,19.3
lva,1993,19.9
lva,1994,20.0
lva,1995,19.7
lva,1996,19.0
lva,1997,18.0
lva,1998,16.7
lva,1999,15.4
lva,2000,14.3
lva,2001,13.4
lva,2002,12.6
lva,2003,11.9
lva,2004,11.1
lva,2005,10.5
lva,2006,9.9
lva,2007,9.3
lva,2008,8.8
lva,2009,8.3
lva,2010,7.7
lva,2011,7.2
lva,2012,6.6
lva,2013,6.1
lva,2014,5.6
lva,2015,5.1
lva,2016,4.8
lva,2017,4.5
lva,2018,4.2
lva,2019,3.9
lva,2020,3.6
lva,2021,3.3
lva,2022,3.0
lva,2023,2.8
mar,1954,275.1
mar,1955,269.3
mar,1956,266.0
mar,1957,260.4
mar,1958,255.1
mar,1959,250.0
mar,1960,245.2
mar,1961,240.3
mar,1962,235.1
mar,1963,229.9
mar,1964,224.5
mar,1965,218.8
mar,1966,213.0
mar,1967,207.3
mar,1968,201.7
mar,1969,196.6
mar,1970,191.9
mar,1971,187.6
mar,1972,183.5
mar,1973,179.3
mar,1974,174.6
mar,1975,169.2
mar,1976,163.1
mar,1977,156.5
mar,1978,149.4
mar,1979,142.2
mar,1980,135.2
mar,1981,128.2
mar,1982,121.6
mar,1983,115.2
mar,1984,109.2
mar,1985,103.5
mar,1986,98.2
mar,1987,93.3
mar,1988,88.9
mar,1989,84.8
mar,1990,81.1
mar,1991,77.6
mar,1992,74.3
mar,1993,71.1
mar,1994,68.1
mar,1995,65.2
mar,1996,62.3
mar,1997,59.6
mar,1998,57.1
mar,1999,54.7
mar,2000,52.4
mar,2001,50.2
mar,2002,48.0
mar,2003,45.8
mar,2004,43.6
mar,2005,41.4
mar,2006,39.2
mar,2007,36.9
mar,2008,34.8
mar,2009,32.8
mar,2010,30.9
mar,2011,29.2
mar,2012,27.5
mar,2013,26.0
mar,2014,24.5
mar,2015,23.1
mar,2016,21.9
mar,2017,20.8
mar,2018,19.9
mar,2019,19.1
mar,2020,18.3
mar,2021,17.6
mar,2022,17.0
mar,2023,16.3
mco,1985,9.7
mco,1986,9.3
mco,1987,8.9
mco,1988,8.5
mco,1989,8.1
mco,1990,7.8
mco,1991,7.4
mco,1992,7.1
mco,1993,6.8
mco,1994,6.5
mco,1995,6.2
mco,1996,6.0
mco,1997,5.8
mco,1998,5.5
mco,1999,5.3
mco,2000,5.2
mco,2001,5.0
mco,2002,4.8
mco,2003,4.7
mco,2004,4.6
mco,2005,4.5
mco,2006,4.4
mco,2007,4.3
mco,2008,4.2
mco,2009,4.1
mco,2010,4.0
mco,2011,3.9
mco,2012,3.8
mco,2013,3.7
mco,2014,3.6
mco,2015,3.5
mco,2016,3.4
mco,2017,3.3
mco,2018,3.2
mco,2019,3.1
mco,2020,3.0
mco,2021,2.9
mco,2022,2.8
mco,2023,2.7
mda,1971,63.8
mda,1972,61.9
mda,1973,60.3
mda,1974,58.6
mda,1975,57.0
mda,1976,55.4
mda,1977,53.9
mda,1978,52.3
mda,1979,51.0
mda,1980,49.7
mda,1981,48.2
mda,1982,46.4
mda,1983,44.5
mda,1984,42.4
mda,1985,40.2
mda,1986,38.2
mda,1987,36.5
mda,1988,35.0
mda,1989,33.9
mda,1990,33.5
mda,1991,33.9
mda,1992,34.9
mda,1993,36.2
mda,1994,37.5
mda,1995,38.4
mda,1996,38.6
mda,1997,37.9
mda,1998,36.3
mda,1999,34.1
mda,2000,31.4
mda,2001,28.5
mda,2002,25.8
mda,2003,23.4
mda,2004,21.5
mda,2005,20.1
mda,2006,19.0
mda,2007,18.2
mda,2008,17.7
mda,2009,17.2
mda,2010,16.8
mda,2011,16.5
mda,2012,16.2
mda,2013,16.0
mda,2014,15.8
mda,2015,15.6
mda,2016,15.5
mda,2017,15.4
mda,2018,15.4
mda,2019,15.5
mda,2020,15.6
mda,2021,15.8
mda,2022,16.0
mda,2023,16.2
mdg,1965,192.1
mdg,1966,186.3
mdg,1967,180.3
mdg,1968,145.6
mdg,1969,147.5
mdg,1970,149.3
mdg,1971,151.2
mdg,1972,153.2
mdg,1973,155.7
mdg,1974,158.2
mdg,1975,160.7
mdg,1976,163.0
mdg,1977,165.1
mdg,1978,167.1
mdg,1979,169.2
mdg,1980,245.2
mdg,1981,245.9
mdg,1982,304.8
mdg,1983,239.5
mdg,1984,177.5
mdg,1985,176.6
mdg,1986,174.2
mdg,1987,170.5
mdg,1988,165.8
mdg,1989,160.4
mdg,1990,154.8
mdg,1991,149.4
mdg,1992,144.3
mdg,1993,139.5
mdg,1994,134.7
mdg,1995,129.8
mdg,1996,124.8
mdg,1997,119.6
mdg,1998,114.4
mdg,1999,109.3
mdg,2000,104.4
mdg,2001,99.8
mdg,2002,95.6
mdg,2003,91.6
mdg,2004,87.8
mdg,2005,84.1
mdg,2006,80.8
mdg,2007,77.6
mdg,2008,74.8
mdg,2009,72.4
mdg,2010,70.3
mdg,2011,68.6
mdg,2012,67.3
mdg,2013,66.4
mdg,2014,65.7
mdg,2015,65.3
mdg,2016,64.9
mdg,2017,64.9
mdg,2018,64.9
mdg,2019,65.0
mdg,2020,65.1
mdg,2021,65.0
mdg,2022,64.5
mdg,2023,63.6
mdv,1962,334.1
mdv,1963,325.0
mdv,1964,315.8
mdv,1965,306.7
mdv,1966,297.4
mdv,1967,287.9
mdv,1968,278.1
mdv,1969,268.4
mdv,1970,258.5
mdv,1971,248.1
mdv,1972,237.0
mdv,1973,225.4
mdv,1974,213.5
mdv,1975,201.7
mdv,1976,190.2
mdv,1977,179.5
mdv,1978,169.5
mdv,1979,160.0
mdv,1980,151.3
mdv,1981,143.1
mdv,1982,135.4
mdv,1983,128.2
mdv,1984,121.3
mdv,1985,114.9
mdv,1986,108.7
mdv,1987,102.8
mdv,1988,97.2
mdv,1989,92.0
mdv,1990,87.0
mdv,1991,82.1
mdv,1992,77.4
mdv,1993,72.7
mdv,1994,68.0
mdv,1995,63.1
mdv,1996,58.3
mdv,1997,53.5
mdv,1998,48.8
mdv,1999,44.1
mdv,2000,39.5
mdv,2001,35.1
mdv,2002,31.1
mdv,2003,27.4
mdv,2004,27.2
mdv,2005,21.6
mdv,2006,19.4
mdv,2007,17.6
mdv,2008,16.1
mdv,2009,14.9
mdv,2010,13.8
mdv,2011,12.9
mdv,2012,12.1
mdv,2013,11.3
mdv,2014,10.6
mdv,2015,9.9
mdv,2016,9.2
mdv,2017,8.6
mdv,2018,8.0
mdv,2019,7.4
mdv,2020,6.9
mdv,2021,6.4
mdv,2022,6.0
mdv,2023,5.7
mex,1951,243.2
mex,1952,230.6
mex,1953,218.7
mex,1954,207.6
mex,1955,197.0
mex,1956,187.1
mex,1957,177.8
mex,1958,169.5
mex,1959,161.7
mex,1960,154.7
mex,1961,148.1
mex,1962,142.3
mex,1963,136.8
mex,1964,131.8
mex,1965,127.2
mex,1966,122.8
mex,1967,118.6
mex,1968,114.6
mex,1969,110.7
mex,1970,106.9
mex,1971,103.1
mex,1972,99.4
mex,1973,95.7
mex,1974,92.1
mex,1975,88.6
mex,1976,85.2
mex,1977,81.8
mex,1978,78.5
mex,1979,75.1
mex,1980,71.8
mex,1981,68.5
mex,1982,65.4
mex,1983,62.4
mex,1984,59.5
mex,1985,56.9
mex,1986,54.3
mex,1987,51.8
mex,1988,49.4
mex,1989,47.1
mex,1990,44.9
mex,1991,42.7
mex,1992,40.7
mex,1993,38.7
mex,1994,36.9
mex,1995,35.1
mex,1996,33.4
mex,1997,31.8
mex,1998,30.2
mex,1999,28.8
mex,2000,27.4
mex,2001,26.2
mex,2002,25.0
mex,2003,23.9
mex,2004,23.0
mex,2005,22.1
mex,2006,21.3
mex,2007,20.7
mex,2008,20.0
mex,2009,19.5
mex,2010,18.9
mex,2011,18.4
mex,2012,17.9
mex,2013,17.5
mex,2014,17.0
mex,2015,16.6
mex,2016,16.2
mex,2017,15.8
mex,2018,15.4
mex,2019,15.0
mex,2020,14.6
mex,2021,14.2
mex,2022,13.8
mex,2023,13.4
mhl,1959,127.3
mhl,1960,121.2
mhl,1961,115.5
mhl,1962,110.2
mhl,1963,105.2
mhl,1964,100.4
mhl,1965,96.2
mhl,1966,92.2
mhl,1967,88.5
mhl,1968,85.1
mhl,1969,81.7
mhl,1970,78.6
mhl,1971,75.7
mhl,1972,73.3
mhl,1973,71.3
mhl,1974,69.7
mhl,1975,68.6
mhl,1976,67.7
mhl,1977,67.0
mhl,1978,66.1
mhl,1979,65.2
mhl,1980,64.2
mhl,1981,63.0
mhl,1982,61.6
mhl,1983,60.0
mhl,1984,58.4
mhl,1985,56.7
mhl,1986,55.0
mhl,1987,53.2
mhl,1988,51.4
mhl,1989,49.6
mhl,1990,47.8
mhl,1991,46.1
mhl,1992,44.6
mhl,1993,43.3
mhl,1994,42.4
mhl,1995,41.9
mhl,1996,41.8
mhl,1997,42.0
mhl,1998,42.3
mhl,1999,42.6
mhl,2000,42.7
mhl,2001,42.7
mhl,2002,42.5
mhl,2003,42.2
mhl,2004,41.8
mhl,2005,41.3
mhl,2006,40.9
mhl,2007,40.4
mhl,2008,40.0
mhl,2009,39.5
mhl,2010,39.0
mhl,2011,38.4
mhl,2012,37.8
mhl,2013,37.0
mhl,2014,36.1
mhl,2015,35.2
mhl,2016,34.2
mhl,2017,33.2
mhl,2018,32.2
mhl,2019,31.2
mhl,2020,30.3
mhl,2021,29.4
mhl,2022,28.5
mhl,2023,27.6
mkd,1960,186.6
mkd,1970,122.4
mkd,1981,56.8
mkd,1982,55.1
mkd,1983,52.9
mkd,1984,50.8
mkd,1985,49.4
mkd,1986,48.9
mkd,1987,47.4
mkd,1988,43.9
mkd,1989,39.6
mkd,1990,36.5
mkd,1991,34.9
mkd,1992,33.6
mkd,1993,31.1
mkd,1994,27.8
mkd,1995,24.6
mkd,1996,21.7
mkd,1997,19.5
mkd,1998,18.0
mkd,1999,16.9
mkd,2000,16.0
mkd,2001,15.1
mkd,2002,14.5
mkd,2003,14.2
mkd,2004,14.0
mkd,2005,13.7
mkd,2006,13.1
mkd,2007,12.3
mkd,2008,11.5
mkd,2009,10.8
mkd,2010,10.4
mkd,2011,10.2
mkd,2012,10.4
mkd,2013,10.7
mkd,2014,11.1
mkd,2015,11.1
mkd,2016,10.6
mkd,2017,9.6
mkd,2018,8.4
mkd,2019,7.1
mkd,2020,6.0
mkd,2021,5.1
mkd,2022,4.2
mkd,2023,3.4
mli,1960,497.9
mli,1961,484.5
mli,1962,471.5
mli,1963,432.4
mli,1964,424.8
mli,1965,417.7
mli,1966,411.0
mli,1967,404.4
mli,1968,397.7
mli,1969,391.4
mli,1970,385.1
mli,1971,378.5
mli,1972,371.8
mli,1973,364.6
mli,1974,356.9
mli,1975,348.6
mli,1976,340.0
mli,1977,331.3
mli,1978,322.5
mli,1979,313.7
mli,1980,305.1
mli,1981,296.5
mli,1982,288.0
mli,1983,279.7
mli,1984,271.6
mli,1985,264.0
mli,1986,256.9
mli,1987,250.2
mli,1988,244.1
mli,1989,238.4
mli,1990,233.3
mli,1991,228.7
mli,1992,224.6
mli,1993,220.9
mli,1994,217.3
mli,1995,213.7
mli,1996,209.9
mli,1997,205.6
mli,1998,200.9
mli,1999,195.6
mli,2000,189.9
mli,2001,183.9
mli,2002,177.7
mli,2003,171.7
mli,2004,165.8
mli,2005,160.1
mli,2006,154.6
mli,2007,149.2
mli,2008,144.0
mli,2009,138.9
mli,2010,133.8
mli,2011,128.8
mli,2012,123.9
mli,2013,119.1
mli,2014,114.4
mli,2015,109.7
mli,2016,105.1
mli,2017,100.6
mli,2018,96.2
mli,2019,91.9
mli,2020,87.6
mli,2021,83.6
mli,2022,79.7
mli,2023,76.2
mlt,1950,109.4
mlt,1951,95.3
mlt,1952,83.4
mlt,1953,73.2
mlt,1954,64.7
mlt,1955,57.8
mlt,1956,52.3
mlt,1957,48.0
mlt,1958,44.6
mlt,1959,42.0
mlt,1960,40.0
mlt,1961,38.5
mlt,1962,37.3
mlt,1963,36.3
mlt,1964,35.3
mlt,1965,34.3
mlt,1966,33.1
mlt,1967,31.9
mlt,1968,30.6
mlt,1969,29.3
mlt,1970,27.9
mlt,1971,26.6
mlt,1972,25.2
mlt,1973,23.9
mlt,1974,22.6
mlt,1975,21.4
mlt,1976,20.3
mlt,1977,19.2
mlt,1978,18.3
mlt,1979,17.5
mlt,1980,16.8
mlt,1981,16.2
mlt,1982,15.6
mlt,1983,15.1
mlt,1984,14.5
mlt,1985,13.9
mlt,1986,13.3
mlt,1987,12.8
mlt,1988,12.3
mlt,1989,11.8
mlt,1990,11.4
mlt,1991,11.0
mlt,1992,10.6
mlt,1993,10.2
mlt,1994,9.8
mlt,1995,9.4
mlt,1996,9.0
mlt,1997,8.6
mlt,1998,8.2
mlt,1999,7.9
mlt,2000,7.6
mlt,2001,7.4
mlt,2002,7.2
mlt,2003,7.1
mlt,2004,7.0
mlt,2005,6.9
mlt,2006,6.9
mlt,2007,6.9
mlt,2008,6.9
mlt,2009,6.9
mlt,2010,6.9
mlt,2011,6.8
mlt,2012,6.8
mlt,2013,6.7
mlt,2014,6.7
mlt,2015,6.6
mlt,2016,6.5
mlt,2017,6.4
mlt,2018,6.3
mlt,2019,6.1
mlt,2020,6.0
mlt,2021,5.8
mlt,2022,5.6
mlt,2023,5.5
mmr,1960,274.7
mmr,1968,179.9
mmr,1969,176.4
mmr,1970,173.0
mmr,1971,169.6
mmr,1972,166.1
mmr,1973,162.5
mmr,1974,159.1
mmr,1975,155.5
mmr,1976,151.7
mmr,1977,148.3
mmr,1978,145.0
mmr,1979,141.7
mmr,1980,138.7
mmr,1981,135.9
mmr,1982,133.1
mmr,1983,130.5
mmr,1984,128.2
mmr,1985,126.0
mmr,1986,123.9
mmr,1987,121.7
mmr,1988,119.4
mmr,1989,117.0
mmr,1990,114.6
mmr,1991,112.1
mmr,1992,109.4
mmr,1993,106.8
mmr,1994,104.1
mmr,1995,101.5
mmr,1996,98.8
mmr,1997,96.3
mmr,1998,93.8
mmr,1999,91.4
mmr,2000,88.9
mmr,2001,86.5
mmr,2002,84.1
mmr,2003,81.6
mmr,2004,79.1
mmr,2005,76.3
mmr,2006,73.6
mmr,2007,70.8
mmr,2008,101.7
mmr,2009,65.1
mmr,2010,62.4
mmr,2011,59.7
mmr,2012,57.0
mmr,2013,54.6
mmr,2014,52.4
mmr,2015,50.5
mmr,2016,48.7
mmr,2017,46.8
mmr,2018,45.2
mmr,2019,43.6
mmr,2020,42.1
mmr,2021,40.8
mmr,2022,39.5
mmr,2023,38.1
mne,1984,27.3
mne,1985,24.8
mne,1986,22.5
mne,1987,20.6
mne,1988,18.9
mne,1989,17.5
mne,1990,16.5
mne,1991,15.8
mne,1992,15.4
mne,1993,15.2
mne,1994,15.1
mne,1995,15.1
mne,1996,15.1
mne,1997,15.0
mne,1998,14.9
mne,1999,14.6
mne,2000,14.2
mne,2001,13.7
mne,2002,13.0
mne,2003,12.2
mne,2004,11.4
mne,2005,10.6
mne,2006,9.7
mne,2007,8.9
mne,2008,8.1
mne,2009,7.4
mne,2010,6.7
mne,2011,6.1
mne,2012,5.5
mne,2013,5.0
mne,2014,4.6
mne,2015,4.2
mne,2016,3.9
mne,2017,3.6
mne,2018,3.3
mne,2019,3.1
mne,2020,2.9
mne,2021,2.8
mne,2022,2.6
mne,2023,2.5
mng,1978,172.6
mng,1979,166.5
mng,1980,160.6
mng,1981,154.9
mng,1982,149.3
mng,1983,143.9
mng,1984,138.5
mng,1985,133.0
mng,1986,127.5
mng,1987,121.8
mng,1988,116.3
mng,1989,110.9
mng,1990,106.1
mng,1991,101.7
mng,1992,97.6
mng,1993,93.6
mng,1994,89.7
mng,1995,85.8
mng,1996,81.5
mng,1997,77.1
mng,1998,72.4
mng,1999,67.5
mng,2000,62.5
mng,2001,57.7
mng,2002,52.9
mng,2003,48.5
mng,2004,44.3
mng,2005,40.5
mng,2006,37.0
mng,2007,33.8
mng,2008,31.0
mng,2009,28.5
mng,2010,26.3
mng,2011,24.4
mng,2012,22.8
mng,2013,21.5
mng,2014,20.4
mng,2015,19.4
mng,2016,18.4
mng,2017,17.4
mng,2018,16.4
mng,2019,15.6
mng,2020,14.8
mng,2021,14.3
mng,2022,13.9
mng,2023,13.6
moz,1962,279.9
moz,1963,269.6
moz,1964,271.0
moz,1965,272.1
moz,1966,273.3
moz,1967,274.1
moz,1968,274.1
moz,1969,273.6
moz,1970,273.3
moz,1971,272.7
moz,1972,271.5
moz,1973,270.1
moz,1974,268.6
moz,1975,267.0
moz,1976,265.7
moz,1977,264.5
moz,1978,263.6
moz,1979,262.7
moz,1980,262.2
moz,1981,309.4
moz,1982,260.2
moz,1983,257.9
moz,1984,254.7
moz,1985,251.4
moz,1986,247.8
moz,1987,244.4
moz,1988,241.3
moz,1989,238.1
moz,1990,235.1
moz,1991,231.8
moz,1992,227.9
moz,1993,223.1
moz,1994,217.1
moz,1995,210.6
moz,1996,202.5
moz,1997,193.6
moz,1998,183.9
moz,1999,174.1
moz,2000,164.6
moz,2001,155.7
moz,2002,147.5
moz,2003,139.8
moz,2004,132.5
moz,2005,125.7
moz,2006,118.8
moz,2007,110.7
moz,2008,104.4
moz,2009,98.3
moz,2010,95.6
moz,2011,91.1
moz,2012,86.5
moz,2013,82.9
moz,2014,79.7
moz,2015,75.8
moz,2016,73.3
moz,2017,72.0
moz,2018,70.2
moz,2019,68.6
moz,2020,67.6
moz,2021,65.5
moz,2022,63.9
moz,2023,61.7
mrt,1940,337.7
mrt,1941,334.8
mrt,1942,332.5
mrt,1943,330.5
mrt,1944,328.5
mrt,1945,326.1
mrt,1946,323.4
mrt,1947,320.5
mrt,1948,317.6
mrt,1949,314.4
mrt,1950,310.4
mrt,1951,306.0
mrt,1952,301.8
mrt,1953,297.5
mrt,1954,292.7
mrt,1955,287.5
mrt,1956,282.1
mrt,1957,276.4
mrt,1958,270.6
mrt,1959,264.2
mrt,1960,257.8
mrt,1961,251.3
mrt,1962,244.6
mrt,1963,237.6
mrt,1964,230.9
mrt,1965,224.0
mrt,1966,216.8
mrt,1967,209.7
mrt,1968,242.5
mrt,1969,235.8
mrt,1970,231.1
mrt,1971,227.9
mrt,1972,226.4
mrt,1973,225.4
mrt,1974,224.1
mrt,1975,189.1
mrt,1976,186.1
mrt,1977,181.9
mrt,1978,176.9
mrt,1979,171.6
mrt,1980,166.4
mrt,1981,161.3
mrt,1982,156.1
mrt,1983,150.8
mrt,1984,145.0
mrt,1985,138.6
mrt,1986,132.3
mrt,1987,126.9
mrt,1988,122.2
mrt,1989,118.7
mrt,1990,116.5
mrt,1991,114.8
mrt,1992,113.6
mrt,1993,112.6
mrt,1994,111.7
mrt,1995,110.7
mrt,1996,109.4
mrt,1997,107.6
mrt,1998,105.2
mrt,1999,102.0
mrt,2000,98.0
mrt,2001,93.4
mrt,2002,88.2
mrt,2003,82.8
mrt,2004,77.5
mrt,2005,72.5
mrt,2006,68.1
mrt,2007,64.3
mrt,2008,61.3
mrt,2009,58.8
mrt,2010,56.8
mrt,2011,55.1
mrt,2012,53.5
mrt,2013,52.1
mrt,2014,50.6
mrt,2015,49.1
mrt,2016,47.7
mrt,2017,46.2
mrt,2018,44.7
mrt,2019,43.4
mrt,2020,42.0
mrt,2021,40.7
mrt,2022,39.4
mrt,2023,38.1
msr,1958,149.2
msr,1959,135.8
msr,1960,123.7
msr,1961,112.7
msr,1962,103.0
msr,1963,94.4
msr,1964,86.9
msr,1965,80.4
msr,1966,74.7
msr,1967,69.7
msr,1968,65.3
msr,1969,61.4
msr,1970,57.7
msr,1971,54.5
msr,1972,51.5
msr,1973,48.8
msr,1974,46.2
msr,1975,43.8
msr,1976,41.5
msr,1977,39.4
msr,1978,37.2
msr,1979,35.3
msr,1980,33.5
msr,1981,31.7
msr,1982,30.1
msr,1983,28.6
msr,1984,27.1
msr,1985,25.8
msr,1986,24.5
msr,1987,23.4
msr,1988,22.4
msr,1989,21.4
msr,1990,20.5
msr,1991,19.6
msr,1992,18.9
msr,1993,18.1
msr,1994,17.4
msr,1995,16.8
msr,1996,16.2
msr,1997,15.6
msr,1998,15.0
msr,1999,14.5
msr,2000,14.0
msr,2001,13.5
msr,2002,13.0
msr,2003,12.6
msr,2004,12.2
msr,2005,11.7
msr,2006,11.3
msr,2007,11.0
msr,2008,10.6
msr,2009,10.3
msr,2010,9.9
msr,2011,9.7
msr,2012,9.3
msr,2013,9.0
msr,2014,8.8
msr,2015,8.5
msr,2016,8.2
msr,2017,7.9
msr,2018,7.7
msr,2019,7.5
msr,2020,7.2
msr,2021,7.0
msr,2022,6.8
msr,2023,6.6
mus,1871,203.5
mus,1872,227.8
mus,1873,351.2
mus,1874,274.7
mus,1875,270.0
mus,1876,251.5
mus,1877,242.5
mus,1878,249.7
mus,1879,225.9
mus,1880,216.6
mus,1881,268.5
mus,1882,284.4
mus,1883,335.0
mus,1884,270.0
mus,1885,281.1
mus,1886,249.7
mus,1887,299.1
mus,1888,266.8
mus,1889,212.8
mus,1890,284.4
mus,1891,273.2
mus,1892,336.6
mus,1893,351.2
mus,1894,309.0
mus,1895,343.1
mus,1896,484.0
mus,1898,310.6
mus,1899,286.0
mus,1900,330.1
mus,1901,362.5
mus,1902,318.8
mus,1903,251.5
mus,1904,225.9
mus,1905,312.3
mus,1906,281.1
mus,1907,261.9
mus,1908,305.7
mus,1909,268.5
mus,1910,253.2
mus,1911,242.5
mus,1912,286.0
mus,1913,227.8
mus,1914,231.5
mus,1915,270.0
mus,1916,220.3
mus,1917,291.0
mus,1918,323.6
mus,1919,344.7
mus,1921,287.7
mus,1922,261.9
mus,1923,246.1
mus,1924,224.1
mus,1925,201.6
mus,1926,201.6
mus,1927,235.2
mus,1928,212.8
mus,1929,225.9
mus,1930,322.0
mus,1931,330.1
mus,1932,258.5
mus,1933,209.1
mus,1934,205.3
mus,1935,222.2
mus,1936,227.8
mus,1937,249.7
mus,1938,265.2
mus,1939,256.7
mus,1940,263.5
mus,1941,214.7
mus,1942,265.2
mus,1943,227.8
mus,1944,225.9
mus,1945,305.7
mus,1946,233.3
mus,1947,175.3
mus,1948,302.4
mus,1949,133.0
mus,1950,106.9
mus,1951,120.6
mus,1952,115.4
mus,1953,138.4
mus,1954,115.4
mus,1955,129.0
mus,1956,144.3
mus,1957,122.1
mus,1958,109.8
mus,1959,105.6
mus,1960,103.7
mus,1961,99.1
mus,1962,92.5
mus,1963,86.9
mus,1964,84.1
mus,1965,85.2
mus,1966,91.0
mus,1967,97.5
mus,1968,96.9
mus,1969,87.6
mus,1970,79.0
mus,1971,78.2
mus,1972,81.7
mus,1973,81.3
mus,1974,73.4
mus,1975,63.4
mus,1976,55.6
mus,1977,50.3
mus,1978,46.6
mus,1979,43.8
mus,1980,40.9
mus,1981,37.4
mus,1982,33.9
mus,1983,31.1
mus,1984,29.6
mus,1985,28.9
mus,1986,28.7
mus,1987,28.3
mus,1988,27.2
mus,1989,25.1
mus,1990,23.1
mus,1991,21.7
mus,1992,21.1
mus,1993,21.2
mus,1994,21.7
mus,1995,22.3
mus,1996,22.7
mus,1997,22.6
mus,1998,21.8
mus,1999,20.3
mus,2000,18.8
mus,2001,17.5
mus,2002,16.6
mus,2003,16.0
mus,2004,15.7
mus,2005,15.6
mus,2006,15.4
mus,2007,15.2
mus,2008,15.0
mus,2009,14.9
mus,2010,14.8
mus,2011,14.9
mus,2012,15.0
mus,2013,14.9
mus,2014,14.7
mus,2015,14.5
mus,2016,14.6
mus,2017,15.0
mus,2018,15.4
mus,2019,15.7
mus,2020,15.8
mus,2021,15.7
mus,2022,15.5
mus,2023,15.4
mwi,1961,358.5
mwi,1962,356.9
mwi,1963,355.3
mwi,1964,353.5
mwi,1965,352.4
mwi,1966,350.6
mwi,1967,349.0
mwi,1968,347.0
mwi,1969,345.1
mwi,1970,341.7
mwi,1971,336.6
mwi,1972,330.1
mwi,1973,322.4
mwi,1974,313.7
mwi,1975,304.5
mwi,1976,295.0
mwi,1977,285.3
mwi,1978,275.3
mwi,1979,265.4
mwi,1980,256.9
mwi,1981,250.2
mwi,1982,246.2
mwi,1983,245.5
mwi,1984,247.7
mwi,1985,251.2
mwi,1986,254.0
mwi,1987,254.7
mwi,1988,253.2
mwi,1989,249.3
mwi,1990,243.5
mwi,1991,236.5
mwi,1992,228.8
mwi,1993,221.5
mwi,1994,214.7
mwi,1995,207.7
mwi,1996,202.6
mwi,1997,197.5
mwi,1998,191.2
mwi,1999,182.3
mwi,2000,171.0
mwi,2001,239.0
mwi,2002,143.2
mwi,2003,130.0
mwi,2004,118.7
mwi,2005,109.7
mwi,2006,102.7
mwi,2007,96.9
mwi,2008,91.0
mwi,2009,85.3
mwi,2010,80.1
mwi,2011,74.0
mwi,2012,67.9
mwi,2013,62.9
mwi,2014,60.0
mwi,2015,57.4
mwi,2016,55.8
mwi,2017,53.8
mwi,2018,52.0
mwi,2019,51.3
mwi,2020,50.4
mwi,2021,50.0
mwi,2022,50.1
mwi,2023,49.6
mys,1950,171.4
mys,1951,161.9
mys,1952,152.9
mys,1953,144.4
mys,1954,136.5
mys,1955,129.2
mys,1956,122.2
mys,1957,115.4
mys,1958,108.6
mys,1959,101.8
mys,1960,95.1
mys,1961,88.9
mys,1962,83.0
mys,1963,77.8
mys,1964,73.1
mys,1965,69.2
mys,1966,65.8
mys,1967,62.9
mys,1968,60.3
mys,1969,58.0
mys,1970,55.7
mys,1971,53.3
mys,1972,50.7
mys,1973,48.0
mys,1974,45.2
mys,1975,42.4
mys,1976,39.8
mys,1977,37.2
mys,1978,34.8
mys,1979,32.5
mys,1980,30.4
mys,1981,28.4
mys,1982,26.5
mys,1983,24.8
mys,1984,23.2
mys,1985,21.8
mys,1986,20.5
mys,1987,19.4
mys,1988,18.4
mys,1989,17.4
mys,1990,16.6
mys,1991,15.8
mys,1992,15.1
mys,1993,14.4
mys,1994,13.9
mys,1995,13.3
mys,1996,12.8
mys,1997,12.3
mys,1998,11.6
mys,1999,10.7
mys,2000,9.9
mys,2001,9.3
mys,2002,8.8
mys,2003,8.6
mys,2004,8.4
mys,2005,8.3
mys,2006,8.3
mys,2007,8.3
mys,2008,8.2
mys,2009,8.2
mys,2010,8.1
mys,2011,8.1
mys,2012,8.0
mys,2013,8.0
mys,2014,8.1
mys,2015,8.2
mys,2016,8.2
mys,2017,8.2
mys,2018,8.2
mys,2019,8.2
mys,2020,8.2
mys,2021,8.2
mys,2022,8.2
mys,2023,8.3
nam,1960,153.0
nam,1967,96.3
nam,1968,96.5
nam,1969,96.7
nam,1970,97.0
nam,1971,97.3
nam,1972,97.7
nam,1973,98.2
nam,1974,98.9
nam,1975,99.9
nam,1976,101.0
nam,1977,102.1
nam,1978,102.9
nam,1979,103.1
nam,1980,102.7
nam,1981,101.1
nam,1982,98.8
nam,1983,95.7
nam,1984,92.1
nam,1985,88.1
nam,1986,84.3
nam,1987,80.9
nam,1988,78.0
nam,1989,75.4
nam,1990,73.6
nam,1991,72.3
nam,1992,71.5
nam,1993,71.2
nam,1994,71.6
nam,1995,72.6
nam,1996,74.0
nam,1997,75.6
nam,1998,77.0
nam,1999,78.1
nam,2000,78.2
nam,2001,77.6
nam,2002,76.6
nam,2003,75.6
nam,2004,74.4
nam,2005,71.0
nam,2006,66.0
nam,2007,62.0
nam,2008,57.5
nam,2009,53.2
nam,2010,50.3
nam,2011,50.0
nam,2012,52.6
nam,2013,50.8
nam,2014,50.0
nam,2015,51.8
nam,2016,51.4
nam,2017,49.8
nam,2018,48.5
nam,2019,46.6
nam,2020,44.8
nam,2021,43.2
nam,2022,41.6
nam,2023,41.1
ner,1967,321.1
ner,1968,324.8
ner,1969,328.8
ner,1970,332.9
ner,1971,337.1
ner,1972,340.9
ner,1973,343.5
ner,1974,344.6
ner,1975,343.5
ner,1976,340.8
ner,1977,336.6
ner,1978,331.8
ner,1979,327.6
ner,1980,325.0
ner,1981,324.5
ner,1982,326.5
ner,1983,330.2
ner,1984,334.5
ner,1985,338.5
ner,1986,341.3
ner,1987,342.1
ner,1988,341.0
ner,1989,337.7
ner,1990,332.4
ner,1991,325.4
ner,1992,316.7
ner,1993,306.4
ner,1994,294.3
ner,1995,281.8
ner,1996,269.4
ner,1997,257.9
ner,1998,247.2
ner,1999,237.5
ner,2000,227.9
ner,2001,217.4
ner,2002,205.9
ner,2003,194.1
ner,2004,182.4
ner,2005,171.4
ner,2006,161.6
ner,2007,153.1
ner,2008,146.0
ner,2009,140.3
ner,2010,136.0
ner,2011,132.7
ner,2012,130.3
ner,2013,128.3
ner,2014,126.8
ner,2015,125.4
ner,2016,124.3
ner,2017,123.1
ner,2018,121.9
ner,2019,120.8
ner,2020,119.5
ner,2021,118.0
ner,2022,116.0
ner,2023,113.5
nga,1962,313.3
nga,1963,311.3
nga,1964,325.7
nga,1965,318.8
nga,1966,312.1
nga,1967,305.4
nga,1968,406.8
nga,1969,397.2
nga,1970,387.4
nga,1971,276.3
nga,1972,268.0
nga,1973,259.8
nga,1974,251.5
nga,1975,243.3
nga,1976,235.8
nga,1977,228.8
nga,1978,222.6
nga,1979,217.1
nga,1980,212.9
nga,1981,209.7
nga,1982,207.7
nga,1983,206.7
nga,1984,206.6
nga,1985,206.9
nga,1986,207.5
nga,1987,208.0
nga,1988,208.2
nga,1989,208.0
nga,1990,207.6
nga,1991,206.7
nga,1992,205.7
nga,1993,204.6
nga,1994,203.1
nga,1995,201.0
nga,1996,198.1
nga,1997,194.3
nga,1998,189.4
nga,1999,183.6
nga,2000,177.3
nga,2001,170.5
nga,2002,163.9
nga,2003,157.4
nga,2004,151.4
nga,2005,145.8
nga,2006,140.9
nga,2007,136.5
nga,2008,132.5
nga,2009,129.2
nga,2010,126.3
nga,2011,123.8
nga,2012,121.6
nga,2013,119.9
nga,2014,118.7
nga,2015,117.8
nga,2016,117.4
nga,2017,117.2
nga,2018,117.2
nga,2019,117.4
nga,2020,117.4
nga,2021,117.6
nga,2022,117.5
nga,2023,116.8
nic,1955,199.1
nic,1956,197.7
nic,1957,196.0
nic,1958,194.7
nic,1959,193.3
nic,1960,191.9
nic,1961,190.4
nic,1962,189.0
nic,1963,187.5
nic,1964,185.9
nic,1965,184.5
nic,1966,182.8
nic,1967,181.1
nic,1968,178.8
nic,1969,176.1
nic,1970,173.5
nic,1971,170.8
nic,1972,193.2
nic,1973,163.9
nic,1974,158.8
nic,1975,151.9
nic,1976,144.1
nic,1977,135.4
nic,1978,126.3
nic,1979,116.9
nic,1980,108.3
nic,1981,100.7
nic,1982,93.9
nic,1983,88.1
nic,1984,83.7
nic,1985,80.5
nic,1986,78.0
nic,1987,75.9
nic,1988,73.9
nic,1989,71.6
nic,1990,68.6
nic,1991,64.9
nic,1992,61.1
nic,1993,57.5
nic,1994,54.2
nic,1995,51.1
nic,1996,48.0
nic,1997,45.0
nic,1998,49.4
nic,1999,39.4
nic,2000,37.1
nic,2001,35.3
nic,2002,33.8
nic,2003,32.4
nic,2004,31.1
nic,2005,29.7
nic,2006,28.4
nic,2007,27.1
nic,2008,25.8
nic,2009,24.5
nic,2010,23.2
nic,2011,21.9
nic,2012,20.6
nic,2013,19.4
nic,2014,18.3
nic,2015,17.2
nic,2016,16.1
nic,2017,15.3
nic,2018,14.6
nic,2019,14.3
nic,2020,14.2
nic,2021,14.2
nic,2022,14.3
nic,2023,13.8
niu,1943,147.1
niu,1944,145.6
niu,1945,143.8
niu,1946,141.9
niu,1947,139.8
niu,1948,137.8
niu,1949,135.6
niu,1950,132.9
niu,1951,130.0
niu,1952,126.9
niu,1953,123.8
niu,1954,120.7
niu,1955,117.4
niu,1956,113.7
niu,1957,110.2
niu,1958,106.4
niu,1959,102.5
niu,1960,98.4
niu,1961,94.2
niu,1962,90.1
niu,1963,85.8
niu,1964,81.8
niu,1965,77.5
niu,1966,73.3
niu,1967,69.1
niu,1968,65.1
niu,1969,61.2
niu,1970,57.3
niu,1971,53.6
niu,1972,50.0
niu,1973,46.5
niu,1974,43.1
niu,1975,39.9
niu,1976,36.8
niu,1977,34.1
niu,1978,31.7
niu,1979,29.7
niu,1980,28.1
niu,1981,26.9
niu,1982,26.0
niu,1983,25.3
niu,1984,24.9
niu,1985,24.8
niu,1986,24.8
niu,1987,24.8
niu,1988,25.0
niu,1989,25.2
niu,1990,25.5
niu,1991,25.8
niu,1992,26.2
niu,1993,26.8
niu,1994,27.4
niu,1995,28.2
niu,1996,29.1
niu,1997,30.1
niu,1998,31.1
niu,1999,32.1
niu,2000,33.1
niu,2001,34.0
niu,2002,34.9
niu,2003,35.8
niu,2004,36.6
niu,2005,37.3
niu,2006,37.6
niu,2007,37.5
niu,2008,37.1
niu,2009,36.6
niu,2010,35.9
niu,2011,35.0
niu,2012,34.2
niu,2013,33.3
niu,2014,32.5
niu,2015,31.5
niu,2016,30.5
niu,2017,29.6
niu,2018,28.8
niu,2019,27.9
niu,2020,27.0
niu,2021,26.2
niu,2022,25.4
niu,2023,24.6
nld,1840,266.8
nld,1841,277.8
nld,1842,322.0
nld,1843,274.7
nld,1844,266.8
nld,1845,273.2
nld,1846,373.8
nld,1847,338.3
nld,1848,295.9
nld,1849,274.7
nld,1850,293.7
nld,1851,303.6
nld,1852,315.4
nld,1853,293.1
nld,1854,297.6
nld,1855,343.1
nld,1856,309.0
nld,1857,341.7
nld,1858,329.8
nld,1859,389.6
nld,1860,317.5
nld,1861,332.8
nld,1862,314.7
nld,1863,320.3
nld,1864,315.2
nld,1865,341.5
nld,1866,331.4
nld,1867,310.0
nld,1868,337.3
nld,1869,288.8
nld,1870,327.6
nld,1871,368.6
nld,1872,344.5
nld,1873,312.5
nld,1874,286.9
nld,1875,325.0
nld,1876,300.3
nld,1877,284.7
nld,1878,298.8
nld,1879,283.0
nld,1880,314.2
nld,1881,276.2
nld,1882,268.6
nld,1883,283.3
nld,1884,305.2
nld,1885,270.5
nld,1886,295.8
nld,1887,255.5
nld,1888,267.3
nld,1889,267.1
nld,1890,259.2
nld,1891,263.0
nld,1892,262.5
nld,1893,248.6
nld,1894,230.9
nld,1895,244.3
nld,1896,226.4
nld,1897,214.4
nld,1898,226.0
nld,1899,215.1
nld,1900,221.3
nld,1901,229.3
nld,1902,202.3
nld,1903,196.8
nld,1904,207.5
nld,1905,190.3
nld,1906,185.4
nld,1907,171.6
nld,1908,185.5
nld,1909,154.1
nld,1910,161.3
nld,1911,188.4
nld,1912,137.9
nld,1913,140.4
nld,1914,143.1
nld,1915,135.1
nld,1916,140.7
nld,1917,140.4
nld,1918,179.1
nld,1919,149.8
nld,1920,123.7
nld,1921,115.2
nld,1922,105.4
nld,1923,94.3
nld,1924,82.9
nld,1925,81.4
nld,1926,85.8
nld,1927,83.3
nld,1928,73.7
nld,1929,81.7
nld,1930,70.2
nld,1931,67.1
nld,1932,62.3
nld,1933,56.8
nld,1934,56.2
nld,1935,52.3
nld,1936,51.9
nld,1937,49.1
nld,1938,49.3
nld,1939,44.8
nld,1940,51.9
nld,1941,56.6
nld,1942,54.0
nld,1943,61.9
nld,1944,70.5
nld,1945,103.4
nld,1946,61.9
nld,1947,41.7
nld,1948,35.7
nld,1949,33.4
nld,1950,31.9
nld,1951,30.4
nld,1952,29.0
nld,1953,27.7
nld,1954,26.3
nld,1955,25.1
nld,1956,24.0
nld,1957,23.1
nld,1958,22.2
nld,1959,21.5
nld,1960,20.8
nld,1961,20.3
nld,1962,19.7
nld,1963,19.2
nld,1964,18.8
nld,1965,18.3
nld,1966,17.9
nld,1967,17.4
nld,1968,16.9
nld,1969,16.4
nld,1970,15.8
nld,1971,15.3
nld,1972,14.7
nld,1973,14.1
nld,1974,13.6
nld,1975,13.1
nld,1976,12.6
nld,1977,12.1
nld,1978,11.6
nld,1979,11.2
nld,1980,10.9
nld,1981,10.6
nld,1982,10.4
nld,1983,10.1
nld,1984,9.9
nld,1985,9.7
nld,1986,9.5
nld,1987,9.2
nld,1988,8.9
nld,1989,8.6
nld,1990,8.3
nld,1991,8.0
nld,1992,7.7
nld,1993,7.4
nld,1994,7.1
nld,1995,6.9
nld,1996,6.7
nld,1997,6.6
nld,1998,6.4
nld,1999,6.3
nld,2000,6.2
nld,2001,6.0
nld,2002,5.9
nld,2003,5.7
nld,2004,5.5
nld,2005,5.3
nld,2006,5.1
nld,2007,4.9
nld,2008,4.7
nld,2009,4.6
nld,2010,4.4
nld,2011,4.3
nld,2012,4.2
nld,2013,4.2
nld,2014,4.1
nld,2015,4.1
nld,2016,4.1
nld,2017,4.0
nld,2018,4.0
nld,2019,4.0
nld,2020,4.0
nld,2021,4.0
nld,2022,4.0
nld,2023,3.9
nor,1836,212.8
nor,1837,214.7
nor,1838,214.7
nor,1839,256.7
nor,1840,222.2
nor,1841,177.2
nor,1842,192.2
nor,1843,182.8
nor,1844,180.9
nor,1845,182.8
nor,1846,205.0
nor,1847,226.2
nor,1848,220.6
nor,1849,182.1
nor,1850,168.4
nor,1851,168.9
nor,1852,182.8
nor,1853,166.9
nor,1854,152.6
nor,1855,161.8
nor,1856,170.7
nor,1857,166.2
nor,1858,155.8
nor,1859,173.3
nor,1860,172.8
nor,1861,228.5
nor,1862,246.3
nor,1863,216.9
nor,1864,187.2
nor,1865,179.9
nor,1866,170.0
nor,1867,188.7
nor,1868,202.7
nor,1869,178.8
nor,1870,162.3
nor,1871,173.2
nor,1872,176.7
nor,1873,181.1
nor,1874,195.3
nor,1875,191.1
nor,1876,199.6
nor,1877,183.3
nor,1878,167.9
nor,1879,147.4
nor,1880,152.1
nor,1881,167.8
nor,1882,206.2
nor,1883,177.2
nor,1884,171.3
nor,1885,159.5
nor,1886,158.7
nor,1887,158.3
nor,1888,168.2
nor,1889,187.8
nor,1890,177.9
nor,1891,161.8
nor,1892,166.1
nor,1893,147.7
nor,1894,171.3
nor,1895,148.3
nor,1896,143.8
nor,1897,138.5
nor,1898,135.8
nor,1899,154.6
nor,1900,133.5
nor,1901,131.6
nor,1902,110.5
nor,1903,118.2
nor,1904,108.1
nor,1905,117.1
nor,1906,101.3
nor,1907,96.7
nor,1908,109.8
nor,1909,103.1
nor,1910,93.6
nor,1911,94.7
nor,1912,95.6
nor,1913,89.8
nor,1914,96.5
nor,1915,90.3
nor,1916,96.9
nor,1917,91.1
nor,1918,101.2
nor,1919,92.8
nor,1920,86.9
nor,1921,71.8
nor,1922,74.3
nor,1923,68.1
nor,1924,65.2
nor,1925,64.9
nor,1926,61.7
nor,1927,64.3
nor,1928,63.8
nor,1929,69.0
nor,1930,59.3
nor,1931,59.0
nor,1932,59.2
nor,1933,58.0
nor,1934,51.0
nor,1935,54.9
nor,1936,54.2
nor,1937,53.9
nor,1938,48.8
nor,1939,48.0
nor,1940,49.4
nor,1941,55.4
nor,1942,53.4
nor,1943,53.7
nor,1944,54.4
nor,1945,49.5
nor,1946,47.7
nor,1947,42.0
nor,1948,36.4
nor,1949,34.4
nor,1950,32.9
nor,1951,30.9
nor,1952,29.1
nor,1953,27.7
nor,1954,26.6
nor,1955,25.8
nor,1956,25.2
nor,1957,24.5
nor,1958,23.9
nor,1959,23.3
nor,1960,22.6
nor,1961,22.1
nor,1962,21.6
nor,1963,21.0
nor,1964,20.4
nor,1965,19.7
nor,1966,19.0
nor,1967,18.2
nor,1968,17.5
nor,1969,16.9
nor,1970,16.2
nor,1971,15.6
nor,1972,15.0
nor,1973,14.3
nor,1974,13.6
nor,1975,12.9
nor,1976,12.2
nor,1977,11.5
nor,1978,10.9
nor,1979,10.4
nor,1980,10.1
nor,1981,9.9
nor,1982,9.9
nor,1983,10.0
nor,1984,10.1
nor,1985,10.2
nor,1986,10.2
nor,1987,10.1
nor,1988,9.8
nor,1989,9.3
nor,1990,8.7
nor,1991,8.0
nor,1992,7.2
nor,1993,6.6
nor,1994,6.1
nor,1995,5.7
nor,1996,5.4
nor,1997,5.2
nor,1998,5.1
nor,1999,5.0
nor,2000,4.9
nor,2001,4.7
nor,2002,4.6
nor,2003,4.4
nor,2004,4.2
nor,2005,4.1
nor,2006,3.9
nor,2007,3.7
nor,2008,3.6
nor,2009,3.4
nor,2010,3.3
nor,2011,3.1
nor,2012,3.0
nor,2013,2.9
nor,2014,2.8
nor,2015,2.7
nor,2016,2.6
nor,2017,2.5
nor,2018,2.5
nor,2019,2.4
nor,2020,2.4
nor,2021,2.4
nor,2022,2.4
nor,2023,2.4
npl,1950,343.4
npl,1951,342.5
npl,1952,341.6
npl,1953,340.9
npl,1954,340.3
npl,1955,339.4
npl,1956,338.4
npl,1957,337.3
npl,1958,335.4
npl,1959,332.9
npl,1960,329.5
npl,1961,325.4
npl,1962,320.4
npl,1963,314.7
npl,1964,308.2
npl,1965,301.3
npl,1966,294.3
npl,1967,287.4
npl,1968,280.6
npl,1969,274.1
npl,1970,267.8
npl,1971,261.8
npl,1972,256.0
npl,1973,250.3
npl,1974,244.7
npl,1975,239.0
npl,1976,233.3
npl,1977,227.3
npl,1978,221.2
npl,1979,214.7
npl,1980,208.1
npl,1981,201.4
npl,1982,194.7
npl,1983,188.0
npl,1984,181.3
npl,1985,174.5
npl,1986,167.4
npl,1987,160.2
npl,1988,153.0
npl,1989,145.7
npl,1990,138.4
npl,1991,131.3
npl,1992,124.3
npl,1993,117.7
npl,1994,111.4
npl,1995,105.3
npl,1996,99.5
npl,1997,94.0
npl,1998,88.7
npl,1999,83.6
npl,2000,78.7
npl,2001,74.3
npl,2002,70.2
npl,2003,66.5
npl,2004,63.1
npl,2005,60.0
npl,2006,57.3
npl,2007,54.7
npl,2008,52.4
npl,2009,50.1
npl,2010,47.9
npl,2011,45.8
npl,2012,43.7
npl,2013,41.7
npl,2014,39.7
npl,2015,37.8
npl,2016,36.0
npl,2017,34.2
npl,2018,32.6
npl,2019,31.0
npl,2020,29.6
npl,2021,28.3
npl,2022,27.1
npl,2023,26.1
nru,1985,85.8
nru,1986,81.6
nru,1987,77.8
nru,1988,73.9
nru,1989,70.4
nru,1990,66.9
nru,1991,63.6
nru,1992,60.3
nru,1993,57.2
nru,1994,54.4
nru,1995,51.8
nru,1996,49.4
nru,1997,47.1
nru,1998,45.0
nru,1999,43.0
nru,2000,41.1
nru,2001,39.4
nru,2002,37.9
nru,2003,36.5
nru,2004,35.2
nru,2005,34.0
nru,2006,32.7
nru,2007,31.4
nru,2008,29.8
nru,2009,28.2
nru,2010,26.4
nru,2011,24.6
nru,2012,22.7
nru,2013,20.9
nru,2014,19.2
nru,2015,17.5
nru,2016,15.9
nru,2017,14.4
nru,2018,13.1
nru,2019,12.0
nru,2020,10.9
nru,2021,10.0
nru,2022,9.3
nru,2023,8.7
nzl,1862,115.4
nzl,1863,173.4
nzl,1864,186.6
nzl,1865,167.8
nzl,1866,149.3
nzl,1867,145.6
nzl,1868,142.0
nzl,1869,145.6
nzl,1870,136.6
nzl,1871,118.9
nzl,1872,149.3
nzl,1873,164.1
nzl,1874,165.9
nzl,1875,197.8
nzl,1876,154.8
nzl,1877,133.0
nzl,1878,120.6
nzl,1879,162.2
nzl,1880,136.6
nzl,1881,134.8
nzl,1882,127.7
nzl,1883,156.6
nzl,1884,112.0
nzl,1885,129.4
nzl,1886,145.6
nzl,1887,138.4
nzl,1888,98.5
nzl,1889,112.0
nzl,1890,112.0
nzl,1891,133.0
nzl,1892,129.4
nzl,1893,127.7
nzl,1894,115.4
nzl,1895,127.7
nzl,1896,108.6
nzl,1897,100.2
nzl,1898,113.7
nzl,1899,142.0
nzl,1900,105.2
nzl,1901,98.5
nzl,1902,118.9
nzl,1903,115.4
nzl,1904,98.5
nzl,1905,93.6
nzl,1906,84.2
nzl,1907,129.4
nzl,1908,93.6
nzl,1909,84.2
nzl,1910,93.6
nzl,1911,75.0
nzl,1912,67.3
nzl,1913,79.7
nzl,1914,67.3
nzl,1915,67.3
nzl,1916,67.3
nzl,1917,62.8
nzl,1918,62.8
nzl,1919,58.3
nzl,1920,67.3
nzl,1921,62.8
nzl,1922,54.0
nzl,1923,56.9
nzl,1924,51.1
nzl,1925,56.9
nzl,1926,56.9
nzl,1927,58.3
nzl,1928,51.1
nzl,1929,46.9
nzl,1930,48.3
nzl,1931,46.9
nzl,1932,48.3
nzl,1933,48.3
nzl,1934,49.7
nzl,1935,52.5
nzl,1936,52.5
nzl,1937,49.7
nzl,1938,65.8
nzl,1939,54.0
nzl,1940,46.9
nzl,1941,51.1
nzl,1942,46.9
nzl,1943,49.7
nzl,1944,49.7
nzl,1945,44.1
nzl,1946,40.1
nzl,1947,37.3
nzl,1948,36.0
nzl,1949,36.3
nzl,1950,35.5
nzl,1951,34.7
nzl,1952,33.9
nzl,1953,33.0
nzl,1954,32.1
nzl,1955,31.3
nzl,1956,30.7
nzl,1957,30.1
nzl,1958,29.4
nzl,1959,28.7
nzl,1960,27.8
nzl,1961,26.8
nzl,1962,25.8
nzl,1963,24.8
nzl,1964,23.9
nzl,1965,23.1
nzl,1966,22.5
nzl,1967,22.0
nzl,1968,21.6
nzl,1969,21.2
nzl,1970,20.8
nzl,1971,20.3
nzl,1972,19.8
nzl,1973,19.4
nzl,1974,18.8
nzl,1975,18.3
nzl,1976,17.7
nzl,1977,17.1
nzl,1978,16.6
nzl,1979,16.1
nzl,1980,15.6
nzl,1981,15.2
nzl,1982,14.8
nzl,1983,14.5
nzl,1984,14.1
nzl,1985,13.8
nzl,1986,13.4
nzl,1987,12.9
nzl,1988,12.4
nzl,1989,11.8
nzl,1990,11.2
nzl,1991,10.6
nzl,1992,10.0
nzl,1993,9.5
nzl,1994,9.1
nzl,1995,8.7
nzl,1996,8.4
nzl,1997,8.1
nzl,1998,7.8
nzl,1999,7.6
nzl,2000,7.4
nzl,2001,7.2
nzl,2002,7.0
nzl,2003,6.9
nzl,2004,6.7
nzl,2005,6.6
nzl,2006,6.5
nzl,2007,6.4
nzl,2008,6.4
nzl,2009,6.3
nzl,2010,6.2
nzl,2011,6.1
nzl,2012,6.0
nzl,2013,5.9
nzl,2014,5.8
nzl,2015,5.6
nzl,2016,5.5
nzl,2017,5.4
nzl,2018,5.3
nzl,2019,5.2
nzl,2020,5.1
nzl,2021,5.0
nzl,2022,5.0
nzl,2023,4.9
omn,1959,388.5
omn,1960,370.8
omn,1961,354.4
omn,1962,339.0
omn,1963,324.3
omn,1964,309.7
omn,1965,296.2
omn,1966,282.8
omn,1967,269.4
omn,1968,256.4
omn,1969,243.6
omn,1970,231.0
omn,1971,218.3
omn,1972,206.2
omn,1973,194.1
omn,1974,182.2
omn,1975,170.4
omn,1976,158.5
omn,1977,146.6
omn,1978,135.0
omn,1979,123.6
omn,1980,112.7
omn,1981,102.2
omn,1982,92.2
omn,1983,82.7
omn,1984,74.1
omn,1985,66.4
omn,1986,59.5
omn,1987,53.5
omn,1988,48.2
omn,1989,43.5
omn,1990,39.4
omn,1991,35.6
omn,1992,32.2
omn,1993,29.2
omn,1994,26.6
omn,1995,24.3
omn,1996,22.3
omn,1997,20.6
omn,1998,19.1
omn,1999,17.7
omn,2000,16.5
omn,2001,15.5
omn,2002,14.6
omn,2003,13.9
omn,2004,13.3
omn,2005,12.9
omn,2006,12.5
omn,2007,12.2
omn,2008,12.0
omn,2009,11.9
omn,2010,11.7
omn,2011,11.6
omn,2012,11.4
omn,2013,11.3
omn,2014,11.2
omn,2015,11.1
omn,2016,11.0
omn,2017,11.0
omn,2018,10.9
omn,2019,10.8
omn,2020,10.7
omn,2021,10.6
omn,2022,10.5
omn,2023,10.4
pak,1950,381.4
pak,1951,365.4
pak,1952,349.8
pak,1953,335.3
pak,1954,321.4
pak,1955,308.1
pak,1956,295.6
pak,1957,283.7
pak,1958,272.7
pak,1959,262.5
pak,1960,252.8
pak,1961,243.5
pak,1962,235.0
pak,1963,226.8
pak,1964,219.5
pak,1965,213.1
pak,1966,207.3
pak,1967,202.4
pak,1968,198.1
pak,1969,194.3
pak,1970,190.8
pak,1971,187.5
pak,1972,184.4
pak,1973,181.5
pak,1974,178.9
pak,1975,176.4
pak,1976,174.1
pak,1977,171.9
pak,1978,169.9
pak,1979,167.8
pak,1980,165.7
pak,1981,163.6
pak,1982,161.4
pak,1983,159.1
pak,1984,156.6
pak,1985,153.9
pak,1986,151.3
pak,1987,148.5
pak,1988,145.8
pak,1989,143.1
pak,1990,140.4
pak,1991,137.6
pak,1992,134.6
pak,1993,131.5
pak,1994,128.3
pak,1995,125.0
pak,1996,121.5
pak,1997,117.9
pak,1998,114.5
pak,1999,111.1
pak,2000,107.9
pak,2001,105.1
pak,2002,102.5
pak,2003,100.1
pak,2004,98.0
pak,2005,96.0
pak,2006,94.2
pak,2007,92.3
pak,2008,90.5
pak,2009,88.5
pak,2010,86.5
pak,2011,84.3
pak,2012,82.0
pak,2013,79.6
pak,2014,77.2
pak,2015,74.8
pak,2016,72.4
pak,2017,70.1
pak,2018,67.9
pak,2019,65.8
pak,2020,63.7
pak,2021,61.7
pak,2022,59.7
pak,2023,57.8
pan,1950,120.7
pan,1951,121.6
pan,1952,118.0
pan,1953,114.5
pan,1954,111.1
pan,1955,108.0
pan,1956,104.9
pan,1957,102.1
pan,1958,99.3
pan,1959,96.6
pan,1960,93.9
pan,1961,91.3
pan,1962,88.7
pan,1963,86.1
pan,1964,83.8
pan,1965,81.4
pan,1966,79.2
pan,1967,77.0
pan,1968,74.5
pan,1969,71.8
pan,1970,68.6
pan,1971,65.1
pan,1972,61.5
pan,1973,58.0
pan,1974,54.7
pan,1975,52.0
pan,1976,49.8
pan,1977,47.9
pan,1978,46.4
pan,1979,45.0
pan,1980,43.6
pan,1981,42.2
pan,1982,40.6
pan,1983,39.1
pan,1984,37.4
pan,1985,36.0
pan,1986,34.6
pan,1987,33.4
pan,1988,32.3
pan,1989,31.3
pan,1990,30.4
pan,1991,29.7
pan,1992,29.1
pan,1993,28.7
pan,1994,28.3
pan,1995,28.0
pan,1996,27.7
pan,1997,27.4
pan,1998,26.9
pan,1999,26.4
pan,2000,25.7
pan,2001,25.0
pan,2002,24.2
pan,2003,23.4
pan,2004,22.6
pan,2005,21.9
pan,2006,21.2
pan,2007,20.5
pan,2008,19.8
pan,2009,19.2
pan,2010,18.7
pan,2011,18.3
pan,2012,17.9
pan,2013,17.5
pan,2014,17.3
pan,2015,17.1
pan,2016,17.0
pan,2017,16.7
pan,2018,16.3
pan,2019,15.9
pan,2020,15.5
pan,2021,15.2
pan,2022,15.1
pan,2023,15.1
per,1952,310.1
per,1953,296.8
per,1954,283.9
per,1955,271.6
per,1956,261.1
per,1957,252.0
per,1958,244.4
per,1959,237.5
per,1960,231.1
per,1961,224.6
per,1962,217.9
per,1963,210.8
per,1964,203.6
per,1965,196.6
per,1966,189.9
per,1967,183.6
per,1968,177.9
per,1969,172.5
per,1970,200.1
per,1971,162.4
per,1972,157.6
per,1973,152.8
per,1974,148.1
per,1975,143.6
per,1976,139.8
per,1977,136.3
per,1978,133.2
per,1979,130.3
per,1980,127.3
per,1981,124.1
per,1982,120.3
per,1983,116.0
per,1984,111.1
per,1985,105.7
per,1986,100.2
per,1987,94.8
per,1988,89.7
per,1989,85.1
per,1990,80.6
per,1991,76.2
per,1992,71.8
per,1993,67.3
per,1994,62.7
per,1995,58.1
per,1996,53.6
per,1997,49.3
per,1998,45.3
per,1999,41.7
per,2000,38.3
per,2001,35.3
per,2002,32.7
per,2003,30.4
per,2004,28.4
per,2005,26.6
per,2006,25.0
per,2007,23.6
per,2008,22.3
per,2009,21.2
per,2010,20.2
per,2011,19.3
per,2012,18.5
per,2013,17.8
per,2014,17.2
per,2015,16.6
per,2016,16.1
per,2017,15.7
per,2018,15.3
per,2019,14.9
per,2020,14.5
per,2021,14.1
per,2022,13.7
per,2023,13.3
phl,1950,174.5
phl,1951,164.2
phl,1952,154.6
phl,1953,136.1
phl,1954,130.4
phl,1955,125.2
phl,1956,120.2
phl,1957,115.4
phl,1958,110.9
phl,1959,106.6
phl,1960,102.9
phl,1961,99.7
phl,1962,96.9
phl,1963,94.5
phl,1964,92.5
phl,1965,90.6
phl,1966,88.8
phl,1967,87.1
phl,1968,85.5
phl,1969,84.2
phl,1970,83.2
phl,1971,82.5
phl,1972,82.1
phl,1973,81.9
phl,1974,81.8
phl,1975,81.8
phl,1976,81.6
phl,1977,81.3
phl,1978,80.8
phl,1979,80.0
phl,1980,79.1
phl,1981,78.1
phl,1982,76.9
phl,1983,75.6
phl,1984,74.0
phl,1985,71.9
phl,1986,69.4
phl,1987,66.4
phl,1988,62.9
phl,1989,59.3
phl,1990,55.8
phl,1991,52.6
phl,1992,49.7
phl,1993,47.1
phl,1994,44.9
phl,1995,43.0
phl,1996,41.3
phl,1997,39.9
phl,1998,38.7
phl,1999,37.7
phl,2000,36.8
phl,2001,36.0
phl,2002,35.2
phl,2003,34.4
phl,2004,33.6
phl,2005,32.8
phl,2006,32.0
phl,2007,31.3
phl,2008,30.7
phl,2009,30.1
phl,2010,29.5
phl,2011,29.0
phl,2012,28.6
phl,2013,28.3
phl,2014,28.0
phl,2015,27.9
phl,2016,27.8
phl,2017,27.8
phl,2018,27.9
phl,2019,28.0
phl,2020,28.0
phl,2021,27.9
phl,2022,27.5
phl,2023,27.0
plw,1965,97.0
plw,1966,93.9
plw,1967,90.6
plw,1968,87.4
plw,1969,84.1
plw,1970,80.6
plw,1971,76.8
plw,1972,72.8
plw,1973,68.7
plw,1974,64.6
plw,1975,60.7
plw,1976,57.1
plw,1977,53.8
plw,1978,51.0
plw,1979,48.4
plw,1980,46.2
plw,1981,44.3
plw,1982,42.7
plw,1983,41.3
plw,1984,40.0
plw,1985,39.0
plw,1986,38.1
plw,1987,37.3
plw,1988,36.7
plw,1989,36.1
plw,1990,35.5
plw,1991,34.8
plw,1992,34.1
plw,1993,33.3
plw,1994,32.4
plw,1995,31.5
plw,1996,30.5
plw,1997,29.5
plw,1998,28.5
plw,1999,27.5
plw,2000,26.5
plw,2001,25.5
plw,2002,24.6
plw,2003,23.7
plw,2004,22.9
plw,2005,22.1
plw,2006,21.3
plw,2007,20.6
plw,2008,20.1
plw,2009,19.7
plw,2010,19.5
plw,2011,19.5
plw,2012,19.7
plw,2013,20.1
plw,2014,20.6
plw,2015,21.3
plw,2016,21.9
plw,2017,22.5
plw,2018,22.9
plw,2019,23.0
plw,2020,22.9
plw,2021,22.7
plw,2022,22.4
plw,2023,21.9
png,1948,279.6
png,1949,271.9
png,1950,264.3
png,1951,284.2
png,1952,249.9
png,1953,243.1
png,1954,236.3
png,1955,229.7
png,1956,223.2
png,1957,216.9
png,1958,210.7
png,1959,204.5
png,1960,198.4
png,1961,192.4
png,1962,186.4
png,1963,180.6
png,1964,174.9
png,1965,169.2
png,1966,163.8
png,1967,158.4
png,1968,153.2
png,1969,148.0
png,1970,143.1
png,1971,138.3
png,1972,133.8
png,1973,129.5
png,1974,125.4
png,1975,121.5
png,1976,117.8
png,1977,114.4
png,1978,111.2
png,1979,108.1
png,1980,105.4
png,1981,102.7
png,1982,100.2
png,1983,97.9
png,1984,95.7
png,1985,93.7
png,1986,91.8
png,1987,90.0
png,1988,88.3
png,1989,86.6
png,1990,85.0
png,1991,83.4
png,1992,81.8
png,1993,80.4
png,1994,79.0
png,1995,77.7
png,1996,76.5
png,1997,85.3
png,1998,74.2
png,1999,73.1
png,2000,72.0
png,2001,70.8
png,2002,69.6
png,2003,68.4
png,2004,67.2
png,2005,65.9
png,2006,64.6
png,2007,63.2
png,2008,61.8
png,2009,60.3
png,2010,58.9
png,2011,57.5
png,2012,56.1
png,2013,54.7
png,2014,53.3
png,2015,57.3
png,2016,50.4
png,2017,48.9
png,2018,47.5
png,2019,46.1
png,2020,44.7
png,2021,43.2
png,2022,41.9
png,2023,40.6
pol,1921,304.1
pol,1922,271.6
pol,1927,244.3
pol,1928,233.3
pol,1929,240.6
pol,1930,229.6
pol,1931,227.8
pol,1932,231.5
pol,1933,201.6
pol,1934,225.9
pol,1935,199.7
pol,1936,225.9
pol,1937,216.6
pol,1938,224.1
pol,1948,169.7
pol,1949,162.2
pol,1950,137.1
pol,1951,126.8
pol,1952,117.6
pol,1953,109.5
pol,1954,102.2
pol,1955,95.6
pol,1956,89.4
pol,1957,83.3
pol,1958,77.1
pol,1959,70.7
pol,1960,64.9
pol,1961,60.1
pol,1962,56.1
pol,1963,52.4
pol,1964,48.9
pol,1965,45.7
pol,1966,42.9
pol,1967,40.6
pol,1968,38.8
pol,1969,37.5
pol,1970,36.1
pol,1971,34.3
pol,1972,32.3
pol,1973,30.5
pol,1974,29.1
pol,1975,27.9
pol,1976,27.0
pol,1977,26.2
pol,1978,25.5
pol,1979,24.7
pol,1980,24.0
pol,1981,23.3
pol,1982,22.6
pol,1983,21.9
pol,1984,21.1
pol,1985,20.3
pol,1986,19.6
pol,1987,18.9
pol,1988,18.3
pol,1989,17.9
pol,1990,17.4
pol,1991,16.9
pol,1992,16.5
pol,1993,15.9
pol,1994,15.3
pol,1995,14.4
pol,1996,13.2
pol,1997,12.0
pol,1998,10.9
pol,1999,10.0
pol,2000,9.3
pol,2001,8.8
pol,2002,8.4
pol,2003,8.1
pol,2004,7.8
pol,2005,7.6
pol,2006,7.3
pol,2007,7.0
pol,2008,6.7
pol,2009,6.3
pol,2010,6.0
pol,2011,5.7
pol,2012,5.4
pol,2013,5.2
pol,2014,5.0
pol,2015,4.9
pol,2016,4.8
pol,2017,4.6
pol,2018,4.5
pol,2019,4.5
pol,2020,4.4
pol,2021,4.4
pol,2022,4.3
pol,2023,4.3
prk,1950,463.2
prk,1951,404.9
prk,1952,265.4
prk,1953,218.0
prk,1954,169.0
prk,1955,155.4
prk,1956,143.8
prk,1957,134.3
prk,1958,126.7
prk,1959,120.6
prk,1960,115.8
prk,1961,111.6
prk,1962,107.6
prk,1963,103.6
prk,1964,99.2
prk,1965,94.6
prk,1966,89.6
prk,1967,84.5
prk,1968,79.4
prk,1969,74.5
prk,1970,69.9
prk,1971,65.8
prk,1972,62.0
prk,1973,58.6
prk,1974,55.6
prk,1975,52.8
prk,1976,50.3
prk,1977,48.0
prk,1978,45.9
prk,1979,44.0
prk,1980,42.2
prk,1981,40.5
prk,1982,39.1
prk,1983,38.0
prk,1984,37.1
prk,1985,36.8
prk,1986,36.8
prk,1987,37.8
prk,1988,38.3
prk,1989,39.5
prk,1990,40.7
prk,1991,41.8
prk,1992,42.5
prk,1993,42.7
prk,1994,42.5
prk,1995,107.7
prk,1996,106.2
prk,1997,104.6
prk,1998,103.2
prk,1999,101.7
prk,2000,100.2
prk,2001,99.0
prk,2002,97.8
prk,2003,34.5
prk,2004,33.8
prk,2005,33.3
prk,2006,32.8
prk,2007,32.4
prk,2008,31.0
prk,2009,30.0
prk,2010,28.7
prk,2011,27.2
prk,2012,25.7
prk,2013,24.1
prk,2014,22.6
prk,2015,21.4
prk,2016,20.6
prk,2017,19.1
prk,2018,18.4
prk,2019,17.7
prk,2020,17.4
prk,2021,17.4
prk,2022,17.7
prk,2023,18.0
prt,1910,212.8
prt,1913,260.2
prt,1914,238.8
prt,1915,238.8
prt,1916,249.7
prt,1917,238.8
prt,1918,339.9
prt,1919,295.9
prt,1920,266.8
prt,1921,238.8
prt,1922,231.5
prt,1923,266.8
prt,1924,231.5
prt,1925,209.1
prt,1926,231.5
prt,1927,227.8
prt,1929,244.3
prt,1930,231.5
prt,1931,225.9
prt,1932,237.0
prt,1933,240.6
prt,1934,231.5
prt,1935,240.6
prt,1936,224.1
prt,1937,244.3
prt,1938,218.5
prt,1939,186.6
prt,1940,202.8
prt,1941,245.9
prt,1942,219.0
prt,1943,212.5
prt,1944,194.3
prt,1945,179.9
prt,1946,178.5
prt,1947,157.6
prt,1948,158.1
prt,1949,155.6
prt,1950,149.9
prt,1951,144.6
prt,1952,139.6
prt,1953,135.1
prt,1954,130.9
prt,1955,127.3
prt,1956,124.3
prt,1957,121.8
prt,1958,119.6
prt,1959,117.3
prt,1960,114.3
prt,1961,109.8
prt,1962,104.1
prt,1963,97.7
prt,1964,91.1
prt,1965,85.4
prt,1966,81.0
prt,1967,77.7
prt,1968,74.9
prt,1969,71.9
prt,1970,68.2
prt,1971,63.3
prt,1972,57.8
prt,1973,52.6
prt,1974,47.9
prt,1975,43.5
prt,1976,39.4
prt,1977,35.6
prt,1978,32.4
prt,1979,29.8
prt,1980,27.6
prt,1981,25.8
prt,1982,24.2
prt,1983,22.8
prt,1984,21.6
prt,1985,20.4
prt,1986,19.3
prt,1987,18.2
prt,1988,17.0
prt,1989,15.9
prt,1990,14.7
prt,1991,13.6
prt,1992,12.5
prt,1993,11.4
prt,1994,10.5
prt,1995,9.8
prt,1996,9.2
prt,1997,8.6
prt,1998,8.2
prt,1999,7.7
prt,2000,7.2
prt,2001,6.6
prt,2002,6.0
prt,2003,5.5
prt,2004,5.0
prt,2005,4.7
prt,2006,4.4
prt,2007,4.2
prt,2008,4.0
prt,2009,3.9
prt,2010,3.8
prt,2011,3.7
prt,2012,3.7
prt,2013,3.6
prt,2014,3.6
prt,2015,3.6
prt,2016,3.6
prt,2017,3.6
prt,2018,3.5
prt,2019,3.5
prt,2020,3.4
prt,2021,3.3
prt,2022,3.3
prt,2023,3.2
pry,1951,93.4
pry,1952,92.6
pry,1953,91.9
pry,1954,91.1
pry,1955,90.3
pry,1956,86.5
pry,1957,85.4
pry,1958,84.5
pry,1959,83.7
pry,1960,82.8
pry,1961,82.1
pry,1962,81.4
pry,1963,80.9
pry,1964,80.4
pry,1965,80.0
pry,1966,79.7
pry,1967,79.4
pry,1968,78.9
pry,1969,78.4
pry,1970,77.9
pry,1971,77.3
pry,1972,76.4
pry,1973,75.5
pry,1974,74.4
pry,1975,73.1
pry,1976,71.8
pry,1977,70.3
pry,1978,68.7
pry,1979,67.0
pry,1980,65.1
pry,1981,63.2
pry,1982,61.1
pry,1983,59.1
pry,1984,57.0
pry,1985,54.9
pry,1986,53.0
pry,1987,51.1
pry,1988,49.2
pry,1989,47.3
pry,1990,45.6
pry,1991,43.9
pry,1992,42.4
pry,1993,40.9
pry,1994,39.6
pry,1995,38.4
pry,1996,37.3
pry,1997,36.3
pry,1998,35.3
pry,1999,34.5
pry,2000,33.6
pry,2001,32.8
pry,2002,32.0
pry,2003,31.3
pry,2004,30.5
pry,2005,29.7
pry,2006,28.9
pry,2007,28.2
pry,2008,27.3
pry,2009,26.5
pry,2010,25.7
pry,2011,24.9
pry,2012,24.2
pry,2013,23.4
pry,2014,22.7
pry,2015,21.9
pry,2016,21.2
pry,2017,20.5
pry,2018,19.9
pry,2019,19.2
pry,2020,18.6
pry,2021,18.0
pry,2022,17.5
pry,2023,16.9
pse,1975,109.0
pse,1976,102.5
pse,1977,96.3
pse,1978,90.5
pse,1979,85.1
pse,1980,80.1
pse,1981,75.3
pse,1982,70.9
pse,1983,66.7
pse,1984,62.9
pse,1985,59.3
pse,1986,55.9
pse,1987,52.9
pse,1988,50.0
pse,1989,47.4
pse,1990,45.1
pse,1991,43.0
pse,1992,41.1
pse,1993,39.4
pse,1994,37.8
pse,1995,36.3
pse,1996,34.9
pse,1997,33.6
pse,1998,32.5
pse,1999,31.3
pse,2000,30.3
pse,2001,29.4
pse,2002,28.5
pse,2003,27.7
pse,2004,26.8
pse,2005,26.0
pse,2006,25.1
pse,2007,24.3
pse,2008,23.5
pse,2009,22.7
pse,2010,21.9
pse,2011,21.1
pse,2012,20.3
pse,2013,19.6
pse,2014,21.9
pse,2015,18.2
pse,2016,17.5
pse,2017,16.9
pse,2018,16.3
pse,2019,15.7
pse,2020,15.2
pse,2021,14.6
pse,2022,14.1
pse,2023,41.9
qat,1960,138.4
qat,1968,63.7
qat,1969,70.3
qat,1970,65.7
qat,1971,61.4
qat,1972,57.4
qat,1973,53.8
qat,1974,50.5
qat,1975,47.4
qat,1976,44.7
qat,1977,42.2
qat,1978,39.9
qat,1979,37.9
qat,1980,36.1
qat,1981,34.4
qat,1982,32.8
qat,1983,31.3
qat,1984,29.7
qat,1985,28.2
qat,1986,26.7
qat,1987,25.2
qat,1988,23.7
qat,1989,22.3
qat,1990,20.8
qat,1991,19.5
qat,1992,18.2
qat,1993,17.1
qat,1994,16.1
qat,1995,15.3
qat,1996,14.6
qat,1997,14.0
qat,1998,13.4
qat,1999,12.9
qat,2000,12.5
qat,2001,12.0
qat,2002,11.6
qat,2003,11.2
qat,2004,10.8
qat,2005,10.4
qat,2006,10.1
qat,2007,9.8
qat,2008,9.6
qat,2009,9.3
qat,2010,9.1
qat,2011,8.9
qat,2012,8.7
qat,2013,8.4
qat,2014,8.1
qat,2015,7.8
qat,2016,7.5
qat,2017,7.1
qat,2018,6.8
qat,2019,6.6
qat,2020,6.3
qat,2021,6.2
qat,2022,6.1
qat,2023,6.0
rou,1864,398.0
rou,1865,356.0
rou,1866,388.3
rou,1867,315.5
rou,1868,330.1
rou,1869,313.9
rou,1870,258.5
rou,1871,231.5
rou,1872,322.0
rou,1873,310.6
rou,1874,348.0
rou,1875,330.1
rou,1876,318.8
rou,1877,309.0
rou,1878,364.1
rou,1879,300.8
rou,1880,373.8
rou,1881,287.7
rou,1882,323.6
rou,1883,284.4
rou,1884,289.3
rou,1885,276.2
rou,1886,297.5
rou,1887,313.9
rou,1888,323.6
rou,1889,310.6
rou,1890,343.1
rou,1891,339.9
rou,1892,394.8
rou,1893,352.8
rou,1894,368.9
rou,1895,326.9
rou,1896,373.8
rou,1897,349.6
rou,1898,360.9
rou,1899,322.0
rou,1900,320.4
rou,1901,328.5
rou,1902,344.7
rou,1903,477.5
rou,1912,351.2
rou,1913,378.6
rou,1914,352.8
rou,1915,323.6
rou,1920,359.3
rou,1921,325.3
rou,1922,336.6
rou,1923,336.6
rou,1924,326.9
rou,1925,312.3
rou,1926,315.5
rou,1927,339.9
rou,1928,299.1
rou,1929,320.4
rou,1930,286.0
rou,1931,292.6
rou,1932,300.8
rou,1933,282.7
rou,1934,295.9
rou,1935,312.3
rou,1936,284.4
rou,1937,289.3
rou,1938,297.5
rou,1939,286.0
rou,1940,305.7
rou,1941,270.0
rou,1942,289.3
rou,1943,299.1
rou,1944,263.5
rou,1945,305.7
rou,1946,266.8
rou,1947,325.3
rou,1948,229.6
rou,1949,216.6
rou,1950,180.9
rou,1951,182.8
rou,1952,158.5
rou,1953,142.0
rou,1954,129.4
rou,1955,101.4
rou,1956,99.8
rou,1957,98.5
rou,1958,96.6
rou,1959,93.5
rou,1960,88.0
rou,1961,79.6
rou,1962,70.1
rou,1963,61.3
rou,1964,55.0
rou,1965,52.9
rou,1966,56.7
rou,1967,63.7
rou,1968,66.9
rou,1969,62.4
rou,1970,55.3
rou,1971,50.1
rou,1972,47.1
rou,1973,45.3
rou,1974,43.9
rou,1975,42.5
rou,1976,40.7
rou,1977,38.8
rou,1978,37.4
rou,1979,36.7
rou,1980,35.9
rou,1981,34.4
rou,1982,32.6
rou,1983,31.3
rou,1984,30.9
rou,1985,31.5
rou,1986,33.0
rou,1987,34.6
rou,1988,34.8
rou,1989,33.1
rou,1990,30.9
rou,1991,29.5
rou,1992,28.7
rou,1993,28.2
rou,1994,27.6
rou,1995,27.0
rou,1996,26.5
rou,1997,25.8
rou,1998,24.6
rou,1999,22.9
rou,2000,21.4
rou,2001,20.6
rou,2002,20.2
rou,2003,19.9
rou,2004,19.3
rou,2005,18.2
rou,2006,16.7
rou,2007,15.2
rou,2008,13.9
rou,2009,13.0
rou,2010,12.4
rou,2011,11.8
rou,2012,11.2
rou,2013,10.6
rou,2014,9.9
rou,2015,9.2
rou,2016,8.5
rou,2017,7.9
rou,2018,7.3
rou,2019,6.8
rou,2020,6.5
rou,2021,6.4
rou,2022,6.6
rou,2023,6.9
rus,1867,394.8
rus,1868,485.6
rus,1869,446.6
rus,1870,402.9
rus,1871,445.0
rus,1872,479.1
rus,1873,425.5
rus,1874,425.5
rus,1875,432.0
rus,1876,451.5
rus,1877,422.2
rus,1878,487.2
rus,1879,409.3
rus,1880,464.5
rus,1881,409.3
rus,1882,488.8
rus,1883,461.2
rus,1884,412.5
rus,1885,438.5
rus,1886,402.9
rus,1887,415.7
rus,1888,406.1
rus,1889,446.6
rus,1890,474.2
rus,1891,441.7
rus,1892,498.6
rus,1893,409.3
rus,1894,430.4
rus,1895,453.1
rus,1896,445.0
rus,1897,422.2
rus,1898,453.1
rus,1899,390.0
rus,1900,409.3
rus,1901,441.7
rus,1902,419.0
rus,1903,406.1
rus,1904,377.0
rus,1905,441.7
rus,1906,402.9
rus,1907,365.7
rus,1908,396.4
rus,1909,402.9
rus,1910,440.1
rus,1911,385.1
rus,1958,52.4
rus,1959,48.9
rus,1960,45.6
rus,1961,42.6
rus,1962,39.9
rus,1963,37.6
rus,1964,35.5
rus,1965,33.8
rus,1966,32.4
rus,1967,31.2
rus,1968,30.2
rus,1969,29.4
rus,1970,28.9
rus,1971,28.4
rus,1972,28.1
rus,1973,27.8
rus,1974,27.7
rus,1975,27.6
rus,1976,27.6
rus,1977,27.6
rus,1978,27.6
rus,1979,27.5
rus,1980,27.3
rus,1981,27.0
rus,1982,26.6
rus,1983,26.2
rus,1984,25.7
rus,1985,25.0
rus,1986,24.2
rus,1987,23.4
rus,1988,22.6
rus,1989,22.0
rus,1990,21.6
rus,1991,21.6
rus,1992,21.7
rus,1993,21.9
rus,1994,22.1
rus,1995,22.0
rus,1996,21.7
rus,1997,21.3
rus,1998,20.8
rus,1999,20.2
rus,2000,19.4
rus,2001,18.4
rus,2002,17.3
rus,2003,16.1
rus,2004,15.0
rus,2005,13.9
rus,2006,12.8
rus,2007,12.0
rus,2008,11.3
rus,2009,10.7
rus,2010,10.4
rus,2011,10.2
rus,2012,9.9
rus,2013,9.5
rus,2014,8.9
rus,2015,8.2
rus,2016,7.5
rus,2017,6.9
rus,2018,6.4
rus,2019,6.0
rus,2020,5.7
rus,2021,5.5
rus,2022,5.4
rus,2023,5.3
rwa,1954,250.1
rwa,1955,244.5
rwa,1956,245.5
rwa,1957,238.0
rwa,1958,230.8
rwa,1959,223.9
rwa,1960,217.7
rwa,1961,213.0
rwa,1962,209.6
rwa,1963,207.6
rwa,1964,207.0
rwa,1965,207.4
rwa,1966,208.8
rwa,1967,211.0
rwa,1968,213.6
rwa,1969,216.8
rwa,1970,220.3
rwa,1971,224.0
rwa,1972,227.8
rwa,1973,233.0
rwa,1974,239.0
rwa,1975,245.4
rwa,1976,250.2
rwa,1977,251.3
rwa,1978,246.2
rwa,1979,234.6
rwa,1980,219.0
rwa,1981,202.0
rwa,1982,186.6
rwa,1983,174.5
rwa,1984,166.6
rwa,1985,160.9
rwa,1986,155.7
rwa,1987,151.3
rwa,1988,148.1
rwa,1989,147.3
rwa,1990,150.7
rwa,1991,160.4
rwa,1992,175.6
rwa,1993,192.8
rwa,1994,389.0
rwa,1995,218.4
rwa,1996,222.3
rwa,1997,221.4
rwa,1998,213.9
rwa,1999,200.6
rwa,2000,184.2
rwa,2001,166.5
rwa,2002,149.1
rwa,2003,132.7
rwa,2004,117.5
rwa,2005,104.5
rwa,2006,93.4
rwa,2007,84.1
rwa,2008,76.0
rwa,2009,69.1
rwa,2010,63.3
rwa,2011,58.1
rwa,2012,54.2
rwa,2013,51.4
rwa,2014,49.2
rwa,2015,47.3
rwa,2016,45.8
rwa,2017,44.7
rwa,2018,43.7
rwa,2019,42.7
rwa,2020,41.6
rwa,2021,40.6
rwa,2022,39.7
rwa,2023,38.8
sau,1960,242.5
sau,1970,182.8
sau,1971,171.2
sau,1972,159.4
sau,1973,148.9
sau,1974,139.2
sau,1975,130.4
sau,1976,122.0
sau,1977,114.0
sau,1978,106.6
sau,1979,99.6
sau,1980,93.1
sau,1981,86.8
sau,1982,80.9
sau,1983,75.2
sau,1984,70.0
sau,1985,65.0
sau,1986,60.3
sau,1987,55.9
sau,1988,51.7
sau,1989,47.7
sau,1990,44.1
sau,1991,40.8
sau,1992,37.8
sau,1993,35.1
sau,1994,32.6
sau,1995,30.3
sau,1996,28.3
sau,1997,26.5
sau,1998,24.8
sau,1999,23.3
sau,2000,21.9
sau,2001,20.6
sau,2002,19.4
sau,2003,18.4
sau,2004,17.3
sau,2005,16.3
sau,2006,15.4
sau,2007,14.5
sau,2008,13.7
sau,2009,12.9
sau,2010,12.1
sau,2011,11.4
sau,2012,10.8
sau,2013,10.1
sau,2014,9.6
sau,2015,9.0
sau,2016,8.5
sau,2017,8.0
sau,2018,7.6
sau,2019,7.2
sau,2020,6.9
sau,2021,6.7
sau,2022,6.4
sau,2023,6.2
sdn,1953,200.1
sdn,1954,197.1
sdn,1955,194.1
sdn,1956,191.0
sdn,1957,187.8
sdn,1958,184.7
sdn,1959,181.8
sdn,1960,178.9
sdn,1961,176.3
sdn,1962,173.6
sdn,1963,171.0
sdn,1964,168.7
sdn,1965,166.5
sdn,1966,164.6
sdn,1967,162.9
sdn,1968,161.4
sdn,1969,160.1
sdn,1970,159.0
sdn,1971,158.0
sdn,1972,157.0
sdn,1973,156.1
sdn,1974,155.0
sdn,1975,153.9
sdn,1976,152.6
sdn,1977,151.4
sdn,1978,150.1
sdn,1979,149.0
sdn,1980,147.7
sdn,1981,146.6
sdn,1982,145.4
sdn,1983,182.7
sdn,1984,180.5
sdn,1985,178.3
sdn,1986,139.4
sdn,1987,137.5
sdn,1988,297.0
sdn,1989,133.2
sdn,1990,130.9
sdn,1991,128.4
sdn,1992,125.9
sdn,1993,123.3
sdn,1994,120.6
sdn,1995,117.8
sdn,1996,114.9
sdn,1997,111.8
sdn,1998,148.3
sdn,1999,105.3
sdn,2000,102.0
sdn,2001,98.6
sdn,2002,95.2
sdn,2003,91.9
sdn,2004,101.1
sdn,2005,98.8
sdn,2006,83.0
sdn,2007,80.4
sdn,2008,77.9
sdn,2009,75.5
sdn,2010,73.4
sdn,2011,71.3
sdn,2012,69.3
sdn,2013,67.3
sdn,2014,65.4
sdn,2015,63.5
sdn,2016,61.6
sdn,2017,59.7
sdn,2018,57.8
sdn,2019,56.1
sdn,2020,54.3
sdn,2021,52.7
sdn,2022,51.0
sdn,2023,63.1
sen,1944,370.6
sen,1945,365.5
sen,1946,359.6
sen,1947,354.0
sen,1948,348.8
sen,1949,343.2
sen,1950,337.4
sen,1951,331.8
sen,1952,326.3
sen,1953,320.5
sen,1954,315.2
sen,1955,310.0
sen,1956,305.3
sen,1957,301.2
sen,1958,298.2
sen,1959,296.2
sen,1960,295.3
sen,1961,295.4
sen,1962,296.0
sen,1963,296.8
sen,1964,297.3
sen,1965,297.4
sen,1966,296.9
sen,1967,295.9
sen,1968,294.3
sen,1969,291.9
sen,1970,288.3
sen,1971,283.5
sen,1972,277.3
sen,1973,270.1
sen,1974,261.9
sen,1975,252.7
sen,1976,242.2
sen,1977,231.3
sen,1978,221.1
sen,1979,212.0
sen,1980,204.2
sen,1981,197.6
sen,1982,191.7
sen,1983,185.7
sen,1984,178.9
sen,1985,171.1
sen,1986,162.6
sen,1987,154.3
sen,1988,146.9
sen,1989,141.2
sen,1990,137.2
sen,1991,135.2
sen,1992,134.6
sen,1993,135.0
sen,1994,136.0
sen,1995,137.0
sen,1996,137.8
sen,1997,137.9
sen,1998,136.7
sen,1999,133.8
sen,2000,128.9
sen,2001,121.7
sen,2002,113.2
sen,2003,104.2
sen,2004,95.5
sen,2005,87.6
sen,2006,80.8
sen,2007,75.0
sen,2008,70.1
sen,2009,66.1
sen,2010,62.8
sen,2011,60.0
sen,2012,57.6
sen,2013,55.5
sen,2014,53.7
sen,2015,52.2
sen,2016,50.8
sen,2017,49.4
sen,2018,47.9
sen,2019,46.2
sen,2020,44.2
sen,2021,42.2
sen,2022,40.1
sen,2023,38.2
sgp,1930,348.0
sgp,1931,322.0
sgp,1932,287.7
sgp,1933,273.2
sgp,1934,274.7
sgp,1935,258.5
sgp,1936,279.4
sgp,1937,251.5
sgp,1938,258.5
sgp,1939,207.2
sgp,1940,229.6
sgp,1943,315.5
sgp,1944,462.8
sgp,1945,351.2
sgp,1946,131.2
sgp,1947,125.9
sgp,1948,115.4
sgp,1949,100.2
sgp,1950,117.2
sgp,1951,105.2
sgp,1952,96.9
sgp,1953,84.8
sgp,1954,78.0
sgp,1955,71.8
sgp,1956,66.5
sgp,1957,61.5
sgp,1958,56.7
sgp,1959,52.1
sgp,1960,47.7
sgp,1961,43.7
sgp,1962,40.5
sgp,1963,38.2
sgp,1964,36.5
sgp,1965,34.9
sgp,1966,33.4
sgp,1967,31.8
sgp,1968,30.2
sgp,1969,28.6
sgp,1970,27.1
sgp,1971,25.7
sgp,1972,24.0
sgp,1973,21.8
sgp,1974,19.5
sgp,1975,17.6
sgp,1976,16.2
sgp,1977,15.4
sgp,1978,15.1
sgp,1979,15.0
sgp,1980,14.7
sgp,1981,14.0
sgp,1982,13.2
sgp,1983,12.3
sgp,1984,11.6
sgp,1985,10.9
sgp,1986,10.3
sgp,1987,9.7
sgp,1988,9.1
sgp,1989,8.4
sgp,1990,7.7
sgp,1991,6.9
sgp,1992,6.3
sgp,1993,5.8
sgp,1994,5.4
sgp,1995,5.1
sgp,1996,4.8
sgp,1997,4.6
sgp,1998,4.3
sgp,1999,4.1
sgp,2000,3.9
sgp,2001,3.6
sgp,2002,3.4
sgp,2003,3.2
sgp,2004,3.1
sgp,2005,3.0
sgp,2006,2.9
sgp,2007,2.9
sgp,2008,2.8
sgp,2009,2.8
sgp,2010,2.8
sgp,2011,2.8
sgp,2012,2.8
sgp,2013,2.8
sgp,2014,2.7
sgp,2015,2.7
sgp,2016,2.6
sgp,2017,2.6
sgp,2018,2.5
sgp,2019,2.5
sgp,2020,2.4
sgp,2021,2.4
sgp,2022,2.5
sgp,2023,2.6
slb,1943,280.6
slb,1944,273.1
slb,1945,265.9
slb,1946,258.6
slb,1947,251.8
slb,1948,245.2
slb,1949,238.4
slb,1950,232.1
slb,1951,225.7
slb,1952,219.4
slb,1953,212.8
slb,1954,206.4
slb,1955,199.9
slb,1956,193.3
slb,1957,186.8
slb,1958,180.3
slb,1959,173.7
slb,1960,167.1
slb,1961,160.4
slb,1962,153.7
slb,1963,147.0
slb,1964,140.4
slb,1965,133.8
slb,1966,127.1
slb,1967,120.3
slb,1968,113.3
slb,1969,106.3
slb,1970,99.6
slb,1971,93.1
slb,1972,87.0
slb,1973,81.2
slb,1974,75.9
slb,1975,78.8
slb,1976,66.6
slb,1977,62.6
slb,1978,59.2
slb,1979,56.1
slb,1980,53.4
slb,1981,51.1
slb,1982,49.0
slb,1983,47.1
slb,1984,45.5
slb,1985,44.0
slb,1986,42.6
slb,1987,41.4
slb,1988,40.2
slb,1989,39.1
slb,1990,38.1
slb,1991,37.1
slb,1992,36.1
slb,1993,35.2
slb,1994,34.3
slb,1995,33.5
slb,1996,32.8
slb,1997,32.1
slb,1998,31.5
slb,1999,31.0
slb,2000,30.5
slb,2001,30.2
slb,2002,29.8
slb,2003,29.6
slb,2004,29.3
slb,2005,29.1
slb,2006,28.8
slb,2007,28.4
slb,2008,28.0
slb,2009,27.6
slb,2010,27.2
slb,2011,26.7
slb,2012,26.2
slb,2013,25.8
slb,2014,25.4
slb,2015,25.0
slb,2016,24.6
slb,2017,24.1
slb,2018,23.6
slb,2019,23.1
slb,2020,22.5
slb,2021,21.9
slb,2022,21.3
slb,2023,20.6
sle,1956,413.8
sle,1957,407.7
sle,1958,401.4
sle,1959,395.8
sle,1960,390.0
sle,1961,384.4
sle,1962,378.7
sle,1963,372.9
sle,1964,367.2
sle,1965,361.1
sle,1966,355.1
sle,1967,349.0
sle,1968,343.2
sle,1969,337.5
sle,1970,332.1
sle,1971,326.6
sle,1972,321.5
sle,1973,316.5
sle,1974,311.9
sle,1975,307.2
sle,1976,302.7
sle,1977,298.2
sle,1978,294.0
sle,1979,290.0
sle,1980,286.1
sle,1981,282.6
sle,1982,279.2
sle,1983,276.1
sle,1984,273.1
sle,1985,270.3
sle,1986,267.5
sle,1987,264.8
sle,1988,262.2
sle,1989,260.1
sle,1990,258.0
sle,1991,256.0
sle,1992,253.8
sle,1993,251.7
sle,1994,249.1
sle,1995,245.9
sle,1996,242.2
sle,1997,237.9
sle,1998,233.1
sle,1999,228.2
sle,2000,222.8
sle,2001,217.3
sle,2002,211.6
sle,2003,205.7
sle,2004,199.6
sle,2005,193.2
sle,2006,186.5
sle,2007,179.6
sle,2008,172.4
sle,2009,165.2
sle,2010,157.9
sle,2011,150.8
sle,2012,144.1
sle,2013,137.9
sle,2014,135.9
sle,2015,136.8
sle,2016,121.8
sle,2017,117.0
sle,2018,112.4
sle,2019,108.3
sle,2020,104.4
sle,2021,100.6
sle,2022,97.1
sle,2023,93.8
slv,1955,224.3
slv,1956,219.3
slv,1957,214.2
slv,1958,209.6
slv,1959,205.2
slv,1960,200.9
slv,1961,196.5
slv,1962,192.4
slv,1963,188.0
slv,1964,183.8
slv,1965,179.7
slv,1966,175.5
slv,1967,171.2
slv,1968,167.2
slv,1969,162.9
slv,1970,158.6
slv,1971,154.3
slv,1972,149.7
slv,1973,144.9
slv,1974,140.1
slv,1975,134.9
slv,1976,129.5
slv,1977,123.9
slv,1978,118.3
slv,1979,112.7
slv,1980,127.5
slv,1981,101.4
slv,1982,95.8
slv,1983,90.3
slv,1984,85.0
slv,1985,80.0
slv,1986,75.2
slv,1987,70.8
slv,1988,66.8
slv,1989,63.0
slv,1990,59.5
slv,1991,56.2
slv,1992,53.0
slv,1993,50.0
slv,1994,47.0
slv,1995,44.2
slv,1996,41.4
slv,1997,38.9
slv,1998,36.4
slv,1999,34.2
slv,2000,32.2
slv,2001,30.3
slv,2002,28.6
slv,2003,26.9
slv,2004,25.4
slv,2005,24.0
slv,2006,22.7
slv,2007,21.5
slv,2008,20.4
slv,2009,19.4
slv,2010,18.4
slv,2011,17.6
slv,2012,16.7
slv,2013,16.0
slv,2014,15.3
slv,2015,14.6
slv,2016,13.9
slv,2017,13.3
slv,2018,12.7
slv,2019,12.2
slv,2020,11.7
slv,2021,11.2
slv,2022,10.8
slv,2023,10.4
smr,1985,20.2
smr,1986,18.4
smr,1987,16.8
smr,1988,15.2
smr,1989,13.9
smr,1990,12.7
smr,1991,11.6
smr,1992,10.6
smr,1993,9.7
smr,1994,8.8
smr,1995,8.1
smr,1996,7.4
smr,1997,6.8
smr,1998,6.2
smr,1999,5.7
smr,2000,5.2
smr,2001,4.8
smr,2002,4.5
smr,2003,4.1
smr,2004,3.8
smr,2005,3.6
smr,2006,3.3
smr,2007,3.1
smr,2008,2.9
smr,2009,2.7
smr,2010,2.6
smr,2011,2.4
smr,2012,2.3
smr,2013,2.1
smr,2014,2.0
smr,2015,1.9
smr,2016,1.8
smr,2017,1.7
smr,2018,1.6
smr,2019,1.5
smr,2020,1.5
smr,2021,1.4
smr,2022,1.4
smr,2023,1.3
som,1982,203.8
som,1983,200.1
som,1984,196.6
som,1985,193.9
som,1986,191.7
som,1987,189.6
som,1988,187.0
som,1989,184.0
som,1990,180.4
som,1991,366.5
som,1992,376.6
som,1993,368.3
som,1994,173.2
som,1995,173.2
som,1996,173.2
som,1997,173.2
som,1998,173.2
som,1999,173.2
som,2000,173.2
som,2001,173.2
som,2002,173.2
som,2003,173.2
som,2004,173.2
som,2005,173.2
som,2006,172.6
som,2007,170.5
som,2008,166.7
som,2009,162.4
som,2010,186.7
som,2011,363.1
som,2012,185.4
som,2013,143.2
som,2014,138.6
som,2015,134.3
som,2016,130.2
som,2017,156.4
som,2018,136.4
som,2019,118.4
som,2020,114.7
som,2021,111.0
som,2022,143.1
som,2023,104.3
srb,1888,224.1
srb,1889,251.5
srb,1890,233.3
srb,1891,271.6
srb,1892,318.8
srb,1893,284.4
srb,1894,265.2
srb,1895,256.7
srb,1896,271.6
srb,1897,271.6
srb,1898,261.9
srb,1899,246.1
srb,1900,242.5
srb,1901,233.3
srb,1902,244.3
srb,1903,244.3
srb,1904,214.7
srb,1905,265.2
srb,1906,229.6
srb,1907,237.0
srb,1908,256.7
srb,1909,294.2
srb,1910,222.2
srb,1983,46.7
srb,1984,40.7
srb,1985,39.1
srb,1986,37.8
srb,1987,36.3
srb,1988,34.0
srb,1989,30.9
srb,1990,28.0
srb,1991,26.0
srb,1992,24.5
srb,1993,23.2
srb,1994,21.5
srb,1995,19.5
srb,1996,17.4
srb,1997,15.5
srb,1998,14.1
srb,1999,13.3
srb,2000,12.7
srb,2001,12.1
srb,2002,11.4
srb,2003,10.6
srb,2004,9.7
srb,2005,9.0
srb,2006,8.5
srb,2007,8.1
srb,2008,7.9
srb,2009,7.8
srb,2010,7.6
srb,2011,7.4
srb,2012,7.1
srb,2013,6.8
srb,2014,6.6
srb,2015,6.3
srb,2016,6.1
srb,2017,5.9
srb,2018,5.8
srb,2019,5.6
srb,2020,5.5
srb,2021,5.4
srb,2022,5.4
srb,2023,5.4
ssd,1954,368.4
ssd,1955,365.6
ssd,1956,362.9
ssd,1957,360.3
ssd,1958,357.4
ssd,1959,355.1
ssd,1960,352.6
ssd,1961,350.0
ssd,1962,347.2
ssd,1963,388.3
ssd,1964,341.2
ssd,1965,338.3
ssd,1966,410.9
ssd,1967,407.0
ssd,1968,403.5
ssd,1969,409.4
ssd,1970,405.2
ssd,1971,317.7
ssd,1972,314.3
ssd,1973,311.0
ssd,1974,307.2
ssd,1975,303.9
ssd,1976,300.6
ssd,1977,297.1
ssd,1978,293.1
ssd,1979,289.4
ssd,1980,286.0
ssd,1981,282.6
ssd,1982,279.2
ssd,1983,275.9
ssd,1984,272.5
ssd,1985,268.7
ssd,1986,265.0
ssd,1987,357.8
ssd,1988,780.9
ssd,1989,305.7
ssd,1990,301.3
ssd,1991,295.6
ssd,1992,337.1
ssd,1993,330.6
ssd,1994,227.6
ssd,1995,268.0
ssd,1996,259.7
ssd,1997,250.9
ssd,1998,430.8
ssd,1999,189.0
ssd,2000,180.1
ssd,2001,171.1
ssd,2002,162.2
ssd,2003,153.7
ssd,2004,145.8
ssd,2005,138.4
ssd,2006,131.5
ssd,2007,124.9
ssd,2008,118.7
ssd,2009,112.7
ssd,2010,107.2
ssd,2011,102.3
ssd,2012,98.9
ssd,2013,97.2
ssd,2014,182.6
ssd,2015,240.8
ssd,2016,272.9
ssd,2017,292.0
ssd,2018,133.7
ssd,2019,96.7
ssd,2020,96.7
ssd,2021,96.7
ssd,2022,96.7
ssd,2023,96.7
stp,1965,95.4
stp,1966,92.6
stp,1967,90.1
stp,1968,88.0
stp,1969,86.8
stp,1970,86.1
stp,1971,86.2
stp,1972,86.7
stp,1973,87.3
stp,1974,88.0
stp,1975,88.6
stp,1976,89.2
stp,1977,89.6
stp,1978,90.1
stp,1979,90.7
stp,1980,91.5
stp,1981,92.8
stp,1982,94.4
stp,1983,96.2
stp,1984,98.5
stp,1985,100.7
stp,1986,114.8
stp,1987,104.8
stp,1988,106.4
stp,1989,107.7
stp,1990,108.7
stp,1991,109.4
stp,1992,109.4
stp,1993,108.7
stp,1994,107.2
stp,1995,104.7
stp,1996,101.4
stp,1997,97.4
stp,1998,92.7
stp,1999,87.6
stp,2000,82.2
stp,2001,76.7
stp,2002,71.1
stp,2003,65.7
stp,2004,60.5
stp,2005,55.7
stp,2006,51.1
stp,2007,46.9
stp,2008,43.1
stp,2009,39.5
stp,2010,36.2
stp,2011,33.2
stp,2012,30.4
stp,2013,27.9
stp,2014,25.5
stp,2015,23.3
stp,2016,21.3
stp,2017,19.6
stp,2018,18.2
stp,2019,17.1
stp,2020,16.1
stp,2021,15.3
stp,2022,14.7
stp,2023,14.1
sur,1982,71.9
sur,1983,56.6
sur,1984,54.8
sur,1985,53.0
sur,1986,51.3
sur,1987,49.6
sur,1988,48.0
sur,1989,46.4
sur,1990,44.8
sur,1991,43.3
sur,1992,41.8
sur,1993,40.3
sur,1994,38.8
sur,1995,37.4
sur,1996,36.0
sur,1997,34.6
sur,1998,33.4
sur,1999,32.2
sur,2000,31.0
sur,2001,30.0
sur,2002,29.0
sur,2003,28.1
sur,2004,27.2
sur,2005,26.5
sur,2006,25.7
sur,2007,25.1
sur,2008,24.4
sur,2009,23.8
sur,2010,23.2
sur,2011,22.7
sur,2012,22.2
sur,2013,21.6
sur,2014,21.1
sur,2015,20.6
sur,2016,20.1
sur,2017,19.5
sur,2018,18.9
sur,2019,18.4
sur,2020,17.9
sur,2021,17.4
sur,2022,16.8
sur,2023,16.3
svk,1949,142.8
svk,1950,121.7
svk,1951,103.6
svk,1952,88.6
svk,1953,76.2
svk,1954,66.2
svk,1955,58.2
svk,1956,51.7
svk,1957,46.6
svk,1958,42.4
svk,1959,39.2
svk,1960,36.6
svk,1961,34.6
svk,1962,33.1
svk,1963,32.1
svk,1964,31.4
svk,1965,30.8
svk,1966,30.5
svk,1967,30.2
svk,1968,30.0
svk,1969,29.7
svk,1970,29.5
svk,1971,29.2
svk,1972,28.9
svk,1973,28.4
svk,1974,27.8
svk,1975,27.2
svk,1976,26.4
svk,1977,25.5
svk,1978,24.6
svk,1979,23.6
svk,1980,22.7
svk,1981,21.7
svk,1982,20.8
svk,1983,19.9
svk,1984,19.1
svk,1985,18.2
svk,1986,17.3
svk,1987,16.5
svk,1988,15.9
svk,1989,15.3
svk,1990,14.7
svk,1991,14.2
svk,1992,13.7
svk,1993,13.1
svk,1994,12.5
svk,1995,12.0
svk,1996,11.5
svk,1997,10.9
svk,1998,10.5
svk,1999,10.0
svk,2000,9.6
svk,2001,9.3
svk,2002,9.1
svk,2003,8.8
svk,2004,8.6
svk,2005,8.3
svk,2006,8.0
svk,2007,7.7
svk,2008,7.4
svk,2009,7.1
svk,2010,6.9
svk,2011,6.7
svk,2012,6.6
svk,2013,6.4
svk,2014,6.3
svk,2015,6.2
svk,2016,6.1
svk,2017,6.0
svk,2018,5.9
svk,2019,5.9
svk,2020,5.9
svk,2021,6.0
svk,2022,6.1
svk,2023,6.2
svn,1960,46.9
svn,1970,30.6
svn,1980,19.3
svn,1981,17.8
svn,1982,16.9
svn,1983,16.1
svn,1984,15.3
svn,1985,14.4
svn,1986,13.6
svn,1987,12.7
svn,1988,11.9
svn,1989,11.1
svn,1990,10.4
svn,1991,9.7
svn,1992,9.0
svn,1993,8.4
svn,1994,7.9
svn,1995,7.3
svn,1996,6.9
svn,1997,6.5
svn,1998,6.1
svn,1999,5.8
svn,2000,5.4
svn,2001,5.2
svn,2002,4.9
svn,2003,4.7
svn,2004,4.4
svn,2005,4.2
svn,2006,4.0
svn,2007,3.8
svn,2008,3.6
svn,2009,3.4
svn,2010,3.2
svn,2011,3.1
svn,2012,2.9
svn,2013,2.8
svn,2014,2.7
svn,2015,2.6
svn,2016,2.5
svn,2017,2.5
svn,2018,2.4
svn,2019,2.4
svn,2020,2.4
svn,2021,2.3
svn,2022,2.3
svn,2023,2.3
swe,1800,381.1
swe,1801,328.8
swe,1802,282.9
swe,1803,275.3
swe,1804,271.7
swe,1805,265.9
swe,1806,332.8
swe,1807,278.3
swe,1808,349.6
swe,1809,365.9
swe,1810,346.0
swe,1811,324.6
swe,1812,312.2
swe,1813,303.6
swe,1814,299.4
swe,1815,274.6
swe,1816,273.5
swe,1817,276.1
swe,1818,269.7
swe,1819,293.6
swe,1820,260.8
swe,1821,305.1
swe,1822,245.0
swe,1823,217.6
swe,1824,224.6
swe,1825,227.9
swe,1826,242.2
swe,1827,226.3
swe,1828,282.1
swe,1829,303.0
swe,1830,254.9
swe,1831,275.9
swe,1832,256.0
swe,1833,244.4
swe,1834,252.6
swe,1835,200.0
swe,1836,225.0
swe,1837,279.7
swe,1838,253.6
swe,1839,251.6
swe,1840,220.7
swe,1841,220.8
swe,1842,242.4
swe,1843,232.7
swe,1844,226.2
swe,1845,214.8
swe,1846,249.7
swe,1847,270.1
swe,1848,212.4
swe,1849,227.0
swe,1850,217.9
swe,1851,232.3
swe,1852,250.3
swe,1853,257.4
swe,1854,219.7
swe,1855,226.2
swe,1856,245.9
swe,1857,309.9
swe,1858,248.0
swe,1859,232.1
swe,1860,196.6
swe,1861,216.8
swe,1862,265.5
swe,1863,236.7
swe,1864,235.4
swe,1865,232.9
swe,1866,221.7
swe,1867,210.6
swe,1868,249.4
swe,1869,271.4
swe,1870,220.5
swe,1871,183.5
swe,1872,186.9
swe,1873,197.4
swe,1874,229.9
swe,1875,232.5
swe,1876,237.3
swe,1877,227.8
swe,1878,226.9
swe,1879,196.9
swe,1880,203.9
swe,1881,194.9
swe,1882,206.6
swe,1883,197.3
swe,1884,192.3
swe,1885,195.0
swe,1886,183.4
swe,1887,173.4
swe,1888,160.7
swe,1889,162.5
swe,1890,177.6
swe,1891,178.9
swe,1892,171.0
swe,1893,166.9
swe,1894,161.5
swe,1895,147.0
swe,1896,156.2
swe,1897,148.6
swe,1898,140.6
swe,1899,171.7
swe,1900,155.2
swe,1901,157.1
swe,1902,135.6
swe,1903,138.6
swe,1904,127.2
swe,1905,131.8
swe,1906,117.8
swe,1907,112.2
swe,1908,122.2
swe,1909,103.4
swe,1910,108.2
swe,1911,104.2
swe,1912,103.7
swe,1913,97.6
swe,1914,101.3
swe,1915,105.3
swe,1916,101.6
swe,1917,93.0
swe,1918,105.9
swe,1919,104.8
swe,1920,97.8
swe,1921,84.6
swe,1922,80.4
swe,1923,73.8
swe,1924,81.2
swe,1925,73.4
swe,1926,72.5
swe,1927,78.5
swe,1928,78.6
swe,1929,73.2
swe,1930,69.5
swe,1931,71.4
swe,1932,64.4
swe,1933,61.0
swe,1934,59.5
swe,1935,58.2
swe,1936,57.3
swe,1937,58.5
swe,1938,54.3
swe,1939,49.7
swe,1940,46.9
swe,1941,47.2
swe,1942,38.2
swe,1943,38.2
swe,1944,41.4
swe,1945,38.2
swe,1946,32.0
swe,1947,30.5
swe,1948,28.0
swe,1949,27.6
swe,1950,27.1
swe,1951,25.7
swe,1952,24.3
swe,1953,23.2
swe,1954,22.3
swe,1955,21.6
swe,1956,21.1
swe,1957,20.6
swe,1958,20.2
swe,1959,19.9
swe,1960,19.6
swe,1961,19.1
swe,1962,18.6
swe,1963,17.9
swe,1964,17.1
swe,1965,16.3
swe,1966,15.5
swe,1967,14.9
swe,1968,14.4
swe,1969,13.9
swe,1970,13.4
swe,1971,12.8
swe,1972,12.2
swe,1973,11.6
swe,1974,11.0
swe,1975,10.3
swe,1976,9.8
swe,1977,9.4
swe,1978,9.0
swe,1979,8.7
swe,1980,8.4
swe,1981,8.2
swe,1982,8.0
swe,1983,7.8
swe,1984,7.7
swe,1985,7.6
swe,1986,7.5
swe,1987,7.4
swe,1988,7.3
swe,1989,7.2
swe,1990,7.0
swe,1991,6.6
swe,1992,6.2
swe,1993,5.7
swe,1994,5.2
swe,1995,4.8
swe,1996,4.6
swe,1997,4.4
swe,1998,4.2
swe,1999,4.2
swe,2000,4.1
swe,2001,4.0
swe,2002,4.0
swe,2003,3.9
swe,2004,3.7
swe,2005,3.6
swe,2006,3.5
swe,2007,3.3
swe,2008,3.2
swe,2009,3.1
swe,2010,3.1
swe,2011,3.0
swe,2012,3.0
swe,2013,2.9
swe,2014,2.9
swe,2015,2.9
swe,2016,2.8
swe,2017,2.8
swe,2018,2.7
swe,2019,2.6
swe,2020,2.6
swe,2021,2.5
swe,2022,2.5
swe,2023,2.4
swz,1949,243.2
swz,1950,239.9
swz,1951,236.6
swz,1952,233.4
swz,1953,230.6
swz,1954,227.4
swz,1955,224.4
swz,1956,221.3
swz,1957,218.4
swz,1958,215.2
swz,1959,212.0
swz,1960,208.9
swz,1961,205.8
swz,1962,202.3
swz,1963,198.6
swz,1964,194.9
swz,1965,190.9
swz,1966,186.9
swz,1967,183.0
swz,1968,178.8
swz,1969,174.5
swz,1970,169.9
swz,1971,165.0
swz,1972,159.7
swz,1973,154.1
swz,1974,148.1
swz,1975,142.1
swz,1976,136.0
swz,1977,130.2
swz,1978,124.6
swz,1979,118.9
swz,1980,113.3
swz,1981,107.8
swz,1982,102.0
swz,1983,107.0
swz,1984,90.6
swz,1985,85.2
swz,1986,80.2
swz,1987,75.7
swz,1988,71.7
swz,1989,68.5
swz,1990,66.3
swz,1991,65.5
swz,1992,66.7
swz,1993,70.0
swz,1994,75.3
swz,1995,81.3
swz,1996,88.4
swz,1997,95.4
swz,1998,101.9
swz,1999,107.6
swz,2000,112.5
swz,2001,115.7
swz,2002,117.0
swz,2003,117.9
swz,2004,118.0
swz,2005,117.0
swz,2006,106.4
swz,2007,100.3
swz,2008,97.9
swz,2009,92.4
swz,2010,82.1
swz,2011,67.6
swz,2012,62.7
swz,2013,59.7
swz,2014,60.0
swz,2015,57.5
swz,2016,54.4
swz,2017,53.6
swz,2018,50.4
swz,2019,51.5
swz,2020,50.5
swz,2021,47.9
swz,2022,47.3
swz,2023,46.2
syc,1943,119.1
syc,1944,118.9
syc,1945,118.5
syc,1946,118.4
syc,1947,118.1
syc,1948,117.8
syc,1949,117.1
syc,1950,116.2
syc,1951,115.3
syc,1952,114.1
syc,1953,113.0
syc,1954,111.8
syc,1955,110.6
syc,1956,109.3
syc,1957,108.0
syc,1958,106.9
syc,1959,105.6
syc,1960,104.3
syc,1961,102.8
syc,1962,101.2
syc,1963,99.6
syc,1964,97.6
syc,1965,95.2
syc,1966,92.4
syc,1967,89.0
syc,1968,85.1
syc,1969,80.6
syc,1970,75.8
syc,1971,70.9
syc,1972,65.9
syc,1973,60.9
syc,1974,55.8
syc,1975,50.9
syc,1976,46.0
syc,1977,41.4
syc,1978,37.2
syc,1979,33.4
syc,1980,30.1
syc,1981,27.4
syc,1982,25.1
syc,1983,23.2
syc,1984,21.6
syc,1985,20.3
syc,1986,19.3
syc,1987,18.4
syc,1988,17.6
syc,1989,16.9
syc,1990,16.3
syc,1991,15.8
syc,1992,15.3
syc,1993,14.9
syc,1994,14.6
syc,1995,14.3
syc,1996,14.1
syc,1997,14.0
syc,1998,13.9
syc,1999,13.8
syc,2000,13.8
syc,2001,13.8
syc,2002,13.7
syc,2003,13.8
syc,2004,13.8
syc,2005,13.8
syc,2006,13.8
syc,2007,13.9
syc,2008,13.9
syc,2009,14.0
syc,2010,14.1
syc,2011,14.2
syc,2012,14.3
syc,2013,14.4
syc,2014,14.5
syc,2015,14.6
syc,2016,14.7
syc,2017,14.7
syc,2018,14.8
syc,2019,14.8
syc,2020,14.8
syc,2021,14.7
syc,2022,14.5
syc,2023,14.3
syr,1950,307.9
syr,1951,292.0
syr,1952,276.8
syr,1953,263.0
syr,1954,246.8
syr,1955,231.6
syr,1956,217.8
syr,1957,205.0
syr,1958,193.3
syr,1959,182.6
syr,1960,172.8
syr,1961,163.9
syr,1962,155.9
syr,1963,148.8
syr,1964,142.1
syr,1965,135.7
syr,1966,129.5
syr,1967,123.2
syr,1968,116.9
syr,1969,110.8
syr,1970,104.8
syr,1971,99.1
syr,1972,93.9
syr,1973,88.9
syr,1974,84.3
syr,1975,79.9
syr,1976,75.7
syr,1977,71.5
syr,1978,67.5
syr,1979,63.7
syr,1980,60.1
syr,1981,63.4
syr,1982,71.0
syr,1983,50.9
syr,1984,48.4
syr,1985,46.0
syr,1986,43.9
syr,1987,41.9
syr,1988,40.2
syr,1989,38.5
syr,1990,36.9
syr,1991,35.3
syr,1992,33.8
syr,1993,32.2
syr,1994,30.7
syr,1995,29.2
syr,1996,27.8
syr,1997,26.5
syr,1998,25.2
syr,1999,24.1
syr,2000,23.1
syr,2001,22.2
syr,2002,21.4
syr,2003,20.8
syr,2004,20.2
syr,2005,19.8
syr,2006,19.4
syr,2007,19.1
syr,2008,18.9
syr,2009,18.8
syr,2010,18.8
syr,2011,21.6
syr,2012,34.2
syr,2013,36.9
syr,2014,35.5
syr,2015,37.1
syr,2016,32.2
syr,2017,32.9
syr,2018,32.5
syr,2019,24.6
syr,2020,21.9
syr,2021,20.5
syr,2022,20.7
syr,2023,20.1
tca,1959,147.3
tca,1960,137.2
tca,1961,128.0
tca,1962,119.4
tca,1963,111.4
tca,1964,103.9
tca,1965,97.0
tca,1966,90.6
tca,1967,84.6
tca,1968,79.1
tca,1969,73.9
tca,1970,69.2
tca,1971,64.8
tca,1972,60.7
tca,1973,56.9
tca,1974,53.4
tca,1975,50.1
tca,1976,47.1
tca,1977,44.3
tca,1978,41.6
tca,1979,39.2
tca,1980,37.0
tca,1981,34.8
tca,1982,32.8
tca,1983,31.0
tca,1984,29.3
tca,1985,27.6
tca,1986,26.1
tca,1987,24.7
tca,1988,23.3
tca,1989,22.0
tca,1990,20.8
tca,1991,19.7
tca,1992,18.6
tca,1993,17.6
tca,1994,16.6
tca,1995,15.7
tca,1996,14.8
tca,1997,14.0
tca,1998,13.2
tca,1999,12.5
tca,2000,11.7
tca,2001,11.1
tca,2002,10.5
tca,2003,9.9
tca,2004,9.4
tca,2005,8.9
tca,2006,8.5
tca,2007,8.1
tca,2008,7.8
tca,2009,7.5
tca,2010,7.3
tca,2011,7.0
tca,2012,6.8
tca,2013,6.6
tca,2014,6.4
tca,2015,6.2
tca,2016,6.0
tca,2017,5.8
tca,2018,5.6
tca,2019,5.5
tca,2020,5.3
tca,2021,5.1
tca,2022,5.0
tca,2023,4.8
tcd,1944,287.1
tcd,1945,285.7
tcd,1946,284.3
tcd,1947,282.8
tcd,1948,281.4
tcd,1949,280.0
tcd,1950,278.7
tcd,1951,277.3
tcd,1952,276.1
tcd,1953,275.0
tcd,1954,274.0
tcd,1955,273.0
tcd,1956,272.1
tcd,1957,271.0
tcd,1958,269.9
tcd,1959,268.7
tcd,1960,267.6
tcd,1961,266.6
tcd,1962,265.3
tcd,1963,264.1
tcd,1964,263.1
tcd,1965,261.7
tcd,1966,260.5
tcd,1967,259.1
tcd,1968,257.7
tcd,1969,256.4
tcd,1970,254.9
tcd,1971,253.5
tcd,1972,252.0
tcd,1973,250.7
tcd,1974,249.2
tcd,1975,247.7
tcd,1976,246.0
tcd,1977,244.3
tcd,1978,242.7
tcd,1979,240.9
tcd,1980,238.9
tcd,1981,236.6
tcd,1982,234.2
tcd,1983,231.6
tcd,1984,228.9
tcd,1985,226.1
tcd,1986,223.3
tcd,1987,220.4
tcd,1988,217.4
tcd,1989,214.3
tcd,1990,211.4
tcd,1991,208.4
tcd,1992,205.5
tcd,1993,202.8
tcd,1994,200.2
tcd,1995,197.5
tcd,1996,194.7
tcd,1997,191.9
tcd,1998,189.0
tcd,1999,185.8
tcd,2000,182.4
tcd,2001,179.0
tcd,2002,175.6
tcd,2003,172.3
tcd,2004,168.8
tcd,2005,165.4
tcd,2006,161.8
tcd,2007,158.1
tcd,2008,154.3
tcd,2009,150.5
tcd,2010,146.7
tcd,2011,142.9
tcd,2012,139.3
tcd,2013,135.8
tcd,2014,132.3
tcd,2015,128.7
tcd,2016,125.0
tcd,2017,121.4
tcd,2018,117.6
tcd,2019,114.0
tcd,2020,110.6
tcd,2021,107.3
tcd,2022,103.9
tcd,2023,100.6
tgo,1944,290.6
tgo,1945,289.0
tgo,1946,287.1
tgo,1947,285.4
tgo,1948,283.5
tgo,1949,281.6
tgo,1950,279.8
tgo,1951,278.2
tgo,1952,276.3
tgo,1953,274.4
tgo,1954,272.6
tgo,1955,270.7
tgo,1956,268.7
tgo,1957,266.6
tgo,1958,264.3
tgo,1959,262.1
tgo,1960,259.7
tgo,1961,257.0
tgo,1962,254.4
tgo,1963,251.4
tgo,1964,248.3
tgo,1965,244.9
tgo,1966,241.3
tgo,1967,237.6
tgo,1968,233.6
tgo,1969,229.4
tgo,1970,225.1
tgo,1971,220.5
tgo,1972,216.0
tgo,1973,211.4
tgo,1974,206.7
tgo,1975,202.1
tgo,1976,197.4
tgo,1977,192.8
tgo,1978,188.2
tgo,1979,183.7
tgo,1980,179.3
tgo,1981,175.2
tgo,1982,171.1
tgo,1983,167.3
tgo,1984,163.7
tgo,1985,160.2
tgo,1986,157.2
tgo,1987,154.4
tgo,1988,151.8
tgo,1989,149.5
tgo,1990,147.3
tgo,1991,145.2
tgo,1992,143.1
tgo,1993,140.8
tgo,1994,138.5
tgo,1995,135.7
tgo,1996,132.8
tgo,1997,129.6
tgo,1998,126.2
tgo,1999,122.8
tgo,2000,119.2
tgo,2001,115.7
tgo,2002,112.2
tgo,2003,108.8
tgo,2004,105.5
tgo,2005,102.4
tgo,2006,99.3
tgo,2007,96.5
tgo,2008,93.7
tgo,2009,90.9
tgo,2010,88.3
tgo,2011,85.6
tgo,2012,82.9
tgo,2013,80.2
tgo,2014,77.7
tgo,2015,75.2
tgo,2016,72.8
tgo,2017,70.4
tgo,2018,68.1
tgo,2019,66.0
tgo,2020,63.9
tgo,2021,62.0
tgo,2022,60.0
tgo,2023,58.1
tha,1949,214.6
tha,1950,207.4
tha,1951,200.3
tha,1952,193.5
tha,1953,186.9
tha,1954,180.6
tha,1955,174.6
tha,1956,168.8
tha,1957,163.2
tha,1958,157.8
tha,1959,152.5
tha,1960,147.5
tha,1961,142.5
tha,1962,137.5
tha,1963,132.7
tha,1964,128.0
tha,1965,123.4
tha,1966,118.8
tha,1967,114.0
tha,1968,109.3
tha,1969,104.6
tha,1970,99.8
tha,1971,95.0
tha,1972,90.4
tha,1973,85.8
tha,1974,81.6
tha,1975,77.5
tha,1976,73.8
tha,1977,70.2
tha,1978,66.9
tha,1979,63.8
tha,1980,60.8
tha,1981,58.0
tha,1982,55.4
tha,1983,52.9
tha,1984,50.4
tha,1985,48.0
tha,1986,45.7
tha,1987,43.4
tha,1988,41.2
tha,1989,39.0
tha,1990,36.9
tha,1991,34.8
tha,1992,32.9
tha,1993,31.1
tha,1994,29.5
tha,1995,28.0
tha,1996,26.6
tha,1997,25.2
tha,1998,24.0
tha,1999,22.8
tha,2000,21.7
tha,2001,20.7
tha,2002,19.7
tha,2003,18.9
tha,2004,18.0
tha,2005,17.2
tha,2006,16.5
tha,2007,15.9
tha,2008,15.2
tha,2009,14.7
tha,2010,14.1
tha,2011,13.6
tha,2012,13.1
tha,2013,12.7
tha,2014,12.3
tha,2015,11.9
tha,2016,11.5
tha,2017,11.1
tha,2018,10.8
tha,2019,10.4
tha,2020,10.1
tha,2021,9.8
tha,2022,9.5
tha,2023,9.2
tjk,1972,153.7
tjk,1973,148.3
tjk,1974,143.1
tjk,1975,138.6
tjk,1976,134.6
tjk,1977,131.4
tjk,1978,128.8
tjk,1979,127.1
tjk,1980,126.0
tjk,1981,125.1
tjk,1982,123.5
tjk,1983,121.1
tjk,1984,117.9
tjk,1985,113.9
tjk,1986,109.5
tjk,1987,104.8
tjk,1988,100.7
tjk,1989,98.7
tjk,1990,99.2
tjk,1991,101.5
tjk,1992,105.1
tjk,1993,108.3
tjk,1994,109.4
tjk,1995,107.6
tjk,1996,103.4
tjk,1997,98.0
tjk,1998,91.7
tjk,1999,85.0
tjk,2000,78.4
tjk,2001,71.8
tjk,2002,65.6
tjk,2003,59.8
tjk,2004,54.6
tjk,2005,50.3
tjk,2006,46.6
tjk,2007,43.6
tjk,2008,41.2
tjk,2009,39.3
tjk,2010,37.6
tjk,2011,36.2
tjk,2012,35.0
tjk,2013,34.0
tjk,2014,33.0
tjk,2015,32.2
tjk,2016,31.5
tjk,2017,31.0
tjk,2018,30.7
tjk,2019,30.4
tjk,2020,30.1
tjk,2021,29.8
tjk,2022,29.4
tjk,2023,28.8
tkm,1977,130.3
tkm,1978,125.7
tkm,1979,121.1
tkm,1980,116.6
tkm,1981,112.1
tkm,1982,107.4
tkm,1983,102.6
tkm,1984,98.0
tkm,1985,93.6
tkm,1986,89.3
tkm,1987,85.5
tkm,1988,82.3
tkm,1989,79.7
tkm,1990,77.9
tkm,1991,77.2
tkm,1992,77.2
tkm,1993,77.5
tkm,1994,77.9
tkm,1995,78.0
tkm,1996,77.7
tkm,1997,76.5
tkm,1998,74.5
tkm,1999,71.9
tkm,2000,68.7
tkm,2001,65.4
tkm,2002,61.9
tkm,2003,58.6
tkm,2004,55.4
tkm,2005,52.6
tkm,2006,50.1
tkm,2007,48.1
tkm,2008,46.4
tkm,2009,45.0
tkm,2010,44.0
tkm,2011,43.4
tkm,2012,42.9
tkm,2013,42.8
tkm,2014,42.9
tkm,2015,43.2
tkm,2016,43.5
tkm,2017,43.8
tkm,2018,43.8
tkm,2019,43.5
tkm,2020,42.9
tkm,2021,42.1
tkm,2022,41.1
tkm,2023,40.2
tls,1983,232.3
tls,1984,222.4
tls,1985,271.8
tls,1986,264.0
tls,1987,245.5
tls,1988,243.0
tls,1989,232.1
tls,1990,228.0
tls,1991,224.3
tls,1992,212.8
tls,1993,201.5
tls,1994,193.1
tls,1995,193.6
tls,1996,184.8
tls,1997,176.4
tls,1998,178.0
tls,1999,200.6
tls,2000,111.5
tls,2001,106.4
tls,2002,101.5
tls,2003,96.8
tls,2004,92.3
tls,2005,88.0
tls,2006,84.0
tls,2007,80.4
tls,2008,76.9
tls,2009,73.9
tls,2010,71.0
tls,2011,68.4
tls,2012,65.9
tls,2013,63.9
tls,2014,61.9
tls,2015,60.2
tls,2016,58.7
tls,2017,57.3
tls,2018,56.0
tls,2019,54.8
tls,2020,53.4
tls,2021,52.0
tls,2022,50.7
tls,2023,49.2
ton,1963,78.7
ton,1964,73.8
ton,1965,69.0
ton,1966,64.7
ton,1967,60.4
ton,1968,56.4
ton,1969,52.7
ton,1970,49.3
ton,1971,46.2
ton,1972,43.5
ton,1973,41.1
ton,1974,39.0
ton,1975,37.0
ton,1976,35.2
ton,1977,33.6
ton,1978,32.2
ton,1979,30.8
ton,1980,29.6
ton,1981,28.6
ton,1982,27.8
ton,1983,27.0
ton,1984,26.3
ton,1985,25.7
ton,1986,25.1
ton,1987,24.4
ton,1988,23.7
ton,1989,22.9
ton,1990,22.1
ton,1991,21.3
ton,1992,20.5
ton,1993,19.9
ton,1994,19.3
ton,1995,18.8
ton,1996,18.4
ton,1997,18.1
ton,1998,17.7
ton,1999,17.3
ton,2000,16.9
ton,2001,16.5
ton,2002,16.0
ton,2003,15.6
ton,2004,15.2
ton,2005,14.8
ton,2006,14.4
ton,2007,14.0
ton,2008,13.7
ton,2009,13.4
ton,2010,13.1
ton,2011,12.8
ton,2012,12.6
ton,2013,12.3
ton,2014,12.1
ton,2015,11.9
ton,2016,11.6
ton,2017,11.4
ton,2018,11.1
ton,2019,10.9
ton,2020,10.6
ton,2021,10.4
ton,2022,10.1
ton,2023,9.8
tto,1918,220.3
tto,1919,251.5
tto,1920,284.4
tto,1921,224.1
tto,1922,222.2
tto,1923,205.3
tto,1924,194.1
tto,1925,212.8
tto,1926,229.6
tto,1927,188.4
tto,1928,203.5
tto,1929,201.6
tto,1930,199.7
tto,1931,231.5
tto,1932,165.9
tto,1933,207.2
tto,1934,199.7
tto,1935,147.4
tto,1936,143.8
tto,1937,186.6
tto,1938,145.6
tto,1939,156.6
tto,1940,160.4
tto,1941,165.9
tto,1942,184.7
tto,1943,136.6
tto,1944,113.7
tto,1945,120.6
tto,1946,112.0
tto,1947,115.4
tto,1948,105.2
tto,1949,113.7
tto,1953,86.1
tto,1954,83.4
tto,1955,80.6
tto,1956,78.0
tto,1957,75.4
tto,1958,73.0
tto,1959,70.5
tto,1960,68.1
tto,1961,65.9
tto,1962,63.8
tto,1963,61.9
tto,1964,60.0
tto,1965,58.4
tto,1966,56.9
tto,1967,55.5
tto,1968,54.3
tto,1969,53.0
tto,1970,51.9
tto,1971,50.8
tto,1972,49.6
tto,1973,48.5
tto,1974,47.3
tto,1975,46.0
tto,1976,44.8
tto,1977,43.6
tto,1978,42.4
tto,1979,41.3
tto,1980,40.1
tto,1981,39.0
tto,1982,38.0
tto,1983,37.1
tto,1984,36.2
tto,1985,35.4
tto,1986,34.6
tto,1987,34.0
tto,1988,33.3
tto,1989,32.8
tto,1990,32.3
tto,1991,31.8
tto,1992,31.4
tto,1993,31.1
tto,1994,30.7
tto,1995,30.4
tto,1996,30.1
tto,1997,29.8
tto,1998,29.5
tto,1999,29.2
tto,2000,28.8
tto,2001,28.5
tto,2002,28.1
tto,2003,27.7
tto,2004,27.3
tto,2005,26.9
tto,2006,26.5
tto,2007,26.1
tto,2008,25.7
tto,2009,25.3
tto,2010,24.8
tto,2011,24.4
tto,2012,23.9
tto,2013,23.5
tto,2014,23.1
tto,2015,22.7
tto,2016,22.3
tto,2017,22.0
tto,2018,21.6
tto,2019,21.2
tto,2020,20.8
tto,2021,20.4
tto,2022,19.9
tto,2023,19.3
tun,1961,283.2
tun,1962,272.5
tun,1963,260.2
tun,1964,248.1
tun,1965,236.2
tun,1966,224.6
tun,1967,213.0
tun,1968,201.8
tun,1969,191.1
tun,1970,180.9
tun,1971,171.2
tun,1972,161.9
tun,1973,152.7
tun,1974,143.6
tun,1975,134.5
tun,1976,125.8
tun,1977,117.4
tun,1978,109.5
tun,1979,102.3
tun,1980,95.8
tun,1981,89.9
tun,1982,84.5
tun,1983,79.6
tun,1984,75.0
tun,1985,70.8
tun,1986,66.9
tun,1987,63.4
tun,1988,60.3
tun,1989,57.5
tun,1990,54.9
tun,1991,52.4
tun,1992,49.9
tun,1993,47.4
tun,1994,44.8
tun,1995,42.0
tun,1996,39.2
tun,1997,36.5
tun,1998,33.8
tun,1999,31.4
tun,2000,29.2
tun,2001,27.2
tun,2002,25.5
tun,2003,24.0
tun,2004,22.7
tun,2005,21.6
tun,2006,20.7
tun,2007,20.0
tun,2008,19.4
tun,2009,19.0
tun,2010,18.7
tun,2011,18.5
tun,2012,18.4
tun,2013,18.3
tun,2014,18.3
tun,2015,18.2
tun,2016,18.1
tun,2017,17.9
tun,2018,17.5
tun,2019,16.9
tun,2020,16.0
tun,2021,15.0
tun,2022,13.9
tun,2023,12.9
tur,1953,290.3
tur,1954,286.2
tur,1955,282.0
tur,1956,277.9
tur,1957,273.2
tur,1958,267.7
tur,1959,261.7
tur,1960,254.7
tur,1961,246.9
tur,1962,238.8
tur,1963,230.6
tur,1964,222.8
tur,1965,215.3
tur,1966,208.5
tur,1967,202.3
tur,1968,196.6
tur,1969,191.0
tur,1970,185.6
tur,1971,180.4
tur,1972,175.0
tur,1973,169.5
tur,1974,163.9
tur,1975,158.0
tur,1976,152.1
tur,1977,146.2
tur,1978,140.2
tur,1979,134.1
tur,1980,128.0
tur,1981,121.9
tur,1982,115.8
tur,1983,109.7
tur,1984,103.9
tur,1985,98.3
tur,1986,93.0
tur,1987,88.0
tur,1988,83.1
tur,1989,78.4
tur,1990,73.9
tur,1991,69.4
tur,1992,65.2
tur,1993,61.1
tur,1994,57.1
tur,1995,53.4
tur,1996,49.8
tur,1997,46.4
tur,1998,43.1
tur,1999,40.1
tur,2000,37.2
tur,2001,34.5
tur,2002,32.0
tur,2003,29.6
tur,2004,27.4
tur,2005,25.3
tur,2006,23.5
tur,2007,21.8
tur,2008,20.3
tur,2009,18.9
tur,2010,17.6
tur,2011,16.6
tur,2012,15.6
tur,2013,14.7
tur,2014,14.0
tur,2015,13.3
tur,2016,12.7
tur,2017,12.2
tur,2018,11.7
tur,2019,11.3
tur,2020,10.9
tur,2021,10.6
tur,2022,10.2
tur,2023,13.8
tuv,1954,225.1
tuv,1955,216.0
tuv,1956,207.3
tuv,1957,199.3
tuv,1958,191.5
tuv,1959,184.0
tuv,1960,176.7
tuv,1961,169.5
tuv,1962,162.3
tuv,1963,155.3
tuv,1964,148.5
tuv,1965,141.8
tuv,1966,135.2
tuv,1967,128.8
tuv,1968,122.6
tuv,1969,116.6
tuv,1970,110.5
tuv,1971,104.7
tuv,1972,99.0
tuv,1973,93.3
tuv,1974,87.9
tuv,1975,82.9
tuv,1976,78.4
tuv,1977,74.3
tuv,1978,70.8
tuv,1979,67.7
tuv,1980,65.0
tuv,1981,62.7
tuv,1982,60.6
tuv,1983,59.0
tuv,1984,57.7
tuv,1985,56.7
tuv,1986,56.0
tuv,1987,55.5
tuv,1988,55.0
tuv,1989,54.5
tuv,1990,54.0
tuv,1991,53.4
tuv,1992,52.7
tuv,1993,51.9
tuv,1994,50.9
tuv,1995,49.7
tuv,1996,48.4
tuv,1997,47.0
tuv,1998,45.5
tuv,1999,44.1
tuv,2000,42.8
tuv,2001,41.8
tuv,2002,40.8
tuv,2003,40.0
tuv,2004,39.1
tuv,2005,38.1
tuv,2006,36.9
tuv,2007,35.6
tuv,2008,34.2
tuv,2009,32.8
tuv,2010,31.4
tuv,2011,30.2
tuv,2012,29.0
tuv,2013,28.0
tuv,2014,26.9
tuv,2015,26.0
tuv,2016,25.2
tuv,2017,24.3
tuv,2018,23.5
tuv,2019,22.7
tuv,2020,21.9
tuv,2021,21.2
tuv,2022,20.5
tuv,2023,19.8
twn,1970,27.2
twn,1971,25.3
twn,1972,22.0
twn,1973,21.7
twn,1974,19.9
twn,1975,19.7
twn,1976,18.0
twn,1977,16.6
twn,1978,15.7
twn,1979,15.0
twn,1980,15.3
twn,1981,14.3
twn,1982,12.8
twn,1983,11.8
twn,1984,10.8
twn,1985,10.6
twn,1986,9.8
twn,1987,8.5
twn,1988,9.0
twn,1989,8.9
twn,1990,8.9
twn,1991,8.4
twn,1992,8.2
twn,1993,7.8
twn,1994,7.6
twn,1995,9.0
twn,1996,9.3
twn,1997,9.0
twn,1998,8.9
twn,1999,9.1
twn,2000,8.6
twn,2001,8.0
twn,2002,7.7
twn,2003,6.9
twn,2004,7.4
twn,2005,7.0
twn,2006,6.7
twn,2007,6.6
twn,2008,6.4
twn,2009,5.6
twn,2010,5.4
tza,1951,256.7
tza,1952,255.2
tza,1953,253.3
tza,1954,251.7
tza,1955,249.8
tza,1956,247.9
tza,1957,246.0
tza,1958,244.4
tza,1959,242.6
tza,1960,241.1
tza,1961,239.4
tza,1962,237.3
tza,1963,235.1
tza,1964,232.7
tza,1965,230.0
tza,1966,227.2
tza,1967,224.4
tza,1968,221.3
tza,1969,218.2
tza,1970,215.0
tza,1971,211.8
tza,1972,208.2
tza,1973,204.6
tza,1974,200.7
tza,1975,196.6
tza,1976,192.5
tza,1977,188.4
tza,1978,184.7
tza,1979,181.7
tza,1980,179.9
tza,1981,179.0
tza,1982,178.6
tza,1983,178.7
tza,1984,178.5
tza,1985,177.8
tza,1986,176.5
tza,1987,174.7
tza,1988,172.4
tza,1989,170.0
tza,1990,167.9
tza,1991,165.7
tza,1992,163.6
tza,1993,161.4
tza,1994,158.9
tza,1995,156.0
tza,1996,152.3
tza,1997,147.7
tza,1998,142.1
tza,1999,135.5
tza,2000,128.0
tza,2001,120.3
tza,2002,112.4
tza,2003,105.0
tza,2004,98.3
tza,2005,92.2
tza,2006,86.7
tza,2007,81.3
tza,2008,76.6
tza,2009,72.0
tza,2010,68.2
tza,2011,64.6
tza,2012,61.7
tza,2013,59.0
tza,2014,56.3
tza,2015,54.3
tza,2016,52.0
tza,2017,49.8
tza,2018,47.6
tza,2019,45.6
tza,2020,43.8
tza,2021,41.7
tza,2022,40.1
tza,2023,38.5
uga,1953,253.9
uga,1954,249.1
uga,1955,244.6
uga,1956,239.7
uga,1957,235.0
uga,1958,230.7
uga,1959,226.5
uga,1960,222.5
uga,1961,219.0
uga,1962,215.3
uga,1963,212.3
uga,1964,209.5
uga,1965,206.6
uga,1966,203.7
uga,1967,200.6
uga,1968,198.0
uga,1969,195.9
uga,1970,194.5
uga,1971,194.3
uga,1972,195.0
uga,1973,197.1
uga,1974,200.1
uga,1975,204.0
uga,1976,208.5
uga,1977,212.8
uga,1978,216.5
uga,1979,218.7
uga,1980,220.5
uga,1981,218.9
uga,1982,215.3
uga,1983,210.2
uga,1984,204.4
uga,1985,199.4
uga,1986,195.7
uga,1987,192.6
uga,1988,189.4
uga,1989,186.1
uga,1990,182.2
uga,1991,177.7
uga,1992,173.1
uga,1993,169.0
uga,1994,165.5
uga,1995,162.7
uga,1996,160.3
uga,1997,157.7
uga,1998,154.2
uga,1999,149.6
uga,2000,143.9
uga,2001,137.2
uga,2002,129.9
uga,2003,122.1
uga,2004,114.2
uga,2005,106.5
uga,2006,99.2
uga,2007,92.5
uga,2008,86.4
uga,2009,81.2
uga,2010,76.0
uga,2011,70.9
uga,2012,66.5
uga,2013,62.8
uga,2014,60.2
uga,2015,57.9
uga,2016,55.6
uga,2017,54.0
uga,2018,52.7
uga,2019,51.6
uga,2020,50.9
uga,2021,50.2
uga,2022,50.0
uga,2023,49.4
ukr,1971,32.8
ukr,1972,31.7
ukr,1973,30.8
ukr,1974,29.9
ukr,1975,29.1
ukr,1976,28.5
ukr,1977,28.0
ukr,1978,27.4
ukr,1979,26.8
ukr,1980,26.1
ukr,1981,25.4
ukr,1982,24.6
ukr,1983,23.7
ukr,1984,22.8
ukr,1985,21.9
ukr,1986,21.1
ukr,1987,20.4
ukr,1988,19.8
ukr,1989,19.4
ukr,1990,19.2
ukr,1991,19.2
ukr,1992,19.4
ukr,1993,19.7
ukr,1994,19.9
ukr,1995,20.1
ukr,1996,20.1
ukr,1997,19.9
ukr,1998,19.5
ukr,1999,18.9
ukr,2000,18.2
ukr,2001,17.4
ukr,2002,16.6
ukr,2003,15.8
ukr,2004,15.1
ukr,2005,14.5
ukr,2006,14.0
ukr,2007,13.4
ukr,2008,12.9
ukr,2009,12.3
ukr,2010,11.7
ukr,2011,11.2
ukr,2012,10.7
ukr,2013,10.2
ukr,2014,9.8
ukr,2015,9.5
ukr,2016,9.1
ukr,2017,8.9
ukr,2018,8.7
ukr,2019,8.5
ukr,2020,8.4
ukr,2021,8.2
ukr,2022,8.5
ukr,2023,8.0
ury,1921,162.2
ury,1922,138.4
ury,1923,156.6
ury,1924,164.1
ury,1925,177.2
ury,1926,136.6
ury,1927,160.4
ury,1928,149.3
ury,1929,136.6
ury,1930,149.3
ury,1931,167.8
ury,1932,147.4
ury,1933,136.6
ury,1934,142.0
ury,1935,153.0
ury,1936,134.8
ury,1937,142.0
ury,1938,147.4
ury,1939,117.2
ury,1940,124.1
ury,1941,118.9
ury,1942,136.6
ury,1943,110.3
ury,1944,90.4
ury,1946,84.2
ury,1947,98.5
ury,1948,82.7
ury,1949,63.7
ury,1950,62.5
ury,1951,61.6
ury,1952,60.9
ury,1953,60.5
ury,1954,60.5
ury,1955,61.1
ury,1956,62.1
ury,1957,63.1
ury,1958,63.9
ury,1959,64.1
ury,1960,63.4
ury,1961,62.0
ury,1962,60.5
ury,1963,59.3
ury,1964,58.3
ury,1965,57.8
ury,1966,57.4
ury,1967,57.0
ury,1968,56.2
ury,1969,55.2
ury,1970,54.1
ury,1971,53.3
ury,1972,53.2
ury,1973,53.9
ury,1974,54.7
ury,1975,55.0
ury,1976,54.1
ury,1977,51.9
ury,1978,48.4
ury,1979,44.1
ury,1980,39.8
ury,1981,35.9
ury,1982,33.0
ury,1983,31.0
ury,1984,29.6
ury,1985,28.4
ury,1986,27.3
ury,1987,26.2
ury,1988,25.1
ury,1989,24.2
ury,1990,23.6
ury,1991,23.2
ury,1992,22.9
ury,1993,22.5
ury,1994,22.0
ury,1995,21.3
ury,1996,20.3
ury,1997,19.4
ury,1998,18.4
ury,1999,17.6
ury,2000,17.0
ury,2001,16.6
ury,2002,16.2
ury,2003,15.7
ury,2004,15.2
ury,2005,14.4
ury,2006,13.6
ury,2007,12.7
ury,2008,11.9
ury,2009,11.3
ury,2010,10.8
ury,2011,10.4
ury,2012,10.0
ury,2013,9.7
ury,2014,9.3
ury,2015,8.9
ury,2016,8.4
ury,2017,8.0
ury,2018,7.7
ury,2019,7.5
ury,2020,7.3
ury,2021,7.3
ury,2022,7.3
ury,2023,7.4
usa,1933,73.1
usa,1934,79.7
usa,1935,75.3
usa,1936,76.0
usa,1937,73.6
usa,1938,69.6
usa,1939,62.9
usa,1940,61.9
usa,1941,60.4
usa,1942,54.8
usa,1943,53.7
usa,1944,50.3
usa,1945,48.3
usa,1946,46.7
usa,1947,42.8
usa,1948,39.8
usa,1949,38.7
usa,1950,37.6
usa,1951,36.6
usa,1952,35.6
usa,1953,34.7
usa,1954,33.8
usa,1955,33.0
usa,1956,32.3
usa,1957,31.7
usa,1958,31.1
usa,1959,30.6
usa,1960,30.1
usa,1961,29.5
usa,1962,28.9
usa,1963,28.3
usa,1964,27.7
usa,1965,27.1
usa,1966,26.4
usa,1967,25.7
usa,1968,24.9
usa,1969,24.1
usa,1970,23.3
usa,1971,22.4
usa,1972,21.5
usa,1973,20.6
usa,1974,19.7
usa,1975,18.8
usa,1976,17.9
usa,1977,17.1
usa,1978,16.3
usa,1979,15.6
usa,1980,15.0
usa,1981,14.4
usa,1982,13.9
usa,1983,13.4
usa,1984,13.0
usa,1985,12.7
usa,1986,12.4
usa,1987,12.1
usa,1988,11.9
usa,1989,11.6
usa,1990,11.2
usa,1991,10.9
usa,1992,10.5
usa,1993,10.1
usa,1994,9.8
usa,1995,9.5
usa,1996,9.2
usa,1997,8.9
usa,1998,8.7
usa,1999,8.6
usa,2000,8.4
usa,2001,8.3
usa,2002,8.2
usa,2003,8.1
usa,2004,8.1
usa,2005,8.0
usa,2006,7.9
usa,2007,7.7
usa,2008,7.6
usa,2009,7.5
usa,2010,7.3
usa,2011,7.2
usa,2012,7.0
usa,2013,6.9
usa,2014,6.8
usa,2015,6.8
usa,2016,6.7
usa,2017,6.6
usa,2018,6.5
usa,2019,6.5
usa,2020,6.5
usa,2021,6.5
usa,2022,6.5
usa,2023,6.5
uzb,1979,125.8
uzb,1980,117.1
uzb,1981,109.1
uzb,1982,101.7
uzb,1983,95.0
uzb,1984,89.0
uzb,1985,83.8
uzb,1986,79.3
uzb,1987,75.6
uzb,1988,72.8
uzb,1989,70.9
uzb,1990,69.8
uzb,1991,69.3
uzb,1992,69.4
uzb,1993,69.4
uzb,1994,69.1
uzb,1995,68.5
uzb,1996,67.6
uzb,1997,66.6
uzb,1998,65.0
uzb,1999,63.0
uzb,2000,60.7
uzb,2001,58.0
uzb,2002,55.0
uzb,2003,51.9
uzb,2004,48.6
uzb,2005,45.2
uzb,2006,41.9
uzb,2007,38.6
uzb,2008,35.5
uzb,2009,32.6
uzb,2010,29.8
uzb,2011,27.3
uzb,2012,25.0
uzb,2013,23.0
uzb,2014,21.3
uzb,2015,19.7
uzb,2016,18.4
uzb,2017,17.3
uzb,2018,16.4
uzb,2019,15.7
uzb,2020,15.1
uzb,2021,14.6
uzb,2022,14.1
uzb,2023,13.7
vct,1969,60.3
vct,1970,64.2
vct,1971,68.2
vct,1972,72.0
vct,1973,75.2
vct,1974,77.0
vct,1975,77.0
vct,1976,74.6
vct,1977,70.3
vct,1978,64.9
vct,1979,59.2
vct,1980,53.5
vct,1981,48.2
vct,1982,43.4
vct,1983,39.1
vct,1984,35.4
vct,1985,32.2
vct,1986,29.6
vct,1987,27.5
vct,1988,25.9
vct,1989,24.7
vct,1990,23.8
vct,1991,23.1
vct,1992,22.6
vct,1993,22.4
vct,1994,22.3
vct,1995,22.3
vct,1996,22.3
vct,1997,22.4
vct,1998,22.5
vct,1999,22.5
vct,2000,22.6
vct,2001,22.6
vct,2002,22.6
vct,2003,22.6
vct,2004,22.7
vct,2005,22.8
vct,2006,22.8
vct,2007,22.7
vct,2008,22.4
vct,2009,22.0
vct,2010,21.4
vct,2011,20.7
vct,2012,19.9
vct,2013,19.1
vct,2014,18.2
vct,2015,17.4
vct,2016,16.6
vct,2017,15.8
vct,2018,15.0
vct,2019,14.3
vct,2020,13.6
vct,2021,12.9
vct,2022,12.3
vct,2023,11.8
ven,1930,242.5
ven,1931,253.2
ven,1933,263.5
ven,1934,256.7
ven,1935,218.5
ven,1936,212.8
ven,1937,214.7
ven,1938,222.2
ven,1939,209.1
ven,1940,190.3
ven,1941,188.4
ven,1942,177.2
ven,1943,165.9
ven,1944,180.9
ven,1945,147.4
ven,1946,153.0
ven,1947,149.3
ven,1948,145.6
ven,1949,133.0
ven,1950,106.8
ven,1951,118.8
ven,1952,113.4
ven,1953,108.2
ven,1954,103.3
ven,1955,98.8
ven,1956,94.5
ven,1957,90.4
ven,1958,86.6
ven,1959,83.2
ven,1960,80.2
ven,1961,77.6
ven,1962,75.3
ven,1963,73.3
ven,1964,71.6
ven,1965,70.2
ven,1966,68.8
ven,1967,67.5
ven,1968,66.2
ven,1969,64.7
ven,1970,63.0
ven,1971,61.2
ven,1972,59.4
ven,1973,57.5
ven,1974,55.7
ven,1975,53.8
ven,1976,52.0
ven,1977,50.0
ven,1978,48.1
ven,1979,46.2
ven,1980,44.2
ven,1981,42.3
ven,1982,40.6
ven,1983,39.0
ven,1984,37.6
ven,1985,36.3
ven,1986,35.0
ven,1987,33.6
ven,1988,32.2
ven,1989,30.8
ven,1990,29.6
ven,1991,28.6
ven,1992,27.8
ven,1993,27.3
ven,1994,26.8
ven,1995,26.3
ven,1996,25.5
ven,1997,24.5
ven,1998,23.4
ven,1999,22.4
ven,2000,21.5
ven,2001,20.9
ven,2002,20.3
ven,2003,19.8
ven,2004,19.2
ven,2005,18.5
ven,2006,17.9
ven,2007,17.4
ven,2008,17.2
ven,2009,17.1
ven,2010,17.2
ven,2011,17.4
ven,2012,17.6
ven,2013,17.9
ven,2014,18.3
ven,2015,19.1
ven,2016,24.2
ven,2017,24.2
ven,2018,24.2
ven,2019,24.2
ven,2020,24.2
ven,2021,24.2
ven,2022,24.2
ven,2023,24.2
vgb,1955,122.1
vgb,1956,115.1
vgb,1957,108.3
vgb,1958,102.0
vgb,1959,96.1
vgb,1960,90.5
vgb,1961,85.0
vgb,1962,79.9
vgb,1963,75.0
vgb,1964,70.3
vgb,1965,66.0
vgb,1966,61.9
vgb,1967,58.1
vgb,1968,54.6
vgb,1969,51.4
vgb,1970,48.6
vgb,1971,46.0
vgb,1972,43.8
vgb,1973,42.0
vgb,1974,40.4
vgb,1975,39.1
vgb,1976,38.0
vgb,1977,37.1
vgb,1978,36.2
vgb,1979,35.4
vgb,1980,34.5
vgb,1981,33.6
vgb,1982,32.5
vgb,1983,31.4
vgb,1984,30.3
vgb,1985,29.1
vgb,1986,27.8
vgb,1987,26.5
vgb,1988,25.3
vgb,1989,24.1
vgb,1990,22.9
vgb,1991,21.9
vgb,1992,21.0
vgb,1993,20.2
vgb,1994,19.4
vgb,1995,18.9
vgb,1996,18.3
vgb,1997,17.9
vgb,1998,17.5
vgb,1999,17.1
vgb,2000,16.8
vgb,2001,16.6
vgb,2002,16.4
vgb,2003,16.1
vgb,2004,16.0
vgb,2005,15.9
vgb,2006,15.8
vgb,2007,15.7
vgb,2008,15.7
vgb,2009,15.6
vgb,2010,15.6
vgb,2011,15.6
vgb,2012,15.6
vgb,2013,15.6
vgb,2014,15.6
vgb,2015,15.5
vgb,2016,15.2
vgb,2017,14.9
vgb,2018,14.6
vgb,2019,14.2
vgb,2020,13.8
vgb,2021,13.5
vgb,2022,13.1
vgb,2023,12.7
vnm,1959,124.9
vnm,1960,120.6
vnm,1961,116.5
vnm,1962,112.6
vnm,1963,108.9
vnm,1964,99.4
vnm,1965,102.9
vnm,1966,103.3
vnm,1967,103.9
vnm,1968,120.1
vnm,1969,111.3
vnm,1970,110.4
vnm,1971,107.6
vnm,1972,122.4
vnm,1973,106.6
vnm,1974,109.9
vnm,1975,78.5
vnm,1976,76.9
vnm,1977,75.2
vnm,1978,73.4
vnm,1979,71.6
vnm,1980,69.9
vnm,1981,68.2
vnm,1982,66.7
vnm,1983,65.2
vnm,1984,63.8
vnm,1985,62.2
vnm,1986,60.4
vnm,1987,58.5
vnm,1988,56.3
vnm,1989,54.0
vnm,1990,51.6
vnm,1991,49.1
vnm,1992,46.6
vnm,1993,44.1
vnm,1994,41.7
vnm,1995,39.4
vnm,1996,37.2
vnm,1997,35.2
vnm,1998,33.4
vnm,1999,31.8
vnm,2000,30.3
vnm,2001,29.0
vnm,2002,27.9
vnm,2003,26.9
vnm,2004,26.1
vnm,2005,25.4
vnm,2006,24.8
vnm,2007,24.3
vnm,2008,23.8
vnm,2009,23.4
vnm,2010,23.1
vnm,2011,22.8
vnm,2012,22.5
vnm,2013,22.3
vnm,2014,22.0
vnm,2015,21.6
vnm,2016,21.3
vnm,2017,20.9
vnm,2018,20.5
vnm,2019,20.0
vnm,2020,19.5
vnm,2021,18.9
vnm,2022,18.4
vnm,2023,17.8
vut,1952,178.8
vut,1953,175.8
vut,1954,172.8
vut,1955,169.6
vut,1956,166.5
vut,1957,163.3
vut,1958,160.1
vut,1959,156.5
vut,1960,153.0
vut,1961,149.2
vut,1962,145.0
vut,1963,140.7
vut,1964,136.3
vut,1965,131.6
vut,1966,126.7
vut,1967,122.1
vut,1968,117.2
vut,1969,112.5
vut,1970,108.0
vut,1971,103.6
vut,1972,99.4
vut,1973,95.3
vut,1974,91.4
vut,1975,87.8
vut,1976,84.1
vut,1977,80.2
vut,1978,76.3
vut,1979,72.1
vut,1980,67.9
vut,1981,63.6
vut,1982,59.3
vut,1983,55.0
vut,1984,51.0
vut,1985,47.4
vut,1986,44.2
vut,1987,41.3
vut,1988,38.9
vut,1989,36.9
vut,1990,35.1
vut,1991,33.6
vut,1992,32.3
vut,1993,31.1
vut,1994,30.2
vut,1995,29.4
vut,1996,28.7
vut,1997,28.1
vut,1998,27.6
vut,1999,27.1
vut,2000,26.6
vut,2001,26.1
vut,2002,25.7
vut,2003,25.3
vut,2004,25.0
vut,2005,24.5
vut,2006,24.1
vut,2007,23.5
vut,2008,22.7
vut,2009,21.9
vut,2010,21.1
vut,2011,20.3
vut,2012,19.7
vut,2013,19.2
vut,2014,18.8
vut,2015,18.6
vut,2016,18.4
vut,2017,18.3
vut,2018,18.2
vut,2019,18.1
vut,2020,18.1
vut,2021,18.0
vut,2022,17.8
vut,2023,17.5
wsm,1940,193.1
wsm,1941,189.4
wsm,1942,185.6
wsm,1943,181.8
wsm,1944,178.1
wsm,1945,174.2
wsm,1946,170.4
wsm,1947,166.7
wsm,1948,162.9
wsm,1949,159.0
wsm,1950,154.9
wsm,1951,150.5
wsm,1952,145.9
wsm,1953,141.1
wsm,1954,136.1
wsm,1955,131.1
wsm,1956,126.0
wsm,1957,120.9
wsm,1958,116.0
wsm,1959,111.2
wsm,1960,106.8
wsm,1961,102.7
wsm,1962,98.7
wsm,1963,95.1
wsm,1964,111.0
wsm,1965,88.5
wsm,1966,85.2
wsm,1967,81.9
wsm,1968,78.5
wsm,1969,74.9
wsm,1970,71.6
wsm,1971,68.2
wsm,1972,65.0
wsm,1973,61.9
wsm,1974,58.9
wsm,1975,56.1
wsm,1976,53.3
wsm,1977,50.7
wsm,1978,48.1
wsm,1979,45.8
wsm,1980,43.6
wsm,1981,41.7
wsm,1982,39.9
wsm,1983,38.3
wsm,1984,36.8
wsm,1985,35.3
wsm,1986,34.0
wsm,1987,32.7
wsm,1988,31.6
wsm,1989,30.6
wsm,1990,29.6
wsm,1991,28.7
wsm,1992,27.8
wsm,1993,26.9
wsm,1994,26.0
wsm,1995,25.0
wsm,1996,24.2
wsm,1997,23.4
wsm,1998,22.5
wsm,1999,21.7
wsm,2000,21.0
wsm,2001,20.3
wsm,2002,19.8
wsm,2003,19.4
wsm,2004,19.1
wsm,2005,19.0
wsm,2006,19.0
wsm,2007,19.0
wsm,2008,19.0
wsm,2009,25.3
wsm,2010,19.1
wsm,2011,19.0
wsm,2012,18.8
wsm,2013,18.7
wsm,2014,18.5
wsm,2015,18.3
wsm,2016,18.1
wsm,2017,17.8
wsm,2018,17.5
wsm,2019,20.0
wsm,2020,16.7
wsm,2021,16.2
wsm,2022,15.8
wsm,2023,15.3
yem,1952,481.9
yem,1953,470.4
yem,1954,459.3
yem,1955,448.6
yem,1956,438.4
yem,1957,456.3
yem,1958,449.2
yem,1959,442.0
yem,1960,434.4
yem,1961,427.3
yem,1962,420.1
yem,1963,412.3
yem,1964,403.8
yem,1965,394.4
yem,1966,383.7
yem,1967,371.9
yem,1968,359.3
yem,1969,346.5
yem,1970,333.5
yem,1971,321.0
yem,1972,309.0
yem,1973,297.5
yem,1974,285.7
yem,1975,273.8
yem,1976,261.4
yem,1977,248.6
yem,1978,235.6
yem,1979,222.4
yem,1980,209.4
yem,1981,196.6
yem,1982,184.6
yem,1983,173.2
yem,1984,163.0
yem,1985,154.1
yem,1986,146.5
yem,1987,139.9
yem,1988,134.3
yem,1989,129.4
yem,1990,125.2
yem,1991,121.6
yem,1992,118.4
yem,1993,115.5
yem,1994,112.9
yem,1995,110.5
yem,1996,107.9
yem,1997,105.0
yem,1998,101.5
yem,1999,97.4
yem,2000,92.9
yem,2001,88.2
yem,2002,83.5
yem,2003,79.0
yem,2004,74.7
yem,2005,70.6
yem,2006,66.9
yem,2007,63.4
yem,2008,60.2
yem,2009,57.5
yem,2010,55.0
yem,2011,53.1
yem,2012,51.6
yem,2013,49.6
yem,2014,48.7
yem,2015,49.3
yem,2016,47.9
yem,2017,47.5
yem,2018,47.3
yem,2019,46.1
yem,2020,43.4
yem,2021,42.6
yem,2022,41.1
yem,2023,39.5
zaf,1974,132.3
zaf,1975,124.9
zaf,1976,117.8
zaf,1977,111.1
zaf,1978,104.7
zaf,1979,98.8
zaf,1980,93.5
zaf,1981,88.5
zaf,1982,83.8
zaf,1983,79.6
zaf,1984,75.9
zaf,1985,72.3
zaf,1986,68.9
zaf,1987,65.7
zaf,1988,62.7
zaf,1989,60.1
zaf,1990,58.1
zaf,1991,56.8
zaf,1992,56.2
zaf,1993,56.6
zaf,1994,57.8
zaf,1995,59.2
zaf,1996,60.9
zaf,1997,62.9
zaf,1998,65.8
zaf,1999,68.7
zaf,2000,71.4
zaf,2001,74.5
zaf,2002,77.0
zaf,2003,79.2
zaf,2004,80.7
zaf,2005,79.8
zaf,2006,76.9
zaf,2007,71.2
zaf,2008,63.7
zaf,2009,56.9
zaf,2010,50.3
zaf,2011,45.6
zaf,2012,43.1
zaf,2013,41.4
zaf,2014,39.7
zaf,2015,38.2
zaf,2016,36.8
zaf,2017,35.7
zaf,2018,34.9
zaf,2019,34.3
zaf,2020,33.9
zaf,2021,34.0
zaf,2022,34.3
zaf,2023,34.8
zmb,1952,237.5
zmb,1953,233.8
zmb,1954,229.2
zmb,1955,225.2
zmb,1956,221.1
zmb,1957,216.9
zmb,1958,213.0
zmb,1959,209.0
zmb,1960,205.0
zmb,1961,201.3
zmb,1962,197.8
zmb,1963,194.8
zmb,1964,192.2
zmb,1965,190.3
zmb,1966,188.8
zmb,1967,187.8
zmb,1968,186.3
zmb,1969,183.9
zmb,1970,180.2
zmb,1971,175.4
zmb,1972,170.0
zmb,1973,164.6
zmb,1974,159.8
zmb,1975,156.2
zmb,1976,154.0
zmb,1977,153.5
zmb,1978,153.9
zmb,1979,154.3
zmb,1980,154.9
zmb,1981,155.6
zmb,1982,156.8
zmb,1983,159.0
zmb,1984,162.1
zmb,1985,165.8
zmb,1986,169.8
zmb,1987,173.7
zmb,1988,176.9
zmb,1989,179.4
zmb,1990,180.7
zmb,1991,180.9
zmb,1992,180.2
zmb,1993,178.5
zmb,1994,175.8
zmb,1995,172.2
zmb,1996,168.7
zmb,1997,165.6
zmb,1998,162.5
zmb,1999,158.1
zmb,2000,151.8
zmb,2001,143.2
zmb,2002,132.9
zmb,2003,122.1
zmb,2004,111.7
zmb,2005,102.7
zmb,2006,94.8
zmb,2007,89.1
zmb,2008,84.2
zmb,2009,78.4
zmb,2010,74.3
zmb,2011,71.8
zmb,2012,69.2
zmb,2013,66.0
zmb,2014,62.6
zmb,2015,60.2
zmb,2016,57.1
zmb,2017,55.2
zmb,2018,54.7
zmb,2019,53.5
zmb,2020,52.5
zmb,2021,50.4
zmb,2022,49.5
zmb,2023,49.1
zwe,1953,180.6
zwe,1954,166.9
zwe,1955,164.8
zwe,1956,162.7
zwe,1957,160.6
zwe,1958,158.3
zwe,1959,155.9
zwe,1960,153.5
zwe,1961,150.4
zwe,1962,147.1
zwe,1963,143.6
zwe,1964,139.9
zwe,1965,135.8
zwe,1966,132.1
zwe,1967,128.5
zwe,1968,125.8
zwe,1969,123.9
zwe,1970,122.3
zwe,1971,121.0
zwe,1972,120.2
zwe,1973,119.9
zwe,1974,120.3
zwe,1975,120.9
zwe,1976,121.2
zwe,1977,121.5
zwe,1978,121.8
zwe,1979,121.6
zwe,1980,120.0
zwe,1981,115.8
zwe,1982,109.8
zwe,1983,102.8
zwe,1984,95.8
zwe,1985,89.4
zwe,1986,84.5
zwe,1987,81.3
zwe,1988,80.2
zwe,1989,81.2
zwe,1990,84.0
zwe,1991,87.9
zwe,1992,92.3
zwe,1993,97.5
zwe,1994,102.7
zwe,1995,104.2
zwe,1996,108.1
zwe,1997,100.7
zwe,1998,97.1
zwe,1999,99.7
zwe,2000,99.4
zwe,2001,96.3
zwe,2002,93.8
zwe,2003,91.9
zwe,2004,91.2
zwe,2005,91.6
zwe,2006,87.6
zwe,2007,90.6
zwe,2008,91.1
zwe,2009,89.8
zwe,2010,85.2
zwe,2011,77.2
zwe,2012,68.0
zwe,2013,62.6
zwe,2014,59.8
zwe,2015,59.2
zwe,2016,57.5
zwe,2017,56.7
zwe,2018,56.3
zwe,2019,58.6
zwe,2020,61.7
zwe,2021,62.4
zwe,2022,64.0
zwe,2023,64.2
