Geo,Time,Children per woman
abw,1950,5.827
abw,1951,5.761
abw,1952,5.678
abw,1953,5.559
abw,1954,5.421
abw,1955,5.274
abw,1956,5.108
abw,1957,4.926
abw,1958,4.759
abw,1959,4.649
abw,1960,4.567
abw,1961,4.422
abw,1962,4.262
abw,1963,4.107
abw,1964,3.94
abw,1965,3.797
abw,1966,3.621
abw,1967,3.452
abw,1968,3.277
abw,1969,3.111
abw,1970,2.973
abw,1971,2.862
abw,1972,2.755
abw,1973,2.655
abw,1974,2.573
abw,1975,2.499
abw,1976,2.432
abw,1977,2.372
abw,1978,2.312
abw,1979,2.257
abw,1980,2.203
abw,1981,2.161
abw,1982,2.142
abw,1983,2.148
abw,1984,2.17
abw,1985,2.188
abw,1986,2.212
abw,1987,2.243
abw,1988,2.273
abw,1989,2.306
abw,1990,2.345
abw,1991,2.362
abw,1992,2.353
abw,1993,2.331
abw,1994,2.298
abw,1995,2.288
abw,1996,2.233
abw,1997,2.138
abw,1998,2.001
abw,1999,1.897
abw,2000,1.845
abw,2001,1.813
abw,2002,1.8
abw,2003,1.808
abw,2004,1.819
abw,2005,1.844
abw,2006,1.862
abw,2007,1.881
abw,2008,1.889
abw,2009,1.875
abw,2010,1.855
abw,2011,1.858
abw,2012,1.907
abw,2013,1.944
abw,2014,1.944
abw,2015,1.899
abw,2016,1.848
abw,2017,1.785
abw,2018,1.732
abw,2019,1.701
abw,2020,1.662
abw,2021,1.631
abw,2022,1.615
abw,2023,1.602
afg,1950,7.248
afg,1951,7.26
afg,1952,7.26
afg,1953,7.266
afg,1954,7.254
afg,1955,7.262
afg,1956,7.269
afg,1957,7.264
afg,1958,7.269
afg,1959,7.276
afg,1960,7.282
afg,1961,7.284
afg,1962,7.292
afg,1963,7.302
afg,1964,7.304
afg,1965,7.305
afg,1966,7.32
afg,1967,7.339
afg,1968,7.363
afg,1969,7.389
afg,1970,7.4
afg,1971,7.432
afg,1972,7.453
afg,1973,7.487
afg,1974,7.526
afg,1975,7.542
afg,1976,7.561
afg,1977,7.591
afg,1978,7.599
afg,1979,7.612
afg,1980,7.643
afg,1981,7.617
afg,1982,7.6
afg,1983,7.57
afg,1984,7.554
afg,1985,7.55
afg,1986,7.553
afg,1987,7.548
afg,1988,7.551
afg,1989,7.559
afg,1990,7.576
afg,1991,7.631
afg,1992,7.703
afg,1993,7.761
afg,1994,7.767
afg,1995,7.767
afg,1996,7.757
afg,1997,7.732
afg,1998,7.693
afg,1999,7.641
afg,2000,7.566
afg,2001,7.453
afg,2002,7.32
afg,2003,7.174
afg,2004,7.018
afg,2005,6.858
afg,2006,6.686
afg,2007,6.508
afg,2008,6.392
afg,2009,6.295
afg,2010,6.195
afg,2011,6.094
afg,2012,5.985
afg,2013,5.879
afg,2014,5.77
afg,2015,5.652
afg,2016,5.542
afg,2017,5.433
afg,2018,5.327
afg,2019,5.238
afg,2020,5.145
afg,2021,5.039
afg,2022,4.932
afg,2023,4.84
ago,1950,5.771
ago,1951,5.831
ago,1952,5.948
ago,1953,6.06
ago,1954,6.166
ago,1955,6.267
ago,1956,6.363
ago,1957,6.455
ago,1958,6.542
ago,1959,6.626
ago,1960,6.708
ago,1961,6.79
ago,1962,6.872
ago,1963,6.954
ago,1964,7.036
ago,1965,7.116
ago,1966,7.194
ago,1967,7.267
ago,1968,7.332
ago,1969,7.388
ago,1970,7.434
ago,1971,7.467
ago,1972,7.488
ago,1973,7.498
ago,1974,7.5
ago,1975,7.494
ago,1976,7.485
ago,1977,7.475
ago,1978,7.467
ago,1979,7.461
ago,1980,7.459
ago,1981,7.459
ago,1982,7.461
ago,1983,7.462
ago,1984,7.459
ago,1985,7.451
ago,1986,7.435
ago,1987,7.409
ago,1988,7.373
ago,1989,7.328
ago,1990,7.272
ago,1991,7.208
ago,1992,7.138
ago,1993,7.065
ago,1994,6.99
ago,1995,6.918
ago,1996,6.851
ago,1997,6.789
ago,1998,6.732
ago,1999,6.683
ago,2000,6.639
ago,2001,6.601
ago,2002,6.567
ago,2003,6.533
ago,2004,6.499
ago,2005,6.461
ago,2006,6.419
ago,2007,6.372
ago,2008,6.32
ago,2009,6.26
ago,2010,6.194
ago,2011,6.12
ago,2012,6.039
ago,2013,5.953
ago,2014,5.864
ago,2015,5.774
ago,2016,5.686
ago,2017,5.6
ago,2018,5.519
ago,2019,5.442
ago,2020,5.371
ago,2021,5.304
ago,2022,5.209
ago,2023,5.124
aia,1950,6.491
aia,1951,6.643
aia,1952,6.772
aia,1953,6.886
aia,1954,6.981
aia,1955,7.05
aia,1956,7.085
aia,1957,7.088
aia,1958,7.046
aia,1959,6.985
aia,1960,6.925
aia,1961,6.872
aia,1962,6.82
aia,1963,6.744
aia,1964,6.641
aia,1965,6.509
aia,1966,6.346
aia,1967,6.152
aia,1968,5.884
aia,1969,5.58
aia,1970,5.299
aia,1971,5.052
aia,1972,4.829
aia,1973,4.601
aia,1974,4.393
aia,1975,4.197
aia,1976,3.977
aia,1977,3.749
aia,1978,3.545
aia,1979,3.371
aia,1980,3.238
aia,1981,3.147
aia,1982,3.084
aia,1983,3.017
aia,1984,2.925
aia,1985,2.733
aia,1986,2.511
aia,1987,2.308
aia,1988,2.205
aia,1989,2.403
aia,1990,2.185
aia,1991,2.137
aia,1992,2.025
aia,1993,1.996
aia,1994,1.932
aia,1995,1.943
aia,1996,1.881
aia,1997,1.873
aia,1998,1.898
aia,1999,1.906
aia,2000,1.877
aia,2001,2.0
aia,2002,1.74
aia,2003,1.637
aia,2004,1.605
aia,2005,1.528
aia,2006,1.473
aia,2007,1.51
aia,2008,1.562
aia,2009,1.607
aia,2010,1.627
aia,2011,1.632
aia,2012,1.611
aia,2013,1.553
aia,2014,1.469
aia,2015,1.39
aia,2016,1.374
aia,2017,1.374
aia,2018,1.374
aia,2019,1.377
aia,2020,1.382
aia,2021,1.378
aia,2022,1.374
aia,2023,1.364
alb,1950,6.169
alb,1951,6.198
alb,1952,6.239
alb,1953,6.341
alb,1954,6.432
alb,1955,6.541
alb,1956,6.437
alb,1957,6.334
alb,1958,6.391
alb,1959,6.397
alb,1960,6.383
alb,1961,6.273
alb,1962,6.106
alb,1963,5.927
alb,1964,5.714
alb,1965,5.474
alb,1966,5.325
alb,1967,5.31
alb,1968,5.317
alb,1969,5.287
alb,1970,5.158
alb,1971,5.083
alb,1972,4.979
alb,1973,4.829
alb,1974,4.7
alb,1975,4.566
alb,1976,4.374
alb,1977,4.204
alb,1978,3.996
alb,1979,3.782
alb,1980,3.59
alb,1981,3.468
alb,1982,3.416
alb,1983,3.319
alb,1984,3.282
alb,1985,3.214
alb,1986,3.141
alb,1987,3.106
alb,1988,3.069
alb,1989,3.03
alb,1990,3.014
alb,1991,2.956
alb,1992,2.885
alb,1993,2.811
alb,1994,2.798
alb,1995,2.762
alb,1996,2.666
alb,1997,2.535
alb,1998,2.425
alb,1999,2.313
alb,2000,2.217
alb,2001,2.141
alb,2002,2.002
alb,2003,2.006
alb,2004,1.889
alb,2005,1.787
alb,2006,1.686
alb,2007,1.633
alb,2008,1.616
alb,2009,1.638
alb,2010,1.653
alb,2011,1.677
alb,2012,1.719
alb,2013,1.741
alb,2014,1.721
alb,2015,1.631
alb,2016,1.555
alb,2017,1.486
alb,2018,1.415
alb,2019,1.395
alb,2020,1.371
alb,2021,1.365
alb,2022,1.355
alb,2023,1.348
and,1950,2.112
and,1951,2.195
and,1952,2.258
and,1953,2.315
and,1954,2.32
and,1955,2.271
and,1956,2.296
and,1957,2.374
and,1958,2.459
and,1959,2.552
and,1960,2.545
and,1961,2.543
and,1962,2.548
and,1963,2.602
and,1964,2.689
and,1965,2.715
and,1966,2.759
and,1967,2.78
and,1968,2.77
and,1969,2.769
and,1970,2.787
and,1971,2.832
and,1972,2.905
and,1973,2.826
and,1974,2.735
and,1975,2.458
and,1976,2.207
and,1977,2.029
and,1978,1.884
and,1979,1.795
and,1980,1.83
and,1981,1.797
and,1982,1.726
and,1983,1.574
and,1984,1.475
and,1985,1.434
and,1986,1.397
and,1987,1.367
and,1988,1.365
and,1989,1.395
and,1990,1.401
and,1991,1.397
and,1992,1.373
and,1993,1.334
and,1994,1.317
and,1995,1.319
and,1996,1.329
and,1997,1.354
and,1998,1.383
and,1999,1.421
and,2000,1.273
and,2001,1.305
and,2002,1.265
and,2003,1.18
and,2004,1.229
and,2005,1.224
and,2006,1.234
and,2007,1.189
and,2008,1.25
and,2009,1.208
and,2010,1.275
and,2011,1.321
and,2012,1.26
and,2013,1.142
and,2014,1.168
and,2015,1.223
and,2016,1.184
and,2017,1.129
and,2018,1.053
and,2019,1.045
and,2020,1.028
and,2021,1.058
and,2022,1.071
and,2023,1.082
are,1950,6.503
are,1951,6.499
are,1952,6.5
are,1953,6.499
are,1954,6.502
are,1955,6.495
are,1956,6.494
are,1957,6.488
are,1958,6.484
are,1959,6.5
are,1960,6.499
are,1961,6.494
are,1962,6.489
are,1963,6.495
are,1964,6.494
are,1965,6.495
are,1966,6.495
are,1967,6.51
are,1968,6.529
are,1969,6.524
are,1970,6.519
are,1971,6.519
are,1972,6.502
are,1973,6.464
are,1974,6.411
are,1975,6.353
are,1976,6.291
are,1977,6.223
are,1978,6.151
are,1979,6.059
are,1980,5.953
are,1981,5.814
are,1982,5.658
are,1983,5.482
are,1984,5.303
are,1985,5.125
are,1986,4.999
are,1987,4.883
are,1988,4.768
are,1989,4.65
are,1990,4.506
are,1991,4.251
are,1992,4.088
are,1993,3.819
are,1994,3.761
are,1995,3.278
are,1996,3.06
are,1997,2.825
are,1998,2.765
are,1999,2.793
are,2000,2.733
are,2001,2.622
are,2002,2.541
are,2003,2.491
are,2004,2.385
are,2005,2.232
are,2006,1.958
are,2007,1.792
are,2008,1.516
are,2009,1.582
are,2010,1.565
are,2011,1.539
are,2012,1.532
are,2013,1.527
are,2014,1.483
are,2015,1.417
are,2016,1.366
are,2017,1.35
are,2018,1.288
are,2019,1.247
are,2020,1.289
are,2021,1.162
are,2022,1.148
are,2023,1.2
arg,1950,3.164
arg,1951,3.161
arg,1952,3.157
arg,1953,3.152
arg,1954,3.141
arg,1955,3.139
arg,1956,3.147
arg,1957,3.137
arg,1958,3.1
arg,1959,3.141
arg,1960,3.136
arg,1961,3.12
arg,1962,3.126
arg,1963,3.109
arg,1964,3.075
arg,1965,3.005
arg,1966,2.966
arg,1967,2.982
arg,1968,3.011
arg,1969,3.049
arg,1970,3.085
arg,1971,3.108
arg,1972,3.135
arg,1973,3.17
arg,1974,3.216
arg,1975,3.271
arg,1976,3.317
arg,1977,3.359
arg,1978,3.359
arg,1979,3.339
arg,1980,3.301
arg,1981,3.253
arg,1982,3.204
arg,1983,3.148
arg,1984,3.116
arg,1985,3.066
arg,1986,3.054
arg,1987,3.037
arg,1988,3.046
arg,1989,3.022
arg,1990,3.034
arg,1991,3.012
arg,1992,2.987
arg,1993,2.966
arg,1994,2.935
arg,1995,2.864
arg,1996,2.781
arg,1997,2.706
arg,1998,2.662
arg,1999,2.643
arg,2000,2.591
arg,2001,2.531
arg,2002,2.493
arg,2003,2.451
arg,2004,2.43
arg,2005,2.426
arg,2006,2.4
arg,2007,2.37
arg,2008,2.432
arg,2009,2.4
arg,2010,2.411
arg,2011,2.393
arg,2012,2.304
arg,2013,2.335
arg,2014,2.386
arg,2015,2.35
arg,2016,2.241
arg,2017,2.168
arg,2018,2.067
arg,2019,1.882
arg,2020,1.601
arg,2021,1.585
arg,2022,1.482
arg,2023,1.5
arm,1950,4.904
arm,1951,4.852
arm,1952,4.808
arm,1953,4.792
arm,1954,4.796
arm,1955,4.798
arm,1956,4.89
arm,1957,4.918
arm,1958,4.91
arm,1959,4.867
arm,1960,4.786
arm,1961,4.67
arm,1962,4.521
arm,1963,4.345
arm,1964,4.15
arm,1965,3.988
arm,1966,3.829
arm,1967,3.731
arm,1968,3.622
arm,1969,3.488
arm,1970,3.328
arm,1971,3.286
arm,1972,3.198
arm,1973,3.081
arm,1974,2.984
arm,1975,2.921
arm,1976,2.844
arm,1977,2.739
arm,1978,2.617
arm,1979,2.53
arm,1980,2.48
arm,1981,2.48
arm,1982,2.503
arm,1983,2.558
arm,1984,2.603
arm,1985,2.644
arm,1986,2.662
arm,1987,2.664
arm,1988,2.675
arm,1989,2.705
arm,1990,2.708
arm,1991,2.643
arm,1992,2.499
arm,1993,2.286
arm,1994,2.084
arm,1995,2.067
arm,1996,2.06
arm,1997,1.9
arm,1998,1.81
arm,1999,1.534
arm,2000,1.47
arm,2001,1.402
arm,2002,1.405
arm,2003,1.473
arm,2004,1.491
arm,2005,1.492
arm,2006,1.494
arm,2007,1.519
arm,2008,1.541
arm,2009,1.574
arm,2010,1.588
arm,2011,1.615
arm,2012,1.647
arm,2013,1.669
arm,2014,1.663
arm,2015,1.621
arm,2016,1.625
arm,2017,1.561
arm,2018,1.567
arm,2019,1.601
arm,2020,1.619
arm,2021,1.71
arm,2022,1.719
arm,2023,1.714
asm,1950,6.219
asm,1951,6.166
asm,1952,6.112
asm,1953,6.087
asm,1954,6.094
asm,1955,6.143
asm,1956,6.197
asm,1957,6.301
asm,1958,6.425
asm,1959,6.537
asm,1960,6.578
asm,1961,6.575
asm,1962,6.603
asm,1963,6.687
asm,1964,6.78
asm,1965,6.73
asm,1966,6.618
asm,1967,6.461
asm,1968,6.281
asm,1969,6.122
asm,1970,5.953
asm,1971,5.765
asm,1972,5.519
asm,1973,5.297
asm,1974,5.139
asm,1975,5.013
asm,1976,4.932
asm,1977,4.953
asm,1978,4.873
asm,1979,4.756
asm,1980,4.627
asm,1981,4.498
asm,1982,4.37
asm,1983,4.267
asm,1984,4.25
asm,1985,4.255
asm,1986,4.276
asm,1987,4.298
asm,1988,4.314
asm,1989,4.41
asm,1990,4.472
asm,1991,4.528
asm,1992,4.557
asm,1993,4.605
asm,1994,4.384
asm,1995,4.121
asm,1996,3.944
asm,1997,3.887
asm,1998,3.878
asm,1999,3.891
asm,2000,3.89
asm,2001,3.87
asm,2002,3.866
asm,2003,3.91
asm,2004,3.945
asm,2005,3.863
asm,2006,3.685
asm,2007,3.509
asm,2008,3.42
asm,2009,3.359
asm,2010,3.292
asm,2011,3.169
asm,2012,3.043
asm,2013,2.932
asm,2014,2.852
asm,2015,2.78
asm,2016,2.699
asm,2017,2.598
asm,2018,2.494
asm,2019,2.404
asm,2020,2.36
asm,2021,2.327
asm,2022,2.305
asm,2023,2.286
atg,1950,5.124
atg,1951,5.063
atg,1952,5.011
atg,1953,4.955
atg,1954,4.917
atg,1955,4.866
atg,1956,4.819
atg,1957,4.769
atg,1958,4.719
atg,1959,4.66
atg,1960,4.602
atg,1961,4.559
atg,1962,4.547
atg,1963,4.536
atg,1964,4.484
atg,1965,4.416
atg,1966,4.322
atg,1967,4.178
atg,1968,4.014
atg,1969,3.829
atg,1970,3.628
atg,1971,3.455
atg,1972,3.287
atg,1973,3.126
atg,1974,2.932
atg,1975,2.77
atg,1976,2.78
atg,1977,2.784
atg,1978,2.573
atg,1979,2.632
atg,1980,2.311
atg,1981,2.166
atg,1982,2.087
atg,1983,2.116
atg,1984,2.038
atg,1985,2.151
atg,1986,2.032
atg,1987,2.067
atg,1988,2.132
atg,1989,2.199
atg,1990,2.249
atg,1991,2.036
atg,1992,2.126
atg,1993,2.036
atg,1994,2.069
atg,1995,2.159
atg,1996,2.266
atg,1997,2.19
atg,1998,2.017
atg,1999,1.956
atg,2000,2.196
atg,2001,2.018
atg,2002,1.94
atg,2003,1.887
atg,2004,1.852
atg,2005,1.832
atg,2006,1.831
atg,2007,1.86
atg,2008,2.042
atg,2009,2.006
atg,2010,1.785
atg,2011,1.746
atg,2012,1.655
atg,2013,1.537
atg,2014,1.526
atg,2015,1.567
atg,2016,1.458
atg,2017,1.485
atg,2018,1.371
atg,2019,1.468
atg,2020,1.569
atg,2021,1.58
atg,2022,1.58
atg,2023,1.578
aus,1950,3.063
aus,1951,3.063
aus,1952,3.18
aus,1953,3.192
aus,1954,3.192
aus,1955,3.273
aus,1956,3.331
aus,1957,3.421
aus,1958,3.423
aus,1959,3.441
aus,1960,3.453
aus,1961,3.542
aus,1962,3.425
aus,1963,3.334
aus,1964,3.146
aus,1965,2.979
aus,1966,2.883
aus,1967,2.851
aus,1968,2.889
aus,1969,2.889
aus,1970,2.86
aus,1971,2.948
aus,1972,2.742
aus,1973,2.493
aus,1974,2.376
aus,1975,2.207
aus,1976,2.063
aus,1977,2.019
aus,1978,1.961
aus,1979,1.913
aus,1980,1.901
aus,1981,1.94
aus,1982,1.94
aus,1983,1.931
aus,1984,1.872
aus,1985,1.899
aus,1986,1.872
aus,1987,1.851
aus,1988,1.84
aus,1989,1.843
aus,1990,1.908
aus,1991,1.863
aus,1992,1.892
aus,1993,1.864
aus,1994,1.852
aus,1995,1.825
aus,1996,1.804
aus,1997,1.783
aus,1998,1.765
aus,1999,1.764
aus,2000,1.764
aus,2001,1.738
aus,2002,1.765
aus,2003,1.764
aus,2004,1.784
aus,2005,1.849
aus,2006,1.882
aus,2007,1.991
aus,2008,2.02
aus,2009,1.972
aus,2010,1.948
aus,2011,1.922
aus,2012,1.931
aus,2013,1.883
aus,2014,1.805
aus,2015,1.803
aus,2016,1.792
aus,2017,1.745
aus,2018,1.743
aus,2019,1.666
aus,2020,1.593
aus,2021,1.647
aus,2022,1.638
aus,2023,1.638
aut,1950,2.089
aut,1951,2.035
aut,1952,2.068
aut,1953,2.09
aut,1954,2.139
aut,1955,2.268
aut,1956,2.456
aut,1957,2.549
aut,1958,2.592
aut,1959,2.678
aut,1960,2.689
aut,1961,2.787
aut,1962,2.801
aut,1963,2.817
aut,1964,2.779
aut,1965,2.697
aut,1966,2.672
aut,1967,2.629
aut,1968,2.585
aut,1969,2.484
aut,1970,2.294
aut,1971,2.194
aut,1972,2.077
aut,1973,1.931
aut,1974,1.902
aut,1975,1.823
aut,1976,1.681
aut,1977,1.623
aut,1978,1.597
aut,1979,1.597
aut,1980,1.651
aut,1981,1.672
aut,1982,1.661
aut,1983,1.563
aut,1984,1.526
aut,1985,1.479
aut,1986,1.455
aut,1987,1.44
aut,1988,1.457
aut,1989,1.455
aut,1990,1.467
aut,1991,1.516
aut,1992,1.516
aut,1993,1.512
aut,1994,1.474
aut,1995,1.431
aut,1996,1.448
aut,1997,1.395
aut,1998,1.371
aut,1999,1.344
aut,2000,1.364
aut,2001,1.331
aut,2002,1.389
aut,2003,1.373
aut,2004,1.415
aut,2005,1.406
aut,2006,1.404
aut,2007,1.381
aut,2008,1.411
aut,2009,1.393
aut,2010,1.44
aut,2011,1.43
aut,2012,1.44
aut,2013,1.436
aut,2014,1.464
aut,2015,1.492
aut,2016,1.531
aut,2017,1.521
aut,2018,1.479
aut,2019,1.464
aut,2020,1.439
aut,2021,1.469
aut,2022,1.41
aut,2023,1.317
aze,1950,5.075
aze,1951,5.101
aze,1952,5.158
aze,1953,5.226
aze,1954,5.304
aze,1955,5.393
aze,1956,5.49
aze,1957,5.593
aze,1958,5.697
aze,1959,5.795
aze,1960,5.878
aze,1961,5.937
aze,1962,5.961
aze,1963,5.945
aze,1964,5.888
aze,1965,5.792
aze,1966,5.663
aze,1967,5.371
aze,1968,5.213
aze,1969,5.053
aze,1970,4.899
aze,1971,4.757
aze,1972,4.593
aze,1973,4.434
aze,1974,4.314
aze,1975,4.215
aze,1976,4.116
aze,1977,3.982
aze,1978,3.816
aze,1979,3.702
aze,1980,3.586
aze,1981,3.483
aze,1982,3.392
aze,1983,3.32
aze,1984,3.258
aze,1985,3.201
aze,1986,3.138
aze,1987,3.068
aze,1988,3.036
aze,1989,3.004
aze,1990,2.983
aze,1991,2.952
aze,1992,2.863
aze,1993,2.747
aze,1994,2.445
aze,1995,2.193
aze,1996,1.977
aze,1997,2.018
aze,1998,1.848
aze,1999,1.716
aze,2000,1.698
aze,2001,1.589
aze,2002,1.577
aze,2003,1.591
aze,2004,1.965
aze,2005,1.982
aze,2006,2.019
aze,2007,1.968
aze,2008,1.904
aze,2009,1.821
aze,2010,1.924
aze,2011,1.98
aze,2012,2.142
aze,2013,2.148
aze,2014,2.131
aze,2015,2.092
aze,2016,2.032
aze,2017,1.961
aze,2018,1.905
aze,2019,1.845
aze,2020,1.764
aze,2021,1.71
aze,2022,1.687
aze,2023,1.67
bdi,1950,6.923
bdi,1951,6.914
bdi,1952,6.9
bdi,1953,6.915
bdi,1954,6.917
bdi,1955,6.93
bdi,1956,6.931
bdi,1957,6.932
bdi,1958,6.949
bdi,1959,6.979
bdi,1960,7.003
bdi,1961,7.023
bdi,1962,7.038
bdi,1963,7.067
bdi,1964,7.09
bdi,1965,7.113
bdi,1966,7.135
bdi,1967,7.156
bdi,1968,7.18
bdi,1969,7.215
bdi,1970,7.214
bdi,1971,7.213
bdi,1972,7.21
bdi,1973,7.215
bdi,1974,7.222
bdi,1975,7.244
bdi,1976,7.248
bdi,1977,7.245
bdi,1978,7.259
bdi,1979,7.307
bdi,1980,7.353
bdi,1981,7.329
bdi,1982,7.314
bdi,1983,7.298
bdi,1984,7.295
bdi,1985,7.294
bdi,1986,7.32
bdi,1987,7.38
bdi,1988,7.383
bdi,1989,7.387
bdi,1990,7.365
bdi,1991,7.336
bdi,1992,7.301
bdi,1993,7.272
bdi,1994,7.23
bdi,1995,7.184
bdi,1996,7.123
bdi,1997,7.04
bdi,1998,6.958
bdi,1999,6.897
bdi,2000,6.872
bdi,2001,6.849
bdi,2002,6.819
bdi,2003,6.785
bdi,2004,6.746
bdi,2005,6.708
bdi,2006,6.659
bdi,2007,6.588
bdi,2008,6.515
bdi,2009,6.409
bdi,2010,6.26
bdi,2011,6.108
bdi,2012,5.991
bdi,2013,5.889
bdi,2014,5.794
bdi,2015,5.695
bdi,2016,5.587
bdi,2017,5.481
bdi,2018,5.38
bdi,2019,5.271
bdi,2020,5.177
bdi,2021,5.078
bdi,2022,4.98
bdi,2023,4.878
bel,1947,2.49
bel,1948,2.476
bel,1949,2.423
bel,1950,2.346
bel,1951,2.289
bel,1952,2.332
bel,1953,2.327
bel,1954,2.361
bel,1955,2.382
bel,1956,2.409
bel,1957,2.452
bel,1958,2.498
bel,1959,2.559
bel,1960,2.533
bel,1961,2.622
bel,1962,2.595
bel,1963,2.676
bel,1964,2.702
bel,1965,2.612
bel,1966,2.519
bel,1967,2.409
bel,1968,2.311
bel,1969,2.278
bel,1970,2.254
bel,1971,2.208
bel,1972,2.091
bel,1973,1.953
bel,1974,1.838
bel,1975,1.749
bel,1976,1.738
bel,1977,1.725
bel,1978,1.71
bel,1979,1.707
bel,1980,1.693
bel,1981,1.668
bel,1982,1.612
bel,1983,1.562
bel,1984,1.531
bel,1985,1.504
bel,1986,1.537
bel,1987,1.538
bel,1988,1.568
bel,1989,1.585
bel,1990,1.625
bel,1991,1.656
bel,1992,1.648
bel,1993,1.606
bel,1994,1.563
bel,1995,1.564
bel,1996,1.591
bel,1997,1.603
bel,1998,1.594
bel,1999,1.614
bel,2000,1.663
bel,2001,1.666
bel,2002,1.645
bel,2003,1.665
bel,2004,1.719
bel,2005,1.754
bel,2006,1.794
bel,2007,1.813
bel,2008,1.846
bel,2009,1.835
bel,2010,1.849
bel,2011,1.805
bel,2012,1.784
bel,2013,1.748
bel,2014,1.733
bel,2015,1.69
bel,2016,1.675
bel,2017,1.641
bel,2018,1.616
bel,2019,1.609
bel,2020,1.575
bel,2021,1.599
bel,2022,1.547
bel,2023,1.379
ben,1950,5.751
ben,1951,5.777
ben,1952,5.829
ben,1953,5.883
ben,1954,5.938
ben,1955,5.993
ben,1956,6.05
ben,1957,6.108
ben,1958,6.166
ben,1959,6.225
ben,1960,6.282
ben,1961,6.402
ben,1962,6.457
ben,1963,6.51
ben,1964,6.565
ben,1965,6.605
ben,1966,6.625
ben,1967,6.643
ben,1968,6.669
ben,1969,6.705
ben,1970,6.735
ben,1971,6.766
ben,1972,6.799
ben,1973,6.809
ben,1974,6.822
ben,1975,6.83
ben,1976,6.83
ben,1977,6.832
ben,1978,6.824
ben,1979,6.905
ben,1980,6.989
ben,1981,7.056
ben,1982,7.055
ben,1983,7.045
ben,1984,7.031
ben,1985,7.003
ben,1986,6.962
ben,1987,6.918
ben,1988,6.871
ben,1989,6.815
ben,1990,6.741
ben,1991,6.666
ben,1992,6.593
ben,1993,6.51
ben,1994,6.419
ben,1995,6.33
ben,1996,6.279
ben,1997,6.23
ben,1998,6.136
ben,1999,6.032
ben,2000,5.937
ben,2001,5.848
ben,2002,5.793
ben,2003,5.763
ben,2004,5.718
ben,2005,5.692
ben,2006,5.673
ben,2007,5.627
ben,2008,5.548
ben,2009,5.491
ben,2010,5.452
ben,2011,5.436
ben,2012,5.429
ben,2013,5.41
ben,2014,5.374
ben,2015,5.32
ben,2016,5.254
ben,2017,5.155
ben,2018,5.031
ben,2019,4.9
ben,2020,4.795
ben,2021,4.707
ben,2022,4.634
ben,2023,4.556
bes,1950,5.708
bes,1951,5.7
bes,1952,5.691
bes,1953,5.668
bes,1954,5.602
bes,1955,5.46
bes,1956,5.272
bes,1957,5.064
bes,1958,4.888
bes,1959,4.783
bes,1960,4.762
bes,1961,4.752
bes,1962,4.736
bes,1963,4.691
bes,1964,4.609
bes,1965,4.447
bes,1966,4.155
bes,1967,3.777
bes,1968,3.491
bes,1969,3.298
bes,1970,3.156
bes,1971,3.035
bes,1972,2.962
bes,1973,2.949
bes,1974,2.954
bes,1975,2.946
bes,1976,2.916
bes,1977,2.862
bes,1978,2.793
bes,1979,2.737
bes,1980,2.712
bes,1981,2.707
bes,1982,2.718
bes,1983,2.707
bes,1984,2.671
bes,1985,2.615
bes,1986,2.554
bes,1987,2.486
bes,1988,2.442
bes,1989,2.412
bes,1990,2.404
bes,1991,2.412
bes,1992,2.418
bes,1993,2.42
bes,1994,2.397
bes,1995,2.356
bes,1996,2.286
bes,1997,2.197
bes,1998,2.089
bes,1999,1.968
bes,2000,1.86
bes,2001,1.767
bes,2002,1.695
bes,2003,1.644
bes,2004,1.61
bes,2005,1.605
bes,2006,1.626
bes,2007,1.668
bes,2008,1.698
bes,2009,1.704
bes,2010,1.677
bes,2011,1.63
bes,2012,1.53
bes,2013,1.64
bes,2014,1.51
bes,2015,1.32
bes,2016,1.53
bes,2017,1.5
bes,2018,1.58
bes,2019,1.52
bes,2020,1.7
bes,2021,1.58
bes,2022,1.5
bes,2023,1.473
bfa,1950,5.822
bfa,1951,5.874
bfa,1952,5.926
bfa,1953,5.975
bfa,1954,6.012
bfa,1955,6.055
bfa,1956,6.093
bfa,1957,6.126
bfa,1958,6.171
bfa,1959,6.22
bfa,1960,6.248
bfa,1961,6.286
bfa,1962,6.322
bfa,1963,6.356
bfa,1964,6.419
bfa,1965,6.471
bfa,1966,6.527
bfa,1967,6.585
bfa,1968,6.645
bfa,1969,6.664
bfa,1970,6.685
bfa,1971,6.698
bfa,1972,6.719
bfa,1973,6.77
bfa,1974,6.842
bfa,1975,6.913
bfa,1976,6.952
bfa,1977,7.046
bfa,1978,7.148
bfa,1979,7.194
bfa,1980,7.222
bfa,1981,7.256
bfa,1982,7.253
bfa,1983,7.251
bfa,1984,7.245
bfa,1985,7.242
bfa,1986,7.218
bfa,1987,7.168
bfa,1988,7.109
bfa,1989,7.047
bfa,1990,7.009
bfa,1991,6.973
bfa,1992,6.936
bfa,1993,6.889
bfa,1994,6.843
bfa,1995,6.814
bfa,1996,6.779
bfa,1997,6.724
bfa,1998,6.661
bfa,1999,6.586
bfa,2000,6.519
bfa,2001,6.431
bfa,2002,6.339
bfa,2003,6.28
bfa,2004,6.216
bfa,2005,6.182
bfa,2006,6.17
bfa,2007,6.11
bfa,2008,6.05
bfa,2009,5.992
bfa,2010,5.936
bfa,2011,5.869
bfa,2012,5.793
bfa,2013,5.697
bfa,2014,5.595
bfa,2015,5.478
bfa,2016,5.331
bfa,2017,5.17
bfa,2018,4.921
bfa,2019,4.681
bfa,2020,4.44
bfa,2021,4.361
bfa,2022,4.275
bfa,2023,4.186
bgd,1950,6.374
bgd,1951,6.394
bgd,1952,6.406
bgd,1953,6.421
bgd,1954,6.472
bgd,1955,6.505
bgd,1956,6.537
bgd,1957,6.576
bgd,1958,6.608
bgd,1959,6.678
bgd,1960,6.742
bgd,1961,6.78
bgd,1962,6.806
bgd,1963,6.798
bgd,1964,6.785
bgd,1965,6.771
bgd,1966,6.766
bgd,1967,6.79
bgd,1968,6.791
bgd,1969,6.806
bgd,1970,6.839
bgd,1971,6.831
bgd,1972,6.816
bgd,1973,6.8
bgd,1974,6.778
bgd,1975,6.728
bgd,1976,6.66
bgd,1977,6.583
bgd,1978,6.509
bgd,1979,6.421
bgd,1980,6.326
bgd,1981,6.237
bgd,1982,6.118
bgd,1983,5.906
bgd,1984,5.732
bgd,1985,5.539
bgd,1986,5.302
bgd,1987,5.075
bgd,1988,4.849
bgd,1989,4.695
bgd,1990,4.506
bgd,1991,4.261
bgd,1992,4.027
bgd,1993,3.832
bgd,1994,3.737
bgd,1995,3.588
bgd,1996,3.505
bgd,1997,3.502
bgd,1998,3.427
bgd,1999,3.357
bgd,2000,3.279
bgd,2001,3.203
bgd,2002,3.126
bgd,2003,3.029
bgd,2004,2.94
bgd,2005,2.846
bgd,2006,2.755
bgd,2007,2.666
bgd,2008,2.577
bgd,2009,2.484
bgd,2010,2.38
bgd,2011,2.309
bgd,2012,2.263
bgd,2013,2.247
bgd,2014,2.228
bgd,2015,2.227
bgd,2016,2.227
bgd,2017,2.205
bgd,2018,2.193
bgd,2019,2.18
bgd,2020,2.175
bgd,2021,2.173
bgd,2022,2.179
bgd,2023,2.163
bgr,1947,2.829
bgr,1948,2.875
bgr,1949,2.869
bgr,1950,2.482
bgr,1951,2.45
bgr,1952,2.442
bgr,1953,2.409
bgr,1954,2.353
bgr,1955,2.37
bgr,1956,2.332
bgr,1957,2.237
bgr,1958,2.207
bgr,1959,2.211
bgr,1960,2.309
bgr,1961,2.283
bgr,1962,2.232
bgr,1963,2.201
bgr,1964,2.175
bgr,1965,2.085
bgr,1966,2.024
bgr,1967,2.032
bgr,1968,2.271
bgr,1969,2.274
bgr,1970,2.179
bgr,1971,2.105
bgr,1972,2.037
bgr,1973,2.153
bgr,1974,2.29
bgr,1975,2.235
bgr,1976,2.246
bgr,1977,2.205
bgr,1978,2.149
bgr,1979,2.15
bgr,1980,2.056
bgr,1981,2.009
bgr,1982,2.014
bgr,1983,2.006
bgr,1984,1.999
bgr,1985,1.967
bgr,1986,2.004
bgr,1987,1.961
bgr,1988,1.969
bgr,1989,1.894
bgr,1990,1.795
bgr,1991,1.647
bgr,1992,1.538
bgr,1993,1.46
bgr,1994,1.371
bgr,1995,1.247
bgr,1996,1.237
bgr,1997,1.113
bgr,1998,1.136
bgr,1999,1.257
bgr,2000,1.29
bgr,2001,1.228
bgr,2002,1.224
bgr,2003,1.254
bgr,2004,1.317
bgr,2005,1.358
bgr,2006,1.431
bgr,2007,1.481
bgr,2008,1.552
bgr,2009,1.642
bgr,2010,1.567
bgr,2011,1.505
bgr,2012,1.5
bgr,2013,1.482
bgr,2014,1.53
bgr,2015,1.528
bgr,2016,1.541
bgr,2017,1.557
bgr,2018,1.558
bgr,2019,1.58
bgr,2020,1.557
bgr,2021,1.586
bgr,2022,1.767
bgr,2023,1.749
bhr,1950,7.29
bhr,1951,7.287
bhr,1952,7.294
bhr,1953,7.293
bhr,1954,7.286
bhr,1955,7.275
bhr,1956,7.266
bhr,1957,7.263
bhr,1958,7.295
bhr,1959,7.287
bhr,1960,7.262
bhr,1961,7.231
bhr,1962,7.185
bhr,1963,7.137
bhr,1964,7.091
bhr,1965,7.027
bhr,1966,6.944
bhr,1967,6.843
bhr,1968,6.708
bhr,1969,6.57
bhr,1970,6.428
bhr,1971,6.284
bhr,1972,6.139
bhr,1973,5.965
bhr,1974,5.787
bhr,1975,5.618
bhr,1976,5.454
bhr,1977,5.287
bhr,1978,5.12
bhr,1979,4.937
bhr,1980,4.762
bhr,1981,4.602
bhr,1982,4.505
bhr,1983,4.406
bhr,1984,4.303
bhr,1985,4.281
bhr,1986,4.254
bhr,1987,4.133
bhr,1988,4.04
bhr,1989,3.956
bhr,1990,3.817
bhr,1991,3.625
bhr,1992,3.548
bhr,1993,3.461
bhr,1994,3.291
bhr,1995,3.128
bhr,1996,2.986
bhr,1997,2.924
bhr,1998,2.889
bhr,1999,2.899
bhr,2000,2.798
bhr,2001,2.653
bhr,2002,2.699
bhr,2003,2.778
bhr,2004,2.774
bhr,2005,2.67
bhr,2006,2.464
bhr,2007,2.282
bhr,2008,2.152
bhr,2009,2.047
bhr,2010,1.987
bhr,2011,2.025
bhr,2012,2.11
bhr,2013,2.166
bhr,2014,2.149
bhr,2015,2.113
bhr,2016,2.042
bhr,2017,1.984
bhr,2018,1.911
bhr,2019,1.843
bhr,2020,1.86
bhr,2021,1.852
bhr,2022,1.839
bhr,2023,1.824
bhs,1950,4.517
bhs,1951,4.534
bhs,1952,4.61
bhs,1953,4.686
bhs,1954,4.759
bhs,1955,4.825
bhs,1956,4.878
bhs,1957,4.924
bhs,1958,4.96
bhs,1959,5.034
bhs,1960,5.093
bhs,1961,5.156
bhs,1962,5.125
bhs,1963,5.062
bhs,1964,4.969
bhs,1965,4.884
bhs,1966,4.788
bhs,1967,4.689
bhs,1968,4.556
bhs,1969,4.38
bhs,1970,4.212
bhs,1971,4.058
bhs,1972,3.886
bhs,1973,3.726
bhs,1974,3.572
bhs,1975,3.424
bhs,1976,3.297
bhs,1977,3.167
bhs,1978,3.052
bhs,1979,2.937
bhs,1980,2.842
bhs,1981,2.771
bhs,1982,2.708
bhs,1983,2.652
bhs,1984,2.591
bhs,1985,2.546
bhs,1986,2.529
bhs,1987,2.52
bhs,1988,2.519
bhs,1989,2.523
bhs,1990,2.52
bhs,1991,2.51
bhs,1992,2.71
bhs,1993,2.61
bhs,1994,2.472
bhs,1995,2.419
bhs,1996,2.353
bhs,1997,2.293
bhs,1998,2.232
bhs,1999,2.134
bhs,2000,2.06
bhs,2001,2.02
bhs,2002,1.984
bhs,2003,1.971
bhs,2004,1.98
bhs,2005,2.008
bhs,2006,2.019
bhs,2007,2.035
bhs,2008,1.999
bhs,2009,2.011
bhs,2010,1.837
bhs,2011,1.791
bhs,2012,1.761
bhs,2013,1.738
bhs,2014,1.687
bhs,2015,1.574
bhs,2016,1.495
bhs,2017,1.424
bhs,2018,1.404
bhs,2019,1.397
bhs,2020,1.386
bhs,2021,1.382
bhs,2022,1.379
bhs,2023,1.373
bih,1950,5.069
bih,1951,4.847
bih,1952,5.019
bih,1953,4.941
bih,1954,4.819
bih,1955,4.583
bih,1956,4.361
bih,1957,4.091
bih,1958,4.06
bih,1959,3.992
bih,1960,3.963
bih,1961,3.888
bih,1962,3.805
bih,1963,3.7
bih,1964,3.6
bih,1965,3.53
bih,1966,3.394
bih,1967,3.219
bih,1968,3.076
bih,1969,2.954
bih,1970,2.791
bih,1971,2.749
bih,1972,2.672
bih,1973,2.539
bih,1974,2.454
bih,1975,2.389
bih,1976,2.314
bih,1977,2.197
bih,1978,2.081
bih,1979,1.993
bih,1980,1.98
bih,1981,2.024
bih,1982,2.052
bih,1983,2.049
bih,1984,2.015
bih,1985,1.96
bih,1986,1.909
bih,1987,1.879
bih,1988,1.849
bih,1989,1.792
bih,1990,1.786
bih,1991,1.782
bih,1992,1.758
bih,1993,1.729
bih,1994,1.698
bih,1995,1.669
bih,1996,1.652
bih,1997,1.686
bih,1998,1.561
bih,1999,1.366
bih,2000,1.282
bih,2001,1.23
bih,2002,1.231
bih,2003,1.219
bih,2004,1.221
bih,2005,1.203
bih,2006,1.18
bih,2007,1.19
bih,2008,1.21
bih,2009,1.267
bih,2010,1.26
bih,2011,1.209
bih,2012,1.252
bih,2013,1.278
bih,2014,1.262
bih,2015,1.322
bih,2016,1.36
bih,2017,1.419
bih,2018,1.504
bih,2019,1.509
bih,2020,1.515
bih,2021,1.49
bih,2022,1.481
bih,2023,1.486
blm,1950,3.221
blm,1951,3.191
blm,1952,3.161
blm,1953,3.122
blm,1954,3.08
blm,1955,3.044
blm,1956,3.0
blm,1957,2.954
blm,1958,2.907
blm,1959,2.867
blm,1960,2.802
blm,1961,2.745
blm,1962,2.675
blm,1963,2.599
blm,1964,2.523
blm,1965,2.444
blm,1966,2.365
blm,1967,2.288
blm,1968,2.219
blm,1969,2.154
blm,1970,2.089
blm,1971,2.023
blm,1972,1.959
blm,1973,1.895
blm,1974,1.815
blm,1975,1.667
blm,1976,1.51
blm,1977,1.405
blm,1978,1.362
blm,1979,1.374
blm,1980,1.437
blm,1981,1.54
blm,1982,1.63
blm,1983,1.615
blm,1984,1.589
blm,1985,1.564
blm,1986,1.536
blm,1987,1.509
blm,1988,1.472
blm,1989,1.436
blm,1990,1.411
blm,1991,1.395
blm,1992,1.384
blm,1993,1.374
blm,1994,1.372
blm,1995,1.37
blm,1996,1.369
blm,1997,1.373
blm,1998,1.393
blm,1999,1.436
blm,2000,1.491
blm,2001,1.524
blm,2002,1.538
blm,2003,1.524
blm,2004,1.514
blm,2005,1.49
blm,2006,1.45
blm,2007,1.4
blm,2008,1.34
blm,2009,1.288
blm,2010,1.252
blm,2011,1.243
blm,2012,1.245
blm,2013,1.09
blm,2014,0.928
blm,2015,1.052
blm,2016,0.966
blm,2017,0.809
blm,2018,0.706
blm,2019,0.734
blm,2020,0.758
blm,2021,0.777
blm,2022,0.789
blm,2023,0.801
blr,1950,2.64
blr,1951,2.66
blr,1952,2.625
blr,1953,2.6
blr,1954,2.607
blr,1955,2.633
blr,1956,2.66
blr,1957,2.69
blr,1958,2.728
blr,1959,2.763
blr,1960,2.757
blr,1961,2.673
blr,1962,2.607
blr,1963,2.479
blr,1964,2.28
blr,1965,2.229
blr,1966,2.273
blr,1967,2.245
blr,1968,2.258
blr,1969,2.232
blr,1970,2.293
blr,1971,2.313
blr,1972,2.28
blr,1973,2.206
blr,1974,2.191
blr,1975,2.133
blr,1976,2.09
blr,1977,2.061
blr,1978,2.033
blr,1979,1.996
blr,1980,1.983
blr,1981,1.989
blr,1982,1.99
blr,1983,2.134
blr,1984,2.078
blr,1985,2.041
blr,1986,2.126
blr,1987,2.055
blr,1988,2.07
blr,1989,1.978
blr,1990,1.86
blr,1991,1.752
blr,1992,1.704
blr,1993,1.577
blr,1994,1.486
blr,1995,1.369
blr,1996,1.307
blr,1997,1.223
blr,1998,1.268
blr,1999,1.263
blr,2000,1.272
blr,2001,1.241
blr,2002,1.202
blr,2003,1.192
blr,2004,1.196
blr,2005,1.221
blr,2006,1.305
blr,2007,1.394
blr,2008,1.449
blr,2009,1.481
blr,2010,1.478
blr,2011,1.524
blr,2012,1.623
blr,2013,1.673
blr,2014,1.702
blr,2015,1.728
blr,2016,1.727
blr,2017,1.55
blr,2018,1.457
blr,2019,1.389
blr,2020,1.369
blr,2021,1.371
blr,2022,1.326
blr,2023,1.208
blz,1950,6.69
blz,1951,6.68
blz,1952,6.66
blz,1953,6.64
blz,1954,6.62
blz,1955,6.6
blz,1956,6.58
blz,1957,6.56
blz,1958,6.54
blz,1959,6.52
blz,1960,6.5
blz,1961,6.48
blz,1962,6.46
blz,1963,6.44
blz,1964,6.42
blz,1965,6.4
blz,1966,6.379
blz,1967,6.358
blz,1968,6.337
blz,1969,6.316
blz,1970,6.299
blz,1971,6.288
blz,1972,6.284
blz,1973,6.285
blz,1974,6.287
blz,1975,6.278
blz,1976,6.25
blz,1977,6.195
blz,1978,6.109
blz,1979,5.992
blz,1980,5.849
blz,1981,5.684
blz,1982,5.497
blz,1983,5.309
blz,1984,5.115
blz,1985,4.997
blz,1986,4.937
blz,1987,4.883
blz,1988,4.868
blz,1989,4.864
blz,1990,4.802
blz,1991,4.595
blz,1992,4.429
blz,1993,4.206
blz,1994,3.973
blz,1995,3.876
blz,1996,3.755
blz,1997,3.737
blz,1998,3.752
blz,1999,3.726
blz,2000,3.633
blz,2001,3.526
blz,2002,3.43
blz,2003,3.335
blz,2004,3.252
blz,2005,3.173
blz,2006,3.021
blz,2007,2.885
blz,2008,2.78
blz,2009,2.659
blz,2010,2.552
blz,2011,2.531
blz,2012,2.51
blz,2013,2.498
blz,2014,2.474
blz,2015,2.433
blz,2016,2.396
blz,2017,2.368
blz,2018,2.343
blz,2019,2.142
blz,2020,2.04
blz,2021,1.837
blz,2022,1.949
blz,2023,2.007
bmu,1950,3.617
bmu,1951,3.565
bmu,1952,3.538
bmu,1953,3.514
bmu,1954,3.508
bmu,1955,3.487
bmu,1956,3.478
bmu,1957,3.543
bmu,1958,3.581
bmu,1959,3.629
bmu,1960,3.63
bmu,1961,3.594
bmu,1962,3.441
bmu,1963,3.476
bmu,1964,3.231
bmu,1965,3.077
bmu,1966,2.794
bmu,1967,2.567
bmu,1968,2.451
bmu,1969,2.361
bmu,1970,2.308
bmu,1971,2.277
bmu,1972,2.225
bmu,1973,2.143
bmu,1974,2.023
bmu,1975,1.888
bmu,1976,1.864
bmu,1977,1.689
bmu,1978,1.798
bmu,1979,1.661
bmu,1980,1.664
bmu,1981,1.596
bmu,1982,1.643
bmu,1983,1.812
bmu,1984,1.683
bmu,1985,1.774
bmu,1986,1.732
bmu,1987,1.746
bmu,1988,1.797
bmu,1989,1.76
bmu,1990,1.699
bmu,1991,1.744
bmu,1992,1.725
bmu,1993,1.7
bmu,1994,1.684
bmu,1995,1.677
bmu,1996,1.699
bmu,1997,1.692
bmu,1998,1.794
bmu,1999,1.794
bmu,2000,1.738
bmu,2001,1.861
bmu,2002,1.815
bmu,2003,1.79
bmu,2004,1.76
bmu,2005,1.782
bmu,2006,1.79
bmu,2007,1.934
bmu,2008,1.86
bmu,2009,1.853
bmu,2010,1.767
bmu,2011,1.569
bmu,2012,1.528
bmu,2013,1.522
bmu,2014,1.42
bmu,2015,1.44
bmu,2016,1.45
bmu,2017,1.419
bmu,2018,1.374
bmu,2019,1.383
bmu,2020,1.451
bmu,2021,1.389
bmu,2022,1.397
bmu,2023,1.401
bol,1950,6.191
bol,1951,6.191
bol,1952,6.183
bol,1953,6.202
bol,1954,6.214
bol,1955,6.241
bol,1956,6.246
bol,1957,6.264
bol,1958,6.271
bol,1959,6.276
bol,1960,6.273
bol,1961,6.257
bol,1962,6.246
bol,1963,6.232
bol,1964,6.21
bol,1965,6.182
bol,1966,6.158
bol,1967,6.133
bol,1968,6.101
bol,1969,6.058
bol,1970,6.004
bol,1971,5.947
bol,1972,5.885
bol,1973,5.847
bol,1974,5.796
bol,1975,5.748
bol,1976,5.739
bol,1977,5.673
bol,1978,5.61
bol,1979,5.542
bol,1980,5.474
bol,1981,5.408
bol,1982,5.346
bol,1983,5.289
bol,1984,5.242
bol,1985,5.153
bol,1986,5.115
bol,1987,5.063
bol,1988,5.025
bol,1989,4.965
bol,1990,4.9
bol,1991,4.846
bol,1992,4.713
bol,1993,4.592
bol,1994,4.494
bol,1995,4.409
bol,1996,4.336
bol,1997,4.219
bol,1998,4.149
bol,1999,4.09
bol,2000,3.991
bol,2001,3.89
bol,2002,3.802
bol,2003,3.721
bol,2004,3.633
bol,2005,3.558
bol,2006,3.533
bol,2007,3.447
bol,2008,3.364
bol,2009,3.287
bol,2010,3.213
bol,2011,3.143
bol,2012,3.076
bol,2013,3.01
bol,2014,2.947
bol,2015,2.886
bol,2016,2.829
bol,2017,2.777
bol,2018,2.73
bol,2019,2.688
bol,2020,2.651
bol,2021,2.618
bol,2022,2.584
bol,2023,2.547
bra,1950,6.122
bra,1951,6.115
bra,1952,6.102
bra,1953,6.093
bra,1954,6.087
bra,1955,6.084
bra,1956,6.083
bra,1957,6.084
bra,1958,6.083
bra,1959,6.077
bra,1960,6.051
bra,1961,6.022
bra,1962,5.984
bra,1963,5.93
bra,1964,5.818
bra,1965,5.677
bra,1966,5.516
bra,1967,5.336
bra,1968,5.165
bra,1969,5.041
bra,1970,4.934
bra,1971,4.838
bra,1972,4.735
bra,1973,4.638
bra,1974,4.502
bra,1975,4.415
bra,1976,4.339
bra,1977,4.267
bra,1978,4.195
bra,1979,4.12
bra,1980,4.037
bra,1981,3.943
bra,1982,3.838
bra,1983,3.723
bra,1984,3.6
bra,1985,3.48
bra,1986,3.361
bra,1987,3.232
bra,1988,3.112
bra,1989,3.007
bra,1990,2.896
bra,1991,2.805
bra,1992,2.71
bra,1993,2.66
bra,1994,2.603
bra,1995,2.567
bra,1996,2.511
bra,1997,2.468
bra,1998,2.418
bra,1999,2.335
bra,2000,2.247
bra,2001,2.162
bra,2002,2.081
bra,2003,2.006
bra,2004,1.973
bra,2005,1.942
bra,2006,1.896
bra,2007,1.854
bra,2008,1.815
bra,2009,1.799
bra,2010,1.786
bra,2011,1.777
bra,2012,1.766
bra,2013,1.761
bra,2014,1.775
bra,2015,1.777
bra,2016,1.727
bra,2017,1.74
bra,2018,1.744
bra,2019,1.705
bra,2020,1.653
bra,2021,1.638
bra,2022,1.629
bra,2023,1.619
brb,1950,4.473
brb,1951,4.521
brb,1952,4.547
brb,1953,4.529
brb,1954,4.456
brb,1955,4.44
brb,1956,4.18
brb,1957,4.333
brb,1958,4.25
brb,1959,4.276
brb,1960,4.706
brb,1961,4.153
brb,1962,4.3
brb,1963,4.304
brb,1964,4.214
brb,1965,4.176
brb,1966,4.144
brb,1967,3.599
brb,1968,3.574
brb,1969,3.342
brb,1970,3.079
brb,1971,3.199
brb,1972,3.153
brb,1973,2.865
brb,1974,2.652
brb,1975,2.447
brb,1976,2.241
brb,1977,2.201
brb,1978,1.839
brb,1979,1.862
brb,1980,1.777
brb,1981,1.846
brb,1982,1.859
brb,1983,1.856
brb,1984,1.752
brb,1985,1.769
brb,1986,1.694
brb,1987,1.611
brb,1988,1.58
brb,1989,1.638
brb,1990,1.842
brb,1991,1.838
brb,1992,1.804
brb,1993,1.769
brb,1994,1.733
brb,1995,1.704
brb,1996,1.673
brb,1997,1.645
brb,1998,1.62
brb,1999,1.779
brb,2000,1.933
brb,2001,1.955
brb,2002,1.862
brb,2003,1.856
brb,2004,1.797
brb,2005,1.738
brb,2006,1.702
brb,2007,1.755
brb,2008,1.756
brb,2009,1.77
brb,2010,1.785
brb,2011,1.758
brb,2012,1.731
brb,2013,1.729
brb,2014,1.727
brb,2015,1.726
brb,2016,1.724
brb,2017,1.724
brb,2018,1.72
brb,2019,1.715
brb,2020,1.708
brb,2021,1.709
brb,2022,1.712
brb,2023,1.708
brn,1950,6.977
brn,1951,7.028
brn,1952,7.1
brn,1953,7.2
brn,1954,7.308
brn,1955,7.397
brn,1956,7.448
brn,1957,7.476
brn,1958,7.475
brn,1959,7.421
brn,1960,7.322
brn,1961,7.185
brn,1962,7.03
brn,1963,6.893
brn,1964,6.773
brn,1965,6.647
brn,1966,6.514
brn,1967,6.372
brn,1968,6.204
brn,1969,6.008
brn,1970,5.801
brn,1971,5.619
brn,1972,5.5
brn,1973,5.355
brn,1974,5.183
brn,1975,4.99
brn,1976,4.784
brn,1977,4.58
brn,1978,4.389
brn,1979,4.216
brn,1980,4.067
brn,1981,3.943
brn,1982,3.841
brn,1983,3.751
brn,1984,3.68
brn,1985,3.612
brn,1986,3.549
brn,1987,3.491
brn,1988,3.435
brn,1989,3.364
brn,1990,3.29
brn,1991,3.206
brn,1992,3.111
brn,1993,3.007
brn,1994,2.901
brn,1995,2.787
brn,1996,2.681
brn,1997,2.6
brn,1998,2.533
brn,1999,2.461
brn,2000,2.398
brn,2001,2.337
brn,2002,2.264
brn,2003,2.185
brn,2004,2.104
brn,2005,2.024
brn,2006,1.969
brn,2007,1.933
brn,2008,1.918
brn,2009,1.921
brn,2010,1.937
brn,2011,1.957
brn,2012,1.973
brn,2013,1.978
brn,2014,1.969
brn,2015,1.947
brn,2016,1.915
brn,2017,1.881
brn,2018,1.848
brn,2019,1.819
brn,2020,1.796
brn,2021,1.778
brn,2022,1.764
brn,2023,1.747
btn,1950,6.848
btn,1951,6.823
btn,1952,6.802
btn,1953,6.788
btn,1954,6.775
btn,1955,6.762
btn,1956,6.752
btn,1957,6.738
btn,1958,6.721
btn,1959,6.708
btn,1960,6.704
btn,1961,6.698
btn,1962,6.692
btn,1963,6.687
btn,1964,6.682
btn,1965,6.679
btn,1966,6.674
btn,1967,6.669
btn,1968,6.664
btn,1969,6.658
btn,1970,6.65
btn,1971,6.643
btn,1972,6.639
btn,1973,6.633
btn,1974,6.618
btn,1975,6.62
btn,1976,6.616
btn,1977,6.605
btn,1978,6.584
btn,1979,6.553
btn,1980,6.511
btn,1981,6.46
btn,1982,6.402
btn,1983,6.336
btn,1984,6.262
btn,1985,6.176
btn,1986,6.103
btn,1987,5.999
btn,1988,5.88
btn,1989,5.757
btn,1990,5.604
btn,1991,5.451
btn,1992,5.267
btn,1993,5.072
btn,1994,4.866
btn,1995,4.624
btn,1996,4.369
btn,1997,4.088
btn,1998,3.853
btn,1999,3.607
btn,2000,3.378
btn,2001,3.188
btn,2002,3.012
btn,2003,2.865
btn,2004,2.781
btn,2005,2.726
btn,2006,2.66
btn,2007,2.589
btn,2008,2.481
btn,2009,2.364
btn,2010,2.252
btn,2011,2.155
btn,2012,2.068
btn,2013,2.0
btn,2014,1.923
btn,2015,1.835
btn,2016,1.738
btn,2017,1.621
btn,2018,1.517
btn,2019,1.448
btn,2020,1.502
btn,2021,1.488
btn,2022,1.478
btn,2023,1.462
bwa,1950,6.429
bwa,1951,6.436
bwa,1952,6.439
bwa,1953,6.473
bwa,1954,6.507
bwa,1955,6.546
bwa,1956,6.585
bwa,1957,6.62
bwa,1958,6.624
bwa,1959,6.621
bwa,1960,6.595
bwa,1961,6.564
bwa,1962,6.536
bwa,1963,6.578
bwa,1964,6.613
bwa,1965,6.604
bwa,1966,6.606
bwa,1967,6.598
bwa,1968,6.582
bwa,1969,6.559
bwa,1970,6.55
bwa,1971,6.544
bwa,1972,6.563
bwa,1973,6.587
bwa,1974,6.614
bwa,1975,6.613
bwa,1976,6.599
bwa,1977,6.543
bwa,1978,6.479
bwa,1979,6.395
bwa,1980,6.292
bwa,1981,6.163
bwa,1982,5.97
bwa,1983,5.785
bwa,1984,5.625
bwa,1985,5.482
bwa,1986,5.332
bwa,1987,5.104
bwa,1988,4.878
bwa,1989,4.666
bwa,1990,4.509
bwa,1991,4.365
bwa,1992,4.255
bwa,1993,4.152
bwa,1994,4.021
bwa,1995,3.792
bwa,1996,3.573
bwa,1997,3.431
bwa,1998,3.362
bwa,1999,3.313
bwa,2000,3.294
bwa,2001,3.248
bwa,2002,3.175
bwa,2003,3.106
bwa,2004,3.063
bwa,2005,3.082
bwa,2006,3.114
bwa,2007,3.127
bwa,2008,3.131
bwa,2009,3.133
bwa,2010,3.135
bwa,2011,3.103
bwa,2012,3.07
bwa,2013,3.045
bwa,2014,3.027
bwa,2015,3.008
bwa,2016,2.99
bwa,2017,2.969
bwa,2018,2.941
bwa,2019,2.906
bwa,2020,2.861
bwa,2021,2.827
bwa,2022,2.785
bwa,2023,2.732
caf,1950,5.93
caf,1951,5.928
caf,1952,5.928
caf,1953,5.919
caf,1954,5.92
caf,1955,5.915
caf,1956,5.926
caf,1957,5.927
caf,1958,5.929
caf,1959,5.939
caf,1960,5.948
caf,1961,5.958
caf,1962,5.97
caf,1963,5.985
caf,1964,6.005
caf,1965,6.028
caf,1966,6.057
caf,1967,6.076
caf,1968,6.101
caf,1969,6.063
caf,1970,6.027
caf,1971,5.993
caf,1972,5.959
caf,1973,5.925
caf,1974,5.899
caf,1975,5.877
caf,1976,5.936
caf,1977,5.986
caf,1978,6.039
caf,1979,6.09
caf,1980,6.13
caf,1981,6.167
caf,1982,6.16
caf,1983,6.151
caf,1984,6.138
caf,1985,6.119
caf,1986,6.106
caf,1987,6.12
caf,1988,6.098
caf,1989,6.073
caf,1990,6.049
caf,1991,6.03
caf,1992,5.964
caf,1993,5.926
caf,1994,5.919
caf,1995,5.943
caf,1996,5.963
caf,1997,5.924
caf,1998,5.889
caf,1999,5.875
caf,2000,5.851
caf,2001,5.807
caf,2002,5.785
caf,2003,5.799
caf,2004,5.784
caf,2005,5.812
caf,2006,5.84
caf,2007,5.867
caf,2008,5.902
caf,2009,5.936
caf,2010,5.963
caf,2011,6.009
caf,2012,6.047
caf,2013,6.075
caf,2014,6.099
caf,2015,6.126
caf,2016,6.126
caf,2017,6.127
caf,2018,6.108
caf,2019,6.09
caf,2020,6.059
caf,2021,6.052
caf,2022,6.023
caf,2023,6.012
can,1921,3.528
can,1922,3.4
can,1923,3.229
can,1924,3.217
can,1925,3.13
can,1926,3.353
can,1927,3.316
can,1928,3.294
can,1929,3.217
can,1930,3.281
can,1931,3.194
can,1932,3.081
can,1933,2.863
can,1934,2.801
can,1935,2.751
can,1936,2.692
can,1937,2.639
can,1938,2.696
can,1939,2.648
can,1940,2.758
can,1941,2.82
can,1942,2.954
can,1943,3.028
can,1944,2.998
can,1945,2.999
can,1946,3.359
can,1947,3.58
can,1948,3.421
can,1949,3.44
can,1950,3.374
can,1951,3.421
can,1952,3.559
can,1953,3.637
can,1954,3.743
can,1955,3.746
can,1956,3.771
can,1957,3.848
can,1958,3.814
can,1959,3.855
can,1960,3.82
can,1961,3.761
can,1962,3.678
can,1963,3.588
can,1964,3.424
can,1965,3.075
can,1966,2.752
can,1967,2.541
can,1968,2.408
can,1969,2.356
can,1970,2.267
can,1971,2.101
can,1972,1.937
can,1973,1.849
can,1974,1.806
can,1975,1.799
can,1976,1.754
can,1977,1.725
can,1978,1.68
can,1979,1.673
can,1980,1.658
can,1981,1.632
can,1982,1.619
can,1983,1.607
can,1984,1.609
can,1985,1.594
can,1986,1.576
can,1987,1.563
can,1988,1.587
can,1989,1.643
can,1990,1.696
can,1991,1.723
can,1992,1.719
can,1993,1.693
can,1994,1.693
can,1995,1.674
can,1996,1.63
can,1997,1.569
can,1998,1.553
can,1999,1.541
can,2000,1.51
can,2001,1.531
can,2002,1.513
can,2003,1.535
can,2004,1.545
can,2005,1.566
can,2006,1.612
can,2007,1.656
can,2008,1.684
can,2009,1.675
can,2010,1.642
can,2011,1.627
can,2012,1.627
can,2013,1.612
can,2014,1.614
can,2015,1.601
can,2016,1.59
can,2017,1.548
can,2018,1.51
can,2019,1.476
can,2020,1.413
can,2021,1.43
can,2022,1.366
can,2023,1.349
che,1932,1.943
che,1933,1.894
che,1934,1.875
che,1935,1.843
che,1936,1.803
che,1937,1.737
che,1938,1.78
che,1939,1.793
che,1940,1.816
che,1941,2.05
che,1942,2.265
che,1943,2.403
che,1944,2.496
che,1945,2.598
che,1946,2.617
che,1947,2.559
che,1948,2.539
che,1949,2.44
che,1950,2.399
che,1951,2.309
che,1952,2.324
che,1953,2.292
che,1954,2.287
che,1955,2.309
che,1956,2.358
che,1957,2.411
che,1958,2.406
che,1959,2.423
che,1960,2.441
che,1961,2.517
che,1962,2.58
che,1963,2.646
che,1964,2.653
che,1965,2.587
che,1966,2.5
che,1967,2.394
che,1968,2.289
che,1969,2.191
che,1970,2.103
che,1971,2.035
che,1972,1.913
che,1973,1.81
che,1974,1.729
che,1975,1.614
che,1976,1.546
che,1977,1.528
che,1978,1.506
che,1979,1.519
che,1980,1.547
che,1981,1.543
che,1982,1.549
che,1983,1.518
che,1984,1.523
che,1985,1.513
che,1986,1.526
che,1987,1.516
che,1988,1.562
che,1989,1.563
che,1990,1.578
che,1991,1.582
che,1992,1.572
che,1993,1.51
che,1994,1.488
che,1995,1.478
che,1996,1.497
che,1997,1.477
che,1998,1.469
che,1999,1.48
che,2000,1.486
che,2001,1.388
che,2002,1.383
che,2003,1.382
che,2004,1.409
che,2005,1.416
che,2006,1.432
che,2007,1.452
che,2008,1.478
che,2009,1.492
che,2010,1.517
che,2011,1.513
che,2012,1.52
che,2013,1.514
che,2014,1.534
che,2015,1.537
che,2016,1.54
che,2017,1.519
che,2018,1.513
che,2019,1.478
che,2020,1.466
che,2021,1.526
che,2022,1.395
che,2023,1.433
chl,1950,4.836
chl,1951,4.803
chl,1952,4.78
chl,1953,4.786
chl,1954,4.77
chl,1955,4.777
chl,1956,4.795
chl,1957,4.774
chl,1958,4.753
chl,1959,4.728
chl,1960,4.697
chl,1961,4.655
chl,1962,4.602
chl,1963,4.536
chl,1964,4.457
chl,1965,4.364
chl,1966,4.259
chl,1967,4.144
chl,1968,4.025
chl,1969,3.902
chl,1970,3.778
chl,1971,3.654
chl,1972,3.53
chl,1973,3.409
chl,1974,3.293
chl,1975,3.182
chl,1976,3.078
chl,1977,2.981
chl,1978,2.892
chl,1979,2.812
chl,1980,2.744
chl,1981,2.689
chl,1982,2.648
chl,1983,2.619
chl,1984,2.601
chl,1985,2.592
chl,1986,2.589
chl,1987,2.59
chl,1988,2.591
chl,1989,2.589
chl,1990,2.579
chl,1991,2.558
chl,1992,2.478
chl,1993,2.43
chl,1994,2.377
chl,1995,2.353
chl,1996,2.284
chl,1997,2.202
chl,1998,2.149
chl,1999,2.074
chl,2000,2.046
chl,2001,2.007
chl,2002,1.934
chl,2003,1.885
chl,2004,1.844
chl,2005,1.825
chl,2006,1.798
chl,2007,1.826
chl,2008,1.85
chl,2009,1.855
chl,2010,1.844
chl,2011,1.823
chl,2012,1.798
chl,2013,1.786
chl,2014,1.774
chl,2015,1.737
chl,2016,1.686
chl,2017,1.563
chl,2018,1.543
chl,2019,1.43
chl,2020,1.307
chl,2021,1.176
chl,2022,1.255
chl,2023,1.167
chn,1950,5.813
chn,1951,5.699
chn,1952,6.472
chn,1953,6.042
chn,1954,6.278
chn,1955,6.263
chn,1956,5.854
chn,1957,6.425
chn,1958,5.698
chn,1959,4.718
chn,1960,4.451
chn,1961,3.863
chn,1962,6.085
chn,1963,7.513
chn,1964,6.672
chn,1965,6.605
chn,1966,6.307
chn,1967,5.806
chn,1968,6.508
chn,1969,6.175
chn,1970,6.085
chn,1971,5.523
chn,1972,5.112
chn,1973,4.726
chn,1974,4.17
chn,1975,3.571
chn,1976,3.235
chn,1977,2.844
chn,1978,2.716
chn,1979,2.745
chn,1980,2.739
chn,1981,2.792
chn,1982,2.972
chn,1983,2.559
chn,1984,2.607
chn,1985,2.633
chn,1986,2.721
chn,1987,2.76
chn,1988,2.539
chn,1989,2.52
chn,1990,2.514
chn,1991,1.934
chn,1992,1.776
chn,1993,1.691
chn,1994,1.628
chn,1995,1.588
chn,1996,1.554
chn,1997,1.527
chn,1998,1.522
chn,1999,1.53
chn,2000,1.628
chn,2001,1.563
chn,2002,1.566
chn,2003,1.57
chn,2004,1.605
chn,2005,1.624
chn,2006,1.644
chn,2007,1.666
chn,2008,1.701
chn,2009,1.714
chn,2010,1.687
chn,2011,1.668
chn,2012,1.798
chn,2013,1.714
chn,2014,1.769
chn,2015,1.67
chn,2016,1.772
chn,2017,1.795
chn,2018,1.539
chn,2019,1.496
chn,2020,1.236
chn,2021,1.117
chn,2022,1.034
chn,2023,0.999
civ,1950,7.61
civ,1951,7.609
civ,1952,7.606
civ,1953,7.604
civ,1954,7.602
civ,1955,7.597
civ,1956,7.597
civ,1957,7.598
civ,1958,7.61
civ,1959,7.606
civ,1960,7.691
civ,1961,7.72
civ,1962,7.75
civ,1963,7.781
civ,1964,7.811
civ,1965,7.841
civ,1966,7.868
civ,1967,7.893
civ,1968,7.912
civ,1969,7.927
civ,1970,7.936
civ,1971,7.941
civ,1972,7.942
civ,1973,7.939
civ,1974,7.929
civ,1975,7.91
civ,1976,7.877
civ,1977,7.828
civ,1978,7.669
civ,1979,7.625
civ,1980,7.586
civ,1981,7.539
civ,1982,7.488
civ,1983,7.417
civ,1984,7.352
civ,1985,7.273
civ,1986,7.187
civ,1987,7.09
civ,1988,6.969
civ,1989,6.85
civ,1990,6.719
civ,1991,6.585
civ,1992,6.426
civ,1993,6.27
civ,1994,6.128
civ,1995,6.038
civ,1996,5.954
civ,1997,5.902
civ,1998,5.854
civ,1999,5.805
civ,2000,5.773
civ,2001,5.704
civ,2002,5.641
civ,2003,5.572
civ,2004,5.527
civ,2005,5.499
civ,2006,5.448
civ,2007,5.403
civ,2008,5.357
civ,2009,5.332
civ,2010,5.292
civ,2011,5.244
civ,2012,5.19
civ,2013,5.135
civ,2014,5.071
civ,2015,4.97
civ,2016,4.873
civ,2017,4.757
civ,2018,4.596
civ,2019,4.523
civ,2020,4.461
civ,2021,4.411
civ,2022,4.349
civ,2023,4.283
cmr,1950,5.731
cmr,1951,5.725
cmr,1952,5.736
cmr,1953,5.736
cmr,1954,5.735
cmr,1955,5.737
cmr,1956,5.73
cmr,1957,5.723
cmr,1958,5.729
cmr,1959,5.73
cmr,1960,5.725
cmr,1961,5.732
cmr,1962,5.729
cmr,1963,5.731
cmr,1964,5.739
cmr,1965,5.796
cmr,1966,5.854
cmr,1967,5.951
cmr,1968,6.043
cmr,1969,6.144
cmr,1970,6.197
cmr,1971,6.259
cmr,1972,6.293
cmr,1973,6.326
cmr,1974,6.361
cmr,1975,6.401
cmr,1976,6.447
cmr,1977,6.508
cmr,1978,6.545
cmr,1979,6.581
cmr,1980,6.613
cmr,1981,6.61
cmr,1982,6.594
cmr,1983,6.575
cmr,1984,6.563
cmr,1985,6.564
cmr,1986,6.572
cmr,1987,6.538
cmr,1988,6.481
cmr,1989,6.414
cmr,1990,6.362
cmr,1991,6.324
cmr,1992,6.256
cmr,1993,6.155
cmr,1994,6.043
cmr,1995,5.919
cmr,1996,5.795
cmr,1997,5.706
cmr,1998,5.656
cmr,1999,5.604
cmr,2000,5.514
cmr,2001,5.441
cmr,2002,5.435
cmr,2003,5.432
cmr,2004,5.436
cmr,2005,5.421
cmr,2006,5.369
cmr,2007,5.343
cmr,2008,5.294
cmr,2009,5.236
cmr,2010,5.154
cmr,2011,5.052
cmr,2012,4.982
cmr,2013,4.905
cmr,2014,4.844
cmr,2015,4.841
cmr,2016,4.842
cmr,2017,4.804
cmr,2018,4.74
cmr,2019,4.651
cmr,2020,4.557
cmr,2021,4.468
cmr,2022,4.397
cmr,2023,4.322
cod,1950,5.966
cod,1951,5.971
cod,1952,5.966
cod,1953,5.983
cod,1954,5.984
cod,1955,5.982
cod,1956,5.986
cod,1957,6.009
cod,1958,6.036
cod,1959,6.065
cod,1960,6.105
cod,1961,6.124
cod,1962,6.141
cod,1963,6.158
cod,1964,6.188
cod,1965,6.21
cod,1966,6.242
cod,1967,6.267
cod,1968,6.286
cod,1969,6.304
cod,1970,6.329
cod,1971,6.344
cod,1972,6.369
cod,1973,6.385
cod,1974,6.404
cod,1975,6.419
cod,1976,6.437
cod,1977,6.45
cod,1978,6.463
cod,1979,6.479
cod,1980,6.495
cod,1981,6.519
cod,1982,6.54
cod,1983,6.564
cod,1984,6.586
cod,1985,6.612
cod,1986,6.634
cod,1987,6.651
cod,1988,6.656
cod,1989,6.65
cod,1990,6.649
cod,1991,6.645
cod,1992,6.639
cod,1993,6.641
cod,1994,6.643
cod,1995,6.676
cod,1996,6.672
cod,1997,6.69
cod,1998,6.7
cod,1999,6.692
cod,2000,6.702
cod,2001,6.663
cod,2002,6.606
cod,2003,6.549
cod,2004,6.53
cod,2005,6.526
cod,2006,6.547
cod,2007,6.559
cod,2008,6.58
cod,2009,6.591
cod,2010,6.587
cod,2011,6.582
cod,2012,6.559
cod,2013,6.527
cod,2014,6.483
cod,2015,6.437
cod,2016,6.392
cod,2017,6.349
cod,2018,6.302
cod,2019,6.253
cod,2020,6.206
cod,2021,6.156
cod,2022,6.106
cod,2023,6.051
cog,1950,6.065
cog,1951,6.067
cog,1952,6.063
cog,1953,6.063
cog,1954,6.054
cog,1955,6.065
cog,1956,6.069
cog,1957,6.069
cog,1958,6.087
cog,1959,6.091
cog,1960,6.085
cog,1961,6.093
cog,1962,6.099
cog,1963,6.147
cog,1964,6.183
cog,1965,6.229
cog,1966,6.267
cog,1967,6.29
cog,1968,6.327
cog,1969,6.35
cog,1970,6.376
cog,1971,6.416
cog,1972,6.444
cog,1973,6.42
cog,1974,6.39
cog,1975,6.356
cog,1976,6.317
cog,1977,6.271
cog,1978,6.21
cog,1979,6.143
cog,1980,6.065
cog,1981,5.984
cog,1982,5.85
cog,1983,5.758
cog,1984,5.658
cog,1985,5.587
cog,1986,5.514
cog,1987,5.458
cog,1988,5.392
cog,1989,5.327
cog,1990,5.266
cog,1991,5.221
cog,1992,5.177
cog,1993,5.134
cog,1994,5.103
cog,1995,5.068
cog,1996,5.033
cog,1997,4.997
cog,1998,4.909
cog,1999,4.805
cog,2000,4.724
cog,2001,4.67
cog,2002,4.697
cog,2003,4.696
cog,2004,4.69
cog,2005,4.669
cog,2006,4.651
cog,2007,4.649
cog,2008,4.726
cog,2009,4.808
cog,2010,4.851
cog,2011,4.826
cog,2012,4.785
cog,2013,4.731
cog,2014,4.665
cog,2015,4.607
cog,2016,4.546
cog,2017,4.496
cog,2018,4.442
cog,2019,4.38
cog,2020,4.329
cog,2021,4.28
cog,2022,4.215
cog,2023,4.157
cok,1950,6.786
cok,1951,6.789
cok,1952,6.822
cok,1953,6.867
cok,1954,6.91
cok,1955,6.963
cok,1956,7.043
cok,1957,7.116
cok,1958,7.165
cok,1959,7.219
cok,1960,7.265
cok,1961,7.272
cok,1962,7.242
cok,1963,7.188
cok,1964,7.116
cok,1965,7.039
cok,1966,6.946
cok,1967,6.827
cok,1968,6.693
cok,1969,6.515
cok,1970,6.296
cok,1971,6.068
cok,1972,5.724
cok,1973,5.467
cok,1974,5.199
cok,1975,4.961
cok,1976,4.77
cok,1977,4.655
cok,1978,4.555
cok,1979,4.466
cok,1980,4.351
cok,1981,4.181
cok,1982,4.053
cok,1983,3.946
cok,1984,3.874
cok,1985,3.841
cok,1986,3.833
cok,1987,3.841
cok,1988,3.851
cok,1989,3.902
cok,1990,3.971
cok,1991,3.991
cok,1992,3.949
cok,1993,3.861
cok,1994,3.761
cok,1995,3.688
cok,1996,3.597
cok,1997,3.458
cok,1998,3.308
cok,1999,3.186
cok,2000,3.112
cok,2001,3.059
cok,2002,2.969
cok,2003,2.886
cok,2004,2.833
cok,2005,2.814
cok,2006,2.802
cok,2007,2.705
cok,2008,2.599
cok,2009,2.521
cok,2010,2.454
cok,2011,2.397
cok,2012,2.342
cok,2013,2.292
cok,2014,2.244
cok,2015,2.208
cok,2016,2.184
cok,2017,2.167
cok,2018,2.156
cok,2019,2.127
cok,2020,2.106
cok,2021,2.087
cok,2022,2.068
cok,2023,2.045
col,1950,6.41
col,1951,6.436
col,1952,6.488
col,1953,6.537
col,1954,6.582
col,1955,6.625
col,1956,6.664
col,1957,6.697
col,1958,6.723
col,1959,6.737
col,1960,6.735
col,1961,6.712
col,1962,6.663
col,1963,6.584
col,1964,6.475
col,1965,6.333
col,1966,6.159
col,1967,5.957
col,1968,5.737
col,1969,5.506
col,1970,5.276
col,1971,5.057
col,1972,4.857
col,1973,4.68
col,1974,4.527
col,1975,4.398
col,1976,4.285
col,1977,4.163
col,1978,3.998
col,1979,3.888
col,1980,3.798
col,1981,3.706
col,1982,3.618
col,1983,3.501
col,1984,3.35
col,1985,3.225
col,1986,3.147
col,1987,3.087
col,1988,3.039
col,1989,3.012
col,1990,2.995
col,1991,2.982
col,1992,2.983
col,1993,2.978
col,1994,2.937
col,1995,2.85
col,1996,2.768
col,1997,2.743
col,1998,2.717
col,1999,2.637
col,2000,2.574
col,2001,2.522
col,2002,2.489
col,2003,2.45
col,2004,2.384
col,2005,2.309
col,2006,2.241
col,2007,2.195
col,2008,2.155
col,2009,2.096
col,2010,2.01
col,2011,1.938
col,2012,1.899
col,2013,1.86
col,2014,1.822
col,2015,1.771
col,2016,1.719
col,2017,1.717
col,2018,1.715
col,2019,1.71
col,2020,1.694
col,2021,1.68
col,2022,1.663
col,2023,1.645
com,1950,5.686
com,1951,5.771
com,1952,5.934
com,1953,6.085
com,1954,6.223
com,1955,6.348
com,1956,6.46
com,1957,6.56
com,1958,6.648
com,1959,6.725
com,1960,6.792
com,1961,6.849
com,1962,6.897
com,1963,6.916
com,1964,6.938
com,1965,6.967
com,1966,7.001
com,1967,7.02
com,1968,7.051
com,1969,7.073
com,1970,7.099
com,1971,7.116
com,1972,7.142
com,1973,7.165
com,1974,7.163
com,1975,7.162
com,1976,7.159
com,1977,7.15
com,1978,7.155
com,1979,7.162
com,1980,7.154
com,1981,7.143
com,1982,7.134
com,1983,7.11
com,1984,7.072
com,1985,7.021
com,1986,6.953
com,1987,6.87
com,1988,6.764
com,1989,6.646
com,1990,6.505
com,1991,6.354
com,1992,6.186
com,1993,6.022
com,1994,5.864
com,1995,5.73
com,1996,5.627
com,1997,5.513
com,1998,5.392
com,1999,5.28
com,2000,5.227
com,2001,5.195
com,2002,5.155
com,2003,5.115
com,2004,5.065
com,2005,5.012
com,2006,4.934
com,2007,4.859
com,2008,4.805
com,2009,4.778
com,2010,4.755
com,2011,4.722
com,2012,4.652
com,2013,4.572
com,2014,4.489
com,2015,4.42
com,2016,4.348
com,2017,4.278
com,2018,4.208
com,2019,4.138
com,2020,4.071
com,2021,3.999
com,2022,3.935
com,2023,3.878
cpv,1950,6.497
cpv,1951,6.513
cpv,1952,6.546
cpv,1953,6.582
cpv,1954,6.621
cpv,1955,6.662
cpv,1956,6.706
cpv,1957,6.751
cpv,1958,6.797
cpv,1959,6.842
cpv,1960,6.885
cpv,1961,6.922
cpv,1962,6.953
cpv,1963,6.976
cpv,1964,6.989
cpv,1965,6.993
cpv,1966,6.99
cpv,1967,6.982
cpv,1968,6.97
cpv,1969,6.954
cpv,1970,6.935
cpv,1971,6.913
cpv,1972,6.887
cpv,1973,6.855
cpv,1974,6.818
cpv,1975,6.771
cpv,1976,6.714
cpv,1977,6.645
cpv,1978,6.564
cpv,1979,6.473
cpv,1980,6.375
cpv,1981,6.273
cpv,1982,6.17
cpv,1983,6.068
cpv,1984,5.97
cpv,1985,5.921
cpv,1986,5.81
cpv,1987,5.681
cpv,1988,5.552
cpv,1989,5.452
cpv,1990,5.36
cpv,1991,5.262
cpv,1992,5.123
cpv,1993,4.953
cpv,1994,4.723
cpv,1995,4.494
cpv,1996,4.257
cpv,1997,4.052
cpv,1998,3.898
cpv,1999,3.727
cpv,2000,3.545
cpv,2001,3.366
cpv,2002,3.192
cpv,2003,3.033
cpv,2004,2.9
cpv,2005,2.726
cpv,2006,2.555
cpv,2007,2.409
cpv,2008,2.298
cpv,2009,2.246
cpv,2010,2.329
cpv,2011,2.329
cpv,2012,2.153
cpv,2013,2.067
cpv,2014,2.031
cpv,2015,1.968
cpv,2016,1.966
cpv,2017,1.93
cpv,2018,1.804
cpv,2019,1.698
cpv,2020,1.591
cpv,2021,1.554
cpv,2022,1.533
cpv,2023,1.522
cri,1950,6.317
cri,1951,6.393
cri,1952,6.455
cri,1953,6.508
cri,1954,6.54
cri,1955,6.571
cri,1956,6.601
cri,1957,6.662
cri,1958,6.712
cri,1959,6.731
cri,1960,6.712
cri,1961,6.651
cri,1962,6.543
cri,1963,6.389
cri,1964,6.193
cri,1965,5.96
cri,1966,5.697
cri,1967,5.416
cri,1968,5.028
cri,1969,4.835
cri,1970,4.585
cri,1971,4.362
cri,1972,4.158
cri,1973,3.991
cri,1974,3.893
cri,1975,3.804
cri,1976,3.747
cri,1977,3.701
cri,1978,3.662
cri,1979,3.651
cri,1980,3.583
cri,1981,3.556
cri,1982,3.54
cri,1983,3.525
cri,1984,3.519
cri,1985,3.511
cri,1986,3.454
cri,1987,3.384
cri,1988,3.314
cri,1989,3.238
cri,1990,3.167
cri,1991,3.075
cri,1992,3.001
cri,1993,2.928
cri,1994,2.857
cri,1995,2.779
cri,1996,2.681
cri,1997,2.589
cri,1998,2.527
cri,1999,2.481
cri,2000,2.413
cri,2001,2.312
cri,2002,2.162
cri,2003,2.084
cri,2004,2.028
cri,2005,2.038
cri,2006,1.937
cri,2007,1.954
cri,2008,1.98
cri,2009,1.953
cri,2010,1.827
cri,2011,1.877
cri,2012,1.851
cri,2013,1.779
cri,2014,1.8
cri,2015,1.797
cri,2016,1.746
cri,2017,1.714
cri,2018,1.706
cri,2019,1.6
cri,2020,1.448
cri,2021,1.353
cri,2022,1.335
cri,2023,1.33
cub,1950,4.032
cub,1951,3.947
cub,1952,3.931
cub,1953,3.924
cub,1954,3.917
cub,1955,3.902
cub,1956,3.893
cub,1957,3.886
cub,1958,3.9
cub,1959,4.0
cub,1960,4.129
cub,1961,4.265
cub,1962,4.421
cub,1963,4.559
cub,1964,4.528
cub,1965,4.504
cub,1966,4.398
cub,1967,4.294
cub,1968,4.194
cub,1969,4.124
cub,1970,3.981
cub,1971,3.799
cub,1972,3.612
cub,1973,3.402
cub,1974,3.164
cub,1975,2.824
cub,1976,2.506
cub,1977,2.209
cub,1978,1.884
cub,1979,1.771
cub,1980,1.637
cub,1981,1.591
cub,1982,1.776
cub,1983,1.801
cub,1984,1.774
cub,1985,1.772
cub,1986,1.779
cub,1987,1.8
cub,1988,1.853
cub,1989,1.832
cub,1990,1.806
cub,1991,1.663
cub,1992,1.562
cub,1993,1.489
cub,1994,1.467
cub,1995,1.481
cub,1996,1.457
cub,1997,1.59
cub,1998,1.617
cub,1999,1.64
cub,2000,1.608
cub,2001,1.595
cub,2002,1.645
cub,2003,1.627
cub,2004,1.546
cub,2005,1.486
cub,2006,1.402
cub,2007,1.436
cub,2008,1.576
cub,2009,1.678
cub,2010,1.673
cub,2011,1.734
cub,2012,1.668
cub,2013,1.678
cub,2014,1.655
cub,2015,1.685
cub,2016,1.6
cub,2017,1.585
cub,2018,1.607
cub,2019,1.54
cub,2020,1.489
cub,2021,1.427
cub,2022,1.412
cub,2023,1.439
cuw,1950,4.981
cuw,1951,5.009
cuw,1952,5.043
cuw,1953,5.07
cuw,1954,5.11
cuw,1955,5.155
cuw,1956,5.166
cuw,1957,5.184
cuw,1958,5.194
cuw,1959,5.176
cuw,1960,5.13
cuw,1961,5.042
cuw,1962,4.927
cuw,1963,4.798
cuw,1964,4.641
cuw,1965,4.475
cuw,1966,4.265
cuw,1967,4.059
cuw,1968,3.827
cuw,1969,3.608
cuw,1970,3.397
cuw,1971,3.18
cuw,1972,2.992
cuw,1973,2.872
cuw,1974,2.773
cuw,1975,2.662
cuw,1976,2.554
cuw,1977,2.463
cuw,1978,2.38
cuw,1979,2.312
cuw,1980,2.272
cuw,1981,2.249
cuw,1982,2.236
cuw,1983,2.238
cuw,1984,2.237
cuw,1985,2.242
cuw,1986,2.241
cuw,1987,2.242
cuw,1988,2.253
cuw,1989,2.269
cuw,1990,2.303
cuw,1991,2.372
cuw,1992,2.433
cuw,1993,2.438
cuw,1994,2.43
cuw,1995,2.419
cuw,1996,2.403
cuw,1997,2.367
cuw,1998,2.315
cuw,1999,2.285
cuw,2000,2.342
cuw,2001,2.405
cuw,2002,2.3
cuw,2003,2.191
cuw,2004,2.099
cuw,2005,2.037
cuw,2006,1.977
cuw,2007,1.915
cuw,2008,1.866
cuw,2009,1.879
cuw,2010,2.185
cuw,2011,2.106
cuw,2012,2.193
cuw,2013,2.098
cuw,2014,1.998
cuw,2015,1.896
cuw,2016,1.695
cuw,2017,1.455
cuw,2018,1.492
cuw,2019,1.181
cuw,2020,1.099
cuw,2021,1.077
cuw,2022,1.074
cuw,2023,1.073
cym,1950,4.381
cym,1951,4.46
cym,1952,4.542
cym,1953,4.643
cym,1954,4.606
cym,1955,4.529
cym,1956,4.486
cym,1957,4.461
cym,1958,4.435
cym,1959,4.619
cym,1960,4.713
cym,1961,4.781
cym,1962,4.793
cym,1963,4.686
cym,1964,4.411
cym,1965,4.159
cym,1966,4.078
cym,1967,4.045
cym,1968,3.992
cym,1969,3.522
cym,1970,4.662
cym,1971,3.465
cym,1972,4.887
cym,1973,3.562
cym,1974,2.958
cym,1975,2.715
cym,1976,2.529
cym,1977,2.413
cym,1978,2.366
cym,1979,2.368
cym,1980,2.405
cym,1981,2.384
cym,1982,2.008
cym,1983,1.832
cym,1984,1.79
cym,1985,1.752
cym,1986,1.691
cym,1987,1.582
cym,1988,1.63
cym,1989,1.755
cym,1990,1.783
cym,1991,1.846
cym,1992,1.726
cym,1993,1.669
cym,1994,1.66
cym,1995,1.674
cym,1996,1.691
cym,1997,1.701
cym,1998,1.702
cym,1999,1.708
cym,2000,1.707
cym,2001,1.697
cym,2002,1.681
cym,2003,1.672
cym,2004,1.671
cym,2005,1.665
cym,2006,1.665
cym,2007,1.681
cym,2008,1.703
cym,2009,1.723
cym,2010,1.694
cym,2011,1.637
cym,2012,1.531
cym,2013,1.445
cym,2014,1.334
cym,2015,1.269
cym,2016,1.231
cym,2017,1.222
cym,2018,1.277
cym,2019,1.508
cym,2020,1.554
cym,2021,1.551
cym,2022,1.541
cym,2023,1.531
cyp,1950,3.871
cyp,1951,3.801
cyp,1952,3.467
cyp,1953,3.465
cyp,1954,3.506
cyp,1955,3.441
cyp,1956,3.387
cyp,1957,3.386
cyp,1958,3.378
cyp,1959,3.402
cyp,1960,3.393
cyp,1961,3.619
cyp,1962,3.51
cyp,1963,3.494
cyp,1964,3.409
cyp,1965,3.47
cyp,1966,3.395
cyp,1967,3.324
cyp,1968,3.267
cyp,1969,3.188
cyp,1970,3.065
cyp,1971,3.036
cyp,1972,2.988
cyp,1973,2.403
cyp,1974,2.28
cyp,1975,2.107
cyp,1976,2.327
cyp,1977,2.089
cyp,1978,2.079
cyp,1979,2.136
cyp,1980,2.298
cyp,1981,2.154
cyp,1982,2.487
cyp,1983,2.493
cyp,1984,2.512
cyp,1985,2.432
cyp,1986,2.452
cyp,1987,2.388
cyp,1988,2.47
cyp,1989,2.369
cyp,1990,2.402
cyp,1991,2.34
cyp,1992,2.459
cyp,1993,2.247
cyp,1994,2.163
cyp,1995,2.032
cyp,1996,1.953
cyp,1997,1.86
cyp,1998,1.761
cyp,1999,1.672
cyp,2000,1.638
cyp,2001,1.566
cyp,2002,1.497
cyp,2003,1.505
cyp,2004,1.512
cyp,2005,1.479
cyp,2006,1.509
cyp,2007,1.449
cyp,2008,1.479
cyp,2009,1.475
cyp,2010,1.434
cyp,2011,1.36
cyp,2012,1.382
cyp,2013,1.304
cyp,2014,1.312
cyp,2015,1.323
cyp,2016,1.357
cyp,2017,1.323
cyp,2018,1.319
cyp,2019,1.33
cyp,2020,1.361
cyp,2021,1.392
cyp,2022,1.393
cyp,2023,1.389
cze,1950,2.818
cze,1951,2.791
cze,1952,2.724
cze,1953,2.624
cze,1954,2.584
cze,1955,2.583
cze,1956,2.568
cze,1957,2.482
cze,1958,2.284
cze,1959,2.096
cze,1960,2.088
cze,1961,2.107
cze,1962,2.123
cze,1963,2.308
cze,1964,2.342
cze,1965,2.187
cze,1966,2.031
cze,1967,1.916
cze,1968,1.848
cze,1969,1.882
cze,1970,1.92
cze,1971,1.989
cze,1972,2.092
cze,1973,2.305
cze,1974,2.457
cze,1975,2.43
cze,1976,2.388
cze,1977,2.34
cze,1978,2.326
cze,1979,2.269
cze,1980,2.076
cze,1981,1.994
cze,1982,1.995
cze,1983,1.967
cze,1984,1.965
cze,1985,1.949
cze,1986,1.919
cze,1987,1.903
cze,1988,1.928
cze,1989,1.868
cze,1990,1.885
cze,1991,1.841
cze,1992,1.708
cze,1993,1.652
cze,1994,1.436
cze,1995,1.275
cze,1996,1.185
cze,1997,1.171
cze,1998,1.156
cze,1999,1.136
cze,2000,1.146
cze,2001,1.146
cze,2002,1.167
cze,2003,1.176
cze,2004,1.225
cze,2005,1.281
cze,2006,1.333
cze,2007,1.441
cze,2008,1.508
cze,2009,1.51
cze,2010,1.509
cze,2011,1.427
cze,2012,1.447
cze,2013,1.455
cze,2014,1.526
cze,2015,1.589
cze,2016,1.652
cze,2017,1.715
cze,2018,1.744
cze,2019,1.753
cze,2020,1.763
cze,2021,1.823
cze,2022,1.618
cze,2023,1.448
deu,1950,2.194
deu,1951,2.166
deu,1952,2.136
deu,1953,2.129
deu,1954,2.15
deu,1955,2.158
deu,1956,2.206
deu,1957,2.256
deu,1958,2.262
deu,1959,2.359
deu,1960,2.381
deu,1961,2.465
deu,1962,2.462
deu,1963,2.523
deu,1964,2.525
deu,1965,2.487
deu,1966,2.503
deu,1967,2.439
deu,1968,2.341
deu,1969,2.2
deu,1970,2.024
deu,1971,1.951
deu,1972,1.726
deu,1973,1.551
deu,1974,1.521
deu,1975,1.477
deu,1976,1.494
deu,1977,1.498
deu,1978,1.489
deu,1979,1.494
deu,1980,1.556
deu,1981,1.529
deu,1982,1.504
deu,1983,1.43
deu,1984,1.389
deu,1985,1.378
deu,1986,1.417
deu,1987,1.438
deu,1988,1.464
deu,1989,1.433
deu,1990,1.46
deu,1991,1.344
deu,1992,1.305
deu,1993,1.288
deu,1994,1.254
deu,1995,1.262
deu,1996,1.33
deu,1997,1.377
deu,1998,1.364
deu,1999,1.37
deu,2000,1.386
deu,2001,1.354
deu,2002,1.344
deu,2003,1.343
deu,2004,1.361
deu,2005,1.344
deu,2006,1.339
deu,2007,1.378
deu,2008,1.387
deu,2009,1.367
deu,2010,1.4
deu,2011,1.385
deu,2012,1.405
deu,2013,1.415
deu,2014,1.469
deu,2015,1.501
deu,2016,1.591
deu,2017,1.57
deu,2018,1.566
deu,2019,1.541
deu,2020,1.531
deu,2021,1.577
deu,2022,1.46
deu,2023,1.441
dji,1950,6.821
dji,1951,6.813
dji,1952,6.811
dji,1953,6.819
dji,1954,6.823
dji,1955,6.824
dji,1956,6.825
dji,1957,6.82
dji,1958,6.831
dji,1959,6.83
dji,1960,6.847
dji,1961,6.848
dji,1962,6.854
dji,1963,6.86
dji,1964,6.872
dji,1965,6.864
dji,1966,6.875
dji,1967,6.87
dji,1968,6.876
dji,1969,6.878
dji,1970,6.879
dji,1971,6.882
dji,1972,6.851
dji,1973,6.817
dji,1974,6.78
dji,1975,6.737
dji,1976,6.691
dji,1977,6.64
dji,1978,6.586
dji,1979,6.523
dji,1980,6.46
dji,1981,6.397
dji,1982,6.342
dji,1983,6.298
dji,1984,6.247
dji,1985,6.192
dji,1986,6.139
dji,1987,6.086
dji,1988,6.03
dji,1989,5.973
dji,1990,5.931
dji,1991,5.856
dji,1992,5.751
dji,1993,5.638
dji,1994,5.507
dji,1995,5.331
dji,1996,5.149
dji,1997,4.966
dji,1998,4.795
dji,1999,4.687
dji,2000,4.601
dji,2001,4.518
dji,2002,4.41
dji,2003,4.296
dji,2004,4.162
dji,2005,4.035
dji,2006,3.899
dji,2007,3.756
dji,2008,3.621
dji,2009,3.521
dji,2010,3.431
dji,2011,3.341
dji,2012,3.255
dji,2013,3.187
dji,2014,3.116
dji,2015,3.041
dji,2016,2.969
dji,2017,2.916
dji,2018,2.858
dji,2019,2.798
dji,2020,2.745
dji,2021,2.699
dji,2022,2.653
dji,2023,2.609
dma,1950,5.236
dma,1951,5.37
dma,1952,5.504
dma,1953,5.64
dma,1954,5.774
dma,1955,5.907
dma,1956,6.025
dma,1957,6.118
dma,1958,6.168
dma,1959,6.183
dma,1960,6.178
dma,1961,6.156
dma,1962,6.122
dma,1963,6.084
dma,1964,6.027
dma,1965,5.952
dma,1966,5.856
dma,1967,5.737
dma,1968,5.587
dma,1969,5.412
dma,1970,5.215
dma,1971,4.985
dma,1972,4.671
dma,1973,4.275
dma,1974,3.842
dma,1975,3.461
dma,1976,3.191
dma,1977,3.02
dma,1978,2.955
dma,1979,2.96
dma,1980,3.035
dma,1981,3.114
dma,1982,3.166
dma,1983,3.178
dma,1984,3.151
dma,1985,3.116
dma,1986,3.084
dma,1987,3.063
dma,1988,3.056
dma,1989,3.059
dma,1990,3.092
dma,1991,3.145
dma,1992,3.177
dma,1993,3.201
dma,1994,2.964
dma,1995,2.708
dma,1996,2.546
dma,1997,2.406
dma,1998,2.315
dma,1999,2.458
dma,2000,2.346
dma,2001,2.399
dma,2002,2.16
dma,2003,2.075
dma,2004,2.023
dma,2005,1.998
dma,2006,2.074
dma,2007,2.022
dma,2008,1.968
dma,2009,1.918
dma,2010,1.887
dma,2011,1.861
dma,2012,1.827
dma,2013,1.778
dma,2014,1.713
dma,2015,1.648
dma,2016,1.581
dma,2017,1.54
dma,2018,1.517
dma,2019,1.504
dma,2020,1.495
dma,2021,1.484
dma,2022,1.482
dma,2023,1.484
dnk,1916,3.198
dnk,1917,3.084
dnk,1918,3.139
dnk,1919,2.932
dnk,1920,3.264
dnk,1921,3.083
dnk,1922,2.846
dnk,1923,2.833
dnk,1924,2.753
dnk,1925,2.639
dnk,1926,2.557
dnk,1927,2.427
dnk,1928,2.417
dnk,1929,2.28
dnk,1930,2.286
dnk,1931,2.187
dnk,1932,2.17
dnk,1933,2.081
dnk,1934,2.133
dnk,1935,2.113
dnk,1936,2.135
dnk,1937,2.156
dnk,1938,2.178
dnk,1939,2.15
dnk,1940,2.21
dnk,1941,2.244
dnk,1942,2.495
dnk,1943,2.639
dnk,1944,2.832
dnk,1945,2.967
dnk,1946,3.006
dnk,1947,2.891
dnk,1948,2.704
dnk,1949,2.566
dnk,1950,2.572
dnk,1951,2.508
dnk,1952,2.539
dnk,1953,2.598
dnk,1954,2.561
dnk,1955,2.589
dnk,1956,2.6
dnk,1957,2.556
dnk,1958,2.528
dnk,1959,2.493
dnk,1960,2.561
dnk,1961,2.547
dnk,1962,2.549
dnk,1963,2.655
dnk,1964,2.601
dnk,1965,2.608
dnk,1966,2.607
dnk,1967,2.351
dnk,1968,2.119
dnk,1969,1.998
dnk,1970,1.956
dnk,1971,2.038
dnk,1972,2.026
dnk,1973,1.921
dnk,1974,1.898
dnk,1975,1.908
dnk,1976,1.75
dnk,1977,1.663
dnk,1978,1.661
dnk,1979,1.601
dnk,1980,1.54
dnk,1981,1.44
dnk,1982,1.42
dnk,1983,1.378
dnk,1984,1.398
dnk,1985,1.443
dnk,1986,1.476
dnk,1987,1.497
dnk,1988,1.558
dnk,1989,1.617
dnk,1990,1.664
dnk,1991,1.685
dnk,1992,1.755
dnk,1993,1.75
dnk,1994,1.801
dnk,1995,1.801
dnk,1996,1.751
dnk,1997,1.749
dnk,1998,1.723
dnk,1999,1.734
dnk,2000,1.765
dnk,2001,1.742
dnk,2002,1.726
dnk,2003,1.756
dnk,2004,1.779
dnk,2005,1.798
dnk,2006,1.841
dnk,2007,1.842
dnk,2008,1.88
dnk,2009,1.84
dnk,2010,1.858
dnk,2011,1.754
dnk,2012,1.723
dnk,2013,1.67
dnk,2014,1.688
dnk,2015,1.712
dnk,2016,1.775
dnk,2017,1.749
dnk,2018,1.726
dnk,2019,1.698
dnk,2020,1.678
dnk,2021,1.73
dnk,2022,1.559
dnk,2023,1.511
dom,1950,7.507
dom,1951,7.536
dom,1952,7.589
dom,1953,7.629
dom,1954,7.656
dom,1955,7.672
dom,1956,7.675
dom,1957,7.665
dom,1958,7.643
dom,1959,7.606
dom,1960,7.555
dom,1961,7.487
dom,1962,7.404
dom,1963,7.303
dom,1964,7.186
dom,1965,7.053
dom,1966,6.949
dom,1967,6.755
dom,1968,6.548
dom,1969,6.366
dom,1970,6.184
dom,1971,6.009
dom,1972,5.841
dom,1973,5.667
dom,1974,5.44
dom,1975,5.235
dom,1976,5.046
dom,1977,4.842
dom,1978,4.644
dom,1979,4.473
dom,1980,4.302
dom,1981,4.149
dom,1982,4.014
dom,1983,3.947
dom,1984,3.822
dom,1985,3.686
dom,1986,3.603
dom,1987,3.528
dom,1988,3.5
dom,1989,3.475
dom,1990,3.411
dom,1991,3.349
dom,1992,3.287
dom,1993,3.226
dom,1994,3.163
dom,1995,3.101
dom,1996,3.04
dom,1997,2.922
dom,1998,2.835
dom,1999,2.846
dom,2000,2.869
dom,2001,2.827
dom,2002,2.764
dom,2003,2.703
dom,2004,2.641
dom,2005,2.574
dom,2006,2.508
dom,2007,2.51
dom,2008,2.546
dom,2009,2.574
dom,2010,2.556
dom,2011,2.527
dom,2012,2.497
dom,2013,2.474
dom,2014,2.451
dom,2015,2.43
dom,2016,2.41
dom,2017,2.398
dom,2018,2.397
dom,2019,2.366
dom,2020,2.329
dom,2021,2.294
dom,2022,2.267
dom,2023,2.243
dza,1950,7.324
dza,1951,7.307
dza,1952,7.289
dza,1953,7.291
dza,1954,7.311
dza,1955,7.336
dza,1956,7.358
dza,1957,7.386
dza,1958,7.438
dza,1959,7.454
dza,1960,7.503
dza,1961,7.564
dza,1962,7.607
dza,1963,7.649
dza,1964,7.672
dza,1965,7.711
dza,1966,7.71
dza,1967,7.712
dza,1968,7.711
dza,1969,7.709
dza,1970,7.704
dza,1971,7.671
dza,1972,7.634
dza,1973,7.592
dza,1974,7.545
dza,1975,7.485
dza,1976,7.405
dza,1977,7.312
dza,1978,7.211
dza,1979,7.119
dza,1980,6.994
dza,1981,6.845
dza,1982,6.675
dza,1983,6.496
dza,1984,6.283
dza,1985,6.035
dza,1986,5.645
dza,1987,5.298
dza,1988,5.023
dza,1989,4.761
dza,1990,4.509
dza,1991,4.366
dza,1992,4.274
dza,1993,4.076
dza,1994,3.914
dza,1995,3.487
dza,1996,3.139
dza,1997,2.886
dza,1998,2.691
dza,1999,2.62
dza,2000,2.59
dza,2001,2.519
dza,2002,2.429
dza,2003,2.451
dza,2004,2.5
dza,2005,2.562
dza,2006,2.628
dza,2007,2.704
dza,2008,2.785
dza,2009,2.825
dza,2010,2.875
dza,2011,2.899
dza,2012,2.996
dza,2013,2.997
dza,2014,3.084
dza,2015,3.091
dza,2016,3.091
dza,2017,3.09
dza,2018,3.019
dza,2019,2.997
dza,2020,2.94
dza,2021,2.87
dza,2022,2.817
dza,2023,2.766
ecu,1950,6.725
ecu,1951,6.733
ecu,1952,6.748
ecu,1953,6.758
ecu,1954,6.765
ecu,1955,6.767
ecu,1956,6.765
ecu,1957,6.76
ecu,1958,6.75
ecu,1959,6.737
ecu,1960,6.721
ecu,1961,6.7
ecu,1962,6.676
ecu,1963,6.646
ecu,1964,6.61
ecu,1965,6.564
ecu,1966,6.507
ecu,1967,6.436
ecu,1968,6.351
ecu,1969,6.252
ecu,1970,6.138
ecu,1971,6.011
ecu,1972,5.873
ecu,1973,5.727
ecu,1974,5.577
ecu,1975,5.426
ecu,1976,5.276
ecu,1977,5.13
ecu,1978,4.989
ecu,1979,4.855
ecu,1980,4.73
ecu,1981,4.612
ecu,1982,4.501
ecu,1983,4.395
ecu,1984,4.305
ecu,1985,4.145
ecu,1986,4.0
ecu,1987,3.87
ecu,1988,3.787
ecu,1989,3.736
ecu,1990,3.68
ecu,1991,3.633
ecu,1992,3.575
ecu,1993,3.491
ecu,1994,3.42
ecu,1995,3.381
ecu,1996,3.351
ecu,1997,3.288
ecu,1998,3.228
ecu,1999,3.166
ecu,2000,3.102
ecu,2001,3.037
ecu,2002,2.972
ecu,2003,2.911
ecu,2004,2.853
ecu,2005,2.8
ecu,2006,2.753
ecu,2007,2.704
ecu,2008,2.688
ecu,2009,2.678
ecu,2010,2.615
ecu,2011,2.605
ecu,2012,2.509
ecu,2013,2.362
ecu,2014,2.274
ecu,2015,2.209
ecu,2016,2.122
ecu,2017,2.128
ecu,2018,2.111
ecu,2019,2.035
ecu,2020,1.967
ecu,2021,1.909
ecu,2022,1.861
ecu,2023,1.823
egy,1950,7.058
egy,1951,7.073
egy,1952,7.079
egy,1953,7.086
egy,1954,7.057
egy,1955,7.015
egy,1956,6.968
egy,1957,6.922
egy,1958,6.863
egy,1959,6.828
egy,1960,6.793
egy,1961,6.758
egy,1962,6.709
egy,1963,6.648
egy,1964,6.541
egy,1965,6.387
egy,1966,6.308
egy,1967,6.252
egy,1968,6.193
egy,1969,6.12
egy,1970,6.059
egy,1971,5.99
egy,1972,5.929
egy,1973,5.843
egy,1974,5.784
egy,1975,5.749
egy,1976,5.727
egy,1977,5.678
egy,1978,5.629
egy,1979,5.569
egy,1980,5.494
egy,1981,5.368
egy,1982,5.329
egy,1983,5.308
egy,1984,5.207
egy,1985,5.116
egy,1986,4.998
egy,1987,4.911
egy,1988,4.833
egy,1989,4.676
egy,1990,4.512
egy,1991,4.315
egy,1992,4.149
egy,1993,3.993
egy,1994,3.865
egy,1995,3.764
egy,1996,3.7
egy,1997,3.682
egy,1998,3.681
egy,1999,3.599
egy,2000,3.505
egy,2001,3.46
egy,2002,3.412
egy,2003,3.352
egy,2004,3.283
egy,2005,3.254
egy,2006,3.223
egy,2007,3.237
egy,2008,3.238
egy,2009,3.259
egy,2010,3.296
egy,2011,3.311
egy,2012,3.4
egy,2013,3.49
egy,2014,3.49
egy,2015,3.5
egy,2016,3.35
egy,2017,3.31
egy,2018,3.02
egy,2019,2.87
egy,2020,2.85
egy,2021,2.75
egy,2022,2.75
egy,2023,2.75
eri,1950,6.522
eri,1951,6.515
eri,1952,6.522
eri,1953,6.526
eri,1954,6.505
eri,1955,6.488
eri,1956,6.478
eri,1957,6.495
eri,1958,6.49
eri,1959,6.507
eri,1960,6.483
eri,1961,6.474
eri,1962,6.496
eri,1963,6.481
eri,1964,6.487
eri,1965,6.494
eri,1966,6.497
eri,1967,6.504
eri,1968,6.503
eri,1969,6.503
eri,1970,6.541
eri,1971,6.541
eri,1972,6.538
eri,1973,6.548
eri,1974,6.567
eri,1975,6.586
eri,1976,6.603
eri,1977,6.608
eri,1978,6.607
eri,1979,6.621
eri,1980,6.614
eri,1981,6.622
eri,1982,6.634
eri,1983,6.646
eri,1984,6.623
eri,1985,6.587
eri,1986,6.555
eri,1987,6.52
eri,1988,6.467
eri,1989,6.413
eri,1990,6.338
eri,1991,6.242
eri,1992,6.156
eri,1993,6.069
eri,1994,6.005
eri,1995,5.939
eri,1996,5.841
eri,1997,5.743
eri,1998,5.633
eri,1999,5.516
eri,2000,5.397
eri,2001,5.306
eri,2002,5.233
eri,2003,5.143
eri,2004,5.036
eri,2005,4.934
eri,2006,4.881
eri,2007,4.812
eri,2008,4.737
eri,2009,4.656
eri,2010,4.571
eri,2011,4.486
eri,2012,4.407
eri,2013,4.335
eri,2014,4.273
eri,2015,4.217
eri,2016,4.164
eri,2017,4.112
eri,2018,4.056
eri,2019,3.997
eri,2020,3.933
eri,2021,3.867
eri,2022,3.786
eri,2023,3.713
esh,1950,6.012
esh,1951,6.047
esh,1952,6.082
esh,1953,6.119
esh,1954,6.154
esh,1955,6.193
esh,1956,6.218
esh,1957,6.237
esh,1958,6.301
esh,1959,6.349
esh,1960,6.407
esh,1961,6.458
esh,1962,6.508
esh,1963,6.518
esh,1964,6.516
esh,1965,6.515
esh,1966,6.526
esh,1967,6.512
esh,1968,6.478
esh,1969,6.426
esh,1970,6.371
esh,1971,6.319
esh,1972,6.285
esh,1973,6.252
esh,1974,6.223
esh,1975,6.202
esh,1976,6.18
esh,1977,6.124
esh,1978,6.055
esh,1979,5.962
esh,1980,5.855
esh,1981,5.707
esh,1982,5.598
esh,1983,5.52
esh,1984,5.443
esh,1985,5.363
esh,1986,5.222
esh,1987,5.079
esh,1988,4.937
esh,1989,4.813
esh,1990,4.691
esh,1991,4.538
esh,1992,4.402
esh,1993,4.271
esh,1994,4.149
esh,1995,4.046
esh,1996,3.943
esh,1997,3.832
esh,1998,3.722
esh,1999,3.608
esh,2000,3.487
esh,2001,3.341
esh,2002,3.193
esh,2003,3.07
esh,2004,2.965
esh,2005,2.892
esh,2006,2.832
esh,2007,2.775
esh,2008,2.723
esh,2009,2.675
esh,2010,2.635
esh,2011,2.586
esh,2012,2.549
esh,2013,2.499
esh,2014,2.459
esh,2015,2.417
esh,2016,2.382
esh,2017,2.352
esh,2018,2.316
esh,2019,2.281
esh,2020,2.25
esh,2021,2.219
esh,2022,2.189
esh,2023,2.164
esp,1922,4.098
esp,1923,4.096
esp,1924,4.005
esp,1925,3.885
esp,1926,3.932
esp,1927,3.731
esp,1928,3.842
esp,1929,3.717
esp,1930,3.695
esp,1931,3.564
esp,1932,3.626
esp,1933,3.57
esp,1934,3.363
esp,1935,3.286
esp,1936,3.142
esp,1937,2.86
esp,1938,2.55
esp,1939,2.12
esp,1940,3.07
esp,1941,2.455
esp,1942,2.522
esp,1943,2.863
esp,1944,2.822
esp,1945,2.889
esp,1946,2.686
esp,1947,2.662
esp,1948,2.875
esp,1949,2.665
esp,1950,2.47
esp,1951,2.457
esp,1952,2.539
esp,1953,2.5
esp,1954,2.438
esp,1955,2.507
esp,1956,2.54
esp,1957,2.688
esp,1958,2.728
esp,1959,2.754
esp,1960,2.808
esp,1961,2.778
esp,1962,2.804
esp,1963,2.876
esp,1964,2.998
esp,1965,2.926
esp,1966,2.913
esp,1967,2.971
esp,1968,2.923
esp,1969,2.901
esp,1970,2.884
esp,1971,2.898
esp,1972,2.869
esp,1973,2.841
esp,1974,2.871
esp,1975,2.773
esp,1976,2.764
esp,1977,2.653
esp,1978,2.539
esp,1979,2.368
esp,1980,2.212
esp,1981,2.04
esp,1982,1.936
esp,1983,1.799
esp,1984,1.722
esp,1985,1.637
esp,1986,1.554
esp,1987,1.492
esp,1988,1.444
esp,1989,1.396
esp,1990,1.358
esp,1991,1.325
esp,1992,1.306
esp,1993,1.253
esp,1994,1.19
esp,1995,1.153
esp,1996,1.139
esp,1997,1.145
esp,1998,1.131
esp,1999,1.165
esp,2000,1.21
esp,2001,1.231
esp,2002,1.251
esp,2003,1.293
esp,2004,1.313
esp,2005,1.329
esp,2006,1.36
esp,2007,1.379
esp,2008,1.436
esp,2009,1.381
esp,2010,1.366
esp,2011,1.34
esp,2012,1.318
esp,2013,1.277
esp,2014,1.315
esp,2015,1.33
esp,2016,1.332
esp,2017,1.305
esp,2018,1.26
esp,2019,1.23
esp,2020,1.186
esp,2021,1.188
esp,2022,1.205
esp,2023,1.213
est,1950,2.273
est,1951,2.273
est,1952,2.258
est,1953,2.127
est,1954,2.161
est,1955,2.109
est,1956,1.973
est,1957,1.924
est,1958,1.917
est,1959,1.954
est,1960,1.984
est,1961,1.986
est,1962,1.957
est,1963,1.904
est,1964,1.95
est,1965,1.899
est,1966,1.884
est,1967,1.903
est,1968,2.02
est,1969,2.116
est,1970,2.171
est,1971,2.204
est,1972,2.154
est,1973,2.085
est,1974,2.08
est,1975,2.044
est,1976,2.056
est,1977,2.055
est,1978,2.019
est,1979,2.008
est,1980,2.025
est,1981,2.078
est,1982,2.09
est,1983,2.168
est,1984,2.177
est,1985,2.127
est,1986,2.172
est,1987,2.261
est,1988,2.266
est,1989,2.209
est,1990,2.042
est,1991,1.802
est,1992,1.697
est,1993,1.486
est,1994,1.41
est,1995,1.372
est,1996,1.361
est,1997,1.306
est,1998,1.272
est,1999,1.293
est,2000,1.347
est,2001,1.315
est,2002,1.353
est,2003,1.365
est,2004,1.465
est,2005,1.515
est,2006,1.583
est,2007,1.685
est,2008,1.719
est,2009,1.701
est,2010,1.716
est,2011,1.616
est,2012,1.561
est,2013,1.524
est,2014,1.543
est,2015,1.58
est,2016,1.603
est,2017,1.596
est,2018,1.67
est,2019,1.661
est,2020,1.588
est,2021,1.594
est,2022,1.41
est,2023,1.35
eth,1950,6.433
eth,1951,6.429
eth,1952,6.435
eth,1953,6.449
eth,1954,6.459
eth,1955,6.457
eth,1956,6.458
eth,1957,6.464
eth,1958,6.473
eth,1959,6.494
eth,1960,6.514
eth,1961,6.533
eth,1962,6.561
eth,1963,6.586
eth,1964,6.612
eth,1965,6.63
eth,1966,6.661
eth,1967,6.684
eth,1968,6.7
eth,1969,6.719
eth,1970,6.782
eth,1971,6.838
eth,1972,6.895
eth,1973,6.962
eth,1974,7.018
eth,1975,7.079
eth,1976,7.129
eth,1977,7.189
eth,1978,7.229
eth,1979,7.248
eth,1980,7.287
eth,1981,7.313
eth,1982,7.337
eth,1983,7.351
eth,1984,7.356
eth,1985,7.338
eth,1986,7.318
eth,1987,7.293
eth,1988,7.262
eth,1989,7.229
eth,1990,7.196
eth,1991,7.161
eth,1992,7.125
eth,1993,7.088
eth,1994,7.051
eth,1995,6.998
eth,1996,6.928
eth,1997,6.869
eth,1998,6.792
eth,1999,6.721
eth,2000,6.654
eth,2001,6.579
eth,2002,6.499
eth,2003,6.4
eth,2004,6.301
eth,2005,6.194
eth,2006,6.047
eth,2007,5.887
eth,2008,5.695
eth,2009,5.488
eth,2010,5.282
eth,2011,5.08
eth,2012,4.887
eth,2013,4.708
eth,2014,4.605
eth,2015,4.529
eth,2016,4.473
eth,2017,4.401
eth,2018,4.371
eth,2019,4.347
eth,2020,4.274
eth,2021,4.177
eth,2022,4.082
eth,2023,3.989
fin,1939,2.55
fin,1940,2.147
fin,1941,2.904
fin,1942,2.003
fin,1943,2.467
fin,1944,2.565
fin,1945,3.08
fin,1946,3.401
fin,1947,3.463
fin,1948,3.452
fin,1949,3.319
fin,1950,3.153
fin,1951,3.012
fin,1952,3.051
fin,1953,2.956
fin,1954,2.927
fin,1955,2.93
fin,1956,2.91
fin,1957,2.851
fin,1958,2.682
fin,1959,2.737
fin,1960,2.719
fin,1961,2.711
fin,1962,2.68
fin,1963,2.675
fin,1964,2.589
fin,1965,2.475
fin,1966,2.404
fin,1967,2.316
fin,1968,2.135
fin,1969,1.93
fin,1970,1.822
fin,1971,1.685
fin,1972,1.575
fin,1973,1.501
fin,1974,1.609
fin,1975,1.678
fin,1976,1.701
fin,1977,1.678
fin,1978,1.642
fin,1979,1.634
fin,1980,1.63
fin,1981,1.645
fin,1982,1.71
fin,1983,1.73
fin,1984,1.692
fin,1985,1.64
fin,1986,1.597
fin,1987,1.592
fin,1988,1.685
fin,1989,1.708
fin,1990,1.776
fin,1991,1.794
fin,1992,1.84
fin,1993,1.815
fin,1994,1.839
fin,1995,1.805
fin,1996,1.772
fin,1997,1.742
fin,1998,1.702
fin,1999,1.729
fin,2000,1.726
fin,2001,1.722
fin,2002,1.718
fin,2003,1.756
fin,2004,1.795
fin,2005,1.801
fin,2006,1.832
fin,2007,1.828
fin,2008,1.843
fin,2009,1.86
fin,2010,1.863
fin,2011,1.826
fin,2012,1.797
fin,2013,1.745
fin,2014,1.706
fin,2015,1.645
fin,2016,1.565
fin,2017,1.487
fin,2018,1.407
fin,2019,1.351
fin,2020,1.374
fin,2021,1.461
fin,2022,1.318
fin,2023,1.28
fji,1950,6.518
fji,1951,6.539
fji,1952,6.537
fji,1953,6.543
fji,1954,6.553
fji,1955,6.568
fji,1956,6.602
fji,1957,6.571
fji,1958,6.529
fji,1959,6.47
fji,1960,6.364
fji,1961,6.284
fji,1962,6.198
fji,1963,6.088
fji,1964,5.96
fji,1965,5.763
fji,1966,5.546
fji,1967,5.333
fji,1968,5.113
fji,1969,4.905
fji,1970,4.708
fji,1971,4.51
fji,1972,4.316
fji,1973,4.158
fji,1974,4.068
fji,1975,4.104
fji,1976,4.123
fji,1977,4.108
fji,1978,4.098
fji,1979,4.078
fji,1980,4.038
fji,1981,3.991
fji,1982,3.941
fji,1983,3.877
fji,1984,3.796
fji,1985,3.663
fji,1986,3.535
fji,1987,3.478
fji,1988,3.432
fji,1989,3.398
fji,1990,3.386
fji,1991,3.365
fji,1992,3.331
fji,1993,3.293
fji,1994,3.258
fji,1995,3.251
fji,1996,3.248
fji,1997,3.188
fji,1998,3.118
fji,1999,3.051
fji,2000,2.992
fji,2001,2.973
fji,2002,2.968
fji,2003,2.957
fji,2004,2.941
fji,2005,2.917
fji,2006,2.905
fji,2007,2.872
fji,2008,2.819
fji,2009,2.76
fji,2010,2.696
fji,2011,2.631
fji,2012,2.612
fji,2013,2.604
fji,2014,2.591
fji,2015,2.567
fji,2016,2.518
fji,2017,2.461
fji,2018,2.419
fji,2019,2.385
fji,2020,2.357
fji,2021,2.332
fji,2022,2.305
fji,2023,2.281
flk,1950,2.557
flk,1951,2.659
flk,1952,2.746
flk,1953,2.826
flk,1954,2.909
flk,1955,2.984
flk,1956,2.992
flk,1957,2.996
flk,1958,3.032
flk,1959,3.118
flk,1960,3.227
flk,1961,3.162
flk,1962,3.066
flk,1963,2.999
flk,1964,2.977
flk,1965,2.989
flk,1966,2.973
flk,1967,2.985
flk,1968,3.036
flk,1969,3.04
flk,1970,3.0
flk,1971,2.954
flk,1972,2.916
flk,1973,2.873
flk,1974,2.752
flk,1975,2.637
flk,1976,2.547
flk,1977,2.468
flk,1978,2.387
flk,1979,2.308
flk,1980,2.239
flk,1981,2.151
flk,1982,2.055
flk,1983,1.955
flk,1984,1.869
flk,1985,1.835
flk,1986,1.798
flk,1987,1.743
flk,1988,1.676
flk,1989,1.613
flk,1990,1.603
flk,1991,1.592
flk,1992,1.564
flk,1993,1.516
flk,1994,1.461
flk,1995,1.461
flk,1996,1.471
flk,1997,1.473
flk,1998,1.468
flk,1999,1.469
flk,2000,1.503
flk,2001,1.525
flk,2002,1.545
flk,2003,1.554
flk,2004,1.557
flk,2005,1.57
flk,2006,1.587
flk,2007,1.604
flk,2008,1.615
flk,2009,1.622
flk,2010,1.628
flk,2011,1.649
flk,2012,1.669
flk,2013,1.686
flk,2014,1.703
flk,2015,1.71
flk,2016,1.711
flk,2017,1.708
flk,2018,1.705
flk,2019,1.701
flk,2020,1.702
flk,2021,1.701
flk,2022,1.69
flk,2023,1.685
fra,1946,2.997
fra,1947,3.038
fra,1948,3.02
fra,1949,3.004
fra,1950,2.965
fra,1951,2.818
fra,1952,2.779
fra,1953,2.702
fra,1954,2.713
fra,1955,2.699
fra,1956,2.693
fra,1957,2.71
fra,1958,2.689
fra,1959,2.746
fra,1960,2.735
fra,1961,2.829
fra,1962,2.788
fra,1963,2.873
fra,1964,2.88
fra,1965,2.826
fra,1966,2.781
fra,1967,2.649
fra,1968,2.571
fra,1969,2.526
fra,1970,2.481
fra,1971,2.499
fra,1972,2.427
fra,1973,2.32
fra,1974,2.125
fra,1975,1.935
fra,1976,1.832
fra,1977,1.868
fra,1978,1.83
fra,1979,1.863
fra,1980,1.951
fra,1981,1.947
fra,1982,1.917
fra,1983,1.79
fra,1984,1.806
fra,1985,1.816
fra,1986,1.832
fra,1987,1.804
fra,1988,1.808
fra,1989,1.791
fra,1990,1.782
fra,1991,1.773
fra,1992,1.735
fra,1993,1.661
fra,1994,1.665
fra,1995,1.718
fra,1996,1.74
fra,1997,1.73
fra,1998,1.764
fra,1999,1.793
fra,2000,1.876
fra,2001,1.879
fra,2002,1.865
fra,2003,1.873
fra,2004,1.898
fra,2005,1.916
fra,2006,1.974
fra,2007,1.952
fra,2008,1.987
fra,2009,1.99
fra,2010,2.017
fra,2011,1.995
fra,2012,1.99
fra,2013,1.973
fra,2014,1.974
fra,2015,1.927
fra,2016,1.892
fra,2017,1.859
fra,2018,1.837
fra,2019,1.826
fra,2020,1.785
fra,2021,1.799
fra,2022,1.76
fra,2023,1.639
fro,1950,3.846
fro,1951,3.854
fro,1952,3.632
fro,1953,3.538
fro,1954,3.515
fro,1955,3.615
fro,1956,3.659
fro,1957,3.831
fro,1958,3.966
fro,1959,3.984
fro,1960,3.854
fro,1961,3.757
fro,1962,3.835
fro,1963,3.896
fro,1964,3.975
fro,1965,4.086
fro,1966,4.044
fro,1967,3.978
fro,1968,3.856
fro,1969,3.564
fro,1970,3.415
fro,1971,3.222
fro,1972,3.252
fro,1973,3.218
fro,1974,3.066
fro,1975,2.902
fro,1976,2.742
fro,1977,2.683
fro,1978,2.605
fro,1979,2.684
fro,1980,2.473
fro,1981,2.462
fro,1982,2.341
fro,1983,2.168
fro,1984,2.17
fro,1985,2.282
fro,1986,2.4
fro,1987,2.375
fro,1988,2.569
fro,1989,2.711
fro,1990,2.782
fro,1991,2.63
fro,1992,2.528
fro,1993,2.503
fro,1994,2.399
fro,1995,2.457
fro,1996,2.577
fro,1997,2.503
fro,1998,2.338
fro,1999,2.338
fro,2000,2.56
fro,2001,2.354
fro,2002,2.544
fro,2003,2.542
fro,2004,2.591
fro,2005,2.631
fro,2006,2.511
fro,2007,2.563
fro,2008,2.568
fro,2009,2.391
fro,2010,2.499
fro,2011,2.332
fro,2012,2.557
fro,2013,2.538
fro,2014,2.555
fro,2015,2.42
fro,2016,2.49
fro,2017,2.495
fro,2018,2.434
fro,2019,2.399
fro,2020,2.359
fro,2021,2.292
fro,2022,2.261
fro,2023,2.24
fsm,1950,6.633
fsm,1951,6.64
fsm,1952,6.652
fsm,1953,6.649
fsm,1954,6.652
fsm,1955,6.653
fsm,1956,6.669
fsm,1957,6.684
fsm,1958,6.697
fsm,1959,6.715
fsm,1960,6.742
fsm,1961,6.74
fsm,1962,6.729
fsm,1963,6.713
fsm,1964,6.737
fsm,1965,6.743
fsm,1966,6.781
fsm,1967,6.81
fsm,1968,6.84
fsm,1969,6.877
fsm,1970,6.928
fsm,1971,6.938
fsm,1972,6.961
fsm,1973,6.971
fsm,1974,6.928
fsm,1975,6.879
fsm,1976,6.818
fsm,1977,6.742
fsm,1978,6.65
fsm,1979,6.545
fsm,1980,6.423
fsm,1981,6.291
fsm,1982,6.164
fsm,1983,6.032
fsm,1984,5.888
fsm,1985,5.749
fsm,1986,5.612
fsm,1987,5.466
fsm,1988,5.323
fsm,1989,5.183
fsm,1990,5.049
fsm,1991,4.92
fsm,1992,4.802
fsm,1993,4.678
fsm,1994,4.575
fsm,1995,4.494
fsm,1996,4.427
fsm,1997,4.355
fsm,1998,4.301
fsm,1999,4.27
fsm,2000,4.217
fsm,2001,4.084
fsm,2002,3.934
fsm,2003,3.785
fsm,2004,3.681
fsm,2005,3.595
fsm,2006,3.514
fsm,2007,3.439
fsm,2008,3.368
fsm,2009,3.313
fsm,2010,3.271
fsm,2011,3.223
fsm,2012,3.18
fsm,2013,3.133
fsm,2014,3.091
fsm,2015,3.049
fsm,2016,3.001
fsm,2017,2.957
fsm,2018,2.922
fsm,2019,2.883
fsm,2020,2.852
fsm,2021,2.818
fsm,2022,2.785
fsm,2023,2.748
gab,1950,3.948
gab,1951,3.953
gab,1952,3.969
gab,1953,3.992
gab,1954,4.025
gab,1955,4.066
gab,1956,4.115
gab,1957,4.172
gab,1958,4.25
gab,1959,4.336
gab,1960,4.422
gab,1961,4.504
gab,1962,4.587
gab,1963,4.649
gab,1964,4.713
gab,1965,4.785
gab,1966,4.861
gab,1967,4.919
gab,1968,4.984
gab,1969,5.049
gab,1970,5.097
gab,1971,5.163
gab,1972,5.237
gab,1973,5.287
gab,1974,5.327
gab,1975,5.391
gab,1976,5.457
gab,1977,5.516
gab,1978,5.568
gab,1979,5.608
gab,1980,5.664
gab,1981,5.726
gab,1982,5.74
gab,1983,5.759
gab,1984,5.733
gab,1985,5.713
gab,1986,5.688
gab,1987,5.667
gab,1988,5.623
gab,1989,5.55
gab,1990,5.459
gab,1991,5.373
gab,1992,5.289
gab,1993,5.186
gab,1994,5.044
gab,1995,4.884
gab,1996,4.742
gab,1997,4.657
gab,1998,4.576
gab,1999,4.502
gab,2000,4.469
gab,2001,4.417
gab,2002,4.36
gab,2003,4.299
gab,2004,4.252
gab,2005,4.21
gab,2006,4.17
gab,2007,4.142
gab,2008,4.118
gab,2009,4.138
gab,2010,4.153
gab,2011,4.151
gab,2012,4.086
gab,2013,4.019
gab,2014,3.953
gab,2015,3.921
gab,2016,3.921
gab,2017,3.913
gab,2018,3.908
gab,2019,3.884
gab,2020,3.831
gab,2021,3.776
gab,2022,3.712
gab,2023,3.647
gbr,1950,2.224
gbr,1951,2.185
gbr,1952,2.193
gbr,1953,2.227
gbr,1954,2.246
gbr,1955,2.279
gbr,1956,2.375
gbr,1957,2.47
gbr,1958,2.546
gbr,1959,2.604
gbr,1960,2.704
gbr,1961,2.789
gbr,1962,2.866
gbr,1963,2.91
gbr,1964,2.931
gbr,1965,2.867
gbr,1966,2.777
gbr,1967,2.678
gbr,1968,2.592
gbr,1969,2.502
gbr,1970,2.421
gbr,1971,2.343
gbr,1972,2.182
gbr,1973,2.036
gbr,1974,1.915
gbr,1975,1.807
gbr,1976,1.738
gbr,1977,1.689
gbr,1978,1.753
gbr,1979,1.857
gbr,1980,1.888
gbr,1981,1.817
gbr,1982,1.778
gbr,1983,1.766
gbr,1984,1.766
gbr,1985,1.788
gbr,1986,1.782
gbr,1987,1.808
gbr,1988,1.82
gbr,1989,1.794
gbr,1990,1.829
gbr,1991,1.817
gbr,1992,1.793
gbr,1993,1.758
gbr,1994,1.737
gbr,1995,1.709
gbr,1996,1.722
gbr,1997,1.722
gbr,1998,1.711
gbr,1999,1.682
gbr,2000,1.641
gbr,2001,1.624
gbr,2002,1.633
gbr,2003,1.698
gbr,2004,1.747
gbr,2005,1.761
gbr,2006,1.812
gbr,2007,1.863
gbr,2008,1.905
gbr,2009,1.893
gbr,2010,1.918
gbr,2011,1.911
gbr,2012,1.909
gbr,2013,1.83
gbr,2014,1.811
gbr,2015,1.801
gbr,2016,1.785
gbr,2017,1.735
gbr,2018,1.676
gbr,2019,1.632
gbr,2020,1.571
gbr,2021,1.583
gbr,2022,1.56
gbr,2023,1.56
geo,1950,2.983
geo,1951,2.924
geo,1952,2.87
geo,1953,2.845
geo,1954,2.833
geo,1955,2.851
geo,1956,2.881
geo,1957,2.905
geo,1958,2.923
geo,1959,2.936
geo,1960,2.942
geo,1961,2.943
geo,1962,2.937
geo,1963,2.949
geo,1964,2.891
geo,1965,2.774
geo,1966,2.728
geo,1967,2.743
geo,1968,2.689
geo,1969,2.687
geo,1970,2.695
geo,1971,2.707
geo,1972,2.674
geo,1973,2.617
geo,1974,2.565
geo,1975,2.552
geo,1976,2.51
geo,1977,2.441
geo,1978,2.417
geo,1979,2.382
geo,1980,2.347
geo,1981,2.33
geo,1982,2.312
geo,1983,2.339
geo,1984,2.378
geo,1985,2.399
geo,1986,2.38
geo,1987,2.319
geo,1988,2.318
geo,1989,2.322
geo,1990,2.306
geo,1991,2.208
geo,1992,2.045
geo,1993,1.912
geo,1994,1.835
geo,1995,1.807
geo,1996,1.759
geo,1997,1.728
geo,1998,1.703
geo,1999,1.643
geo,2000,1.609
geo,2001,1.579
geo,2002,1.571
geo,2003,1.552
geo,2004,1.566
geo,2005,1.583
geo,2006,1.617
geo,2007,1.697
geo,2008,1.832
geo,2009,1.993
geo,2010,1.973
geo,2011,1.915
geo,2012,1.929
geo,2013,1.993
geo,2014,2.18
geo,2015,2.214
geo,2016,2.228
geo,2017,2.136
geo,2018,2.093
geo,2019,2.021
geo,2020,1.976
geo,2021,1.98
geo,2022,1.82
geo,2023,1.81
ggy,1950,2.328
ggy,1951,2.259
ggy,1952,2.184
ggy,1953,2.126
ggy,1954,2.088
ggy,1955,2.076
ggy,1956,2.088
ggy,1957,2.121
ggy,1958,2.147
ggy,1959,2.187
ggy,1960,2.236
ggy,1961,2.273
ggy,1962,2.374
ggy,1963,2.474
ggy,1964,2.475
ggy,1965,2.348
ggy,1966,2.225
ggy,1967,2.146
ggy,1968,2.134
ggy,1969,2.164
ggy,1970,2.105
ggy,1971,2.018
ggy,1972,1.942
ggy,1973,1.818
ggy,1974,1.734
ggy,1975,1.652
ggy,1976,1.6
ggy,1977,1.566
ggy,1978,1.566
ggy,1979,1.593
ggy,1980,1.595
ggy,1981,1.571
ggy,1982,1.495
ggy,1983,1.619
ggy,1984,1.472
ggy,1985,1.551
ggy,1986,1.593
ggy,1987,1.575
ggy,1988,1.54
ggy,1989,1.551
ggy,1990,1.605
ggy,1991,1.56
ggy,1992,1.481
ggy,1993,1.436
ggy,1994,1.419
ggy,1995,1.336
ggy,1996,1.409
ggy,1997,1.473
ggy,1998,1.476
ggy,1999,1.499
ggy,2000,1.468
ggy,2001,1.454
ggy,2002,1.45
ggy,2003,1.456
ggy,2004,1.467
ggy,2005,1.491
ggy,2006,1.513
ggy,2007,1.534
ggy,2008,1.548
ggy,2009,1.55
ggy,2010,1.559
ggy,2011,1.564
ggy,2012,1.557
ggy,2013,1.542
ggy,2014,1.51
ggy,2015,1.473
ggy,2016,1.435
ggy,2017,1.383
ggy,2018,1.339
ggy,2019,1.323
ggy,2020,1.33
ggy,2021,1.362
ggy,2022,1.367
ggy,2023,1.362
gha,1950,6.7
gha,1951,6.731
gha,1952,6.755
gha,1953,6.777
gha,1954,6.799
gha,1955,6.818
gha,1956,6.843
gha,1957,6.852
gha,1958,6.86
gha,1959,6.874
gha,1960,6.89
gha,1961,6.912
gha,1962,6.942
gha,1963,6.936
gha,1964,6.902
gha,1965,6.88
gha,1966,6.862
gha,1967,6.893
gha,1968,6.892
gha,1969,6.954
gha,1970,6.952
gha,1971,6.946
gha,1972,6.916
gha,1973,6.872
gha,1974,6.822
gha,1975,6.762
gha,1976,6.703
gha,1977,6.637
gha,1978,6.564
gha,1979,6.513
gha,1980,6.474
gha,1981,6.415
gha,1982,6.312
gha,1983,6.227
gha,1984,6.153
gha,1985,6.119
gha,1986,6.084
gha,1987,6.022
gha,1988,5.922
gha,1989,5.818
gha,1990,5.737
gha,1991,5.63
gha,1992,5.517
gha,1993,5.414
gha,1994,5.254
gha,1995,5.106
gha,1996,4.959
gha,1997,4.884
gha,1998,4.829
gha,1999,4.822
gha,2000,4.827
gha,2001,4.768
gha,2002,4.687
gha,2003,4.597
gha,2004,4.504
gha,2005,4.496
gha,2006,4.399
gha,2007,4.288
gha,2008,4.217
gha,2009,4.179
gha,2010,4.181
gha,2011,4.177
gha,2012,4.154
gha,2013,4.114
gha,2014,4.029
gha,2015,3.982
gha,2016,3.873
gha,2017,3.715
gha,2018,3.65
gha,2019,3.593
gha,2020,3.541
gha,2021,3.492
gha,2022,3.434
gha,2023,3.397
gib,1950,2.682
gib,1951,2.761
gib,1952,2.803
gib,1953,2.799
gib,1954,2.768
gib,1955,2.734
gib,1956,2.802
gib,1957,2.874
gib,1958,2.937
gib,1959,2.996
gib,1960,3.102
gib,1961,3.26
gib,1962,3.528
gib,1963,4.061
gib,1964,4.26
gib,1965,3.989
gib,1966,3.604
gib,1967,3.183
gib,1968,2.98
gib,1969,2.949
gib,1970,2.948
gib,1971,2.944
gib,1972,2.788
gib,1973,2.671
gib,1974,2.596
gib,1975,2.527
gib,1976,2.479
gib,1977,2.468
gib,1978,2.486
gib,1979,2.523
gib,1980,2.567
gib,1981,2.534
gib,1982,2.491
gib,1983,2.436
gib,1984,2.398
gib,1985,2.371
gib,1986,2.356
gib,1987,2.35
gib,1988,2.345
gib,1989,2.353
gib,1990,2.39
gib,1991,2.431
gib,1992,2.443
gib,1993,2.42
gib,1994,2.38
gib,1995,2.334
gib,1996,2.251
gib,1997,2.233
gib,1998,2.204
gib,1999,2.189
gib,2000,2.185
gib,2001,2.104
gib,2002,1.683
gib,2003,1.634
gib,2004,1.689
gib,2005,1.754
gib,2006,1.802
gib,2007,1.852
gib,2008,1.903
gib,2009,1.926
gib,2010,1.954
gib,2011,1.974
gib,2012,1.999
gib,2013,2.099
gib,2014,2.084
gib,2015,2.074
gib,2016,1.94
gib,2017,1.93
gib,2018,1.921
gib,2019,1.912
gib,2020,1.907
gib,2021,1.899
gib,2022,1.895
gib,2023,1.888
gin,1950,5.971
gin,1951,5.978
gin,1952,5.993
gin,1953,6.007
gin,1954,6.022
gin,1955,6.037
gin,1956,6.052
gin,1957,6.067
gin,1958,6.082
gin,1959,6.097
gin,1960,6.112
gin,1961,6.126
gin,1962,6.14
gin,1963,6.153
gin,1964,6.166
gin,1965,6.178
gin,1966,6.19
gin,1967,6.202
gin,1968,6.214
gin,1969,6.228
gin,1970,6.243
gin,1971,6.262
gin,1972,6.283
gin,1973,6.308
gin,1974,6.336
gin,1975,6.367
gin,1976,6.4
gin,1977,6.434
gin,1978,6.44
gin,1979,6.45
gin,1980,6.459
gin,1981,6.459
gin,1982,6.487
gin,1983,6.487
gin,1984,6.512
gin,1985,6.527
gin,1986,6.548
gin,1987,6.571
gin,1988,6.561
gin,1989,6.548
gin,1990,6.515
gin,1991,6.484
gin,1992,6.453
gin,1993,6.409
gin,1994,6.358
gin,1995,6.288
gin,1996,6.205
gin,1997,6.123
gin,1998,6.051
gin,1999,5.985
gin,2000,5.918
gin,2001,5.834
gin,2002,5.781
gin,2003,5.744
gin,2004,5.733
gin,2005,5.727
gin,2006,5.704
gin,2007,5.664
gin,2008,5.596
gin,2009,5.528
gin,2010,5.435
gin,2011,5.337
gin,2012,5.232
gin,2013,5.151
gin,2014,5.07
gin,2015,5.002
gin,2016,4.915
gin,2017,4.793
gin,2018,4.669
gin,2019,4.576
gin,2020,4.489
gin,2021,4.399
gin,2022,4.303
gin,2023,4.217
glp,1950,5.592
glp,1951,5.636
glp,1952,5.662
glp,1953,5.686
glp,1954,5.702
glp,1955,5.773
glp,1956,5.715
glp,1957,5.6
glp,1958,5.634
glp,1959,5.632
glp,1960,5.771
glp,1961,5.666
glp,1962,5.856
glp,1963,5.709
glp,1964,5.58
glp,1965,5.593
glp,1966,5.581
glp,1967,5.429
glp,1968,5.218
glp,1969,4.979
glp,1970,4.758
glp,1971,4.557
glp,1972,4.349
glp,1973,4.172
glp,1974,3.988
glp,1975,3.752
glp,1976,3.343
glp,1977,2.927
glp,1978,2.584
glp,1979,2.463
glp,1980,2.466
glp,1981,2.46
glp,1982,2.457
glp,1983,2.464
glp,1984,2.447
glp,1985,2.432
glp,1986,2.373
glp,1987,2.315
glp,1988,2.275
glp,1989,2.257
glp,1990,2.242
glp,1991,2.228
glp,1992,2.199
glp,1993,2.156
glp,1994,2.134
glp,1995,2.121
glp,1996,2.121
glp,1997,2.132
glp,1998,2.147
glp,1999,2.178
glp,2000,2.221
glp,2001,2.234
glp,2002,2.218
glp,2003,2.223
glp,2004,2.233
glp,2005,2.301
glp,2006,2.285
glp,2007,2.23
glp,2008,2.163
glp,2009,2.115
glp,2010,2.137
glp,2011,2.17
glp,2012,2.195
glp,2013,2.216
glp,2014,2.213
glp,2015,2.179
glp,2016,2.141
glp,2017,2.082
glp,2018,2.096
glp,2019,2.149
glp,2020,2.167
glp,2021,2.131
glp,2022,2.11
glp,2023,2.089
gmb,1950,6.353
gmb,1951,6.354
gmb,1952,6.354
gmb,1953,6.351
gmb,1954,6.344
gmb,1955,6.334
gmb,1956,6.32
gmb,1957,6.304
gmb,1958,6.285
gmb,1959,6.266
gmb,1960,6.246
gmb,1961,6.228
gmb,1962,6.213
gmb,1963,6.202
gmb,1964,6.195
gmb,1965,6.192
gmb,1966,6.183
gmb,1967,6.206
gmb,1968,6.221
gmb,1969,6.246
gmb,1970,6.257
gmb,1971,6.33
gmb,1972,6.366
gmb,1973,6.405
gmb,1974,6.415
gmb,1975,6.428
gmb,1976,6.434
gmb,1977,6.433
gmb,1978,6.421
gmb,1979,6.411
gmb,1980,6.414
gmb,1981,6.399
gmb,1982,6.396
gmb,1983,6.393
gmb,1984,6.385
gmb,1985,6.357
gmb,1986,6.344
gmb,1987,6.3
gmb,1988,6.258
gmb,1989,6.254
gmb,1990,6.246
gmb,1991,6.191
gmb,1992,6.111
gmb,1993,6.034
gmb,1994,6.035
gmb,1995,5.994
gmb,1996,5.925
gmb,1997,5.851
gmb,1998,5.818
gmb,1999,5.772
gmb,2000,5.716
gmb,2001,5.67
gmb,2002,5.656
gmb,2003,5.656
gmb,2004,5.683
gmb,2005,5.708
gmb,2006,5.736
gmb,2007,5.685
gmb,2008,5.625
gmb,2009,5.574
gmb,2010,5.558
gmb,2011,5.542
gmb,2012,5.519
gmb,2013,5.392
gmb,2014,5.197
gmb,2015,5.003
gmb,2016,4.809
gmb,2017,4.614
gmb,2018,4.42
gmb,2019,4.33
gmb,2020,4.248
gmb,2021,4.165
gmb,2022,4.078
gmb,2023,4.006
gnb,1950,5.914
gnb,1951,5.909
gnb,1952,5.901
gnb,1953,5.895
gnb,1954,5.892
gnb,1955,5.892
gnb,1956,5.893
gnb,1957,5.898
gnb,1958,5.904
gnb,1959,5.912
gnb,1960,5.921
gnb,1961,5.931
gnb,1962,5.941
gnb,1963,5.951
gnb,1964,5.961
gnb,1965,5.971
gnb,1966,5.982
gnb,1967,5.994
gnb,1968,6.008
gnb,1969,6.024
gnb,1970,6.041
gnb,1971,6.06
gnb,1972,6.078
gnb,1973,6.098
gnb,1974,6.12
gnb,1975,6.15
gnb,1976,6.192
gnb,1977,6.249
gnb,1978,6.32
gnb,1979,6.401
gnb,1980,6.487
gnb,1981,6.569
gnb,1982,6.64
gnb,1983,6.694
gnb,1984,6.727
gnb,1985,6.739
gnb,1986,6.734
gnb,1987,6.717
gnb,1988,6.693
gnb,1989,6.663
gnb,1990,6.501
gnb,1991,6.474
gnb,1992,6.435
gnb,1993,6.369
gnb,1994,6.299
gnb,1995,6.223
gnb,1996,6.141
gnb,1997,6.06
gnb,1998,5.97
gnb,1999,5.871
gnb,2000,5.786
gnb,2001,5.688
gnb,2002,5.634
gnb,2003,5.577
gnb,2004,5.5
gnb,2005,5.46
gnb,2006,5.406
gnb,2007,5.365
gnb,2008,5.266
gnb,2009,5.176
gnb,2010,5.111
gnb,2011,5.067
gnb,2012,5.003
gnb,2013,4.93
gnb,2014,4.79
gnb,2015,4.661
gnb,2016,4.519
gnb,2017,4.347
gnb,2018,4.241
gnb,2019,4.153
gnb,2020,4.075
gnb,2021,3.998
gnb,2022,3.911
gnb,2023,3.836
gnq,1950,5.676
gnq,1951,5.673
gnq,1952,5.668
gnq,1953,5.663
gnq,1954,5.659
gnq,1955,5.655
gnq,1956,5.652
gnq,1957,5.649
gnq,1958,5.648
gnq,1959,5.649
gnq,1960,5.653
gnq,1961,5.661
gnq,1962,5.673
gnq,1963,5.69
gnq,1964,5.711
gnq,1965,5.734
gnq,1966,5.756
gnq,1967,5.776
gnq,1968,5.791
gnq,1969,5.802
gnq,1970,5.808
gnq,1971,5.808
gnq,1972,5.805
gnq,1973,5.8
gnq,1974,5.795
gnq,1975,5.791
gnq,1976,5.791
gnq,1977,5.795
gnq,1978,5.804
gnq,1979,5.817
gnq,1980,5.835
gnq,1981,5.856
gnq,1982,5.88
gnq,1983,5.903
gnq,1984,5.926
gnq,1985,5.946
gnq,1986,5.962
gnq,1987,5.974
gnq,1988,5.982
gnq,1989,5.986
gnq,1990,5.987
gnq,1991,5.985
gnq,1992,5.984
gnq,1993,5.981
gnq,1994,5.978
gnq,1995,5.971
gnq,1996,5.96
gnq,1997,5.941
gnq,1998,5.914
gnq,1999,5.878
gnq,2000,5.834
gnq,2001,5.785
gnq,2002,5.731
gnq,2003,5.675
gnq,2004,5.618
gnq,2005,5.559
gnq,2006,5.498
gnq,2007,5.433
gnq,2008,5.363
gnq,2009,5.288
gnq,2010,5.209
gnq,2011,5.126
gnq,2012,5.04
gnq,2013,4.952
gnq,2014,4.863
gnq,2015,4.774
gnq,2016,4.686
gnq,2017,4.599
gnq,2018,4.513
gnq,2019,4.429
gnq,2020,4.346
gnq,2021,4.266
gnq,2022,4.17
gnq,2023,4.081
grc,1950,2.574
grc,1951,2.485
grc,1952,2.416
grc,1953,2.392
grc,1954,2.399
grc,1955,2.42
grc,1956,2.383
grc,1957,2.33
grc,1958,2.308
grc,1959,2.327
grc,1960,2.294
grc,1961,2.239
grc,1962,2.242
grc,1963,2.243
grc,1964,2.313
grc,1965,2.334
grc,1966,2.395
grc,1967,2.484
grc,1968,2.474
grc,1969,2.434
grc,1970,2.435
grc,1971,2.408
grc,1972,2.388
grc,1973,2.365
grc,1974,2.428
grc,1975,2.419
grc,1976,2.42
grc,1977,2.377
grc,1978,2.371
grc,1979,2.356
grc,1980,2.297
grc,1981,2.17
grc,1982,2.082
grc,1983,1.989
grc,1984,1.871
grc,1985,1.744
grc,1986,1.66
grc,1987,1.581
grc,1988,1.542
grc,1989,1.485
grc,1990,1.466
grc,1991,1.459
grc,1992,1.452
grc,1993,1.426
grc,1994,1.414
grc,1995,1.385
grc,1996,1.365
grc,1997,1.357
grc,1998,1.339
grc,1999,1.326
grc,2000,1.331
grc,2001,1.327
grc,2002,1.335
grc,2003,1.333
grc,2004,1.34
grc,2005,1.358
grc,2006,1.403
grc,2007,1.416
grc,2008,1.494
grc,2009,1.507
grc,2010,1.485
grc,2011,1.395
grc,2012,1.345
grc,2013,1.292
grc,2014,1.298
grc,2015,1.328
grc,2016,1.382
grc,2017,1.35
grc,2018,1.35
grc,2019,1.337
grc,2020,1.386
grc,2021,1.432
grc,2022,1.308
grc,2023,1.334
grd,1950,5.184
grd,1951,5.358
grd,1952,5.686
grd,1953,5.974
grd,1954,6.221
grd,1955,6.428
grd,1956,6.59
grd,1957,6.709
grd,1958,6.778
grd,1959,6.792
grd,1960,6.743
grd,1961,6.627
grd,1962,6.442
grd,1963,6.196
grd,1964,5.906
grd,1965,5.597
grd,1966,5.3
grd,1967,5.04
grd,1968,4.835
grd,1969,4.69
grd,1970,4.46
grd,1971,4.307
grd,1972,4.175
grd,1973,4.046
grd,1974,3.92
grd,1975,3.754
grd,1976,3.597
grd,1977,3.457
grd,1978,3.351
grd,1979,3.344
grd,1980,3.298
grd,1981,2.989
grd,1982,3.154
grd,1983,3.306
grd,1984,3.224
grd,1985,3.478
grd,1986,3.584
grd,1987,3.581
grd,1988,3.193
grd,1989,3.233
grd,1990,3.058
grd,1991,3.106
grd,1992,2.97
grd,1993,2.805
grd,1994,2.794
grd,1995,2.822
grd,1996,2.848
grd,1997,2.803
grd,1998,2.494
grd,1999,2.392
grd,2000,2.441
grd,2001,2.421
grd,2002,2.378
grd,2003,2.332
grd,2004,2.285
grd,2005,2.242
grd,2006,2.195
grd,2007,2.154
grd,2008,2.116
grd,2009,2.078
grd,2010,2.038
grd,2011,2.006
grd,2012,1.967
grd,2013,1.913
grd,2014,1.799
grd,2015,1.715
grd,2016,1.616
grd,2017,1.438
grd,2018,1.53
grd,2019,1.542
grd,2020,1.532
grd,2021,1.517
grd,2022,1.502
grd,2023,1.487
grl,1950,5.641
grl,1951,5.732
grl,1952,5.805
grl,1953,5.923
grl,1954,6.093
grl,1955,6.267
grl,1956,6.33
grl,1957,6.398
grl,1958,6.468
grl,1959,6.575
grl,1960,6.686
grl,1961,6.781
grl,1962,6.785
grl,1963,6.757
grl,1964,6.654
grl,1965,6.419
grl,1966,6.031
grl,1967,5.545
grl,1968,4.928
grl,1969,4.209
grl,1970,3.541
grl,1971,3.202
grl,1972,3.012
grl,1973,2.739
grl,1974,2.45
grl,1975,2.33
grl,1976,2.267
grl,1977,2.283
grl,1978,2.196
grl,1979,2.208
grl,1980,2.354
grl,1981,2.319
grl,1982,2.228
grl,1983,2.086
grl,1984,2.109
grl,1985,2.171
grl,1986,2.082
grl,1987,2.104
grl,1988,2.272
grl,1989,2.338
grl,1990,2.418
grl,1991,2.44
grl,1992,2.551
grl,1993,2.565
grl,1994,2.535
grl,1995,2.513
grl,1996,2.515
grl,1997,2.598
grl,1998,2.442
grl,1999,2.37
grl,2000,2.347
grl,2001,2.453
grl,2002,2.492
grl,2003,2.389
grl,2004,2.379
grl,2005,2.335
grl,2006,2.257
grl,2007,2.27
grl,2008,2.269
grl,2009,2.322
grl,2010,2.241
grl,2011,2.097
grl,2012,2.001
grl,2013,2.012
grl,2014,2.009
grl,2015,2.076
grl,2016,2.068
grl,2017,2.065
grl,2018,2.02
grl,2019,2.006
grl,2020,1.998
grl,2021,1.985
grl,2022,1.969
grl,2023,1.95
gtm,1950,6.804
gtm,1951,6.841
gtm,1952,6.876
gtm,1953,6.898
gtm,1954,6.923
gtm,1955,6.95
gtm,1956,6.977
gtm,1957,7.015
gtm,1958,7.006
gtm,1959,7.006
gtm,1960,6.999
gtm,1961,6.979
gtm,1962,6.934
gtm,1963,6.899
gtm,1964,6.871
gtm,1965,6.839
gtm,1966,6.802
gtm,1967,6.755
gtm,1968,6.699
gtm,1969,6.646
gtm,1970,6.6
gtm,1971,6.546
gtm,1972,6.511
gtm,1973,6.487
gtm,1974,6.458
gtm,1975,6.41
gtm,1976,6.368
gtm,1977,6.319
gtm,1978,6.261
gtm,1979,6.216
gtm,1980,6.171
gtm,1981,6.121
gtm,1982,6.057
gtm,1983,5.976
gtm,1984,5.855
gtm,1985,5.729
gtm,1986,5.663
gtm,1987,5.639
gtm,1988,5.621
gtm,1989,5.559
gtm,1990,5.48
gtm,1991,5.377
gtm,1992,5.314
gtm,1993,5.254
gtm,1994,5.191
gtm,1995,5.105
gtm,1996,5.008
gtm,1997,4.906
gtm,1998,4.8
gtm,1999,4.687
gtm,2000,4.583
gtm,2001,4.502
gtm,2002,4.371
gtm,2003,4.25
gtm,2004,4.134
gtm,2005,3.974
gtm,2006,3.845
gtm,2007,3.716
gtm,2008,3.571
gtm,2009,3.465
gtm,2010,3.375
gtm,2011,3.292
gtm,2012,3.219
gtm,2013,3.151
gtm,2014,3.088
gtm,2015,3.029
gtm,2016,2.973
gtm,2017,2.857
gtm,2018,2.743
gtm,2019,2.593
gtm,2020,2.47
gtm,2021,2.388
gtm,2022,2.343
gtm,2023,2.311
guf,1950,4.905
guf,1951,4.907
guf,1952,4.906
guf,1953,5.001
guf,1954,5.133
guf,1955,5.234
guf,1956,5.255
guf,1957,5.251
guf,1958,5.197
guf,1959,5.218
guf,1960,5.216
guf,1961,5.124
guf,1962,5.104
guf,1963,5.166
guf,1964,5.286
guf,1965,5.183
guf,1966,5.043
guf,1967,4.934
guf,1968,4.856
guf,1969,4.782
guf,1970,4.716
guf,1971,4.6
guf,1972,4.42
guf,1973,4.073
guf,1974,3.78
guf,1975,3.568
guf,1976,3.42
guf,1977,3.383
guf,1978,3.37
guf,1979,3.358
guf,1980,3.351
guf,1981,3.388
guf,1982,3.431
guf,1983,3.459
guf,1984,3.406
guf,1985,3.375
guf,1986,3.384
guf,1987,3.408
guf,1988,3.455
guf,1989,3.582
guf,1990,3.736
guf,1991,3.868
guf,1992,3.891
guf,1993,3.855
guf,1994,3.822
guf,1995,3.76
guf,1996,3.714
guf,1997,3.663
guf,1998,3.742
guf,1999,3.801
guf,2000,3.958
guf,2001,3.777
guf,2002,3.717
guf,2003,3.766
guf,2004,3.47
guf,2005,3.78
guf,2006,3.824
guf,2007,3.782
guf,2008,3.57
guf,2009,3.49
guf,2010,3.429
guf,2011,3.481
guf,2012,3.617
guf,2013,3.471
guf,2014,3.473
guf,2015,3.547
guf,2016,3.641
guf,2017,3.884
guf,2018,3.785
guf,2019,3.732
guf,2020,3.662
guf,2021,3.708
guf,2022,3.436
guf,2023,3.388
gum,1950,5.21
gum,1951,5.3
gum,1952,5.59
gum,1953,5.75
gum,1954,5.893
gum,1955,6.215
gum,1956,6.224
gum,1957,6.45
gum,1958,6.118
gum,1959,6.047
gum,1960,5.969
gum,1961,5.948
gum,1962,5.899
gum,1963,5.571
gum,1964,5.393
gum,1965,5.137
gum,1966,5.072
gum,1967,4.646
gum,1968,4.346
gum,1969,4.44
gum,1970,4.343
gum,1971,4.202
gum,1972,4.046
gum,1973,3.89
gum,1974,3.764
gum,1975,3.658
gum,1976,3.534
gum,1977,3.363
gum,1978,3.105
gum,1979,3.033
gum,1980,3.039
gum,1981,2.969
gum,1982,2.912
gum,1983,3.029
gum,1984,2.855
gum,1985,2.905
gum,1986,2.934
gum,1987,2.966
gum,1988,2.986
gum,1989,3.001
gum,1990,3.015
gum,1991,3.028
gum,1992,3.042
gum,1993,3.054
gum,1994,3.044
gum,1995,3.04
gum,1996,3.033
gum,1997,3.023
gum,1998,3.008
gum,1999,2.969
gum,2000,2.915
gum,2001,2.817
gum,2002,2.582
gum,2003,2.657
gum,2004,2.772
gum,2005,2.638
gum,2006,2.807
gum,2007,2.905
gum,2008,2.905
gum,2009,2.891
gum,2010,2.973
gum,2011,2.876
gum,2012,3.117
gum,2013,2.883
gum,2014,2.946
gum,2015,2.933
gum,2016,3.171
gum,2017,3.088
gum,2018,2.995
gum,2019,2.938
gum,2020,2.895
gum,2021,2.856
gum,2022,2.819
gum,2023,2.781
guy,1950,5.834
guy,1951,5.916
guy,1952,5.993
guy,1953,6.073
guy,1954,6.149
guy,1955,6.218
guy,1956,6.267
guy,1957,6.311
guy,1958,6.308
guy,1959,6.314
guy,1960,6.331
guy,1961,6.339
guy,1962,6.333
guy,1963,6.307
guy,1964,6.232
guy,1965,6.135
guy,1966,6.021
guy,1967,5.888
guy,1968,5.751
guy,1969,5.581
guy,1970,5.411
guy,1971,5.257
guy,1972,5.077
guy,1973,4.866
guy,1974,4.638
guy,1975,4.45
guy,1976,4.28
guy,1977,4.116
guy,1978,3.967
guy,1979,3.86
guy,1980,3.77
guy,1981,3.719
guy,1982,3.678
guy,1983,3.637
guy,1984,3.541
guy,1985,3.47
guy,1986,3.381
guy,1987,3.305
guy,1988,3.228
guy,1989,3.186
guy,1990,3.181
guy,1991,3.183
guy,1992,3.188
guy,1993,3.199
guy,1994,3.226
guy,1995,3.238
guy,1996,3.23
guy,1997,3.221
guy,1998,3.182
guy,1999,3.125
guy,2000,3.057
guy,2001,2.958
guy,2002,2.844
guy,2003,2.75
guy,2004,2.681
guy,2005,2.648
guy,2006,2.659
guy,2007,2.681
guy,2008,2.697
guy,2009,2.694
guy,2010,2.684
guy,2011,2.694
guy,2012,2.701
guy,2013,2.711
guy,2014,2.695
guy,2015,2.667
guy,2016,2.634
guy,2017,2.593
guy,2018,2.553
guy,2019,2.521
guy,2020,2.491
guy,2021,2.462
guy,2022,2.437
guy,2023,2.412
hkg,1950,4.255
hkg,1951,4.349
hkg,1952,4.389
hkg,1953,4.427
hkg,1954,4.461
hkg,1955,4.55
hkg,1956,4.64
hkg,1957,4.763
hkg,1958,4.88
hkg,1959,4.998
hkg,1960,5.085
hkg,1961,5.169
hkg,1962,5.177
hkg,1963,5.152
hkg,1964,5.085
hkg,1965,4.923
hkg,1966,4.464
hkg,1967,4.123
hkg,1968,3.783
hkg,1969,3.599
hkg,1970,3.386
hkg,1971,3.4
hkg,1972,3.254
hkg,1973,3.135
hkg,1974,2.954
hkg,1975,2.627
hkg,1976,2.421
hkg,1977,2.308
hkg,1978,2.205
hkg,1979,2.117
hkg,1980,2.061
hkg,1981,1.953
hkg,1982,1.872
hkg,1983,1.745
hkg,1984,1.585
hkg,1985,1.504
hkg,1986,1.391
hkg,1987,1.339
hkg,1988,1.403
hkg,1989,1.316
hkg,1990,1.283
hkg,1991,1.299
hkg,1992,1.359
hkg,1993,1.359
hkg,1994,1.368
hkg,1995,1.304
hkg,1996,1.203
hkg,1997,1.123
hkg,1998,1.025
hkg,1999,0.994
hkg,2000,1.027
hkg,2001,0.941
hkg,2002,0.932
hkg,2003,0.904
hkg,2004,0.921
hkg,2005,0.957
hkg,2006,0.987
hkg,2007,1.03
hkg,2008,1.054
hkg,2009,1.05
hkg,2010,1.12
hkg,2011,1.136
hkg,2012,1.207
hkg,2013,1.265
hkg,2014,1.201
hkg,2015,1.227
hkg,2016,1.205
hkg,2017,1.136
hkg,2018,1.086
hkg,2019,1.055
hkg,2020,0.892
hkg,2021,0.778
hkg,2022,0.708
hkg,2023,0.717
hnd,1950,7.469
hnd,1951,7.479
hnd,1952,7.496
hnd,1953,7.507
hnd,1954,7.512
hnd,1955,7.513
hnd,1956,7.508
hnd,1957,7.498
hnd,1958,7.485
hnd,1959,7.471
hnd,1960,7.458
hnd,1961,7.448
hnd,1962,7.443
hnd,1963,7.441
hnd,1964,7.443
hnd,1965,7.442
hnd,1966,7.41
hnd,1967,7.359
hnd,1968,7.295
hnd,1969,7.228
hnd,1970,7.172
hnd,1971,7.113
hnd,1972,7.058
hnd,1973,6.985
hnd,1974,6.913
hnd,1975,6.866
hnd,1976,6.814
hnd,1977,6.732
hnd,1978,6.634
hnd,1979,6.531
hnd,1980,6.418
hnd,1981,6.301
hnd,1982,6.179
hnd,1983,6.059
hnd,1984,5.935
hnd,1985,5.816
hnd,1986,5.7
hnd,1987,5.581
hnd,1988,5.468
hnd,1989,5.354
hnd,1990,5.271
hnd,1991,5.191
hnd,1992,5.113
hnd,1993,5.028
hnd,1994,4.935
hnd,1995,4.835
hnd,1996,4.713
hnd,1997,4.59
hnd,1998,4.473
hnd,1999,4.366
hnd,2000,4.289
hnd,2001,4.153
hnd,2002,4.0
hnd,2003,3.844
hnd,2004,3.71
hnd,2005,3.577
hnd,2006,3.449
hnd,2007,3.351
hnd,2008,3.26
hnd,2009,3.173
hnd,2010,3.078
hnd,2011,2.998
hnd,2012,2.927
hnd,2013,2.855
hnd,2014,2.793
hnd,2015,2.746
hnd,2016,2.704
hnd,2017,2.663
hnd,2018,2.645
hnd,2019,2.611
hnd,2020,2.577
hnd,2021,2.548
hnd,2022,2.522
hnd,2023,2.5
hrv,1950,2.933
hrv,1951,2.662
hrv,1952,2.725
hrv,1953,2.681
hrv,1954,2.629
hrv,1955,2.588
hrv,1956,2.504
hrv,1957,2.361
hrv,1958,2.26
hrv,1959,2.27
hrv,1960,2.239
hrv,1961,2.219
hrv,1962,2.192
hrv,1963,2.145
hrv,1964,2.142
hrv,1965,2.224
hrv,1966,2.227
hrv,1967,2.102
hrv,1968,2.027
hrv,1969,1.951
hrv,1970,1.882
hrv,1971,1.974
hrv,1972,2.007
hrv,1973,2.013
hrv,1974,1.983
hrv,1975,1.951
hrv,1976,1.936
hrv,1977,1.947
hrv,1978,1.955
hrv,1979,1.947
hrv,1980,1.931
hrv,1981,1.926
hrv,1982,1.91
hrv,1983,1.891
hrv,1984,1.875
hrv,1985,1.828
hrv,1986,1.773
hrv,1987,1.745
hrv,1988,1.706
hrv,1989,1.648
hrv,1990,1.628
hrv,1991,1.543
hrv,1992,1.462
hrv,1993,1.508
hrv,1994,1.52
hrv,1995,1.579
hrv,1996,1.675
hrv,1997,1.685
hrv,1998,1.499
hrv,1999,1.438
hrv,2000,1.423
hrv,2001,1.458
hrv,2002,1.428
hrv,2003,1.412
hrv,2004,1.419
hrv,2005,1.506
hrv,2006,1.469
hrv,2007,1.487
hrv,2008,1.555
hrv,2009,1.588
hrv,2010,1.551
hrv,2011,1.485
hrv,2012,1.516
hrv,2013,1.461
hrv,2014,1.461
hrv,2015,1.403
hrv,2016,1.427
hrv,2017,1.423
hrv,2018,1.472
hrv,2019,1.47
hrv,2020,1.484
hrv,2021,1.624
hrv,2022,1.53
hrv,2023,1.468
hti,1950,6.251
hti,1951,6.241
hti,1952,6.241
hti,1953,6.233
hti,1954,6.223
hti,1955,6.23
hti,1956,6.232
hti,1957,6.199
hti,1958,6.196
hti,1959,6.198
hti,1960,6.178
hti,1961,6.179
hti,1962,6.175
hti,1963,6.173
hti,1964,6.164
hti,1965,6.129
hti,1966,6.093
hti,1967,6.051
hti,1968,6.009
hti,1969,5.957
hti,1970,5.911
hti,1971,5.877
hti,1972,5.849
hti,1973,5.811
hti,1974,5.781
hti,1975,5.748
hti,1976,5.71
hti,1977,5.674
hti,1978,5.642
hti,1979,5.594
hti,1980,5.557
hti,1981,5.533
hti,1982,5.526
hti,1983,5.513
hti,1984,5.505
hti,1985,5.495
hti,1986,5.479
hti,1987,5.471
hti,1988,5.472
hti,1989,5.444
hti,1990,5.414
hti,1991,5.317
hti,1992,5.208
hti,1993,5.099
hti,1994,4.991
hti,1995,4.884
hti,1996,4.777
hti,1997,4.669
hti,1998,4.561
hti,1999,4.452
hti,2000,4.39
hti,2001,4.248
hti,2002,4.125
hti,2003,4.047
hti,2004,3.943
hti,2005,3.835
hti,2006,3.761
hti,2007,3.687
hti,2008,3.621
hti,2009,3.565
hti,2010,3.497
hti,2011,3.431
hti,2012,3.321
hti,2013,3.221
hti,2014,3.164
hti,2015,3.11
hti,2016,3.054
hti,2017,2.985
hti,2018,2.924
hti,2019,2.862
hti,2020,2.804
hti,2021,2.748
hti,2022,2.699
hti,2023,2.656
hun,1950,2.615
hun,1951,2.544
hun,1952,2.484
hun,1953,2.75
hun,1954,2.964
hun,1955,2.817
hun,1956,2.607
hun,1957,2.296
hun,1958,2.176
hun,1959,2.079
hun,1960,2.021
hun,1961,1.937
hun,1962,1.801
hun,1963,1.82
hun,1964,1.814
hun,1965,1.82
hun,1966,1.89
hun,1967,2.013
hun,1968,2.067
hun,1969,2.041
hun,1970,1.98
hun,1971,1.931
hun,1972,1.931
hun,1973,1.952
hun,1974,2.284
hun,1975,2.363
hun,1976,2.251
hun,1977,2.164
hun,1978,2.077
hun,1979,2.018
hun,1980,1.92
hun,1981,1.877
hun,1982,1.796
hun,1983,1.745
hun,1984,1.757
hun,1985,1.847
hun,1986,1.846
hun,1987,1.829
hun,1988,1.816
hun,1989,1.819
hun,1990,1.857
hun,1991,1.863
hun,1992,1.77
hun,1993,1.686
hun,1994,1.64
hun,1995,1.568
hun,1996,1.458
hun,1997,1.377
hun,1998,1.326
hun,1999,1.29
hun,2000,1.32
hun,2001,1.312
hun,2002,1.303
hun,2003,1.275
hun,2004,1.281
hun,2005,1.312
hun,2006,1.341
hun,2007,1.322
hun,2008,1.346
hun,2009,1.321
hun,2010,1.257
hun,2011,1.25
hun,2012,1.334
hun,2013,1.35
hun,2014,1.424
hun,2015,1.446
hun,2016,1.514
hun,2017,1.524
hun,2018,1.522
hun,2019,1.531
hun,2020,1.576
hun,2021,1.605
hun,2022,1.55
hun,2023,1.486
idn,1950,5.109
idn,1951,5.159
idn,1952,5.21
idn,1953,5.256
idn,1954,5.314
idn,1955,5.362
idn,1956,5.393
idn,1957,5.418
idn,1958,5.448
idn,1959,5.476
idn,1960,5.505
idn,1961,5.522
idn,1962,5.534
idn,1963,5.551
idn,1964,5.568
idn,1965,5.593
idn,1966,5.593
idn,1967,5.583
idn,1968,5.568
idn,1969,5.553
idn,1970,5.488
idn,1971,5.397
idn,1972,5.315
idn,1973,5.246
idn,1974,5.089
idn,1975,5.032
idn,1976,4.921
idn,1977,4.807
idn,1978,4.732
idn,1979,4.625
idn,1980,4.495
idn,1981,4.356
idn,1982,4.247
idn,1983,4.109
idn,1984,3.956
idn,1985,3.725
idn,1986,3.53
idn,1987,3.42
idn,1988,3.353
idn,1989,3.247
idn,1990,3.114
idn,1991,3.058
idn,1992,2.95
idn,1993,2.9
idn,1994,2.851
idn,1995,2.809
idn,1996,2.782
idn,1997,2.742
idn,1998,2.66
idn,1999,2.568
idn,2000,2.503
idn,2001,2.466
idn,2002,2.436
idn,2003,2.41
idn,2004,2.415
idn,2005,2.452
idn,2006,2.457
idn,2007,2.476
idn,2008,2.44
idn,2009,2.442
idn,2010,2.462
idn,2011,2.515
idn,2012,2.514
idn,2013,2.441
idn,2014,2.393
idn,2015,2.346
idn,2016,2.311
idn,2017,2.253
idn,2018,2.219
idn,2019,2.205
idn,2020,2.189
idn,2021,2.166
idn,2022,2.149
idn,2023,2.127
imn,1950,2.407
imn,1951,2.357
imn,1952,2.279
imn,1953,2.173
imn,1954,2.062
imn,1955,1.949
imn,1956,2.071
imn,1957,2.171
imn,1958,2.364
imn,1959,2.42
imn,1960,2.682
imn,1961,2.688
imn,1962,2.634
imn,1963,2.624
imn,1964,2.627
imn,1965,2.539
imn,1966,2.462
imn,1967,2.447
imn,1968,2.447
imn,1969,2.512
imn,1970,2.566
imn,1971,2.512
imn,1972,2.454
imn,1973,2.364
imn,1974,2.263
imn,1975,2.16
imn,1976,2.083
imn,1977,2.023
imn,1978,1.988
imn,1979,1.96
imn,1980,1.954
imn,1981,1.941
imn,1982,1.915
imn,1983,1.888
imn,1984,1.865
imn,1985,1.88
imn,1986,1.892
imn,1987,1.909
imn,1988,1.921
imn,1989,1.926
imn,1990,1.959
imn,1991,1.978
imn,1992,1.974
imn,1993,1.946
imn,1994,1.915
imn,1995,1.923
imn,1996,1.931
imn,1997,1.926
imn,1998,1.901
imn,1999,1.858
imn,2000,1.866
imn,2001,1.87
imn,2002,1.863
imn,2003,1.84
imn,2004,1.826
imn,2005,1.863
imn,2006,1.905
imn,2007,1.927
imn,2008,1.941
imn,2009,1.937
imn,2010,1.928
imn,2011,1.903
imn,2012,1.864
imn,2013,1.824
imn,2014,1.79
imn,2015,1.748
imn,2016,1.713
imn,2017,1.674
imn,2018,1.636
imn,2019,1.606
imn,2020,1.585
imn,2021,1.569
imn,2022,1.556
imn,2023,1.548
ind,1950,5.732
ind,1951,5.772
ind,1952,5.821
ind,1953,5.865
ind,1954,5.906
ind,1955,5.911
ind,1956,5.913
ind,1957,5.913
ind,1958,5.903
ind,1959,5.892
ind,1960,5.921
ind,1961,5.937
ind,1962,5.953
ind,1963,5.969
ind,1964,5.979
ind,1965,5.941
ind,1966,5.881
ind,1967,5.825
ind,1968,5.76
ind,1969,5.684
ind,1970,5.624
ind,1971,5.565
ind,1972,5.482
ind,1973,5.402
ind,1974,5.325
ind,1975,5.195
ind,1976,5.13
ind,1977,5.007
ind,1978,4.888
ind,1979,4.808
ind,1980,4.775
ind,1981,4.698
ind,1982,4.62
ind,1983,4.565
ind,1984,4.516
ind,1985,4.432
ind,1986,4.399
ind,1987,4.311
ind,1988,4.222
ind,1989,4.132
ind,1990,4.045
ind,1991,3.959
ind,1992,3.877
ind,1993,3.799
ind,1994,3.723
ind,1995,3.651
ind,1996,3.582
ind,1997,3.514
ind,1998,3.446
ind,1999,3.383
ind,2000,3.35
ind,2001,3.303
ind,2002,3.217
ind,2003,3.122
ind,2004,3.046
ind,2005,2.958
ind,2006,2.867
ind,2007,2.775
ind,2008,2.711
ind,2009,2.674
ind,2010,2.598
ind,2011,2.532
ind,2012,2.47
ind,2013,2.399
ind,2014,2.293
ind,2015,2.289
ind,2016,2.284
ind,2017,2.193
ind,2018,2.184
ind,2019,2.12
ind,2020,2.047
ind,2021,2.014
ind,2022,1.994
ind,2023,1.975
irl,1950,3.497
irl,1951,3.548
irl,1952,3.56
irl,1953,3.535
irl,1954,3.467
irl,1955,3.366
irl,1956,3.382
irl,1957,3.479
irl,1958,3.465
irl,1959,3.602
irl,1960,3.755
irl,1961,3.784
irl,1962,3.93
irl,1963,4.027
irl,1964,4.079
irl,1965,4.04
irl,1966,3.942
irl,1967,3.843
irl,1968,3.77
irl,1969,3.824
irl,1970,3.85
irl,1971,3.934
irl,1972,3.849
irl,1973,3.713
irl,1974,3.588
irl,1975,3.372
irl,1976,3.287
irl,1977,3.242
irl,1978,3.211
irl,1979,3.214
irl,1980,3.205
irl,1981,3.059
irl,1982,2.947
irl,1983,2.749
irl,1984,2.586
irl,1985,2.492
irl,1986,2.441
irl,1987,2.315
irl,1988,2.173
irl,1989,2.081
irl,1990,2.11
irl,1991,2.077
irl,1992,1.991
irl,1993,1.904
irl,1994,1.848
irl,1995,1.843
irl,1996,1.883
irl,1997,1.932
irl,1998,1.941
irl,1999,1.903
irl,2000,1.893
irl,2001,1.94
irl,2002,1.971
irl,2003,1.96
irl,2004,1.93
irl,2005,1.865
irl,2006,1.915
irl,2007,2.011
irl,2008,2.065
irl,2009,2.063
irl,2010,2.056
irl,2011,2.033
irl,2012,1.99
irl,2013,1.934
irl,2014,1.9
irl,2015,1.861
irl,2016,1.816
irl,2017,1.772
irl,2018,1.761
irl,2019,1.718
irl,2020,1.653
irl,2021,1.777
irl,2022,1.594
irl,2023,1.598
irn,1950,6.97
irn,1951,6.977
irn,1952,7.005
irn,1953,7.026
irn,1954,7.048
irn,1955,7.151
irn,1956,7.249
irn,1957,7.354
irn,1958,7.458
irn,1959,7.571
irn,1960,7.519
irn,1961,7.459
irn,1962,7.401
irn,1963,7.317
irn,1964,7.237
irn,1965,7.222
irn,1966,7.214
irn,1967,7.19
irn,1968,7.119
irn,1969,7.007
irn,1970,6.798
irn,1971,6.549
irn,1972,6.257
irn,1973,6.061
irn,1974,5.968
irn,1975,5.947
irn,1976,6.066
irn,1977,6.179
irn,1978,6.344
irn,1979,6.549
irn,1980,6.63
irn,1981,6.618
irn,1982,6.586
irn,1983,6.528
irn,1984,6.433
irn,1985,6.242
irn,1986,6.011
irn,1987,5.719
irn,1988,5.434
irn,1989,5.172
irn,1990,4.934
irn,1991,4.568
irn,1992,4.099
irn,1993,3.674
irn,1994,3.244
irn,1995,2.852
irn,1996,2.542
irn,1997,2.323
irn,1998,2.19
irn,1999,2.089
irn,2000,1.999
irn,2001,1.918
irn,2002,1.836
irn,2003,1.801
irn,2004,1.78
irn,2005,1.756
irn,2006,1.755
irn,2007,1.748
irn,2008,1.743
irn,2009,1.74
irn,2010,1.749
irn,2011,1.792
irn,2012,1.851
irn,2013,1.913
irn,2014,1.975
irn,2015,2.017
irn,2016,2.054
irn,2017,2.023
irn,2018,1.919
irn,2019,1.766
irn,2020,1.7
irn,2021,1.709
irn,2022,1.704
irn,2023,1.695
irq,1950,6.2
irq,1951,6.4
irq,1952,6.837
irq,1953,6.844
irq,1954,6.758
irq,1955,6.0
irq,1956,6.0
irq,1957,4.8
irq,1958,4.8
irq,1959,5.3
irq,1960,5.3
irq,1961,5.8
irq,1962,6.991
irq,1963,7.005
irq,1964,7.01
irq,1965,7.02
irq,1966,7.022
irq,1967,7.029
irq,1968,7.056
irq,1969,7.083
irq,1970,7.071
irq,1971,7.055
irq,1972,7.024
irq,1973,6.986
irq,1974,6.952
irq,1975,6.913
irq,1976,6.856
irq,1977,6.795
irq,1978,6.726
irq,1979,6.662
irq,1980,6.593
irq,1981,6.526
irq,1982,6.46
irq,1983,6.387
irq,1984,6.321
irq,1985,6.246
irq,1986,6.182
irq,1987,6.114
irq,1988,6.052
irq,1989,5.988
irq,1990,5.929
irq,1991,5.833
irq,1992,5.718
irq,1993,5.609
irq,1994,5.488
irq,1995,5.36
irq,1996,5.249
irq,1997,5.194
irq,1998,5.112
irq,1999,5.035
irq,2000,4.92
irq,2001,4.799
irq,2002,4.668
irq,2003,4.581
irq,2004,4.527
irq,2005,4.446
irq,2006,4.459
irq,2007,4.404
irq,2008,4.373
irq,2009,4.378
irq,2010,4.457
irq,2011,4.588
irq,2012,4.544
irq,2013,4.441
irq,2014,4.31
irq,2015,4.08
irq,2016,3.843
irq,2017,3.64
irq,2018,3.547
irq,2019,3.48
irq,2020,3.419
irq,2021,3.358
irq,2022,3.294
irq,2023,3.249
isl,1950,3.854
isl,1951,3.721
isl,1952,3.788
isl,1953,3.933
isl,1954,3.913
isl,1955,4.036
isl,1956,4.111
isl,1957,4.173
isl,1958,4.072
isl,1959,4.213
isl,1960,4.259
isl,1961,3.913
isl,1962,3.979
isl,1963,3.984
isl,1964,3.87
isl,1965,3.72
isl,1966,3.578
isl,1967,3.282
isl,1968,3.063
isl,1969,2.984
isl,1970,2.815
isl,1971,2.917
isl,1972,3.085
isl,1973,2.941
isl,1974,2.661
isl,1975,2.64
isl,1976,2.522
isl,1977,2.32
isl,1978,2.352
isl,1979,2.487
isl,1980,2.478
isl,1981,2.337
isl,1982,2.272
isl,1983,2.246
isl,1984,2.083
isl,1985,1.942
isl,1986,1.935
isl,1987,2.069
isl,1988,2.258
isl,1989,2.208
isl,1990,2.302
isl,1991,2.196
isl,1992,2.214
isl,1993,2.221
isl,1994,2.144
isl,1995,2.083
isl,1996,2.111
isl,1997,2.04
isl,1998,2.043
isl,1999,1.997
isl,2000,2.071
isl,2001,1.955
isl,2002,1.936
isl,2003,1.991
isl,2004,2.037
isl,2005,2.046
isl,2006,2.075
isl,2007,2.089
isl,2008,2.156
isl,2009,2.227
isl,2010,2.192
isl,2011,2.023
isl,2012,2.034
isl,2013,1.938
isl,2014,1.928
isl,2015,1.809
isl,2016,1.744
isl,2017,1.711
isl,2018,1.71
isl,2019,1.744
isl,2020,1.718
isl,2021,1.818
isl,2022,1.589
isl,2023,1.54
isr,1950,4.571
isr,1951,4.666
isr,1952,4.741
isr,1953,4.722
isr,1954,4.341
isr,1955,4.387
isr,1956,4.436
isr,1957,4.382
isr,1958,4.326
isr,1959,4.364
isr,1960,4.366
isr,1961,4.148
isr,1962,4.086
isr,1963,4.087
isr,1964,4.163
isr,1965,4.125
isr,1966,3.96
isr,1967,3.824
isr,1968,3.711
isr,1969,3.676
isr,1970,3.786
isr,1971,3.849
isr,1972,3.798
isr,1973,3.606
isr,1974,3.641
isr,1975,3.614
isr,1976,3.622
isr,1977,3.47
isr,1978,3.245
isr,1979,3.203
isr,1980,3.153
isr,1981,3.073
isr,1982,3.131
isr,1983,3.143
isr,1984,3.077
isr,1985,3.039
isr,1986,2.991
isr,1987,2.923
isr,1988,2.896
isr,1989,2.84
isr,1990,2.84
isr,1991,2.832
isr,1992,2.87
isr,1993,2.866
isr,1994,2.837
isr,1995,2.823
isr,1996,2.862
isr,1997,2.876
isr,1998,2.922
isr,1999,2.888
isr,2000,2.921
isr,2001,2.868
isr,2002,2.877
isr,2003,2.919
isr,2004,2.848
isr,2005,2.793
isr,2006,2.828
isr,2007,2.852
isr,2008,2.903
isr,2009,2.944
isr,2010,3.028
isr,2011,3.01
isr,2012,3.05
isr,2013,3.036
isr,2014,3.081
isr,2015,3.093
isr,2016,3.113
isr,2017,3.123
isr,2018,3.103
isr,2019,3.034
isr,2020,2.937
isr,2021,3.019
isr,2022,2.936
isr,2023,2.83
ita,1950,2.523
ita,1951,2.376
ita,1952,2.323
ita,1953,2.285
ita,1954,2.349
ita,1955,2.343
ita,1956,2.351
ita,1957,2.348
ita,1958,2.326
ita,1959,2.387
ita,1960,2.384
ita,1961,2.42
ita,1962,2.451
ita,1963,2.52
ita,1964,2.662
ita,1965,2.617
ita,1966,2.588
ita,1967,2.509
ita,1968,2.49
ita,1969,2.47
ita,1970,2.396
ita,1971,2.398
ita,1972,2.351
ita,1973,2.315
ita,1974,2.292
ita,1975,2.177
ita,1976,2.056
ita,1977,1.939
ita,1978,1.841
ita,1979,1.733
ita,1980,1.647
ita,1981,1.582
ita,1982,1.561
ita,1983,1.506
ita,1984,1.458
ita,1985,1.416
ita,1986,1.351
ita,1987,1.33
ita,1988,1.355
ita,1989,1.328
ita,1990,1.331
ita,1991,1.303
ita,1992,1.296
ita,1993,1.249
ita,1994,1.208
ita,1995,1.188
ita,1996,1.197
ita,1997,1.21
ita,1998,1.21
ita,1999,1.228
ita,2000,1.249
ita,2001,1.247
ita,2002,1.264
ita,2003,1.285
ita,2004,1.337
ita,2005,1.332
ita,2006,1.364
ita,2007,1.393
ita,2008,1.435
ita,2009,1.439
ita,2010,1.443
ita,2011,1.427
ita,2012,1.416
ita,2013,1.38
ita,2014,1.364
ita,2015,1.344
ita,2016,1.336
ita,2017,1.317
ita,2018,1.286
ita,2019,1.259
ita,2020,1.242
ita,2021,1.252
ita,2022,1.24
ita,2023,1.198
jam,1950,3.923
jam,1951,4.013
jam,1952,4.054
jam,1953,4.184
jam,1954,4.333
jam,1955,4.524
jam,1956,4.741
jam,1957,4.963
jam,1958,5.192
jam,1959,5.323
jam,1960,5.538
jam,1961,5.597
jam,1962,5.635
jam,1963,5.731
jam,1964,5.79
jam,1965,5.719
jam,1966,5.692
jam,1967,5.668
jam,1968,5.576
jam,1969,5.468
jam,1970,5.349
jam,1971,5.212
jam,1972,5.06
jam,1973,4.995
jam,1974,4.665
jam,1975,4.436
jam,1976,4.213
jam,1977,4.004
jam,1978,3.838
jam,1979,3.719
jam,1980,3.588
jam,1981,3.51
jam,1982,3.458
jam,1983,3.411
jam,1984,3.324
jam,1985,3.212
jam,1986,3.106
jam,1987,3.024
jam,1988,2.982
jam,1989,2.93
jam,1990,2.955
jam,1991,2.997
jam,1992,3.026
jam,1993,2.987
jam,1994,2.93
jam,1995,2.851
jam,1996,2.77
jam,1997,2.677
jam,1998,2.574
jam,1999,2.465
jam,2000,2.345
jam,2001,2.296
jam,2002,2.271
jam,2003,2.244
jam,2004,2.198
jam,2005,2.148
jam,2006,2.089
jam,2007,2.023
jam,2008,1.953
jam,2009,1.879
jam,2010,1.799
jam,2011,1.717
jam,2012,1.648
jam,2013,1.591
jam,2014,1.544
jam,2015,1.508
jam,2016,1.464
jam,2017,1.428
jam,2018,1.4
jam,2019,1.39
jam,2020,1.383
jam,2021,1.378
jam,2022,1.372
jam,2023,1.358
jey,1950,2.177
jey,1951,2.091
jey,1952,2.047
jey,1953,2.002
jey,1954,1.984
jey,1955,1.946
jey,1956,1.981
jey,1957,2.05
jey,1958,2.159
jey,1959,2.263
jey,1960,2.412
jey,1961,2.498
jey,1962,2.626
jey,1963,2.743
jey,1964,2.786
jey,1965,2.73
jey,1966,2.57
jey,1967,2.386
jey,1968,2.259
jey,1969,2.105
jey,1970,1.933
jey,1971,1.899
jey,1972,1.636
jey,1973,1.552
jey,1974,1.472
jey,1975,1.416
jey,1976,1.338
jey,1977,1.409
jey,1978,1.389
jey,1979,1.396
jey,1980,1.353
jey,1981,1.322
jey,1982,1.325
jey,1983,1.327
jey,1984,1.356
jey,1985,1.299
jey,1986,1.321
jey,1987,1.386
jey,1988,1.445
jey,1989,1.454
jey,1990,1.452
jey,1991,1.405
jey,1992,1.469
jey,1993,1.414
jey,1994,1.496
jey,1995,1.519
jey,1996,1.535
jey,1997,1.538
jey,1998,1.531
jey,1999,1.518
jey,2000,1.508
jey,2001,1.491
jey,2002,1.477
jey,2003,1.538
jey,2004,1.515
jey,2005,1.434
jey,2006,1.44
jey,2007,1.53
jey,2008,1.563
jey,2009,1.576
jey,2010,1.593
jey,2011,1.598
jey,2012,1.595
jey,2013,1.569
jey,2014,1.552
jey,2015,1.51
jey,2016,1.468
jey,2017,1.419
jey,2018,1.385
jey,2019,1.36
jey,2020,1.337
jey,2021,1.356
jey,2022,1.365
jey,2023,1.371
jor,1950,7.444
jor,1951,7.44
jor,1952,7.422
jor,1953,7.41
jor,1954,7.399
jor,1955,7.42
jor,1956,7.441
jor,1957,7.46
jor,1958,7.479
jor,1959,7.512
jor,1960,7.599
jor,1961,7.699
jor,1962,7.785
jor,1963,7.854
jor,1964,7.913
jor,1965,7.932
jor,1966,7.992
jor,1967,8.059
jor,1968,8.135
jor,1969,8.192
jor,1970,8.181
jor,1971,8.15
jor,1972,8.117
jor,1973,8.062
jor,1974,7.997
jor,1975,7.925
jor,1976,7.832
jor,1977,7.723
jor,1978,7.594
jor,1979,7.448
jor,1980,7.287
jor,1981,7.121
jor,1982,6.959
jor,1983,6.812
jor,1984,6.671
jor,1985,6.534
jor,1986,6.387
jor,1987,6.196
jor,1988,6.011
jor,1989,5.798
jor,1990,5.544
jor,1991,5.33
jor,1992,5.137
jor,1993,4.972
jor,1994,4.819
jor,1995,4.676
jor,1996,4.508
jor,1997,4.318
jor,1998,4.112
jor,1999,3.971
jor,2000,3.864
jor,2001,3.803
jor,2002,3.805
jor,2003,3.816
jor,2004,3.729
jor,2005,3.653
jor,2006,3.711
jor,2007,3.797
jor,2008,3.876
jor,2009,3.841
jor,2010,3.78
jor,2011,3.69
jor,2012,3.568
jor,2013,3.449
jor,2014,3.302
jor,2015,3.141
jor,2016,3.072
jor,2017,2.994
jor,2018,2.923
jor,2019,2.855
jor,2020,2.791
jor,2021,2.735
jor,2022,2.679
jor,2023,2.639
jpn,1947,4.614
jpn,1948,4.463
jpn,1949,4.373
jpn,1950,3.615
jpn,1951,3.225
jpn,1952,2.947
jpn,1953,2.673
jpn,1954,2.468
jpn,1955,2.349
jpn,1956,2.206
jpn,1957,2.036
jpn,1958,2.097
jpn,1959,2.035
jpn,1960,1.981
jpn,1961,1.928
jpn,1962,1.928
jpn,1963,1.951
jpn,1964,1.998
jpn,1965,2.089
jpn,1966,1.632
jpn,1967,2.158
jpn,1968,2.065
jpn,1969,2.026
jpn,1970,2.035
jpn,1971,2.089
jpn,1972,2.114
jpn,1973,2.145
jpn,1974,2.065
jpn,1975,1.921
jpn,1976,1.841
jpn,1977,1.789
jpn,1978,1.786
jpn,1979,1.769
jpn,1980,1.739
jpn,1981,1.718
jpn,1982,1.738
jpn,1983,1.77
jpn,1984,1.78
jpn,1985,1.736
jpn,1986,1.698
jpn,1987,1.666
jpn,1988,1.625
jpn,1989,1.547
jpn,1990,1.509
jpn,1991,1.504
jpn,1992,1.478
jpn,1993,1.44
jpn,1994,1.468
jpn,1995,1.407
jpn,1996,1.403
jpn,1997,1.376
jpn,1998,1.371
jpn,1999,1.34
jpn,2000,1.346
jpn,2001,1.325
jpn,2002,1.308
jpn,2003,1.285
jpn,2004,1.277
jpn,2005,1.245
jpn,2006,1.285
jpn,2007,1.305
jpn,2008,1.33
jpn,2009,1.333
jpn,2010,1.357
jpn,2011,1.363
jpn,2012,1.376
jpn,2013,1.389
jpn,2014,1.388
jpn,2015,1.415
jpn,2016,1.408
jpn,2017,1.39
jpn,2018,1.373
jpn,2019,1.323
jpn,2020,1.304
jpn,2021,1.275
jpn,2022,1.256
jpn,2023,1.208
kaz,1950,4.56
kaz,1951,4.539
kaz,1952,4.511
kaz,1953,4.496
kaz,1954,4.482
kaz,1955,4.506
kaz,1956,4.571
kaz,1957,4.638
kaz,1958,4.678
kaz,1959,4.569
kaz,1960,4.495
kaz,1961,4.424
kaz,1962,4.357
kaz,1963,4.264
kaz,1964,4.071
kaz,1965,3.881
kaz,1966,3.819
kaz,1967,3.769
kaz,1968,3.629
kaz,1969,3.509
kaz,1970,3.505
kaz,1971,3.534
kaz,1972,3.553
kaz,1973,3.508
kaz,1974,3.453
kaz,1975,3.398
kaz,1976,3.332
kaz,1977,3.257
kaz,1978,3.156
kaz,1979,3.137
kaz,1980,3.092
kaz,1981,3.052
kaz,1982,3.02
kaz,1983,3.068
kaz,1984,3.146
kaz,1985,3.208
kaz,1986,3.189
kaz,1987,3.122
kaz,1988,3.001
kaz,1989,2.866
kaz,1990,2.745
kaz,1991,2.677
kaz,1992,2.584
kaz,1993,2.483
kaz,1994,2.378
kaz,1995,2.253
kaz,1996,2.084
kaz,1997,1.97
kaz,1998,1.938
kaz,1999,1.902
kaz,2000,1.898
kaz,2001,1.906
kaz,2002,1.956
kaz,2003,2.075
kaz,2004,2.201
kaz,2005,2.274
kaz,2006,2.38
kaz,2007,2.49
kaz,2008,2.616
kaz,2009,2.58
kaz,2010,2.61
kaz,2011,2.605
kaz,2012,2.64
kaz,2013,2.67
kaz,2014,2.76
kaz,2015,2.755
kaz,2016,2.795
kaz,2017,2.745
kaz,2018,2.845
kaz,2019,2.89
kaz,2020,3.13
kaz,2021,3.32
kaz,2022,3.05
kaz,2023,3.012
ken,1950,7.389
ken,1951,7.4
ken,1952,7.41
ken,1953,7.426
ken,1954,7.434
ken,1955,7.46
ken,1956,7.513
ken,1957,7.571
ken,1958,7.604
ken,1959,7.643
ken,1960,7.651
ken,1961,7.715
ken,1962,7.769
ken,1963,7.817
ken,1964,7.869
ken,1965,7.923
ken,1966,7.955
ken,1967,7.953
ken,1968,7.948
ken,1969,7.947
ken,1970,7.943
ken,1971,7.922
ken,1972,7.894
ken,1973,7.86
ken,1974,7.822
ken,1975,7.795
ken,1976,7.767
ken,1977,7.729
ken,1978,7.666
ken,1979,7.598
ken,1980,7.531
ken,1981,7.454
ken,1982,7.345
ken,1983,7.218
ken,1984,7.083
ken,1985,6.96
ken,1986,6.84
ken,1987,6.686
ken,1988,6.515
ken,1989,6.332
ken,1990,6.135
ken,1991,5.94
ken,1992,5.74
ken,1993,5.569
ken,1994,5.438
ken,1995,5.372
ken,1996,5.307
ken,1997,5.268
ken,1998,5.244
ken,1999,5.177
ken,2000,5.136
ken,2001,5.094
ken,2002,5.027
ken,2003,4.937
ken,2004,4.861
ken,2005,4.801
ken,2006,4.754
ken,2007,4.718
ken,2008,4.66
ken,2009,4.567
ken,2010,4.446
ken,2011,4.284
ken,2012,4.116
ken,2013,3.955
ken,2014,3.843
ken,2015,3.766
ken,2016,3.689
ken,2017,3.609
ken,2018,3.536
ken,2019,3.433
ken,2020,3.364
ken,2021,3.312
ken,2022,3.262
ken,2023,3.208
kgz,1950,4.626
kgz,1951,4.629
kgz,1952,4.676
kgz,1953,4.727
kgz,1954,4.78
kgz,1955,4.841
kgz,1956,4.896
kgz,1957,4.993
kgz,1958,5.141
kgz,1959,5.229
kgz,1960,5.309
kgz,1961,5.364
kgz,1962,5.421
kgz,1963,5.479
kgz,1964,5.433
kgz,1965,5.375
kgz,1966,5.321
kgz,1967,5.255
kgz,1968,5.182
kgz,1969,5.183
kgz,1970,5.203
kgz,1971,5.181
kgz,1972,5.137
kgz,1973,5.024
kgz,1974,4.891
kgz,1975,4.764
kgz,1976,4.676
kgz,1977,4.593
kgz,1978,4.526
kgz,1979,4.377
kgz,1980,4.225
kgz,1981,4.188
kgz,1982,4.198
kgz,1983,4.165
kgz,1984,4.198
kgz,1985,4.203
kgz,1986,4.221
kgz,1987,4.163
kgz,1988,4.031
kgz,1989,3.907
kgz,1990,3.798
kgz,1991,3.737
kgz,1992,3.637
kgz,1993,3.41
kgz,1994,3.283
kgz,1995,3.291
kgz,1996,3.092
kgz,1997,2.88
kgz,1998,2.795
kgz,1999,2.714
kgz,2000,2.576
kgz,2001,2.546
kgz,2002,2.566
kgz,2003,2.595
kgz,2004,2.631
kgz,2005,2.645
kgz,2006,2.744
kgz,2007,2.781
kgz,2008,2.838
kgz,2009,2.955
kgz,2010,3.096
kgz,2011,3.14
kgz,2012,3.183
kgz,2013,3.15
kgz,2014,3.21
kgz,2015,3.208
kgz,2016,3.104
kgz,2017,3.044
kgz,2018,3.28
kgz,2019,3.33
kgz,2020,3.05
kgz,2021,2.89
kgz,2022,2.81
kgz,2023,2.8
khm,1950,6.53
khm,1951,6.514
khm,1952,6.509
khm,1953,6.519
khm,1954,6.516
khm,1955,6.526
khm,1956,6.509
khm,1957,6.481
khm,1958,6.425
khm,1959,6.361
khm,1960,6.313
khm,1961,6.302
khm,1962,6.301
khm,1963,6.292
khm,1964,6.288
khm,1965,6.267
khm,1966,6.237
khm,1967,6.201
khm,1968,6.165
khm,1969,6.124
khm,1970,6.071
khm,1971,6.007
khm,1972,5.943
khm,1973,5.559
khm,1974,4.797
khm,1975,4.103
khm,1976,3.409
khm,1977,2.716
khm,1978,3.338
khm,1979,4.556
khm,1980,5.774
khm,1981,6.042
khm,1982,6.193
khm,1983,6.296
khm,1984,6.338
khm,1985,6.313
khm,1986,6.226
khm,1987,6.097
khm,1988,5.944
khm,1989,5.681
khm,1990,5.642
khm,1991,5.588
khm,1992,5.486
khm,1993,5.433
khm,1994,5.281
khm,1995,5.076
khm,1996,4.867
khm,1997,4.395
khm,1998,4.13
khm,1999,3.933
khm,2000,3.794
khm,2001,3.687
khm,2002,3.57
khm,2003,3.429
khm,2004,3.307
khm,2005,3.238
khm,2006,3.175
khm,2007,3.13
khm,2008,3.048
khm,2009,2.971
khm,2010,2.859
khm,2011,2.782
khm,2012,2.751
khm,2013,2.742
khm,2014,2.734
khm,2015,2.729
khm,2016,2.725
khm,2017,2.719
khm,2018,2.724
khm,2019,2.725
khm,2020,2.699
khm,2021,2.664
khm,2022,2.616
khm,2023,2.579
kir,1950,6.13
kir,1951,6.172
kir,1952,6.212
kir,1953,6.262
kir,1954,6.303
kir,1955,6.324
kir,1956,6.343
kir,1957,6.364
kir,1958,6.376
kir,1959,6.4
kir,1960,6.441
kir,1961,6.477
kir,1962,6.415
kir,1963,6.35
kir,1964,6.289
kir,1965,6.262
kir,1966,6.225
kir,1967,6.112
kir,1968,5.984
kir,1969,5.848
kir,1970,5.706
kir,1971,5.554
kir,1972,5.374
kir,1973,5.199
kir,1974,5.094
kir,1975,5.019
kir,1976,4.964
kir,1977,4.957
kir,1978,4.969
kir,1979,4.965
kir,1980,4.964
kir,1981,4.961
kir,1982,4.952
kir,1983,4.914
kir,1984,4.91
kir,1985,4.911
kir,1986,4.871
kir,1987,4.806
kir,1988,4.733
kir,1989,4.693
kir,1990,4.668
kir,1991,4.642
kir,1992,4.568
kir,1993,4.487
kir,1994,4.442
kir,1995,4.419
kir,1996,4.425
kir,1997,4.368
kir,1998,4.29
kir,1999,4.185
kir,2000,4.071
kir,2001,3.957
kir,2002,3.814
kir,2003,3.702
kir,2004,3.734
kir,2005,3.76
kir,2006,3.815
kir,2007,3.865
kir,2008,3.899
kir,2009,3.905
kir,2010,3.898
kir,2011,3.878
kir,2012,3.768
kir,2013,3.643
kir,2014,3.521
kir,2015,3.438
kir,2016,3.375
kir,2017,3.339
kir,2018,3.318
kir,2019,3.29
kir,2020,3.254
kir,2021,3.219
kir,2022,3.182
kir,2023,3.147
kna,1950,6.379
kna,1951,6.463
kna,1952,6.573
kna,1953,6.695
kna,1954,6.833
kna,1955,6.965
kna,1956,7.09
kna,1957,7.259
kna,1958,7.26
kna,1959,6.949
kna,1960,6.541
kna,1961,6.272
kna,1962,6.061
kna,1963,6.121
kna,1964,6.084
kna,1965,6.008
kna,1966,5.783
kna,1967,5.46
kna,1968,5.165
kna,1969,4.967
kna,1970,4.728
kna,1971,4.506
kna,1972,4.161
kna,1973,3.966
kna,1974,3.806
kna,1975,3.675
kna,1976,3.589
kna,1977,3.478
kna,1978,3.286
kna,1979,3.23
kna,1980,3.261
kna,1981,3.296
kna,1982,3.175
kna,1983,3.098
kna,1984,2.884
kna,1985,2.82
kna,1986,2.683
kna,1987,2.622
kna,1988,2.622
kna,1989,2.689
kna,1990,2.725
kna,1991,2.597
kna,1992,2.433
kna,1993,2.375
kna,1994,2.31
kna,1995,2.304
kna,1996,2.26
kna,1997,2.3
kna,1998,2.31
kna,1999,2.256
kna,2000,2.126
kna,2001,2.082
kna,2002,2.038
kna,2003,2.004
kna,2004,1.964
kna,2005,1.931
kna,2006,1.902
kna,2007,1.871
kna,2008,1.833
kna,2009,1.8
kna,2010,1.762
kna,2011,1.74
kna,2012,1.713
kna,2013,1.682
kna,2014,1.665
kna,2015,1.643
kna,2016,1.633
kna,2017,1.61
kna,2018,1.587
kna,2019,1.568
kna,2020,1.55
kna,2021,1.531
kna,2022,1.512
kna,2023,1.505
kor,1950,6.063
kor,1951,6.089
kor,1952,6.122
kor,1953,6.171
kor,1954,6.174
kor,1955,6.169
kor,1956,6.175
kor,1957,6.178
kor,1958,6.152
kor,1959,6.096
kor,1960,5.994
kor,1961,5.803
kor,1962,5.562
kor,1963,5.334
kor,1964,5.068
kor,1965,4.887
kor,1966,4.782
kor,1967,4.615
kor,1968,4.51
kor,1969,4.447
kor,1970,4.459
kor,1971,4.259
kor,1972,4.02
kor,1973,3.803
kor,1974,3.555
kor,1975,3.313
kor,1976,3.119
kor,1977,2.954
kor,1978,2.699
kor,1979,2.748
kor,1980,2.734
kor,1981,2.669
kor,1982,2.431
kor,1983,2.102
kor,1984,1.832
kor,1985,1.705
kor,1986,1.623
kor,1987,1.571
kor,1988,1.558
kor,1989,1.564
kor,1990,1.603
kor,1991,1.702
kor,1992,1.738
kor,1993,1.683
kor,1994,1.67
kor,1995,1.646
kor,1996,1.599
kor,1997,1.555
kor,1998,1.497
kor,1999,1.469
kor,2000,1.467
kor,2001,1.342
kor,2002,1.227
kor,2003,1.199
kor,2004,1.164
kor,2005,1.115
kor,2006,1.145
kor,2007,1.215
kor,2008,1.19
kor,2009,1.178
kor,2010,1.226
kor,2011,1.258
kor,2012,1.274
kor,2013,1.206
kor,2014,1.197
kor,2015,1.202
kor,2016,1.14
kor,2017,1.035
kor,2018,0.951
kor,2019,0.881
kor,2020,0.812
kor,2021,0.783
kor,2022,0.78
kor,2023,0.72
kwt,1950,7.115
kwt,1951,7.121
kwt,1952,7.127
kwt,1953,7.136
kwt,1954,7.135
kwt,1955,7.14
kwt,1956,7.154
kwt,1957,7.167
kwt,1958,7.188
kwt,1959,7.203
kwt,1960,7.223
kwt,1961,7.248
kwt,1962,7.254
kwt,1963,7.275
kwt,1964,7.286
kwt,1965,7.314
kwt,1966,7.34
kwt,1967,7.326
kwt,1968,7.278
kwt,1969,7.181
kwt,1970,7.025
kwt,1971,6.839
kwt,1972,6.637
kwt,1973,6.43
kwt,1974,6.233
kwt,1975,6.059
kwt,1976,5.896
kwt,1977,5.712
kwt,1978,5.521
kwt,1979,5.333
kwt,1980,5.184
kwt,1981,5.021
kwt,1982,4.848
kwt,1983,4.658
kwt,1984,4.452
kwt,1985,4.218
kwt,1986,4.003
kwt,1987,3.827
kwt,1988,3.702
kwt,1989,3.593
kwt,1990,3.487
kwt,1991,3.398
kwt,1992,3.353
kwt,1993,3.313
kwt,1994,3.272
kwt,1995,3.248
kwt,1996,3.223
kwt,1997,3.135
kwt,1998,3.039
kwt,1999,2.952
kwt,2000,2.887
kwt,2001,2.839
kwt,2002,2.795
kwt,2003,2.771
kwt,2004,2.762
kwt,2005,2.731
kwt,2006,2.589
kwt,2007,2.412
kwt,2008,2.266
kwt,2009,2.155
kwt,2010,2.044
kwt,2011,1.956
kwt,2012,1.99
kwt,2013,1.968
kwt,2014,2.06
kwt,2015,2.03
kwt,2016,2.061
kwt,2017,2.16
kwt,2018,2.118
kwt,2019,2.087
kwt,2020,2.099
kwt,2021,1.82
kwt,2022,1.547
kwt,2023,1.525
lao,1950,6.248
lao,1951,6.233
lao,1952,6.243
lao,1953,6.254
lao,1954,6.245
lao,1955,6.258
lao,1956,6.27
lao,1957,6.268
lao,1958,6.278
lao,1959,6.289
lao,1960,6.292
lao,1961,6.31
lao,1962,6.313
lao,1963,6.318
lao,1964,6.313
lao,1965,6.316
lao,1966,6.307
lao,1967,6.306
lao,1968,6.298
lao,1969,6.301
lao,1970,6.31
lao,1971,6.295
lao,1972,6.284
lao,1973,6.281
lao,1974,6.289
lao,1975,6.287
lao,1976,6.289
lao,1977,6.293
lao,1978,6.298
lao,1979,6.314
lao,1980,6.332
lao,1981,6.35
lao,1982,6.369
lao,1983,6.376
lao,1984,6.37
lao,1985,6.328
lao,1986,6.255
lao,1987,6.205
lao,1988,6.158
lao,1989,6.102
lao,1990,6.057
lao,1991,5.986
lao,1992,5.9
lao,1993,5.798
lao,1994,5.598
lao,1995,5.355
lao,1996,5.148
lao,1997,4.961
lao,1998,4.792
lao,1999,4.639
lao,2000,4.429
lao,2001,4.29
lao,2002,4.132
lao,2003,4.024
lao,2004,3.898
lao,2005,3.685
lao,2006,3.559
lao,2007,3.438
lao,2008,3.331
lao,2009,3.229
lao,2010,3.137
lao,2011,3.049
lao,2012,2.953
lao,2013,2.872
lao,2014,2.802
lao,2015,2.796
lao,2016,2.744
lao,2017,2.691
lao,2018,2.633
lao,2019,2.589
lao,2020,2.535
lao,2021,2.494
lao,2022,2.455
lao,2023,2.421
lbn,1950,5.805
lbn,1951,5.805
lbn,1952,5.799
lbn,1953,5.805
lbn,1954,5.806
lbn,1955,5.811
lbn,1956,5.812
lbn,1957,5.809
lbn,1958,5.817
lbn,1959,5.841
lbn,1960,5.877
lbn,1961,5.891
lbn,1962,5.902
lbn,1963,5.905
lbn,1964,5.851
lbn,1965,5.768
lbn,1966,5.677
lbn,1967,5.569
lbn,1968,5.448
lbn,1969,5.316
lbn,1970,5.188
lbn,1971,5.05
lbn,1972,4.912
lbn,1973,4.79
lbn,1974,4.654
lbn,1975,4.521
lbn,1976,4.394
lbn,1977,4.279
lbn,1978,4.176
lbn,1979,4.077
lbn,1980,4.011
lbn,1981,3.953
lbn,1982,3.855
lbn,1983,3.734
lbn,1984,3.658
lbn,1985,3.533
lbn,1986,3.466
lbn,1987,3.42
lbn,1988,3.392
lbn,1989,3.363
lbn,1990,3.268
lbn,1991,3.162
lbn,1992,3.052
lbn,1993,2.937
lbn,1994,2.823
lbn,1995,2.725
lbn,1996,2.698
lbn,1997,2.667
lbn,1998,2.648
lbn,1999,2.631
lbn,2000,2.6
lbn,2001,2.576
lbn,2002,2.523
lbn,2003,2.457
lbn,2004,2.378
lbn,2005,2.291
lbn,2006,2.244
lbn,2007,2.201
lbn,2008,2.172
lbn,2009,2.191
lbn,2010,2.256
lbn,2011,2.32
lbn,2012,2.345
lbn,2013,2.361
lbn,2014,2.375
lbn,2015,2.382
lbn,2016,2.39
lbn,2017,2.372
lbn,2018,2.347
lbn,2019,2.327
lbn,2020,2.308
lbn,2021,2.283
lbn,2022,2.263
lbn,2023,2.239
lbr,1950,6.001
lbr,1951,6.043
lbr,1952,6.087
lbr,1953,6.124
lbr,1954,6.161
lbr,1955,6.191
lbr,1956,6.238
lbr,1957,6.28
lbr,1958,6.306
lbr,1959,6.353
lbr,1960,6.391
lbr,1961,6.446
lbr,1962,6.504
lbr,1963,6.556
lbr,1964,6.585
lbr,1965,6.617
lbr,1966,6.628
lbr,1967,6.65
lbr,1968,6.657
lbr,1969,6.644
lbr,1970,6.578
lbr,1971,6.542
lbr,1972,6.599
lbr,1973,6.651
lbr,1974,6.691
lbr,1975,6.744
lbr,1976,6.793
lbr,1977,6.841
lbr,1978,6.884
lbr,1979,6.919
lbr,1980,6.872
lbr,1981,6.834
lbr,1982,6.788
lbr,1983,6.76
lbr,1984,6.728
lbr,1985,6.693
lbr,1986,6.638
lbr,1987,6.572
lbr,1988,6.507
lbr,1989,6.434
lbr,1990,6.37
lbr,1991,6.323
lbr,1992,6.277
lbr,1993,6.246
lbr,1994,6.21
lbr,1995,6.173
lbr,1996,6.129
lbr,1997,6.079
lbr,1998,6.017
lbr,1999,5.953
lbr,2000,5.875
lbr,2001,5.774
lbr,2002,5.653
lbr,2003,5.547
lbr,2004,5.506
lbr,2005,5.519
lbr,2006,5.53
lbr,2007,5.462
lbr,2008,5.328
lbr,2009,5.174
lbr,2010,5.058
lbr,2011,4.97
lbr,2012,4.881
lbr,2013,4.749
lbr,2014,4.622
lbr,2015,4.523
lbr,2016,4.461
lbr,2017,4.396
lbr,2018,4.336
lbr,2019,4.257
lbr,2020,4.174
lbr,2021,4.089
lbr,2022,4.016
lbr,2023,3.95
lby,1950,7.009
lby,1951,7.03
lby,1952,7.052
lby,1953,7.126
lby,1954,7.184
lby,1955,7.241
lby,1956,7.289
lby,1957,7.347
lby,1958,7.404
lby,1959,7.455
lby,1960,7.509
lby,1961,7.556
lby,1962,7.61
lby,1963,7.685
lby,1964,7.752
lby,1965,7.823
lby,1966,7.891
lby,1967,7.932
lby,1968,7.974
lby,1969,8.011
lby,1970,8.048
lby,1971,8.096
lby,1972,8.073
lby,1973,8.047
lby,1974,8.02
lby,1975,7.977
lby,1976,7.932
lby,1977,7.872
lby,1978,7.789
lby,1979,7.68
lby,1980,7.543
lby,1981,7.371
lby,1982,7.162
lby,1983,6.91
lby,1984,6.622
lby,1985,6.328
lby,1986,6.022
lby,1987,5.718
lby,1988,5.41
lby,1989,5.091
lby,1990,4.776
lby,1991,4.461
lby,1992,4.162
lby,1993,3.883
lby,1994,3.649
lby,1995,3.442
lby,1996,3.256
lby,1997,3.132
lby,1998,3.043
lby,1999,2.972
lby,2000,2.906
lby,2001,2.866
lby,2002,2.831
lby,2003,2.797
lby,2004,2.773
lby,2005,2.765
lby,2006,2.699
lby,2007,2.648
lby,2008,2.599
lby,2009,2.556
lby,2010,2.603
lby,2011,2.646
lby,2012,2.68
lby,2013,2.716
lby,2014,2.754
lby,2015,2.711
lby,2016,2.673
lby,2017,2.626
lby,2018,2.581
lby,2019,2.539
lby,2020,2.507
lby,2021,2.462
lby,2022,2.402
lby,2023,2.355
lca,1950,6.42
lca,1951,6.439
lca,1952,6.46
lca,1953,6.091
lca,1954,6.245
lca,1955,6.446
lca,1956,6.598
lca,1957,6.701
lca,1958,6.759
lca,1959,6.779
lca,1960,6.767
lca,1961,6.835
lca,1962,6.818
lca,1963,6.721
lca,1964,6.758
lca,1965,6.688
lca,1966,6.607
lca,1967,6.508
lca,1968,6.387
lca,1969,6.249
lca,1970,6.101
lca,1971,5.953
lca,1972,5.813
lca,1973,5.686
lca,1974,5.571
lca,1975,5.358
lca,1976,5.161
lca,1977,4.966
lca,1978,4.825
lca,1979,4.583
lca,1980,4.412
lca,1981,4.276
lca,1982,4.169
lca,1983,4.082
lca,1984,4.018
lca,1985,3.97
lca,1986,3.801
lca,1987,3.613
lca,1988,3.435
lca,1989,3.314
lca,1990,3.238
lca,1991,3.19
lca,1992,3.11
lca,1993,2.999
lca,1994,3.028
lca,1995,3.026
lca,1996,2.712
lca,1997,2.743
lca,1998,2.403
lca,1999,2.501
lca,2000,2.207
lca,2001,2.125
lca,2002,2.032
lca,2003,1.939
lca,2004,1.863
lca,2005,1.807
lca,2006,1.765
lca,2007,1.7
lca,2008,1.7
lca,2009,1.735
lca,2010,1.673
lca,2011,1.5
lca,2012,1.5
lca,2013,1.5
lca,2014,1.485
lca,2015,1.473
lca,2016,1.461
lca,2017,1.448
lca,2018,1.436
lca,2019,1.424
lca,2020,1.411
lca,2021,1.399
lca,2022,1.387
lca,2023,1.379
lie,1950,2.712
lie,1951,2.77
lie,1952,2.738
lie,1953,2.716
lie,1954,2.698
lie,1955,2.698
lie,1956,2.725
lie,1957,2.761
lie,1958,2.795
lie,1959,2.786
lie,1960,2.779
lie,1961,2.778
lie,1962,2.798
lie,1963,2.851
lie,1964,2.919
lie,1965,2.963
lie,1966,2.779
lie,1967,2.477
lie,1968,2.217
lie,1969,2.135
lie,1970,2.093
lie,1971,2.033
lie,1972,1.983
lie,1973,1.936
lie,1974,1.904
lie,1975,1.897
lie,1976,1.909
lie,1977,1.92
lie,1978,1.9
lie,1979,1.673
lie,1980,1.696
lie,1981,1.688
lie,1982,1.606
lie,1983,1.529
lie,1984,1.508
lie,1985,1.495
lie,1986,1.479
lie,1987,1.496
lie,1988,1.496
lie,1989,1.501
lie,1990,1.501
lie,1991,1.5
lie,1992,1.477
lie,1993,1.454
lie,1994,1.442
lie,1995,1.435
lie,1996,1.516
lie,1997,1.569
lie,1998,1.586
lie,1999,1.604
lie,2000,1.573
lie,2001,1.524
lie,2002,1.468
lie,2003,1.373
lie,2004,1.439
lie,2005,1.487
lie,2006,1.428
lie,2007,1.421
lie,2008,1.442
lie,2009,1.68
lie,2010,1.435
lie,2011,1.662
lie,2012,1.514
lie,2013,1.462
lie,2014,1.57
lie,2015,1.425
lie,2016,1.59
lie,2017,1.458
lie,2018,1.564
lie,2019,1.483
lie,2020,1.461
lie,2021,1.523
lie,2022,1.529
lie,2023,1.537
lka,1950,5.462
lka,1951,5.461
lka,1952,5.431
lka,1953,5.393
lka,1954,5.35
lka,1955,5.308
lka,1956,5.262
lka,1957,5.337
lka,1958,5.404
lka,1959,5.414
lka,1960,5.352
lka,1961,5.24
lka,1962,5.177
lka,1963,5.118
lka,1964,5.057
lka,1965,4.934
lka,1966,4.828
lka,1967,4.787
lka,1968,4.658
lka,1969,4.499
lka,1970,4.387
lka,1971,4.266
lka,1972,4.156
lka,1973,4.001
lka,1974,3.855
lka,1975,3.816
lka,1976,3.783
lka,1977,3.741
lka,1978,3.81
lka,1979,3.822
lka,1980,3.725
lka,1981,3.649
lka,1982,3.32
lka,1983,3.114
lka,1984,3.006
lka,1985,2.895
lka,1986,2.743
lka,1987,2.644
lka,1988,2.565
lka,1989,2.578
lka,1990,2.541
lka,1991,2.514
lka,1992,2.487
lka,1993,2.438
lka,1994,2.405
lka,1995,2.353
lka,1996,2.285
lka,1997,2.215
lka,1998,2.136
lka,1999,2.142
lka,2000,2.213
lka,2001,2.283
lka,2002,2.31
lka,2003,2.301
lka,2004,2.271
lka,2005,2.263
lka,2006,2.292
lka,2007,2.295
lka,2008,2.232
lka,2009,2.179
lka,2010,2.134
lka,2011,2.144
lka,2012,2.173
lka,2013,2.178
lka,2014,2.134
lka,2015,2.09
lka,2016,2.062
lka,2017,2.044
lka,2018,2.033
lka,2019,2.022
lka,2020,2.007
lka,2021,1.995
lka,2022,1.984
lka,2023,1.974
lso,1950,5.701
lso,1951,5.721
lso,1952,5.733
lso,1953,5.745
lso,1954,5.785
lso,1955,5.786
lso,1956,5.791
lso,1957,5.791
lso,1958,5.791
lso,1959,5.787
lso,1960,5.784
lso,1961,5.785
lso,1962,5.787
lso,1963,5.776
lso,1964,5.765
lso,1965,5.772
lso,1966,5.756
lso,1967,5.745
lso,1968,5.725
lso,1969,5.704
lso,1970,5.698
lso,1971,5.696
lso,1972,5.694
lso,1973,5.688
lso,1974,5.753
lso,1975,5.825
lso,1976,5.871
lso,1977,5.848
lso,1978,5.823
lso,1979,5.789
lso,1980,5.746
lso,1981,5.694
lso,1982,5.632
lso,1983,5.56
lso,1984,5.478
lso,1985,5.401
lso,1986,5.317
lso,1987,5.222
lso,1988,5.104
lso,1989,4.964
lso,1990,4.813
lso,1991,4.681
lso,1992,4.541
lso,1993,4.365
lso,1994,4.21
lso,1995,4.125
lso,1996,4.058
lso,1997,3.982
lso,1998,3.815
lso,1999,3.67
lso,2000,3.605
lso,2001,3.63
lso,2002,3.682
lso,2003,3.619
lso,2004,3.508
lso,2005,3.428
lso,2006,3.414
lso,2007,3.442
lso,2008,3.392
lso,2009,3.309
lso,2010,3.25
lso,2011,3.343
lso,2012,3.296
lso,2013,3.283
lso,2014,3.239
lso,2015,3.217
lso,2016,3.18
lso,2017,3.105
lso,2018,3.016
lso,2019,2.924
lso,2020,2.846
lso,2021,2.769
lso,2022,2.716
lso,2023,2.694
ltu,1950,2.713
ltu,1951,2.704
ltu,1952,2.662
ltu,1953,2.614
ltu,1954,2.575
ltu,1955,2.567
ltu,1956,2.584
ltu,1957,2.628
ltu,1958,2.651
ltu,1959,2.63
ltu,1960,2.622
ltu,1961,2.613
ltu,1962,2.471
ltu,1963,2.35
ltu,1964,2.304
ltu,1965,2.234
ltu,1966,2.265
ltu,1967,2.268
ltu,1968,2.309
ltu,1969,2.328
ltu,1970,2.396
ltu,1971,2.414
ltu,1972,2.346
ltu,1973,2.224
ltu,1974,2.206
ltu,1975,2.175
ltu,1976,2.167
ltu,1977,2.13
ltu,1978,2.081
ltu,1979,2.045
ltu,1980,1.999
ltu,1981,1.989
ltu,1982,1.984
ltu,1983,2.116
ltu,1984,2.09
ltu,1985,2.097
ltu,1986,2.131
ltu,1987,2.11
ltu,1988,2.014
ltu,1989,1.986
ltu,1990,2.031
ltu,1991,2.013
ltu,1992,1.97
ltu,1993,1.741
ltu,1994,1.577
ltu,1995,1.552
ltu,1996,1.495
ltu,1997,1.468
ltu,1998,1.458
ltu,1999,1.456
ltu,2000,1.383
ltu,2001,1.281
ltu,2002,1.231
ltu,2003,1.26
ltu,2004,1.271
ltu,2005,1.291
ltu,2006,1.322
ltu,2007,1.359
ltu,2008,1.444
ltu,2009,1.499
ltu,2010,1.499
ltu,2011,1.548
ltu,2012,1.591
ltu,2013,1.583
ltu,2014,1.628
ltu,2015,1.705
ltu,2016,1.692
ltu,2017,1.633
ltu,2018,1.635
ltu,2019,1.61
ltu,2020,1.487
ltu,2021,1.359
ltu,2022,1.27
ltu,2023,1.201
lux,1950,1.96
lux,1951,1.989
lux,1952,2.129
lux,1953,2.129
lux,1954,2.181
lux,1955,2.165
lux,1956,2.103
lux,1957,2.156
lux,1958,2.168
lux,1959,2.208
lux,1960,2.28
lux,1961,2.331
lux,1962,2.337
lux,1963,2.32
lux,1964,2.362
lux,1965,2.397
lux,1966,2.345
lux,1967,2.236
lux,1968,2.12
lux,1969,2.02
lux,1970,1.973
lux,1971,1.947
lux,1972,1.747
lux,1973,1.584
lux,1974,1.585
lux,1975,1.561
lux,1976,1.5
lux,1977,1.509
lux,1978,1.49
lux,1979,1.479
lux,1980,1.496
lux,1981,1.548
lux,1982,1.49
lux,1983,1.439
lux,1984,1.424
lux,1985,1.386
lux,1986,1.429
lux,1987,1.408
lux,1988,1.51
lux,1989,1.528
lux,1990,1.602
lux,1991,1.613
lux,1992,1.651
lux,1993,1.706
lux,1994,1.725
lux,1995,1.705
lux,1996,1.768
lux,1997,1.719
lux,1998,1.687
lux,1999,1.744
lux,2000,1.761
lux,2001,1.662
lux,2002,1.629
lux,2003,1.62
lux,2004,1.657
lux,2005,1.631
lux,2006,1.646
lux,2007,1.611
lux,2008,1.606
lux,2009,1.59
lux,2010,1.622
lux,2011,1.53
lux,2012,1.572
lux,2013,1.55
lux,2014,1.499
lux,2015,1.464
lux,2016,1.415
lux,2017,1.392
lux,2018,1.38
lux,2019,1.343
lux,2020,1.361
lux,2021,1.382
lux,2022,1.39
lux,2023,1.396
lva,1950,2.075
lva,1951,2.01
lva,1952,1.942
lva,1953,1.846
lva,1954,1.92
lva,1955,1.881
lva,1956,1.837
lva,1957,1.868
lva,1958,1.917
lva,1959,1.922
lva,1960,1.941
lva,1961,1.964
lva,1962,1.915
lva,1963,1.851
lva,1964,1.813
lva,1965,1.729
lva,1966,1.786
lva,1967,1.819
lva,1968,1.86
lva,1969,1.88
lva,1970,1.964
lva,1971,2.023
lva,1972,2.009
lva,1973,1.946
lva,1974,1.978
lva,1975,1.948
lva,1976,1.912
lva,1977,1.87
lva,1978,1.848
lva,1979,1.85
lva,1980,1.876
lva,1981,1.874
lva,1982,1.953
lva,1983,2.097
lva,1984,2.112
lva,1985,2.061
lva,1986,2.173
lva,1987,2.179
lva,1988,2.14
lva,1989,2.029
lva,1990,1.987
lva,1991,1.844
lva,1992,1.72
lva,1993,1.503
lva,1994,1.384
lva,1995,1.252
lva,1996,1.161
lva,1997,1.117
lva,1998,1.104
lva,1999,1.171
lva,2000,1.244
lva,2001,1.223
lva,2002,1.258
lva,2003,1.322
lva,2004,1.297
lva,2005,1.389
lva,2006,1.464
lva,2007,1.542
lva,2008,1.585
lva,2009,1.472
lva,2010,1.367
lva,2011,1.343
lva,2012,1.444
lva,2013,1.527
lva,2014,1.646
lva,2015,1.706
lva,2016,1.742
lva,2017,1.698
lva,2018,1.612
lva,2019,1.609
lva,2020,1.546
lva,2021,1.572
lva,2022,1.47
lva,2023,1.338
mac,1950,5.554
mac,1951,5.515
mac,1952,5.458
mac,1953,5.396
mac,1954,5.337
mac,1955,5.264
mac,1956,5.181
mac,1957,5.092
mac,1958,4.997
mac,1959,4.926
mac,1960,4.957
mac,1961,4.674
mac,1962,4.393
mac,1963,4.227
mac,1964,3.943
mac,1965,3.619
mac,1966,3.317
mac,1967,3.014
mac,1968,2.608
mac,1969,2.307
mac,1970,2.083
mac,1971,1.994
mac,1972,1.94
mac,1973,1.843
mac,1974,1.731
mac,1975,1.554
mac,1976,1.43
mac,1977,1.391
mac,1978,1.425
mac,1979,1.58
mac,1980,1.731
mac,1981,1.849
mac,1982,1.992
mac,1983,2.098
mac,1984,2.145
mac,1985,2.235
mac,1986,2.189
mac,1987,2.06
mac,1988,1.863
mac,1989,1.81
mac,1990,1.709
mac,1991,1.615
mac,1992,1.547
mac,1993,1.471
mac,1994,1.431
mac,1995,1.367
mac,1996,1.288
mac,1997,1.205
mac,1998,1.113
mac,1999,1.025
mac,2000,0.933
mac,2001,0.845
mac,2002,0.806
mac,2003,0.798
mac,2004,0.803
mac,2005,0.862
mac,2006,0.92
mac,2007,0.967
mac,2008,0.983
mac,2009,0.997
mac,2010,1.05
mac,2011,1.129
mac,2012,1.193
mac,2013,1.15
mac,2014,1.224
mac,2015,1.142
mac,2016,1.138
mac,2017,1.019
mac,2018,0.924
mac,2019,0.936
mac,2020,0.857
mac,2021,0.772
mac,2022,0.662
mac,2023,0.662
maf,1950,6.488
maf,1951,6.481
maf,1952,6.468
maf,1953,6.457
maf,1954,6.451
maf,1955,6.436
maf,1956,6.425
maf,1957,6.416
maf,1958,6.411
maf,1959,6.409
maf,1960,6.389
maf,1961,6.395
maf,1962,6.373
maf,1963,6.36
maf,1964,6.354
maf,1965,6.345
maf,1966,6.323
maf,1967,6.302
maf,1968,6.262
maf,1969,6.186
maf,1970,6.089
maf,1971,5.97
maf,1972,5.839
maf,1973,5.638
maf,1974,5.388
maf,1975,5.1
maf,1976,4.839
maf,1977,4.576
maf,1978,4.319
maf,1979,4.111
maf,1980,3.884
maf,1981,3.64
maf,1982,3.362
maf,1983,3.149
maf,1984,3.033
maf,1985,2.952
maf,1986,2.895
maf,1987,2.855
maf,1988,2.824
maf,1989,2.788
maf,1990,2.745
maf,1991,2.708
maf,1992,2.68
maf,1993,2.665
maf,1994,2.669
maf,1995,2.688
maf,1996,2.71
maf,1997,2.746
maf,1998,2.795
maf,1999,2.839
maf,2000,2.876
maf,2001,2.897
maf,2002,2.896
maf,2003,2.872
maf,2004,2.827
maf,2005,2.779
maf,2006,2.711
maf,2007,2.633
maf,2008,2.55
maf,2009,2.464
maf,2010,2.4
maf,2011,2.424
maf,2012,2.773
maf,2013,2.719
maf,2014,2.707
maf,2015,2.665
maf,2016,2.643
maf,2017,2.657
maf,2018,2.725
maf,2019,2.791
maf,2020,2.829
maf,2021,2.804
maf,2022,2.763
maf,2023,2.718
mar,1950,6.14
mar,1951,6.219
mar,1952,6.31
mar,1953,6.39
mar,1954,6.435
mar,1955,6.501
mar,1956,6.564
mar,1957,6.627
mar,1958,6.711
mar,1959,6.804
mar,1960,6.887
mar,1961,6.969
mar,1962,7.046
mar,1963,7.012
mar,1964,6.97
mar,1965,6.932
mar,1966,6.889
mar,1967,6.845
mar,1968,6.786
mar,1969,6.726
mar,1970,6.682
mar,1971,6.616
mar,1972,6.545
mar,1973,6.481
mar,1974,6.397
mar,1975,6.299
mar,1976,6.175
mar,1977,6.036
mar,1978,5.91
mar,1979,5.849
mar,1980,5.784
mar,1981,5.71
mar,1982,5.604
mar,1983,5.41
mar,1984,5.199
mar,1985,4.988
mar,1986,4.772
mar,1987,4.583
mar,1988,4.394
mar,1989,4.217
mar,1990,4.06
mar,1991,3.947
mar,1992,3.757
mar,1993,3.548
mar,1994,3.413
mar,1995,3.295
mar,1996,3.229
mar,1997,3.147
mar,1998,3.037
mar,1999,2.882
mar,2000,2.774
mar,2001,2.686
mar,2002,2.617
mar,2003,2.606
mar,2004,2.611
mar,2005,2.613
mar,2006,2.611
mar,2007,2.618
mar,2008,2.612
mar,2009,2.624
mar,2010,2.629
mar,2011,2.595
mar,2012,2.543
mar,2013,2.478
mar,2014,2.425
mar,2015,2.406
mar,2016,2.396
mar,2017,2.375
mar,2018,2.354
mar,2019,2.342
mar,2020,2.32
mar,2021,2.288
mar,2022,2.256
mar,2023,2.23
mco,1950,3.058
mco,1951,3.07
mco,1952,3.064
mco,1953,3.04
mco,1954,2.99
mco,1955,2.967
mco,1956,2.946
mco,1957,2.928
mco,1958,2.894
mco,1959,2.849
mco,1960,2.812
mco,1961,2.783
mco,1962,2.756
mco,1963,2.727
mco,1964,2.69
mco,1965,2.66
mco,1966,2.625
mco,1967,2.591
mco,1968,2.566
mco,1969,2.536
mco,1970,2.5
mco,1971,2.47
mco,1972,2.44
mco,1973,2.408
mco,1974,2.377
mco,1975,2.351
mco,1976,2.326
mco,1977,2.306
mco,1978,2.284
mco,1979,2.264
mco,1980,2.244
mco,1981,2.224
mco,1982,2.203
mco,1983,2.184
mco,1984,2.165
mco,1985,2.141
mco,1986,2.106
mco,1987,2.062
mco,1988,2.011
mco,1989,1.934
mco,1990,1.848
mco,1991,1.786
mco,1992,1.755
mco,1993,1.749
mco,1994,1.756
mco,1995,1.783
mco,1996,1.824
mco,1997,1.884
mco,1998,1.954
mco,1999,2.007
mco,2000,2.082
mco,2001,2.176
mco,2002,2.006
mco,2003,1.914
mco,2004,1.994
mco,2005,2.006
mco,2006,2.101
mco,2007,2.206
mco,2008,2.384
mco,2009,2.397
mco,2010,2.385
mco,2011,2.22
mco,2012,2.294
mco,2013,2.313
mco,2014,2.485
mco,2015,2.503
mco,2016,2.578
mco,2017,2.418
mco,2018,2.485
mco,2019,2.403
mco,2020,2.38
mco,2021,2.122
mco,2022,2.114
mco,2023,2.11
mda,1950,3.486
mda,1951,3.519
mda,1952,3.533
mda,1953,3.534
mda,1954,3.516
mda,1955,3.492
mda,1956,3.466
mda,1957,3.435
mda,1958,3.405
mda,1959,3.373
mda,1960,3.315
mda,1961,3.228
mda,1962,3.043
mda,1963,2.891
mda,1964,2.71
mda,1965,2.685
mda,1966,2.651
mda,1967,2.617
mda,1968,2.592
mda,1969,2.566
mda,1970,2.565
mda,1971,2.563
mda,1972,2.564
mda,1973,2.566
mda,1974,2.564
mda,1975,2.522
mda,1976,2.472
mda,1977,2.424
mda,1978,2.387
mda,1979,2.384
mda,1980,2.381
mda,1981,2.402
mda,1982,2.449
mda,1983,2.578
mda,1984,2.669
mda,1985,2.674
mda,1986,2.738
mda,1987,2.776
mda,1988,2.628
mda,1989,2.463
mda,1990,2.392
mda,1991,2.278
mda,1992,2.217
mda,1993,2.112
mda,1994,1.993
mda,1995,1.825
mda,1996,1.709
mda,1997,1.79
mda,1998,1.65
mda,1999,1.556
mda,2000,1.496
mda,2001,1.471
mda,2002,1.448
mda,2003,1.479
mda,2004,1.543
mda,2005,1.528
mda,2006,1.537
mda,2007,1.575
mda,2008,1.638
mda,2009,1.719
mda,2010,1.703
mda,2011,1.65
mda,2012,1.661
mda,2013,1.622
mda,2014,1.82
mda,2015,1.87
mda,2016,1.89
mda,2017,1.81
mda,2018,1.81
mda,2019,1.78
mda,2020,1.77
mda,2021,1.751
mda,2022,1.694
mda,2023,1.731
mdg,1950,7.431
mdg,1951,7.432
mdg,1952,7.43
mdg,1953,7.433
mdg,1954,7.422
mdg,1955,7.397
mdg,1956,7.392
mdg,1957,7.375
mdg,1958,7.373
mdg,1959,7.36
mdg,1960,7.343
mdg,1961,7.299
mdg,1962,7.256
mdg,1963,7.212
mdg,1964,7.188
mdg,1965,7.171
mdg,1966,7.156
mdg,1967,7.144
mdg,1968,7.131
mdg,1969,7.118
mdg,1970,7.096
mdg,1971,7.068
mdg,1972,7.042
mdg,1973,7.011
mdg,1974,6.993
mdg,1975,6.971
mdg,1976,6.954
mdg,1977,6.927
mdg,1978,6.904
mdg,1979,6.872
mdg,1980,6.838
mdg,1981,6.774
mdg,1982,6.699
mdg,1983,6.626
mdg,1984,6.547
mdg,1985,6.456
mdg,1986,6.343
mdg,1987,6.242
mdg,1988,6.178
mdg,1989,6.149
mdg,1990,6.14
mdg,1991,6.118
mdg,1992,6.082
mdg,1993,6.062
mdg,1994,6.042
mdg,1995,6.036
mdg,1996,6.031
mdg,1997,6.023
mdg,1998,5.992
mdg,1999,5.839
mdg,2000,5.665
mdg,2001,5.528
mdg,2002,5.412
mdg,2003,5.329
mdg,2004,5.264
mdg,2005,5.195
mdg,2006,5.133
mdg,2007,5.083
mdg,2008,5.043
mdg,2009,5.003
mdg,2010,4.896
mdg,2011,4.737
mdg,2012,4.613
mdg,2013,4.527
mdg,2014,4.421
mdg,2015,4.335
mdg,2016,4.285
mdg,2017,4.259
mdg,2018,4.246
mdg,2019,4.221
mdg,2020,4.17
mdg,2021,4.104
mdg,2022,4.036
mdg,2023,3.972
mdv,1950,6.183
mdv,1951,6.178
mdv,1952,6.211
mdv,1953,6.23
mdv,1954,6.259
mdv,1955,6.329
mdv,1956,6.391
mdv,1957,6.447
mdv,1958,6.504
mdv,1959,6.558
mdv,1960,6.713
mdv,1961,6.792
mdv,1962,6.887
mdv,1963,6.941
mdv,1964,7.003
mdv,1965,7.07
mdv,1966,7.145
mdv,1967,7.227
mdv,1968,7.279
mdv,1969,7.327
mdv,1970,7.391
mdv,1971,7.384
mdv,1972,7.374
mdv,1973,7.399
mdv,1974,7.377
mdv,1975,7.321
mdv,1976,7.292
mdv,1977,7.266
mdv,1978,7.229
mdv,1979,7.233
mdv,1980,7.226
mdv,1981,7.191
mdv,1982,7.146
mdv,1983,7.092
mdv,1984,7.025
mdv,1985,6.939
mdv,1986,6.846
mdv,1987,6.731
mdv,1988,6.583
mdv,1989,6.386
mdv,1990,6.13
mdv,1991,5.796
mdv,1992,5.435
mdv,1993,5.063
mdv,1994,4.688
mdv,1995,4.292
mdv,1996,3.859
mdv,1997,3.477
mdv,1998,3.171
mdv,1999,2.899
mdv,2000,2.691
mdv,2001,2.532
mdv,2002,2.425
mdv,2003,2.342
mdv,2004,2.262
mdv,2005,2.199
mdv,2006,2.204
mdv,2007,2.293
mdv,2008,2.371
mdv,2009,2.39
mdv,2010,2.349
mdv,2011,2.307
mdv,2012,2.254
mdv,2013,2.174
mdv,2014,2.089
mdv,2015,2.004
mdv,2016,1.903
mdv,2017,1.798
mdv,2018,1.71
mdv,2019,1.64
mdv,2020,1.613
mdv,2021,1.599
mdv,2022,1.583
mdv,2023,1.575
mex,1950,6.709
mex,1951,6.727
mex,1952,6.731
mex,1953,6.734
mex,1954,6.745
mex,1955,6.73
mex,1956,6.743
mex,1957,6.752
mex,1958,6.758
mex,1959,6.758
mex,1960,6.763
mex,1961,6.777
mex,1962,6.8
mex,1963,6.817
mex,1964,6.833
mex,1965,6.819
mex,1966,6.79
mex,1967,6.753
mex,1968,6.707
mex,1969,6.626
mex,1970,6.529
mex,1971,6.419
mex,1972,6.281
mex,1973,6.121
mex,1974,5.947
mex,1975,5.739
mex,1976,5.543
mex,1977,5.361
mex,1978,5.202
mex,1979,4.964
mex,1980,4.739
mex,1981,4.574
mex,1982,4.425
mex,1983,4.296
mex,1984,4.184
mex,1985,4.087
mex,1986,3.971
mex,1987,3.803
mex,1988,3.64
mex,1989,3.532
mex,1990,3.444
mex,1991,3.363
mex,1992,3.285
mex,1993,3.211
mex,1994,3.132
mex,1995,3.044
mex,1996,2.964
mex,1997,2.886
mex,1998,2.815
mex,1999,2.763
mex,2000,2.714
mex,2001,2.671
mex,2002,2.633
mex,2003,2.579
mex,2004,2.536
mex,2005,2.495
mex,2006,2.456
mex,2007,2.421
mex,2008,2.391
mex,2009,2.364
mex,2010,2.34
mex,2011,2.317
mex,2012,2.294
mex,2013,2.269
mex,2014,2.211
mex,2015,2.137
mex,2016,2.086
mex,2017,2.041
mex,2018,2.03
mex,2019,2.02
mex,2020,1.99
mex,2021,1.97
mex,2022,1.94
mex,2023,1.91
mhl,1950,7.756
mhl,1951,7.757
mhl,1952,7.8
mhl,1953,7.833
mhl,1954,7.876
mhl,1955,7.906
mhl,1956,7.917
mhl,1957,7.954
mhl,1958,7.979
mhl,1959,8.023
mhl,1960,8.077
mhl,1961,8.115
mhl,1962,8.122
mhl,1963,8.123
mhl,1964,8.143
mhl,1965,8.156
mhl,1966,8.199
mhl,1967,8.169
mhl,1968,8.143
mhl,1969,8.112
mhl,1970,8.075
mhl,1971,8.036
mhl,1972,7.995
mhl,1973,7.952
mhl,1974,7.899
mhl,1975,7.832
mhl,1976,7.757
mhl,1977,7.67
mhl,1978,7.58
mhl,1979,7.473
mhl,1980,7.37
mhl,1981,7.269
mhl,1982,7.179
mhl,1983,7.083
mhl,1984,6.988
mhl,1985,6.866
mhl,1986,6.731
mhl,1987,6.568
mhl,1988,6.384
mhl,1989,6.183
mhl,1990,5.97
mhl,1991,5.757
mhl,1992,5.546
mhl,1993,5.382
mhl,1994,5.232
mhl,1995,5.091
mhl,1996,5.021
mhl,1997,4.959
mhl,1998,4.868
mhl,1999,4.783
mhl,2000,4.695
mhl,2001,4.583
mhl,2002,4.488
mhl,2003,4.418
mhl,2004,4.34
mhl,2005,4.276
mhl,2006,4.197
mhl,2007,4.09
mhl,2008,3.967
mhl,2009,3.83
mhl,2010,3.673
mhl,2011,3.527
mhl,2012,3.382
mhl,2013,3.247
mhl,2014,3.18
mhl,2015,3.131
mhl,2016,3.091
mhl,2017,3.064
mhl,2018,3.038
mhl,2019,3.012
mhl,2020,2.989
mhl,2021,2.964
mhl,2022,2.936
mhl,2023,2.919
mkd,1950,5.138
mkd,1951,4.97
mkd,1952,4.834
mkd,1953,4.554
mkd,1954,4.53
mkd,1955,4.288
mkd,1956,4.041
mkd,1957,3.896
mkd,1958,3.859
mkd,1959,3.915
mkd,1960,3.826
mkd,1961,3.615
mkd,1962,3.503
mkd,1963,3.616
mkd,1964,3.56
mkd,1965,3.516
mkd,1966,3.432
mkd,1967,3.332
mkd,1968,3.219
mkd,1969,3.101
mkd,1970,3.012
mkd,1971,2.927
mkd,1972,2.865
mkd,1973,2.719
mkd,1974,2.698
mkd,1975,2.692
mkd,1976,2.623
mkd,1977,2.49
mkd,1978,2.416
mkd,1979,2.401
mkd,1980,2.363
mkd,1981,2.293
mkd,1982,2.286
mkd,1983,2.25
mkd,1984,2.24
mkd,1985,2.252
mkd,1986,2.253
mkd,1987,2.315
mkd,1988,2.324
mkd,1989,2.25
mkd,1990,2.269
mkd,1991,2.31
mkd,1992,2.281
mkd,1993,2.26
mkd,1994,2.232
mkd,1995,2.13
mkd,1996,2.059
mkd,1997,1.916
mkd,1998,1.89
mkd,1999,1.77
mkd,2000,1.863
mkd,2001,1.729
mkd,2002,1.786
mkd,2003,1.745
mkd,2004,1.524
mkd,2005,1.469
mkd,2006,1.514
mkd,2007,1.533
mkd,2008,1.565
mkd,2009,1.637
mkd,2010,1.707
mkd,2011,1.625
mkd,2012,1.709
mkd,2013,1.705
mkd,2014,1.768
mkd,2015,1.758
mkd,2016,1.786
mkd,2017,1.725
mkd,2018,1.731
mkd,2019,1.651
mkd,2020,1.625
mkd,2021,1.622
mkd,2022,1.588
mkd,2023,1.465
mli,1950,6.873
mli,1951,6.895
mli,1952,6.906
mli,1953,6.921
mli,1954,6.936
mli,1955,6.95
mli,1956,6.968
mli,1957,6.985
mli,1958,6.998
mli,1959,7.007
mli,1960,7.019
mli,1961,7.031
mli,1962,7.038
mli,1963,7.046
mli,1964,7.055
mli,1965,7.081
mli,1966,7.111
mli,1967,7.136
mli,1968,7.159
mli,1969,7.175
mli,1970,7.181
mli,1971,7.203
mli,1972,7.219
mli,1973,7.223
mli,1974,7.228
mli,1975,7.253
mli,1976,7.272
mli,1977,7.299
mli,1978,7.319
mli,1979,7.348
mli,1980,7.365
mli,1981,7.365
mli,1982,7.32
mli,1983,7.276
mli,1984,7.256
mli,1985,7.261
mli,1986,7.311
mli,1987,7.312
mli,1988,7.324
mli,1989,7.331
mli,1990,7.311
mli,1991,7.28
mli,1992,7.237
mli,1993,7.18
mli,1994,7.119
mli,1995,7.052
mli,1996,7.01
mli,1997,6.971
mli,1998,6.936
mli,1999,6.911
mli,2000,6.886
mli,2001,6.852
mli,2002,6.819
mli,2003,6.783
mli,2004,6.741
mli,2005,6.708
mli,2006,6.677
mli,2007,6.647
mli,2008,6.624
mli,2009,6.592
mli,2010,6.579
mli,2011,6.545
mli,2012,6.523
mli,2013,6.491
mli,2014,6.441
mli,2015,6.385
mli,2016,6.319
mli,2017,6.251
mli,2018,6.118
mli,2019,5.892
mli,2020,5.85
mli,2021,5.779
mli,2022,5.692
mli,2023,5.614
mlt,1950,4.226
mlt,1951,4.21
mlt,1952,4.174
mlt,1953,4.129
mlt,1954,4.076
mlt,1955,4.014
mlt,1956,4.031
mlt,1957,3.681
mlt,1958,3.584
mlt,1959,3.576
mlt,1960,3.626
mlt,1961,3.304
mlt,1962,3.218
mlt,1963,2.871
mlt,1964,2.736
mlt,1965,2.437
mlt,1966,2.284
mlt,1967,2.191
mlt,1968,2.08
mlt,1969,2.025
mlt,1970,2.072
mlt,1971,2.124
mlt,1972,2.032
mlt,1973,2.078
mlt,1974,2.078
mlt,1975,2.152
mlt,1976,2.129
mlt,1977,2.141
mlt,1978,2.064
mlt,1979,2.093
mlt,1980,1.993
mlt,1981,1.895
mlt,1982,2.068
mlt,1983,2.001
mlt,1984,1.957
mlt,1985,1.948
mlt,1986,1.931
mlt,1987,1.97
mlt,1988,2.057
mlt,1989,2.095
mlt,1990,2.041
mlt,1991,2.002
mlt,1992,2.06
mlt,1993,1.958
mlt,1994,1.84
mlt,1995,1.791
mlt,1996,1.972
mlt,1997,1.937
mlt,1998,1.835
mlt,1999,1.734
mlt,2000,1.672
mlt,2001,1.493
mlt,2002,1.458
mlt,2003,1.476
mlt,2004,1.4
mlt,2005,1.377
mlt,2006,1.363
mlt,2007,1.358
mlt,2008,1.42
mlt,2009,1.413
mlt,2010,1.375
mlt,2011,1.443
mlt,2012,1.42
mlt,2013,1.366
mlt,2014,1.379
mlt,2015,1.376
mlt,2016,1.366
mlt,2017,1.271
mlt,2018,1.227
mlt,2019,1.15
mlt,2020,1.132
mlt,2021,1.11
mlt,2022,1.101
mlt,2023,1.098
mmr,1950,5.943
mmr,1951,5.937
mmr,1952,5.93
mmr,1953,5.925
mmr,1954,5.923
mmr,1955,5.914
mmr,1956,5.916
mmr,1957,5.917
mmr,1958,5.91
mmr,1959,5.911
mmr,1960,5.901
mmr,1961,5.9
mmr,1962,5.904
mmr,1963,5.905
mmr,1964,5.907
mmr,1965,5.912
mmr,1966,5.876
mmr,1967,5.842
mmr,1968,5.797
mmr,1969,5.747
mmr,1970,5.682
mmr,1971,5.615
mmr,1972,5.527
mmr,1973,5.435
mmr,1974,5.341
mmr,1975,5.249
mmr,1976,5.159
mmr,1977,5.069
mmr,1978,4.985
mmr,1979,4.897
mmr,1980,4.789
mmr,1981,4.688
mmr,1982,4.662
mmr,1983,4.633
mmr,1984,4.517
mmr,1985,4.316
mmr,1986,4.081
mmr,1987,3.861
mmr,1988,3.67
mmr,1989,3.593
mmr,1990,3.504
mmr,1991,3.432
mmr,1992,3.354
mmr,1993,3.281
mmr,1994,3.204
mmr,1995,3.127
mmr,1996,3.058
mmr,1997,2.985
mmr,1998,2.912
mmr,1999,2.851
mmr,2000,2.813
mmr,2001,2.793
mmr,2002,2.765
mmr,2003,2.68
mmr,2004,2.588
mmr,2005,2.515
mmr,2006,2.471
mmr,2007,2.447
mmr,2008,2.404
mmr,2009,2.369
mmr,2010,2.335
mmr,2011,2.306
mmr,2012,2.276
mmr,2013,2.264
mmr,2014,2.252
mmr,2015,2.266
mmr,2016,2.27
mmr,2017,2.252
mmr,2018,2.228
mmr,2019,2.206
mmr,2020,2.179
mmr,2021,2.158
mmr,2022,2.131
mmr,2023,2.115
mne,1950,4.364
mne,1951,4.626
mne,1952,4.563
mne,1953,4.558
mne,1954,4.487
mne,1955,4.157
mne,1956,4.027
mne,1957,3.945
mne,1958,3.803
mne,1959,3.531
mne,1960,3.532
mne,1961,3.487
mne,1962,3.443
mne,1963,3.382
mne,1964,3.279
mne,1965,3.186
mne,1966,3.093
mne,1967,2.912
mne,1968,2.795
mne,1969,2.791
mne,1970,2.687
mne,1971,2.673
mne,1972,2.611
mne,1973,2.512
mne,1974,2.434
mne,1975,2.381
mne,1976,2.352
mne,1977,2.307
mne,1978,2.247
mne,1979,2.197
mne,1980,2.217
mne,1981,2.193
mne,1982,2.186
mne,1983,2.166
mne,1984,2.136
mne,1985,2.129
mne,1986,2.091
mne,1987,2.07
mne,1988,2.006
mne,1989,1.938
mne,1990,1.945
mne,1991,2.015
mne,1992,2.013
mne,1993,1.955
mne,1994,1.936
mne,1995,1.958
mne,1996,1.922
mne,1997,1.886
mne,1998,1.893
mne,1999,1.884
mne,2000,1.903
mne,2001,1.855
mne,2002,1.813
mne,2003,1.804
mne,2004,1.734
mne,2005,1.702
mne,2006,1.737
mne,2007,1.803
mne,2008,1.895
mne,2009,1.96
mne,2010,1.731
mne,2011,1.676
mne,2012,1.728
mne,2013,1.744
mne,2014,1.762
mne,2015,1.756
mne,2016,1.8
mne,2017,1.79
mne,2018,1.775
mne,2019,1.814
mne,2020,1.831
mne,2021,1.85
mne,2022,1.881
mne,2023,1.803
mng,1950,5.503
mng,1951,5.559
mng,1952,5.665
mng,1953,5.766
mng,1954,5.87
mng,1955,6.057
mng,1956,6.238
mng,1957,6.389
mng,1958,6.535
mng,1959,6.681
mng,1960,6.817
mng,1961,6.963
mng,1962,7.098
mng,1963,7.238
mng,1964,7.329
mng,1965,7.377
mng,1966,7.409
mng,1967,7.389
mng,1968,7.371
mng,1969,7.337
mng,1970,7.314
mng,1971,7.297
mng,1972,7.279
mng,1973,7.24
mng,1974,7.173
mng,1975,7.066
mng,1976,6.931
mng,1977,6.79
mng,1978,6.62
mng,1979,6.424
mng,1980,6.211
mng,1981,5.982
mng,1982,5.801
mng,1983,5.628
mng,1984,5.451
mng,1985,5.262
mng,1986,5.029
mng,1987,4.829
mng,1988,4.647
mng,1989,4.42
mng,1990,4.206
mng,1991,3.858
mng,1992,3.426
mng,1993,3.017
mng,1994,2.819
mng,1995,2.736
mng,1996,2.621
mng,1997,2.477
mng,1998,2.358
mng,1999,2.297
mng,2000,2.255
mng,2001,2.194
mng,2002,2.103
mng,2003,2.019
mng,2004,1.983
mng,2005,1.99
mng,2006,2.116
mng,2007,2.321
mng,2008,2.532
mng,2009,2.625
mng,2010,2.521
mng,2011,2.595
mng,2012,2.739
mng,2013,2.94
mng,2014,2.996
mng,2015,3.01
mng,2016,2.957
mng,2017,2.891
mng,2018,2.923
mng,2019,3.008
mng,2020,2.949
mng,2021,2.835
mng,2022,2.746
mng,2023,2.685
mnp,1950,6.081
mnp,1951,6.082
mnp,1952,6.082
mnp,1953,6.082
mnp,1954,6.075
mnp,1955,6.068
mnp,1956,6.058
mnp,1957,6.049
mnp,1958,6.025
mnp,1959,5.991
mnp,1960,5.958
mnp,1961,5.912
mnp,1962,5.848
mnp,1963,5.793
mnp,1964,5.716
mnp,1965,5.658
mnp,1966,5.589
mnp,1967,5.701
mnp,1968,7.741
mnp,1969,7.623
mnp,1970,7.439
mnp,1971,7.134
mnp,1972,6.776
mnp,1973,6.398
mnp,1974,6.02
mnp,1975,5.625
mnp,1976,5.234
mnp,1977,4.829
mnp,1978,4.434
mnp,1979,4.047
mnp,1980,3.647
mnp,1981,3.258
mnp,1982,2.896
mnp,1983,2.581
mnp,1984,2.323
mnp,1985,2.145
mnp,1986,2.174
mnp,1987,2.343
mnp,1988,2.157
mnp,1989,2.015
mnp,1990,2.338
mnp,1991,2.823
mnp,1992,3.066
mnp,1993,3.226
mnp,1994,2.978
mnp,1995,3.077
mnp,1996,2.588
mnp,1997,2.245
mnp,1998,1.685
mnp,1999,1.614
mnp,2000,1.64
mnp,2001,1.736
mnp,2002,1.678
mnp,2003,1.893
mnp,2004,2.066
mnp,2005,2.256
mnp,2006,2.613
mnp,2007,2.786
mnp,2008,2.815
mnp,2009,2.736
mnp,2010,2.982
mnp,2011,3.208
mnp,2012,3.328
mnp,2013,3.535
mnp,2014,3.372
mnp,2015,3.134
mnp,2016,2.923
mnp,2017,2.762
mnp,2018,2.643
mnp,2019,2.559
mnp,2020,2.494
mnp,2021,2.441
mnp,2022,2.388
mnp,2023,2.348
moz,1950,5.997
moz,1951,6.03
moz,1952,6.064
moz,1953,6.086
moz,1954,6.116
moz,1955,6.141
moz,1956,6.166
moz,1957,6.175
moz,1958,6.189
moz,1959,6.252
moz,1960,6.312
moz,1961,6.366
moz,1962,6.424
moz,1963,6.474
moz,1964,6.513
moz,1965,6.544
moz,1966,6.577
moz,1967,6.607
moz,1968,6.646
moz,1969,6.672
moz,1970,6.699
moz,1971,6.701
moz,1972,6.701
moz,1973,6.698
moz,1974,6.671
moz,1975,6.659
moz,1976,6.641
moz,1977,6.617
moz,1978,6.592
moz,1979,6.564
moz,1980,6.53
moz,1981,6.48
moz,1982,6.43
moz,1983,6.434
moz,1984,6.438
moz,1985,6.43
moz,1986,6.413
moz,1987,6.393
moz,1988,6.367
moz,1989,6.348
moz,1990,6.319
moz,1991,6.276
moz,1992,6.218
moz,1993,6.153
moz,1994,6.082
moz,1995,6.019
moz,1996,5.973
moz,1997,5.933
moz,1998,5.905
moz,1999,5.875
moz,2000,5.83
moz,2001,5.755
moz,2002,5.667
moz,2003,5.6
moz,2004,5.551
moz,2005,5.5
moz,2006,5.452
moz,2007,5.466
moz,2008,5.598
moz,2009,5.681
moz,2010,5.66
moz,2011,5.599
moz,2012,5.518
moz,2013,5.43
moz,2014,5.304
moz,2015,5.245
moz,2016,5.188
moz,2017,5.128
moz,2018,5.07
moz,2019,5.016
moz,2020,4.959
moz,2021,4.905
moz,2022,4.84
moz,2023,4.763
mrt,1950,5.791
mrt,1951,5.809
mrt,1952,5.825
mrt,1953,5.847
mrt,1954,5.874
mrt,1955,5.923
mrt,1956,5.964
mrt,1957,6.004
mrt,1958,6.05
mrt,1959,6.092
mrt,1960,6.149
mrt,1961,6.199
mrt,1962,6.244
mrt,1963,6.312
mrt,1964,6.37
mrt,1965,6.444
mrt,1966,6.516
mrt,1967,6.568
mrt,1968,6.603
mrt,1969,6.643
mrt,1970,6.677
mrt,1971,6.696
mrt,1972,6.706
mrt,1973,6.718
mrt,1974,6.73
mrt,1975,6.713
mrt,1976,6.727
mrt,1977,6.736
mrt,1978,6.727
mrt,1979,6.702
mrt,1980,6.671
mrt,1981,6.635
mrt,1982,6.588
mrt,1983,6.541
mrt,1984,6.483
mrt,1985,6.423
mrt,1986,6.343
mrt,1987,6.271
mrt,1988,6.213
mrt,1989,6.195
mrt,1990,6.175
mrt,1991,6.157
mrt,1992,6.126
mrt,1993,6.093
mrt,1994,6.058
mrt,1995,5.962
mrt,1996,5.861
mrt,1997,5.743
mrt,1998,5.623
mrt,1999,5.524
mrt,2000,5.456
mrt,2001,5.407
mrt,2002,5.373
mrt,2003,5.364
mrt,2004,5.374
mrt,2005,5.376
mrt,2006,5.404
mrt,2007,5.426
mrt,2008,5.436
mrt,2009,5.406
mrt,2010,5.384
mrt,2011,5.38
mrt,2012,5.352
mrt,2013,5.317
mrt,2014,5.261
mrt,2015,5.211
mrt,2016,5.157
mrt,2017,5.106
mrt,2018,5.044
mrt,2019,4.984
mrt,2020,4.912
mrt,2021,4.848
mrt,2022,4.77
mrt,2023,4.697
msr,1950,4.823
msr,1951,4.841
msr,1952,4.861
msr,1953,4.872
msr,1954,4.845
msr,1955,4.84
msr,1956,4.758
msr,1957,4.701
msr,1958,4.664
msr,1959,4.601
msr,1960,4.551
msr,1961,4.513
msr,1962,4.495
msr,1963,4.46
msr,1964,4.376
msr,1965,4.273
msr,1966,4.161
msr,1967,4.075
msr,1968,3.991
msr,1969,3.856
msr,1970,3.742
msr,1971,3.621
msr,1972,3.495
msr,1973,3.346
msr,1974,3.164
msr,1975,2.953
msr,1976,2.762
msr,1977,2.59
msr,1978,2.437
msr,1979,2.317
msr,1980,2.244
msr,1981,2.253
msr,1982,2.5
msr,1983,2.492
msr,1984,2.439
msr,1985,2.358
msr,1986,2.261
msr,1987,2.224
msr,1988,2.188
msr,1989,2.167
msr,1990,2.163
msr,1991,2.166
msr,1992,2.162
msr,1993,2.143
msr,1994,2.084
msr,1995,1.94
msr,1996,1.702
msr,1997,1.503
msr,1998,1.351
msr,1999,1.204
msr,2000,1.229
msr,2001,1.519
msr,2002,1.448
msr,2003,1.596
msr,2004,1.615
msr,2005,1.615
msr,2006,1.61
msr,2007,1.602
msr,2008,1.6
msr,2009,1.59
msr,2010,1.583
msr,2011,1.567
msr,2012,1.561
msr,2013,1.48
msr,2014,1.467
msr,2015,1.512
msr,2016,1.62
msr,2017,1.685
msr,2018,1.748
msr,2019,1.865
msr,2020,1.954
msr,2021,1.941
msr,2022,1.546
msr,2023,1.444
mtq,1950,5.497
mtq,1951,5.429
mtq,1952,5.35
mtq,1953,5.492
mtq,1954,5.609
mtq,1955,5.686
mtq,1956,5.702
mtq,1957,5.706
mtq,1958,5.635
mtq,1959,5.619
mtq,1960,5.673
mtq,1961,5.599
mtq,1962,5.549
mtq,1963,5.429
mtq,1964,5.408
mtq,1965,5.479
mtq,1966,5.379
mtq,1967,5.25
mtq,1968,5.044
mtq,1969,4.743
mtq,1970,4.531
mtq,1971,4.368
mtq,1972,4.179
mtq,1973,3.847
mtq,1974,3.523
mtq,1975,3.125
mtq,1976,2.776
mtq,1977,2.531
mtq,1978,2.359
mtq,1979,2.249
mtq,1980,2.188
mtq,1981,2.183
mtq,1982,2.164
mtq,1983,2.144
mtq,1984,2.104
mtq,1985,2.079
mtq,1986,2.07
mtq,1987,2.077
mtq,1988,2.047
mtq,1989,2.036
mtq,1990,2.023
mtq,1991,2.003
mtq,1992,1.992
mtq,1993,1.969
mtq,1994,1.947
mtq,1995,1.921
mtq,1996,1.908
mtq,1997,1.898
mtq,1998,1.89
mtq,1999,1.877
mtq,2000,1.897
mtq,2001,1.905
mtq,2002,1.893
mtq,2003,1.899
mtq,2004,1.898
mtq,2005,1.943
mtq,2006,2.005
mtq,2007,2.041
mtq,2008,2.07
mtq,2009,2.05
mtq,2010,2.036
mtq,2011,2.008
mtq,2012,1.998
mtq,2013,1.987
mtq,2014,1.992
mtq,2015,1.972
mtq,2016,1.964
mtq,2017,1.966
mtq,2018,1.993
mtq,2019,2.025
mtq,2020,2.03
mtq,2021,2.038
mtq,2022,2.024
mtq,2023,2.009
mus,1950,6.027
mus,1951,6.026
mus,1952,5.969
mus,1953,5.893
mus,1954,5.848
mus,1955,5.832
mus,1956,5.814
mus,1957,5.836
mus,1958,5.862
mus,1959,5.876
mus,1960,5.897
mus,1961,5.982
mus,1962,5.877
mus,1963,6.18
mus,1964,5.956
mus,1965,5.508
mus,1966,5.46
mus,1967,4.626
mus,1968,4.596
mus,1969,3.965
mus,1970,3.82
mus,1971,3.508
mus,1972,3.407
mus,1973,3.071
mus,1974,3.453
mus,1975,3.197
mus,1976,3.129
mus,1977,3.071
mus,1978,3.011
mus,1979,2.914
mus,1980,2.803
mus,1981,2.666
mus,1982,2.534
mus,1983,2.396
mus,1984,2.233
mus,1985,2.054
mus,1986,1.947
mus,1987,2.003
mus,1988,2.097
mus,1989,2.209
mus,1990,2.296
mus,1991,2.293
mus,1992,2.359
mus,1993,2.312
mus,1994,2.243
mus,1995,2.138
mus,1996,2.116
mus,1997,2.031
mus,1998,1.911
mus,1999,2.031
mus,2000,1.976
mus,2001,1.895
mus,2002,1.916
mus,2003,1.871
mus,2004,1.871
mus,2005,1.824
mus,2006,1.714
mus,2007,1.672
mus,2008,1.602
mus,2009,1.528
mus,2010,1.495
mus,2011,1.482
mus,2012,1.479
mus,2013,1.419
mus,2014,1.371
mus,2015,1.319
mus,2016,1.352
mus,2017,1.395
mus,2018,1.365
mus,2019,1.351
mus,2020,1.387
mus,2021,1.353
mus,2022,1.27
mus,2023,1.241
mwi,1950,6.824
mwi,1951,6.836
mwi,1952,6.845
mwi,1953,6.853
mwi,1954,6.805
mwi,1955,6.843
mwi,1956,6.886
mwi,1957,6.923
mwi,1958,6.965
mwi,1959,7.01
mwi,1960,7.042
mwi,1961,7.067
mwi,1962,7.095
mwi,1963,7.127
mwi,1964,7.114
mwi,1965,7.126
mwi,1966,7.174
mwi,1967,7.213
mwi,1968,7.262
mwi,1969,7.274
mwi,1970,7.295
mwi,1971,7.311
mwi,1972,7.326
mwi,1973,7.338
mwi,1974,7.344
mwi,1975,7.359
mwi,1976,7.387
mwi,1977,7.408
mwi,1978,7.434
mwi,1979,7.465
mwi,1980,7.518
mwi,1981,7.493
mwi,1982,7.451
mwi,1983,7.361
mwi,1984,7.265
mwi,1985,7.17
mwi,1986,7.069
mwi,1987,6.97
mwi,1988,6.876
mwi,1989,6.803
mwi,1990,6.74
mwi,1991,6.681
mwi,1992,6.63
mwi,1993,6.573
mwi,1994,6.488
mwi,1995,6.392
mwi,1996,6.285
mwi,1997,6.231
mwi,1998,6.205
mwi,1999,6.124
mwi,2000,6.002
mwi,2001,5.943
mwi,2002,5.903
mwi,2003,5.875
mwi,2004,5.864
mwi,2005,5.848
mwi,2006,5.802
mwi,2007,5.724
mwi,2008,5.609
mwi,2009,5.453
mwi,2010,5.263
mwi,2011,5.083
mwi,2012,4.902
mwi,2013,4.759
mwi,2014,4.569
mwi,2015,4.384
mwi,2016,4.216
mwi,2017,4.113
mwi,2018,4.021
mwi,2019,3.952
mwi,2020,3.877
mwi,2021,3.791
mwi,2022,3.72
mwi,2023,3.648
mys,1950,6.429
mys,1951,6.428
mys,1952,6.426
mys,1953,6.437
mys,1954,6.448
mys,1955,6.452
mys,1956,6.461
mys,1957,6.468
mys,1958,6.456
mys,1959,6.441
mys,1960,6.412
mys,1961,6.367
mys,1962,6.296
mys,1963,6.191
mys,1964,6.03
mys,1965,5.836
mys,1966,5.635
mys,1967,5.433
mys,1968,5.291
mys,1969,5.159
mys,1970,5.035
mys,1971,4.924
mys,1972,4.822
mys,1973,4.727
mys,1974,4.619
mys,1975,4.501
mys,1976,4.398
mys,1977,4.282
mys,1978,4.179
mys,1979,4.091
mys,1980,4.035
mys,1981,4.002
mys,1982,3.967
mys,1983,3.928
mys,1984,3.885
mys,1985,3.804
mys,1986,3.699
mys,1987,3.565
mys,1988,3.502
mys,1989,3.313
mys,1990,3.304
mys,1991,3.339
mys,1992,3.373
mys,1993,3.364
mys,1994,3.346
mys,1995,3.317
mys,1996,3.297
mys,1997,3.227
mys,1998,3.12
mys,1999,3.068
mys,2000,2.942
mys,2001,2.807
mys,2002,2.658
mys,2003,2.601
mys,2004,2.493
mys,2005,2.391
mys,2006,2.308
mys,2007,2.252
mys,2008,2.262
mys,2009,2.223
mys,2010,2.144
mys,2011,2.153
mys,2012,2.117
mys,2013,2.07
mys,2014,2.058
mys,2015,2.008
mys,2016,1.942
mys,2017,1.893
mys,2018,1.838
mys,2019,1.777
mys,2020,1.68
mys,2021,1.555
mys,2022,1.55
mys,2023,1.55
myt,1950,6.864
myt,1951,6.873
myt,1952,6.875
myt,1953,6.865
myt,1954,6.867
myt,1955,6.867
myt,1956,6.859
myt,1957,6.887
myt,1958,6.921
myt,1959,6.95
myt,1960,6.985
myt,1961,7.01
myt,1962,7.035
myt,1963,7.057
myt,1964,7.081
myt,1965,7.115
myt,1966,7.138
myt,1967,7.197
myt,1968,7.251
myt,1969,7.305
myt,1970,7.368
myt,1971,7.421
myt,1972,7.451
myt,1973,7.478
myt,1974,7.496
myt,1975,7.533
myt,1976,7.521
myt,1977,7.507
myt,1978,7.48
myt,1979,7.415
myt,1980,7.323
myt,1981,7.215
myt,1982,7.096
myt,1983,6.967
myt,1984,6.832
myt,1985,6.688
myt,1986,6.561
myt,1987,6.43
myt,1988,6.307
myt,1989,6.178
myt,1990,6.051
myt,1991,5.948
myt,1992,5.85
myt,1993,5.756
myt,1994,5.67
myt,1995,5.588
myt,1996,5.513
myt,1997,5.392
myt,1998,5.256
myt,1999,5.111
myt,2000,4.964
myt,2001,4.811
myt,2002,4.66
myt,2003,4.534
myt,2004,4.448
myt,2005,4.502
myt,2006,4.506
myt,2007,4.493
myt,2008,4.475
myt,2009,4.463
myt,2010,4.433
myt,2011,4.391
myt,2012,4.362
myt,2013,4.433
myt,2014,4.534
myt,2015,4.675
myt,2016,4.704
myt,2017,4.66
myt,2018,4.66
myt,2019,4.58
myt,2020,4.17
myt,2021,4.66
myt,2022,4.661
myt,2023,4.616
nam,1950,5.614
nam,1951,5.677
nam,1952,5.743
nam,1953,5.807
nam,1954,5.87
nam,1955,5.935
nam,1956,5.997
nam,1957,6.06
nam,1958,6.132
nam,1959,6.186
nam,1960,6.243
nam,1961,6.293
nam,1962,6.35
nam,1963,6.408
nam,1964,6.428
nam,1965,6.445
nam,1966,6.472
nam,1967,6.485
nam,1968,6.502
nam,1969,6.508
nam,1970,6.52
nam,1971,6.521
nam,1972,6.533
nam,1973,6.54
nam,1974,6.552
nam,1975,6.533
nam,1976,6.494
nam,1977,6.441
nam,1978,6.384
nam,1979,6.314
nam,1980,6.238
nam,1981,6.159
nam,1982,6.078
nam,1983,5.995
nam,1984,5.94
nam,1985,5.877
nam,1986,5.793
nam,1987,5.699
nam,1988,5.609
nam,1989,5.517
nam,1990,5.398
nam,1991,5.29
nam,1992,5.107
nam,1993,4.905
nam,1994,4.676
nam,1995,4.417
nam,1996,4.201
nam,1997,4.166
nam,1998,4.176
nam,1999,4.138
nam,2000,3.991
nam,2001,3.827
nam,2002,3.693
nam,2003,3.58
nam,2004,3.545
nam,2005,3.571
nam,2006,3.601
nam,2007,3.608
nam,2008,3.616
nam,2009,3.633
nam,2010,3.657
nam,2011,3.658
nam,2012,3.676
nam,2013,3.653
nam,2014,3.635
nam,2015,3.604
nam,2016,3.574
nam,2017,3.511
nam,2018,3.462
nam,2019,3.404
nam,2020,3.349
nam,2021,3.303
nam,2022,3.248
nam,2023,3.212
ncl,1950,5.132
ncl,1951,5.141
ncl,1952,5.156
ncl,1953,5.173
ncl,1954,5.187
ncl,1955,5.244
ncl,1956,5.301
ncl,1957,5.353
ncl,1958,5.383
ncl,1959,5.407
ncl,1960,5.436
ncl,1961,5.465
ncl,1962,5.388
ncl,1963,5.343
ncl,1964,5.368
ncl,1965,5.311
ncl,1966,5.248
ncl,1967,5.15
ncl,1968,5.058
ncl,1969,5.008
ncl,1970,5.07
ncl,1971,5.051
ncl,1972,5.047
ncl,1973,4.932
ncl,1974,4.686
ncl,1975,4.456
ncl,1976,4.231
ncl,1977,4.054
ncl,1978,3.875
ncl,1979,3.749
ncl,1980,3.659
ncl,1981,3.586
ncl,1982,3.484
ncl,1983,3.353
ncl,1984,3.164
ncl,1985,3.046
ncl,1986,3.079
ncl,1987,3.081
ncl,1988,3.083
ncl,1989,3.057
ncl,1990,3.1
ncl,1991,3.072
ncl,1992,2.948
ncl,1993,2.823
ncl,1994,2.715
ncl,1995,2.652
ncl,1996,2.654
ncl,1997,2.646
ncl,1998,2.547
ncl,1999,2.484
ncl,2000,2.509
ncl,2001,2.422
ncl,2002,2.347
ncl,2003,2.268
ncl,2004,2.243
ncl,2005,2.227
ncl,2006,2.241
ncl,2007,2.215
ncl,2008,2.204
ncl,2009,2.194
ncl,2010,2.187
ncl,2011,2.2
ncl,2012,2.202
ncl,2013,2.167
ncl,2014,2.118
ncl,2015,2.079
ncl,2016,2.078
ncl,2017,2.043
ncl,2018,2.041
ncl,2019,2.05
ncl,2020,2.022
ncl,2021,2.012
ncl,2022,1.998
ncl,2023,1.98
ner,1950,7.559
ner,1951,7.558
ner,1952,7.56
ner,1953,7.552
ner,1954,7.554
ner,1955,7.551
ner,1956,7.542
ner,1957,7.542
ner,1958,7.542
ner,1959,7.528
ner,1960,7.53
ner,1961,7.512
ner,1962,7.501
ner,1963,7.489
ner,1964,7.48
ner,1965,7.466
ner,1966,7.481
ner,1967,7.49
ner,1968,7.497
ner,1969,7.506
ner,1970,7.514
ner,1971,7.518
ner,1972,7.523
ner,1973,7.529
ner,1974,7.539
ner,1975,7.539
ner,1976,7.563
ner,1977,7.595
ner,1978,7.662
ner,1979,7.722
ner,1980,7.782
ner,1981,7.822
ner,1982,7.862
ner,1983,7.902
ner,1984,7.921
ner,1985,7.932
ner,1986,7.904
ner,1987,7.871
ner,1988,7.841
ner,1989,7.818
ner,1990,7.806
ner,1991,7.798
ner,1992,7.795
ner,1993,7.79
ner,1994,7.786
ner,1995,7.776
ner,1996,7.78
ner,1997,7.802
ner,1998,7.84
ner,1999,7.84
ner,2000,7.829
ner,2001,7.81
ner,2002,7.797
ner,2003,7.789
ner,2004,7.777
ner,2005,7.769
ner,2006,7.744
ner,2007,7.726
ner,2008,7.702
ner,2009,7.679
ner,2010,7.64
ner,2011,7.592
ner,2012,7.527
ner,2013,7.445
ner,2014,7.342
ner,2015,7.215
ner,2016,7.043
ner,2017,6.874
ner,2018,6.706
ner,2019,6.537
ner,2020,6.369
ner,2021,6.2
ner,2022,6.135
ner,2023,6.061
nga,1950,6.419
nga,1951,6.415
nga,1952,6.391
nga,1953,6.396
nga,1954,6.396
nga,1955,6.402
nga,1956,6.409
nga,1957,6.404
nga,1958,6.386
nga,1959,6.375
nga,1960,6.364
nga,1961,6.353
nga,1962,6.356
nga,1963,6.349
nga,1964,6.362
nga,1965,6.367
nga,1966,6.386
nga,1967,6.401
nga,1968,6.42
nga,1969,6.438
nga,1970,6.466
nga,1971,6.532
nga,1972,6.579
nga,1973,6.633
nga,1974,6.703
nga,1975,6.773
nga,1976,6.806
nga,1977,6.862
nga,1978,6.921
nga,1979,6.887
nga,1980,6.847
nga,1981,6.82
nga,1982,6.799
nga,1983,6.775
nga,1984,6.701
nga,1985,6.616
nga,1986,6.557
nga,1987,6.504
nga,1988,6.498
nga,1989,6.494
nga,1990,6.459
nga,1991,6.426
nga,1992,6.391
nga,1993,6.354
nga,1994,6.319
nga,1995,6.273
nga,1996,6.217
nga,1997,6.138
nga,1998,6.069
nga,1999,6.082
nga,2000,6.124
nga,2001,6.128
nga,2002,6.116
nga,2003,6.1
nga,2004,6.09
nga,2005,6.063
nga,2006,6.053
nga,2007,6.027
nga,2008,6.024
nga,2009,5.993
nga,2010,5.948
nga,2011,5.893
nga,2012,5.797
nga,2013,5.694
nga,2014,5.622
nga,2015,5.503
nga,2016,5.343
nga,2017,5.182
nga,2018,5.021
nga,2019,4.861
nga,2020,4.7
nga,2021,4.636
nga,2022,4.552
nga,2023,4.482
nic,1950,7.121
nic,1951,7.118
nic,1952,7.096
nic,1953,7.096
nic,1954,7.105
nic,1955,7.123
nic,1956,7.139
nic,1957,7.152
nic,1958,7.159
nic,1959,7.163
nic,1960,7.159
nic,1961,7.112
nic,1962,7.1
nic,1963,7.081
nic,1964,7.064
nic,1965,7.033
nic,1966,6.99
nic,1967,6.94
nic,1968,6.885
nic,1969,6.825
nic,1970,6.773
nic,1971,6.714
nic,1972,6.653
nic,1973,6.586
nic,1974,6.521
nic,1975,6.445
nic,1976,6.366
nic,1977,6.28
nic,1978,6.164
nic,1979,6.069
nic,1980,5.959
nic,1981,5.84
nic,1982,5.737
nic,1983,5.611
nic,1984,5.488
nic,1985,5.359
nic,1986,5.217
nic,1987,5.073
nic,1988,4.931
nic,1989,4.762
nic,1990,4.596
nic,1991,4.432
nic,1992,4.267
nic,1993,4.102
nic,1994,3.937
nic,1995,3.775
nic,1996,3.62
nic,1997,3.473
nic,1998,3.339
nic,1999,3.218
nic,2000,3.12
nic,2001,2.996
nic,2002,2.887
nic,2003,2.827
nic,2004,2.784
nic,2005,2.765
nic,2006,2.733
nic,2007,2.697
nic,2008,2.66
nic,2009,2.626
nic,2010,2.596
nic,2011,2.558
nic,2012,2.527
nic,2013,2.492
nic,2014,2.463
nic,2015,2.434
nic,2016,2.407
nic,2017,2.378
nic,2018,2.347
nic,2019,2.321
nic,2020,2.299
nic,2021,2.265
nic,2022,2.24
nic,2023,2.218
niu,1950,6.324
niu,1951,6.414
niu,1952,6.493
niu,1953,6.572
niu,1954,6.655
niu,1955,6.765
niu,1956,6.878
niu,1957,6.96
niu,1958,6.954
niu,1959,6.962
niu,1960,6.955
niu,1961,6.942
niu,1962,6.92
niu,1963,6.899
niu,1964,6.865
niu,1965,6.82
niu,1966,6.759
niu,1967,6.687
niu,1968,6.597
niu,1969,6.473
niu,1970,6.236
niu,1971,5.969
niu,1972,5.709
niu,1973,5.471
niu,1974,5.275
niu,1975,5.087
niu,1976,4.929
niu,1977,4.81
niu,1978,4.717
niu,1979,4.68
niu,1980,4.704
niu,1981,4.715
niu,1982,4.697
niu,1983,4.655
niu,1984,4.576
niu,1985,4.477
niu,1986,4.367
niu,1987,4.276
niu,1988,4.201
niu,1989,4.125
niu,1990,4.024
niu,1991,3.871
niu,1992,3.728
niu,1993,3.595
niu,1994,3.462
niu,1995,3.35
niu,1996,3.238
niu,1997,3.147
niu,1998,3.054
niu,1999,2.971
niu,2000,2.903
niu,2001,2.866
niu,2002,2.859
niu,2003,2.885
niu,2004,2.918
niu,2005,2.964
niu,2006,2.996
niu,2007,3.007
niu,2008,3.013
niu,2009,3.04
niu,2010,3.045
niu,2011,3.032
niu,2012,3.011
niu,2013,2.971
niu,2014,2.934
niu,2015,2.879
niu,2016,2.825
niu,2017,2.765
niu,2018,2.698
niu,2019,2.629
niu,2020,2.596
niu,2021,2.561
niu,2022,2.543
niu,2023,2.514
nld,1950,3.104
nld,1951,3.064
nld,1952,3.094
nld,1953,3.037
nld,1954,3.027
nld,1955,3.032
nld,1956,3.052
nld,1957,3.074
nld,1958,3.103
nld,1959,3.158
nld,1960,3.118
nld,1961,3.207
nld,1962,3.17
nld,1963,3.183
nld,1964,3.153
nld,1965,3.03
nld,1966,2.896
nld,1967,2.799
nld,1968,2.707
nld,1969,2.737
nld,1970,2.573
nld,1971,2.366
nld,1972,2.152
nld,1973,1.909
nld,1974,1.774
nld,1975,1.666
nld,1976,1.629
nld,1977,1.583
nld,1978,1.582
nld,1979,1.565
nld,1980,1.596
nld,1981,1.558
nld,1982,1.494
nld,1983,1.467
nld,1984,1.488
nld,1985,1.509
nld,1986,1.548
nld,1987,1.556
nld,1988,1.545
nld,1989,1.556
nld,1990,1.614
nld,1991,1.61
nld,1992,1.588
nld,1993,1.573
nld,1994,1.569
nld,1995,1.534
nld,1996,1.53
nld,1997,1.564
nld,1998,1.628
nld,1999,1.656
nld,2000,1.721
nld,2001,1.712
nld,2002,1.729
nld,2003,1.742
nld,2004,1.722
nld,2005,1.706
nld,2006,1.715
nld,2007,1.714
nld,2008,1.764
nld,2009,1.783
nld,2010,1.787
nld,2011,1.752
nld,2012,1.716
nld,2013,1.677
nld,2014,1.704
nld,2015,1.657
nld,2016,1.658
nld,2017,1.617
nld,2018,1.585
nld,2019,1.572
nld,2020,1.545
nld,2021,1.624
nld,2022,1.514
nld,2023,1.43
nor,1950,2.523
nor,1951,2.469
nor,1952,2.578
nor,1953,2.637
nor,1954,2.671
nor,1955,2.758
nor,1956,2.829
nor,1957,2.824
nor,1958,2.865
nor,1959,2.882
nor,1960,2.847
nor,1961,2.915
nor,1962,2.894
nor,1963,2.905
nor,1964,2.962
nor,1965,2.925
nor,1966,2.891
nor,1967,2.786
nor,1968,2.751
nor,1969,2.697
nor,1970,2.512
nor,1971,2.494
nor,1972,2.39
nor,1973,2.234
nor,1974,2.134
nor,1975,1.986
nor,1976,1.867
nor,1977,1.759
nor,1978,1.771
nor,1979,1.751
nor,1980,1.722
nor,1981,1.701
nor,1982,1.706
nor,1983,1.656
nor,1984,1.657
nor,1985,1.675
nor,1986,1.707
nor,1987,1.744
nor,1988,1.841
nor,1989,1.887
nor,1990,1.932
nor,1991,1.92
nor,1992,1.888
nor,1993,1.865
nor,1994,1.869
nor,1995,1.873
nor,1996,1.892
nor,1997,1.86
nor,1998,1.82
nor,1999,1.849
nor,2000,1.854
nor,2001,1.788
nor,2002,1.757
nor,2003,1.798
nor,2004,1.828
nor,2005,1.835
nor,2006,1.899
nor,2007,1.897
nor,2008,1.951
nor,2009,1.974
nor,2010,1.941
nor,2011,1.876
nor,2012,1.847
nor,2013,1.779
nor,2014,1.754
nor,2015,1.728
nor,2016,1.705
nor,2017,1.624
nor,2018,1.566
nor,2019,1.533
nor,2020,1.482
nor,2021,1.56
nor,2022,1.415
nor,2023,1.405
npl,1950,6.057
npl,1951,6.061
npl,1952,6.057
npl,1953,6.068
npl,1954,6.074
npl,1955,6.066
npl,1956,6.056
npl,1957,6.048
npl,1958,6.045
npl,1959,6.032
npl,1960,6.069
npl,1961,6.093
npl,1962,6.082
npl,1963,6.056
npl,1964,6.043
npl,1965,6.007
npl,1966,5.98
npl,1967,5.954
npl,1968,5.944
npl,1969,5.893
npl,1970,5.869
npl,1971,5.845
npl,1972,5.801
npl,1973,5.701
npl,1974,5.75
npl,1975,5.733
npl,1976,5.717
npl,1977,5.688
npl,1978,5.676
npl,1979,5.644
npl,1980,5.603
npl,1981,5.576
npl,1982,5.549
npl,1983,5.536
npl,1984,5.509
npl,1985,5.457
npl,1986,5.4
npl,1987,5.348
npl,1988,5.307
npl,1989,5.258
npl,1990,5.211
npl,1991,5.151
npl,1992,5.074
npl,1993,5.042
npl,1994,4.964
npl,1995,4.869
npl,1996,4.668
npl,1997,4.442
npl,1998,4.275
npl,1999,4.13
npl,2000,3.984
npl,2001,3.793
npl,2002,3.604
npl,2003,3.439
npl,2004,3.279
npl,2005,3.115
npl,2006,2.967
npl,2007,2.857
npl,2008,2.737
npl,2009,2.63
npl,2010,2.541
npl,2011,2.462
npl,2012,2.42
npl,2013,2.36
npl,2014,2.319
npl,2015,2.273
npl,2016,2.226
npl,2017,2.173
npl,2018,2.12
npl,2019,2.08
npl,2020,2.051
npl,2021,2.025
npl,2022,2.002
npl,2023,1.984
nru,1950,4.601
nru,1951,4.639
nru,1952,4.705
nru,1953,4.79
nru,1954,4.882
nru,1955,4.956
nru,1956,5.026
nru,1957,5.09
nru,1958,5.17
nru,1959,5.273
nru,1960,5.337
nru,1961,5.376
nru,1962,5.423
nru,1963,5.441
nru,1964,5.473
nru,1965,5.476
nru,1966,5.412
nru,1967,5.294
nru,1968,5.139
nru,1969,4.942
nru,1970,4.74
nru,1971,4.541
nru,1972,4.355
nru,1973,4.192
nru,1974,4.067
nru,1975,3.972
nru,1976,3.899
nru,1977,3.858
nru,1978,3.843
nru,1979,3.847
nru,1980,3.878
nru,1981,3.935
nru,1982,3.993
nru,1983,4.056
nru,1984,4.108
nru,1985,4.144
nru,1986,4.149
nru,1987,4.143
nru,1988,4.114
nru,1989,4.068
nru,1990,4.02
nru,1991,3.991
nru,1992,3.952
nru,1993,3.887
nru,1994,3.837
nru,1995,3.808
nru,1996,3.775
nru,1997,3.738
nru,1998,3.683
nru,1999,3.636
nru,2000,3.543
nru,2001,3.461
nru,2002,3.4
nru,2003,3.388
nru,2004,3.378
nru,2005,3.377
nru,2006,3.4
nru,2007,3.504
nru,2008,3.665
nru,2009,3.847
nru,2010,4.019
nru,2011,4.117
nru,2012,4.115
nru,2013,4.098
nru,2014,4.085
nru,2015,4.075
nru,2016,4.027
nru,2017,3.879
nru,2018,3.683
nru,2019,3.531
nru,2020,3.466
nru,2021,3.425
nru,2022,3.379
nru,2023,3.331
nzl,1950,3.552
nzl,1951,3.602
nzl,1952,3.668
nzl,1953,3.655
nzl,1954,3.778
nzl,1955,3.88
nzl,1956,3.979
nzl,1957,4.031
nzl,1958,4.11
nzl,1959,4.179
nzl,1960,4.241
nzl,1961,4.306
nzl,1962,4.159
nzl,1963,4.046
nzl,1964,3.776
nzl,1965,3.537
nzl,1966,3.42
nzl,1967,3.35
nzl,1968,3.335
nzl,1969,3.273
nzl,1970,3.168
nzl,1971,3.18
nzl,1972,2.998
nzl,1973,2.738
nzl,1974,2.574
nzl,1975,2.357
nzl,1976,2.27
nzl,1977,2.213
nzl,1978,2.077
nzl,1979,2.113
nzl,1980,2.032
nzl,1981,2.011
nzl,1982,1.947
nzl,1983,1.92
nzl,1984,1.928
nzl,1985,1.93
nzl,1986,1.96
nzl,1987,2.029
nzl,1988,2.098
nzl,1989,2.121
nzl,1990,2.167
nzl,1991,2.092
nzl,1992,2.06
nzl,1993,2.038
nzl,1994,1.982
nzl,1995,1.979
nzl,1996,1.961
nzl,1997,1.956
nzl,1998,1.895
nzl,1999,1.966
nzl,2000,1.977
nzl,2001,1.964
nzl,2002,1.892
nzl,2003,1.929
nzl,2004,1.976
nzl,2005,1.961
nzl,2006,2.01
nzl,2007,2.169
nzl,2008,2.187
nzl,2009,2.133
nzl,2010,2.165
nzl,2011,2.096
nzl,2012,2.087
nzl,2013,2.004
nzl,2014,1.925
nzl,2015,1.982
nzl,2016,1.876
nzl,2017,1.811
nzl,2018,1.719
nzl,2019,1.717
nzl,2020,1.63
nzl,2021,1.647
nzl,2022,1.665
nzl,2023,1.667
omn,1950,7.261
omn,1951,7.253
omn,1952,7.255
omn,1953,7.251
omn,1954,7.248
omn,1955,7.233
omn,1956,7.226
omn,1957,7.228
omn,1958,7.246
omn,1959,7.253
omn,1960,7.277
omn,1961,7.287
omn,1962,7.318
omn,1963,7.334
omn,1964,7.37
omn,1965,7.391
omn,1966,7.412
omn,1967,7.437
omn,1968,7.462
omn,1969,7.489
omn,1970,7.523
omn,1971,7.558
omn,1972,7.588
omn,1973,7.625
omn,1974,7.672
omn,1975,7.711
omn,1976,7.743
omn,1977,7.781
omn,1978,7.818
omn,1979,7.85
omn,1980,7.887
omn,1981,7.904
omn,1982,7.837
omn,1983,7.748
omn,1984,7.642
omn,1985,7.512
omn,1986,7.352
omn,1987,7.175
omn,1988,6.953
omn,1989,6.717
omn,1990,6.456
omn,1991,6.197
omn,1992,5.919
omn,1993,5.638
omn,1994,5.359
omn,1995,5.067
omn,1996,4.79
omn,1997,4.524
omn,1998,4.274
omn,1999,4.064
omn,2000,3.852
omn,2001,3.662
omn,2002,3.51
omn,2003,3.371
omn,2004,3.2
omn,2005,3.029
omn,2006,2.879
omn,2007,2.761
omn,2008,2.762
omn,2009,2.829
omn,2010,2.973
omn,2011,2.955
omn,2012,2.928
omn,2013,2.954
omn,2014,2.97
omn,2015,2.965
omn,2016,2.949
omn,2017,2.923
omn,2018,2.81
omn,2019,2.696
omn,2020,2.638
omn,2021,2.588
omn,2022,2.449
omn,2023,2.525
pak,1950,6.8
pak,1951,6.8
pak,1952,6.8
pak,1953,6.8
pak,1954,6.8
pak,1955,6.8
pak,1956,6.8
pak,1957,6.8
pak,1958,6.8
pak,1959,6.8
pak,1960,6.8
pak,1961,6.8
pak,1962,6.8
pak,1963,6.8
pak,1964,6.8
pak,1965,6.8
pak,1966,6.8
pak,1967,6.8
pak,1968,6.8
pak,1969,6.8
pak,1970,6.801
pak,1971,6.802
pak,1972,6.805
pak,1973,6.808
pak,1974,6.811
pak,1975,6.812
pak,1976,6.808
pak,1977,6.799
pak,1978,6.783
pak,1979,6.761
pak,1980,6.734
pak,1981,6.704
pak,1982,6.674
pak,1983,6.644
pak,1984,6.615
pak,1985,6.585
pak,1986,6.554
pak,1987,6.518
pak,1988,6.476
pak,1989,6.425
pak,1990,6.364
pak,1991,6.291
pak,1992,6.207
pak,1993,6.112
pak,1994,6.008
pak,1995,5.894
pak,1996,5.771
pak,1997,5.642
pak,1998,5.507
pak,1999,5.462
pak,2000,5.352
pak,2001,5.182
pak,2002,5.012
pak,2003,4.894
pak,2004,4.685
pak,2005,4.595
pak,2006,4.589
pak,2007,4.554
pak,2008,4.515
pak,2009,4.465
pak,2010,4.398
pak,2011,4.305
pak,2012,4.204
pak,2013,4.125
pak,2014,4.055
pak,2015,3.988
pak,2016,3.902
pak,2017,3.9
pak,2018,3.855
pak,2019,3.81
pak,2020,3.765
pak,2021,3.72
pak,2022,3.662
pak,2023,3.605
pan,1950,5.568
pan,1951,5.615
pan,1952,5.667
pan,1953,5.718
pan,1954,5.725
pan,1955,5.734
pan,1956,5.745
pan,1957,5.757
pan,1958,5.763
pan,1959,5.794
pan,1960,5.829
pan,1961,5.865
pan,1962,5.872
pan,1963,5.865
pan,1964,5.808
pan,1965,5.728
pan,1966,5.649
pan,1967,5.534
pan,1968,5.411
pan,1969,5.287
pan,1970,5.175
pan,1971,5.054
pan,1972,4.908
pan,1973,4.741
pan,1974,4.576
pan,1975,4.414
pan,1976,4.264
pan,1977,4.118
pan,1978,3.984
pan,1979,3.884
pan,1980,3.796
pan,1981,3.723
pan,1982,3.659
pan,1983,3.601
pan,1984,3.519
pan,1985,3.427
pan,1986,3.339
pan,1987,3.251
pan,1988,3.173
pan,1989,3.121
pan,1990,3.072
pan,1991,2.999
pan,1992,2.95
pan,1993,2.909
pan,1994,2.877
pan,1995,2.852
pan,1996,2.83
pan,1997,2.81
pan,1998,2.789
pan,1999,2.767
pan,2000,2.744
pan,2001,2.72
pan,2002,2.698
pan,2003,2.679
pan,2004,2.68
pan,2005,2.643
pan,2006,2.62
pan,2007,2.612
pan,2008,2.608
pan,2009,2.593
pan,2010,2.587
pan,2011,2.604
pan,2012,2.591
pan,2013,2.569
pan,2014,2.552
pan,2015,2.53
pan,2016,2.502
pan,2017,2.462
pan,2018,2.402
pan,2019,2.288
pan,2020,2.184
pan,2021,2.152
pan,2022,2.139
pan,2023,2.119
per,1950,6.939
per,1951,6.942
per,1952,6.948
per,1953,6.953
per,1954,6.957
per,1955,6.96
per,1956,6.962
per,1957,6.962
per,1958,6.959
per,1959,6.953
per,1960,6.941
per,1961,6.923
per,1962,6.895
per,1963,6.858
per,1964,6.81
per,1965,6.75
per,1966,6.68
per,1967,6.6
per,1968,6.513
per,1969,6.418
per,1970,6.316
per,1971,6.207
per,1972,6.091
per,1973,5.968
per,1974,5.841
per,1975,5.709
per,1976,5.575
per,1977,5.44
per,1978,5.305
per,1979,5.171
per,1980,5.041
per,1981,4.915
per,1982,4.795
per,1983,4.68
per,1984,4.568
per,1985,4.46
per,1986,4.354
per,1987,4.247
per,1988,4.138
per,1989,4.026
per,1990,3.912
per,1991,3.794
per,1992,3.673
per,1993,3.552
per,1994,3.432
per,1995,3.315
per,1996,3.203
per,1997,3.099
per,1998,3.002
per,1999,2.917
per,2000,2.845
per,2001,2.744
per,2002,2.693
per,2003,2.661
per,2004,2.673
per,2005,2.643
per,2006,2.619
per,2007,2.583
per,2008,2.528
per,2009,2.48
per,2010,2.421
per,2011,2.413
per,2012,2.356
per,2013,2.317
per,2014,2.271
per,2015,2.229
per,2016,2.189
per,2017,2.152
per,2018,2.118
per,2019,2.086
per,2020,2.056
per,2021,2.029
per,2022,2.004
per,2023,1.98
phl,1950,7.129
phl,1951,7.117
phl,1952,7.111
phl,1953,7.104
phl,1954,7.089
phl,1955,7.071
phl,1956,7.052
phl,1957,7.026
phl,1958,7.003
phl,1959,7.0
phl,1960,6.996
phl,1961,6.994
phl,1962,6.98
phl,1963,6.952
phl,1964,6.886
phl,1965,6.799
phl,1966,6.691
phl,1967,6.572
phl,1968,6.448
phl,1969,6.333
phl,1970,6.218
phl,1971,6.083
phl,1972,5.937
phl,1973,5.787
phl,1974,5.693
phl,1975,5.596
phl,1976,5.505
phl,1977,5.442
phl,1978,5.393
phl,1979,5.255
phl,1980,5.108
phl,1981,4.973
phl,1982,4.917
phl,1983,4.867
phl,1984,4.77
phl,1985,4.664
phl,1986,4.563
phl,1987,4.509
phl,1988,4.449
phl,1989,4.365
phl,1990,4.322
phl,1991,4.273
phl,1992,4.161
phl,1993,4.098
phl,1994,4.079
phl,1995,4.067
phl,1996,4.004
phl,1997,3.943
phl,1998,3.884
phl,1999,3.825
phl,2000,3.754
phl,2001,3.719
phl,2002,3.651
phl,2003,3.591
phl,2004,3.524
phl,2005,3.448
phl,2006,3.466
phl,2007,3.403
phl,2008,3.401
phl,2009,3.376
phl,2010,3.315
phl,2011,3.236
phl,2012,3.143
phl,2013,3.042
phl,2014,2.894
phl,2015,2.829
phl,2016,2.679
phl,2017,2.525
phl,2018,2.378
phl,2019,2.215
phl,2020,2.075
phl,2021,1.95
phl,2022,1.929
phl,2023,1.916
plw,1950,7.153
plw,1951,7.147
plw,1952,7.155
plw,1953,7.155
plw,1954,7.169
plw,1955,7.176
plw,1956,7.167
plw,1957,7.18
plw,1958,7.186
plw,1959,7.191
plw,1960,7.189
plw,1961,7.173
plw,1962,7.145
plw,1963,7.117
plw,1964,7.076
plw,1965,7.014
plw,1966,6.932
plw,1967,6.836
plw,1968,6.714
plw,1969,6.576
plw,1970,6.387
plw,1971,6.164
plw,1972,5.896
plw,1973,5.592
plw,1974,5.258
plw,1975,4.903
plw,1976,4.526
plw,1977,4.09
plw,1978,3.74
plw,1979,3.486
plw,1980,3.351
plw,1981,3.276
plw,1982,3.22
plw,1983,3.143
plw,1984,3.08
plw,1985,3.01
plw,1986,2.976
plw,1987,2.933
plw,1988,2.905
plw,1989,2.917
plw,1990,2.881
plw,1991,2.742
plw,1992,2.71
plw,1993,2.727
plw,1994,2.661
plw,1995,2.553
plw,1996,2.39
plw,1997,2.187
plw,1998,2.006
plw,1999,1.906
plw,2000,1.819
plw,2001,1.87
plw,2002,1.923
plw,2003,1.962
plw,2004,1.989
plw,2005,2.017
plw,2006,1.996
plw,2007,1.968
plw,2008,1.947
plw,2009,1.935
plw,2010,1.937
plw,2011,1.965
plw,2012,2.006
plw,2013,2.054
plw,2014,2.032
plw,2015,2.002
plw,2016,2.055
plw,2017,2.019
plw,2018,1.97
plw,2019,1.984
plw,2020,1.972
plw,2021,1.95
plw,2022,1.927
plw,2023,1.907
png,1950,5.711
png,1951,5.742
png,1952,5.758
png,1953,5.793
png,1954,5.778
png,1955,5.817
png,1956,5.841
png,1957,5.888
png,1958,5.929
png,1959,5.957
png,1960,6.018
png,1961,6.074
png,1962,6.135
png,1963,6.153
png,1964,6.191
png,1965,6.203
png,1966,6.232
png,1967,6.242
png,1968,6.252
png,1969,6.258
png,1970,6.25
png,1971,6.229
png,1972,6.197
png,1973,6.16
png,1974,6.114
png,1975,6.065
png,1976,6.018
png,1977,5.957
png,1978,5.879
png,1979,5.785
png,1980,5.705
png,1981,5.645
png,1982,5.587
png,1983,5.563
png,1984,5.514
png,1985,5.47
png,1986,5.415
png,1987,5.359
png,1988,5.302
png,1989,5.243
png,1990,5.18
png,1991,5.109
png,1992,5.033
png,1993,4.962
png,1994,4.87
png,1995,4.78
png,1996,4.728
png,1997,4.679
png,1998,4.632
png,1999,4.587
png,2000,4.525
png,2001,4.469
png,2002,4.419
png,2003,4.362
png,2004,4.283
png,2005,4.22
png,2006,4.148
png,2007,4.076
png,2008,4.015
png,2009,3.941
png,2010,3.883
png,2011,3.816
png,2012,3.746
png,2013,3.684
png,2014,3.625
png,2015,3.558
png,2016,3.495
png,2017,3.432
png,2018,3.382
png,2019,3.322
png,2020,3.274
png,2021,3.215
png,2022,3.165
png,2023,3.099
pol,1950,3.654
pol,1951,3.701
pol,1952,3.637
pol,1953,3.594
pol,1954,3.552
pol,1955,3.555
pol,1956,3.463
pol,1957,3.496
pol,1958,3.392
pol,1959,3.248
pol,1960,3.004
pol,1961,2.86
pol,1962,2.744
pol,1963,2.7
pol,1964,2.603
pol,1965,2.537
pol,1966,2.447
pol,1967,2.349
pol,1968,2.296
pol,1969,2.259
pol,1970,2.254
pol,1971,2.251
pol,1972,2.238
pol,1973,2.252
pol,1974,2.265
pol,1975,2.282
pol,1976,2.313
pol,1977,2.252
pol,1978,2.232
pol,1979,2.277
pol,1980,2.277
pol,1981,2.246
pol,1982,2.34
pol,1983,2.416
pol,1984,2.377
pol,1985,2.323
pol,1986,2.218
pol,1987,2.157
pol,1988,2.142
pol,1989,2.098
pol,1990,2.065
pol,1991,2.067
pol,1992,1.956
pol,1993,1.87
pol,1994,1.801
pol,1995,1.634
pol,1996,1.587
pol,1997,1.516
pol,1998,1.439
pol,1999,1.377
pol,2000,1.366
pol,2001,1.315
pol,2002,1.252
pol,2003,1.225
pol,2004,1.228
pol,2005,1.244
pol,2006,1.269
pol,2007,1.311
pol,2008,1.386
pol,2009,1.402
pol,2010,1.407
pol,2011,1.338
pol,2012,1.329
pol,2013,1.292
pol,2014,1.317
pol,2015,1.323
pol,2016,1.389
pol,2017,1.472
pol,2018,1.443
pol,2019,1.436
pol,2020,1.384
pol,2021,1.322
pol,2022,1.261
pol,2023,1.299
pri,1950,5.206
pri,1951,5.063
pri,1952,4.827
pri,1953,4.681
pri,1954,4.678
pri,1955,4.68
pri,1956,4.704
pri,1957,4.587
pri,1958,4.618
pri,1959,4.554
pri,1960,4.593
pri,1961,4.412
pri,1962,4.34
pri,1963,4.253
pri,1964,4.177
pri,1965,4.096
pri,1966,3.706
pri,1967,3.518
pri,1968,3.32
pri,1969,3.243
pri,1970,3.167
pri,1971,3.209
pri,1972,3.006
pri,1973,2.902
pri,1974,2.871
pri,1975,2.803
pri,1976,2.865
pri,1977,2.897
pri,1978,2.847
pri,1979,2.766
pri,1980,2.698
pri,1981,2.591
pri,1982,2.482
pri,1983,2.329
pri,1984,2.225
pri,1985,2.222
pri,1986,2.266
pri,1987,2.23
pri,1988,2.224
pri,1989,2.302
pri,1990,2.291
pri,1991,2.213
pri,1992,2.196
pri,1993,2.21
pri,1994,2.175
pri,1995,2.15
pri,1996,2.144
pri,1997,2.169
pri,1998,2.08
pri,1999,2.038
pri,2000,2.041
pri,2001,1.946
pri,2002,1.856
pri,2003,1.807
pri,2004,1.837
pri,2005,1.842
pri,2006,1.798
pri,2007,1.738
pri,2008,1.624
pri,2009,1.595
pri,2010,1.619
pri,2011,1.595
pri,2012,1.541
pri,2013,1.473
pri,2014,1.437
pri,2015,1.35
pri,2016,1.264
pri,2017,1.133
pri,2018,1.026
pri,2019,0.979
pri,2020,0.934
pri,2021,0.944
pri,2022,0.94
pri,2023,0.941
prk,1950,4.994
prk,1951,2.597
prk,1952,2.611
prk,1953,3.082
prk,1954,3.496
prk,1955,3.674
prk,1956,3.508
prk,1957,4.281
prk,1958,4.271
prk,1959,3.559
prk,1960,3.568
prk,1961,3.261
prk,1962,3.412
prk,1963,3.626
prk,1964,3.547
prk,1965,3.556
prk,1966,3.709
prk,1967,4.05
prk,1968,3.872
prk,1969,3.86
prk,1970,3.848
prk,1971,3.739
prk,1972,3.889
prk,1973,3.353
prk,1974,3.142
prk,1975,3.047
prk,1976,2.836
prk,1977,2.771
prk,1978,2.793
prk,1979,2.849
prk,1980,2.841
prk,1981,2.921
prk,1982,2.854
prk,1983,2.777
prk,1984,2.708
prk,1985,2.646
prk,1986,2.594
prk,1987,2.529
prk,1988,2.468
prk,1989,2.412
prk,1990,2.388
prk,1991,2.351
prk,1992,2.287
prk,1993,2.218
prk,1994,2.183
prk,1995,2.146
prk,1996,2.093
prk,1997,2.027
prk,1998,1.991
prk,1999,1.966
prk,2000,1.941
prk,2001,1.94
prk,2002,1.919
prk,2003,1.909
prk,2004,1.899
prk,2005,1.872
prk,2006,1.936
prk,2007,1.943
prk,2008,1.97
prk,2009,1.905
prk,2010,1.89
prk,2011,1.883
prk,2012,1.882
prk,2013,1.877
prk,2014,1.874
prk,2015,1.863
prk,2016,1.856
prk,2017,1.848
prk,2018,1.834
prk,2019,1.825
prk,2020,1.821
prk,2021,1.806
prk,2022,1.797
prk,2023,1.78
prt,1940,3.203
prt,1941,3.112
prt,1942,3.143
prt,1943,3.289
prt,1944,3.317
prt,1945,3.407
prt,1946,3.316
prt,1947,3.192
prt,1948,3.482
prt,1949,3.306
prt,1950,3.158
prt,1951,3.178
prt,1952,3.2
prt,1953,3.043
prt,1954,2.964
prt,1955,3.133
prt,1956,3.032
prt,1957,3.138
prt,1958,3.151
prt,1959,3.144
prt,1960,3.16
prt,1961,3.205
prt,1962,3.233
prt,1963,3.135
prt,1964,3.215
prt,1965,3.159
prt,1966,3.164
prt,1967,3.157
prt,1968,3.123
prt,1969,3.114
prt,1970,3.008
prt,1971,2.995
prt,1972,2.857
prt,1973,2.765
prt,1974,2.695
prt,1975,2.75
prt,1976,2.807
prt,1977,2.682
prt,1978,2.45
prt,1979,2.315
prt,1980,2.245
prt,1981,2.131
prt,1982,2.07
prt,1983,1.955
prt,1984,1.895
prt,1985,1.729
prt,1986,1.663
prt,1987,1.62
prt,1988,1.608
prt,1989,1.572
prt,1990,1.555
prt,1991,1.557
prt,1992,1.536
prt,1993,1.513
prt,1994,1.445
prt,1995,1.411
prt,1996,1.441
prt,1997,1.469
prt,1998,1.473
prt,1999,1.502
prt,2000,1.538
prt,2001,1.455
prt,2002,1.46
prt,2003,1.437
prt,2004,1.405
prt,2005,1.408
prt,2006,1.372
prt,2007,1.352
prt,2008,1.383
prt,2009,1.349
prt,2010,1.381
prt,2011,1.343
prt,2012,1.277
prt,2013,1.213
prt,2014,1.23
prt,2015,1.302
prt,2016,1.356
prt,2017,1.377
prt,2018,1.411
prt,2019,1.421
prt,2020,1.405
prt,2021,1.328
prt,2022,1.453
prt,2023,1.508
pry,1950,6.49
pry,1951,6.493
pry,1952,6.499
pry,1953,6.503
pry,1954,6.506
pry,1955,6.509
pry,1956,6.51
pry,1957,6.511
pry,1958,6.509
pry,1959,6.506
pry,1960,6.5
pry,1961,6.489
pry,1962,6.472
pry,1963,6.447
pry,1964,6.421
pry,1965,6.345
pry,1966,6.231
pry,1967,6.097
pry,1968,5.972
pry,1969,5.837
pry,1970,5.718
pry,1971,5.591
pry,1972,5.458
pry,1973,5.351
pry,1974,5.272
pry,1975,5.177
pry,1976,5.117
pry,1977,5.078
pry,1978,5.036
pry,1979,5.062
pry,1980,5.102
pry,1981,5.153
pry,1982,5.126
pry,1983,5.087
pry,1984,5.037
pry,1985,4.974
pry,1986,4.929
pry,1987,4.847
pry,1988,4.774
pry,1989,4.681
pry,1990,4.565
pry,1991,4.481
pry,1992,4.402
pry,1993,4.282
pry,1994,4.196
pry,1995,4.108
pry,1996,4.014
pry,1997,3.911
pry,1998,3.798
pry,1999,3.67
pry,2000,3.508
pry,2001,3.361
pry,2002,3.233
pry,2003,3.123
pry,2004,3.053
pry,2005,2.973
pry,2006,2.889
pry,2007,2.823
pry,2008,2.792
pry,2009,2.757
pry,2010,2.695
pry,2011,2.667
pry,2012,2.658
pry,2013,2.636
pry,2014,2.646
pry,2015,2.645
pry,2016,2.624
pry,2017,2.591
pry,2018,2.561
pry,2019,2.525
pry,2020,2.497
pry,2021,2.469
pry,2022,2.444
pry,2023,2.422
pse,1950,7.838
pse,1951,7.841
pse,1952,7.836
pse,1953,7.828
pse,1954,7.829
pse,1955,7.819
pse,1956,7.815
pse,1957,7.809
pse,1958,7.806
pse,1959,7.805
pse,1960,7.793
pse,1961,7.786
pse,1962,7.792
pse,1963,7.781
pse,1964,7.775
pse,1965,7.775
pse,1966,7.753
pse,1967,7.738
pse,1968,7.706
pse,1969,7.681
pse,1970,7.651
pse,1971,7.614
pse,1972,7.586
pse,1973,7.554
pse,1974,7.519
pse,1975,7.48
pse,1976,7.438
pse,1977,7.384
pse,1978,7.33
pse,1979,7.283
pse,1980,7.179
pse,1981,7.133
pse,1982,7.089
pse,1983,7.042
pse,1984,6.996
pse,1985,6.943
pse,1986,6.911
pse,1987,6.888
pse,1988,6.866
pse,1989,6.836
pse,1990,6.809
pse,1991,6.751
pse,1992,6.65
pse,1993,6.501
pse,1994,6.334
pse,1995,6.161
pse,1996,5.988
pse,1997,5.817
pse,1998,5.693
pse,1999,5.583
pse,2000,5.457
pse,2001,5.342
pse,2002,5.216
pse,2003,5.062
pse,2004,4.971
pse,2005,4.867
pse,2006,4.739
pse,2007,4.627
pse,2008,4.509
pse,2009,4.44
pse,2010,4.434
pse,2011,4.305
pse,2012,4.154
pse,2013,4.049
pse,2014,3.995
pse,2015,3.977
pse,2016,3.887
pse,2017,3.771
pse,2018,3.674
pse,2019,3.591
pse,2020,3.511
pse,2021,3.442
pse,2022,3.375
pse,2023,3.311
pyf,1950,5.475
pyf,1951,5.595
pyf,1952,5.713
pyf,1953,5.827
pyf,1954,5.943
pyf,1955,6.003
pyf,1956,5.989
pyf,1957,5.987
pyf,1958,5.977
pyf,1959,5.966
pyf,1960,5.931
pyf,1961,5.946
pyf,1962,5.968
pyf,1963,5.975
pyf,1964,5.98
pyf,1965,6.0
pyf,1966,5.981
pyf,1967,5.951
pyf,1968,5.9
pyf,1969,5.818
pyf,1970,5.628
pyf,1971,5.446
pyf,1972,5.272
pyf,1973,5.091
pyf,1974,4.906
pyf,1975,4.713
pyf,1976,4.512
pyf,1977,4.366
pyf,1978,4.045
pyf,1979,3.941
pyf,1980,3.935
pyf,1981,3.934
pyf,1982,3.797
pyf,1983,3.743
pyf,1984,3.834
pyf,1985,3.862
pyf,1986,3.714
pyf,1987,3.622
pyf,1988,3.748
pyf,1989,3.49
pyf,1990,3.434
pyf,1991,3.259
pyf,1992,3.15
pyf,1993,3.084
pyf,1994,2.942
pyf,1995,2.781
pyf,1996,2.716
pyf,1997,2.59
pyf,1998,2.49
pyf,1999,2.581
pyf,2000,2.596
pyf,2001,2.523
pyf,2002,2.425
pyf,2003,2.26
pyf,2004,2.198
pyf,2005,2.181
pyf,2006,2.217
pyf,2007,2.122
pyf,2008,2.195
pyf,2009,2.148
pyf,2010,2.165
pyf,2011,2.061
pyf,2012,2.026
pyf,2013,1.937
pyf,2014,1.957
pyf,2015,1.872
pyf,2016,1.763
pyf,2017,1.669
pyf,2018,1.645
pyf,2019,1.567
pyf,2020,1.57
pyf,2021,1.532
pyf,2022,1.515
pyf,2023,1.501
qat,1950,6.544
qat,1951,6.543
qat,1952,6.55
qat,1953,6.539
qat,1954,6.546
qat,1955,6.538
qat,1956,6.538
qat,1957,6.531
qat,1958,6.53
qat,1959,6.532
qat,1960,6.531
qat,1961,6.526
qat,1962,6.53
qat,1963,6.527
qat,1964,6.525
qat,1965,6.527
qat,1966,6.521
qat,1967,6.462
qat,1968,6.392
qat,1969,6.311
qat,1970,6.228
qat,1971,6.145
qat,1972,6.073
qat,1973,6.008
qat,1974,5.935
qat,1975,5.861
qat,1976,5.782
qat,1977,5.691
qat,1978,5.577
qat,1979,5.461
qat,1980,5.329
qat,1981,5.196
qat,1982,5.044
qat,1983,4.898
qat,1984,4.756
qat,1985,4.642
qat,1986,4.565
qat,1987,4.539
qat,1988,4.515
qat,1989,4.412
qat,1990,4.23
qat,1991,3.988
qat,1992,3.852
qat,1993,3.765
qat,1994,3.665
qat,1995,3.557
qat,1996,3.444
qat,1997,3.327
qat,1998,3.211
qat,1999,3.117
qat,2000,3.073
qat,2001,3.08
qat,2002,3.011
qat,2003,2.925
qat,2004,2.794
qat,2005,2.635
qat,2006,2.509
qat,2007,2.438
qat,2008,2.369
qat,2009,2.254
qat,2010,2.137
qat,2011,2.07
qat,2012,2.04
qat,2013,2.032
qat,2014,2.03
qat,2015,1.976
qat,2016,1.856
qat,2017,1.834
qat,2018,1.756
qat,2019,1.731
qat,2020,1.675
qat,2021,1.605
qat,2022,1.739
qat,2023,1.729
reu,1950,6.963
reu,1951,6.967
reu,1952,6.917
reu,1953,6.884
reu,1954,6.738
reu,1955,6.766
reu,1956,6.596
reu,1957,6.531
reu,1958,6.177
reu,1959,6.106
reu,1960,6.105
reu,1961,6.056
reu,1962,6.168
reu,1963,6.272
reu,1964,6.172
reu,1965,6.152
reu,1966,5.979
reu,1967,5.672
reu,1968,5.458
reu,1969,5.045
reu,1970,4.299
reu,1971,4.038
reu,1972,3.922
reu,1973,3.813
reu,1974,3.727
reu,1975,3.647
reu,1976,3.529
reu,1977,3.414
reu,1978,3.282
reu,1979,3.116
reu,1980,2.874
reu,1981,2.908
reu,1982,2.596
reu,1983,2.563
reu,1984,2.581
reu,1985,2.51
reu,1986,2.39
reu,1987,2.373
reu,1988,2.364
reu,1989,2.4
reu,1990,2.571
reu,1991,2.566
reu,1992,2.545
reu,1993,2.386
reu,1994,2.329
reu,1995,2.272
reu,1996,2.256
reu,1997,2.343
reu,1998,2.312
reu,1999,2.337
reu,2000,2.499
reu,2001,2.451
reu,2002,2.411
reu,2003,2.429
reu,2004,2.451
reu,2005,2.486
reu,2006,2.443
reu,2007,2.468
reu,2008,2.466
reu,2009,2.366
reu,2010,2.189
reu,2011,2.189
reu,2012,2.229
reu,2013,2.215
reu,2014,2.237
reu,2015,2.235
reu,2016,2.219
reu,2017,2.226
reu,2018,2.165
reu,2019,2.133
reu,2020,2.146
reu,2021,2.19
reu,2022,2.187
reu,2023,2.174
rou,1950,3.076
rou,1951,3.052
rou,1952,3.016
rou,1953,2.992
rou,1954,2.993
rou,1955,3.011
rou,1956,2.883
rou,1957,2.711
rou,1958,2.571
rou,1959,2.422
rou,1960,2.318
rou,1961,2.156
rou,1962,2.023
rou,1963,1.987
rou,1964,1.95
rou,1965,1.903
rou,1966,1.874
rou,1967,3.588
rou,1968,3.535
rou,1969,3.112
rou,1970,2.812
rou,1971,2.598
rou,1972,2.479
rou,1973,2.394
rou,1974,2.66
rou,1975,2.595
rou,1976,2.549
rou,1977,2.566
rou,1978,2.522
rou,1979,2.49
rou,1980,2.435
rou,1981,2.354
rou,1982,2.174
rou,1983,2.077
rou,1984,2.251
rou,1985,2.309
rou,1986,2.385
rou,1987,2.38
rou,1988,2.307
rou,1989,2.204
rou,1990,1.837
rou,1991,1.6
rou,1992,1.51
rou,1993,1.437
rou,1994,1.4
rou,1995,1.337
rou,1996,1.301
rou,1997,1.317
rou,1998,1.316
rou,1999,1.304
rou,2000,1.303
rou,2001,1.272
rou,2002,1.27
rou,2003,1.298
rou,2004,1.335
rou,2005,1.394
rou,2006,1.421
rou,2007,1.449
rou,2008,1.581
rou,2009,1.636
rou,2010,1.574
rou,2011,1.475
rou,2012,1.51
rou,2013,1.466
rou,2014,1.56
rou,2015,1.621
rou,2016,1.692
rou,2017,1.77
rou,2018,1.753
rou,2019,1.711
rou,2020,1.726
rou,2021,1.718
rou,2022,1.717
rou,2023,1.713
rus,1950,2.926
rus,1951,2.902
rus,1952,2.863
rus,1953,2.829
rus,1954,2.852
rus,1955,2.812
rus,1956,2.758
rus,1957,2.729
rus,1958,2.692
rus,1959,2.663
rus,1960,2.633
rus,1961,2.52
rus,1962,2.362
rus,1963,2.285
rus,1964,2.176
rus,1965,2.113
rus,1966,2.105
rus,1967,2.023
rus,1968,1.98
rus,1969,1.988
rus,1970,2.007
rus,1971,2.048
rus,1972,2.068
rus,1973,2.01
rus,1974,2.027
rus,1975,2.002
rus,1976,1.993
rus,1977,1.978
rus,1978,1.953
rus,1979,1.92
rus,1980,1.916
rus,1981,1.941
rus,1982,2.022
rus,1983,2.135
rus,1984,2.099
rus,1985,2.094
rus,1986,2.205
rus,1987,2.249
rus,1988,2.159
rus,1989,2.034
rus,1990,1.91
rus,1991,1.751
rus,1992,1.566
rus,1993,1.393
rus,1994,1.398
rus,1995,1.352
rus,1996,1.289
rus,1997,1.243
rus,1998,1.242
rus,1999,1.183
rus,2000,1.19
rus,2001,1.221
rus,2002,1.287
rus,2003,1.334
rus,2004,1.345
rus,2005,1.299
rus,2006,1.315
rus,2007,1.428
rus,2008,1.517
rus,2009,1.559
rus,2010,1.585
rus,2011,1.601
rus,2012,1.708
rus,2013,1.725
rus,2014,1.766
rus,2015,1.79
rus,2016,1.773
rus,2017,1.627
rus,2018,1.581
rus,2019,1.504
rus,2020,1.505
rus,2021,1.505
rus,2022,1.452
rus,2023,1.449
rwa,1950,8.152
rwa,1951,8.156
rwa,1952,8.178
rwa,1953,8.198
rwa,1954,8.217
rwa,1955,8.214
rwa,1956,8.231
rwa,1957,8.256
rwa,1958,8.27
rwa,1959,8.288
rwa,1960,8.283
rwa,1961,8.279
rwa,1962,8.271
rwa,1963,8.269
rwa,1964,8.266
rwa,1965,8.249
rwa,1966,8.23
rwa,1967,8.211
rwa,1968,8.187
rwa,1969,8.176
rwa,1970,8.145
rwa,1971,8.092
rwa,1972,8.089
rwa,1973,8.092
rwa,1974,8.102
rwa,1975,8.096
rwa,1976,8.122
rwa,1977,8.138
rwa,1978,8.157
rwa,1979,8.13
rwa,1980,8.115
rwa,1981,8.102
rwa,1982,8.064
rwa,1983,8.001
rwa,1984,7.913
rwa,1985,7.786
rwa,1986,7.612
rwa,1987,7.426
rwa,1988,7.234
rwa,1989,7.029
rwa,1990,6.803
rwa,1991,6.622
rwa,1992,6.539
rwa,1993,6.479
rwa,1994,6.415
rwa,1995,6.345
rwa,1996,6.289
rwa,1997,6.235
rwa,1998,6.171
rwa,1999,6.059
rwa,2000,5.967
rwa,2001,5.893
rwa,2002,5.816
rwa,2003,5.737
rwa,2004,5.64
rwa,2005,5.5
rwa,2006,5.335
rwa,2007,5.141
rwa,2008,4.922
rwa,2009,4.707
rwa,2010,4.522
rwa,2011,4.332
rwa,2012,4.201
rwa,2013,4.136
rwa,2014,4.117
rwa,2015,4.108
rwa,2016,4.106
rwa,2017,4.084
rwa,2018,4.047
rwa,2019,3.985
rwa,2020,3.913
rwa,2021,3.841
rwa,2022,3.778
rwa,2023,3.698
sau,1950,7.577
sau,1951,7.575
sau,1952,7.576
sau,1953,7.588
sau,1954,7.587
sau,1955,7.592
sau,1956,7.587
sau,1957,7.595
sau,1958,7.603
sau,1959,7.616
sau,1960,7.626
sau,1961,7.634
sau,1962,7.636
sau,1963,7.654
sau,1964,7.672
sau,1965,7.658
sau,1966,7.655
sau,1967,7.658
sau,1968,7.627
sau,1969,7.597
sau,1970,7.583
sau,1971,7.556
sau,1972,7.539
sau,1973,7.484
sau,1974,7.426
sau,1975,7.37
sau,1976,7.33
sau,1977,7.295
sau,1978,7.263
sau,1979,7.227
sau,1980,7.145
sau,1981,7.067
sau,1982,6.979
sau,1983,6.875
sau,1984,6.776
sau,1985,6.649
sau,1986,6.517
sau,1987,6.343
sau,1988,6.15
sau,1989,5.975
sau,1990,5.804
sau,1991,5.644
sau,1992,5.489
sau,1993,5.326
sau,1994,5.161
sau,1995,4.986
sau,1996,4.812
sau,1997,4.656
sau,1998,4.524
sau,1999,4.354
sau,2000,4.206
sau,2001,3.964
sau,2002,3.709
sau,2003,3.465
sau,2004,3.264
sau,2005,3.161
sau,2006,3.176
sau,2007,3.185
sau,2008,3.074
sau,2009,2.95
sau,2010,2.81
sau,2011,2.8
sau,2012,2.78
sau,2013,2.67
sau,2014,2.68
sau,2015,2.63
sau,2016,2.65
sau,2017,2.67
sau,2018,2.67
sau,2019,2.49
sau,2020,2.27
sau,2021,2.17
sau,2022,2.14
sau,2023,2.28
sdn,1950,6.663
sdn,1951,6.666
sdn,1952,6.674
sdn,1953,6.672
sdn,1954,6.679
sdn,1955,6.679
sdn,1956,6.68
sdn,1957,6.674
sdn,1958,6.675
sdn,1959,6.663
sdn,1960,6.663
sdn,1961,6.656
sdn,1962,6.704
sdn,1963,6.758
sdn,1964,6.804
sdn,1965,6.84
sdn,1966,6.879
sdn,1967,6.909
sdn,1968,6.946
sdn,1969,6.967
sdn,1970,6.986
sdn,1971,7.019
sdn,1972,6.983
sdn,1973,6.939
sdn,1974,6.909
sdn,1975,6.866
sdn,1976,6.823
sdn,1977,6.775
sdn,1978,6.72
sdn,1979,6.651
sdn,1980,6.592
sdn,1981,6.528
sdn,1982,6.473
sdn,1983,6.413
sdn,1984,6.343
sdn,1985,6.279
sdn,1986,6.225
sdn,1987,6.175
sdn,1988,6.132
sdn,1989,6.106
sdn,1990,6.074
sdn,1991,6.05
sdn,1992,6.019
sdn,1993,5.97
sdn,1994,5.912
sdn,1995,5.856
sdn,1996,5.792
sdn,1997,5.717
sdn,1998,5.646
sdn,1999,5.622
sdn,2000,5.596
sdn,2001,5.562
sdn,2002,5.531
sdn,2003,5.489
sdn,2004,5.455
sdn,2005,5.397
sdn,2006,5.332
sdn,2007,5.27
sdn,2008,5.212
sdn,2009,5.173
sdn,2010,5.141
sdn,2011,5.087
sdn,2012,5.031
sdn,2013,4.965
sdn,2014,4.912
sdn,2015,4.898
sdn,2016,4.829
sdn,2017,4.761
sdn,2018,4.681
sdn,2019,4.617
sdn,2020,4.542
sdn,2021,4.457
sdn,2022,4.384
sdn,2023,4.323
sen,1950,6.787
sen,1951,6.788
sen,1952,6.792
sen,1953,6.801
sen,1954,6.815
sen,1955,6.834
sen,1956,6.858
sen,1957,6.887
sen,1958,6.92
sen,1959,6.957
sen,1960,6.996
sen,1961,7.038
sen,1962,7.079
sen,1963,7.12
sen,1964,7.157
sen,1965,7.19
sen,1966,7.217
sen,1967,7.237
sen,1968,7.251
sen,1969,7.259
sen,1970,7.262
sen,1971,7.261
sen,1972,7.258
sen,1973,7.255
sen,1974,7.252
sen,1975,7.252
sen,1976,7.258
sen,1977,7.268
sen,1978,7.279
sen,1979,7.29
sen,1980,7.292
sen,1981,7.279
sen,1982,7.245
sen,1983,7.189
sen,1984,7.111
sen,1985,7.013
sen,1986,6.902
sen,1987,6.785
sen,1988,6.577
sen,1989,6.479
sen,1990,6.396
sen,1991,6.267
sen,1992,6.149
sen,1993,6.049
sen,1994,5.915
sen,1995,5.819
sen,1996,5.723
sen,1997,5.639
sen,1998,5.581
sen,1999,5.573
sen,2000,5.498
sen,2001,5.397
sen,2002,5.301
sen,2003,5.246
sen,2004,5.192
sen,2005,5.133
sen,2006,5.064
sen,2007,5.018
sen,2008,5.024
sen,2009,5.025
sen,2010,5.055
sen,2011,5.099
sen,2012,5.129
sen,2013,5.049
sen,2014,4.884
sen,2015,4.751
sen,2016,4.648
sen,2017,4.489
sen,2018,4.294
sen,2019,4.1
sen,2020,4.003
sen,2021,3.936
sen,2022,3.864
sen,2023,3.818
sgp,1950,6.225
sgp,1951,6.253
sgp,1952,6.286
sgp,1953,6.321
sgp,1954,6.346
sgp,1955,6.375
sgp,1956,6.444
sgp,1957,6.404
sgp,1958,6.316
sgp,1959,6.121
sgp,1960,5.765
sgp,1961,5.418
sgp,1962,5.216
sgp,1963,5.159
sgp,1964,4.971
sgp,1965,4.667
sgp,1966,4.452
sgp,1967,3.914
sgp,1968,3.528
sgp,1969,3.222
sgp,1970,3.068
sgp,1971,3.02
sgp,1972,3.031
sgp,1973,2.782
sgp,1974,2.351
sgp,1975,2.08
sgp,1976,2.09
sgp,1977,1.826
sgp,1978,1.787
sgp,1979,1.789
sgp,1980,1.739
sgp,1981,1.711
sgp,1982,1.672
sgp,1983,1.54
sgp,1984,1.54
sgp,1985,1.533
sgp,1986,1.347
sgp,1987,1.487
sgp,1988,1.75
sgp,1989,1.527
sgp,1990,1.583
sgp,1991,1.495
sgp,1992,1.485
sgp,1993,1.498
sgp,1994,1.471
sgp,1995,1.443
sgp,1996,1.424
sgp,1997,1.372
sgp,1998,1.261
sgp,1999,1.239
sgp,2000,1.342
sgp,2001,1.186
sgp,2002,1.172
sgp,2003,1.081
sgp,2004,1.071
sgp,2005,1.072
sgp,2006,1.068
sgp,2007,1.069
sgp,2008,1.044
sgp,2009,1.002
sgp,2010,0.934
sgp,2011,0.964
sgp,2012,1.027
sgp,2013,0.949
sgp,2014,1.003
sgp,2015,0.977
sgp,2016,0.943
sgp,2017,0.936
sgp,2018,0.948
sgp,2019,0.942
sgp,2020,0.942
sgp,2021,0.944
sgp,2022,0.943
sgp,2023,0.943
shn,1950,5.621
shn,1951,5.582
shn,1952,5.537
shn,1953,5.49
shn,1954,5.448
shn,1955,5.467
shn,1956,5.436
shn,1957,5.415
shn,1958,5.384
shn,1959,5.347
shn,1960,5.285
shn,1961,5.216
shn,1962,5.141
shn,1963,5.059
shn,1964,4.994
shn,1965,4.964
shn,1966,4.943
shn,1967,4.915
shn,1968,4.863
shn,1969,4.745
shn,1970,4.412
shn,1971,4.001
shn,1972,3.696
shn,1973,3.494
shn,1974,3.38
shn,1975,3.261
shn,1976,3.09
shn,1977,2.954
shn,1978,2.858
shn,1979,2.806
shn,1980,2.791
shn,1981,2.814
shn,1982,2.775
shn,1983,2.67
shn,1984,2.542
shn,1985,2.421
shn,1986,2.351
shn,1987,2.287
shn,1988,2.25
shn,1989,2.209
shn,1990,2.144
shn,1991,2.082
shn,1992,2.023
shn,1993,1.954
shn,1994,1.881
shn,1995,1.829
shn,1996,1.771
shn,1997,1.748
shn,1998,1.724
shn,1999,1.705
shn,2000,1.68
shn,2001,1.647
shn,2002,1.621
shn,2003,1.603
shn,2004,1.59
shn,2005,1.593
shn,2006,1.599
shn,2007,1.607
shn,2008,1.616
shn,2009,1.628
shn,2010,1.652
shn,2011,1.671
shn,2012,1.686
shn,2013,1.692
shn,2014,1.699
shn,2015,1.699
shn,2016,1.697
shn,2017,1.694
shn,2018,1.681
shn,2019,1.668
shn,2020,1.656
shn,2021,1.645
shn,2022,1.637
shn,2023,1.636
slb,1950,7.15
slb,1951,7.15
slb,1952,7.159
slb,1953,7.139
slb,1954,7.132
slb,1955,7.115
slb,1956,7.1
slb,1957,7.082
slb,1958,7.08
slb,1959,7.068
slb,1960,7.065
slb,1961,7.052
slb,1962,7.042
slb,1963,7.034
slb,1964,7.047
slb,1965,7.017
slb,1966,6.997
slb,1967,6.974
slb,1968,6.948
slb,1969,6.974
slb,1970,6.983
slb,1971,6.985
slb,1972,6.992
slb,1973,7.001
slb,1974,7.01
slb,1975,6.988
slb,1976,6.954
slb,1977,6.915
slb,1978,6.871
slb,1979,6.822
slb,1980,6.768
slb,1981,6.709
slb,1982,6.64
slb,1983,6.569
slb,1984,6.489
slb,1985,6.375
slb,1986,6.259
slb,1987,6.115
slb,1988,5.99
slb,1989,5.867
slb,1990,5.74
slb,1991,5.62
slb,1992,5.509
slb,1993,5.453
slb,1994,5.398
slb,1995,5.335
slb,1996,5.221
slb,1997,5.093
slb,1998,4.977
slb,1999,4.861
slb,2000,4.757
slb,2001,4.673
slb,2002,4.602
slb,2003,4.539
slb,2004,4.466
slb,2005,4.411
slb,2006,4.39
slb,2007,4.372
slb,2008,4.358
slb,2009,4.349
slb,2010,4.341
slb,2011,4.335
slb,2012,4.332
slb,2013,4.325
slb,2014,4.36
slb,2015,4.291
slb,2016,4.2
slb,2017,4.06
slb,2018,3.93
slb,2019,3.8
slb,2020,3.749
slb,2021,3.694
slb,2022,3.62
slb,2023,3.557
sle,1950,6.09
sle,1951,6.069
sle,1952,6.034
sle,1953,6.003
sle,1954,6.048
sle,1955,6.073
sle,1956,6.1
sle,1957,6.115
sle,1958,6.129
sle,1959,6.146
sle,1960,6.175
sle,1961,6.205
sle,1962,6.222
sle,1963,6.261
sle,1964,6.294
sle,1965,6.311
sle,1966,6.345
sle,1967,6.383
sle,1968,6.385
sle,1969,6.393
sle,1970,6.411
sle,1971,6.429
sle,1972,6.447
sle,1973,6.473
sle,1974,6.534
sle,1975,6.546
sle,1976,6.553
sle,1977,6.568
sle,1978,6.591
sle,1979,6.582
sle,1980,6.562
sle,1981,6.554
sle,1982,6.563
sle,1983,6.573
sle,1984,6.592
sle,1985,6.592
sle,1986,6.597
sle,1987,6.609
sle,1988,6.588
sle,1989,6.571
sle,1990,6.567
sle,1991,6.553
sle,1992,6.555
sle,1993,6.569
sle,1994,6.557
sle,1995,6.555
sle,1996,6.552
sle,1997,6.531
sle,1998,6.495
sle,1999,6.423
sle,2000,6.355
sle,2001,6.305
sle,2002,6.23
sle,2003,6.087
sle,2004,5.919
sle,2005,5.807
sle,2006,5.737
sle,2007,5.643
sle,2008,5.563
sle,2009,5.448
sle,2010,5.327
sle,2011,5.209
sle,2012,5.064
sle,2013,4.873
sle,2014,4.703
sle,2015,4.548
sle,2016,4.466
sle,2017,4.389
sle,2018,4.294
sle,2019,4.192
sle,2020,4.08
sle,2021,3.978
sle,2022,3.876
sle,2023,3.791
slv,1950,6.296
slv,1951,6.319
slv,1952,6.363
slv,1953,6.394
slv,1954,6.43
slv,1955,6.475
slv,1956,6.499
slv,1957,6.536
slv,1958,6.564
slv,1959,6.591
slv,1960,6.618
slv,1961,6.644
slv,1962,6.675
slv,1963,6.69
slv,1964,6.684
slv,1965,6.636
slv,1966,6.565
slv,1967,6.487
slv,1968,6.386
slv,1969,6.278
slv,1970,6.178
slv,1971,6.13
slv,1972,6.032
slv,1973,5.929
slv,1974,5.822
slv,1975,5.705
slv,1976,5.59
slv,1977,5.473
slv,1978,5.357
slv,1979,5.234
slv,1980,5.107
slv,1981,4.986
slv,1982,4.826
slv,1983,4.65
slv,1984,4.478
slv,1985,4.316
slv,1986,4.194
slv,1987,4.175
slv,1988,4.103
slv,1989,4.033
slv,1990,3.964
slv,1991,3.889
slv,1992,3.802
slv,1993,3.691
slv,1994,3.613
slv,1995,3.568
slv,1996,3.482
slv,1997,3.377
slv,1998,3.342
slv,1999,3.217
slv,2000,3.076
slv,2001,2.93
slv,2002,2.775
slv,2003,2.636
slv,2004,2.516
slv,2005,2.44
slv,2006,2.395
slv,2007,2.354
slv,2008,2.291
slv,2009,2.261
slv,2010,2.239
slv,2011,2.224
slv,2012,2.187
slv,2013,2.154
slv,2014,2.126
slv,2015,2.067
slv,2016,1.965
slv,2017,1.896
slv,2018,1.849
slv,2019,1.838
slv,2020,1.819
slv,2021,1.803
slv,2022,1.785
slv,2023,1.775
smr,1950,2.821
smr,1951,2.715
smr,1952,2.646
smr,1953,2.589
smr,1954,2.541
smr,1955,2.507
smr,1956,2.472
smr,1957,2.436
smr,1958,2.402
smr,1959,2.385
smr,1960,2.428
smr,1961,2.684
smr,1962,2.434
smr,1963,2.401
smr,1964,2.368
smr,1965,2.334
smr,1966,2.326
smr,1967,2.305
smr,1968,2.299
smr,1969,2.312
smr,1970,2.316
smr,1971,2.326
smr,1972,2.286
smr,1973,2.227
smr,1974,2.134
smr,1975,2.053
smr,1976,1.947
smr,1977,1.868
smr,1978,1.771
smr,1979,1.634
smr,1980,1.525
smr,1981,1.412
smr,1982,1.304
smr,1983,1.248
smr,1984,1.198
smr,1985,1.17
smr,1986,1.147
smr,1987,1.135
smr,1988,1.14
smr,1989,1.145
smr,1990,1.162
smr,1991,1.167
smr,1992,1.15
smr,1993,1.123
smr,1994,1.138
smr,1995,1.166
smr,1996,1.212
smr,1997,1.243
smr,1998,1.263
smr,1999,1.288
smr,2000,1.404
smr,2001,1.519
smr,2002,1.432
smr,2003,1.296
smr,2004,1.298
smr,2005,1.198
smr,2006,1.242
smr,2007,1.257
smr,2008,1.521
smr,2009,1.358
smr,2010,1.459
smr,2011,1.456
smr,2012,1.289
smr,2013,1.483
smr,2014,1.259
smr,2015,1.196
smr,2016,1.127
smr,2017,1.054
smr,2018,1.077
smr,2019,1.096
smr,2020,1.113
smr,2021,1.125
smr,2022,1.136
smr,2023,1.149
som,1950,7.248
som,1951,7.249
som,1952,7.25
som,1953,7.251
som,1954,7.251
som,1955,7.251
som,1956,7.25
som,1957,7.25
som,1958,7.25
som,1959,7.25
som,1960,7.25
som,1961,7.252
som,1962,7.255
som,1963,7.258
som,1964,7.261
som,1965,7.261
som,1966,7.257
som,1967,7.248
som,1968,7.231
som,1969,7.209
som,1970,7.182
som,1971,7.151
som,1972,7.118
som,1973,7.086
som,1974,7.057
som,1975,7.033
som,1976,7.016
som,1977,7.004
som,1978,7.13
som,1979,7.161
som,1980,7.178
som,1981,7.227
som,1982,7.252
som,1983,7.277
som,1984,7.3
som,1985,7.327
som,1986,7.349
som,1987,7.373
som,1988,7.398
som,1989,7.424
som,1990,7.44
som,1991,7.47
som,1992,7.5
som,1993,7.526
som,1994,7.544
som,1995,7.581
som,1996,7.621
som,1997,7.662
som,1998,7.656
som,1999,7.657
som,2000,7.645
som,2001,7.636
som,2002,7.626
som,2003,7.603
som,2004,7.568
som,2005,7.527
som,2006,7.49
som,2007,7.457
som,2008,7.415
som,2009,7.376
som,2010,7.322
som,2011,7.268
som,2012,7.211
som,2013,7.14
som,2014,7.061
som,2015,6.975
som,2016,6.878
som,2017,6.766
som,2018,6.662
som,2019,6.56
som,2020,6.453
som,2021,6.353
som,2022,6.255
som,2023,6.132
spm,1950,3.857
spm,1951,3.84
spm,1952,3.75
spm,1953,4.122
spm,1954,4.498
spm,1955,4.894
spm,1956,5.419
spm,1957,5.988
spm,1958,5.778
spm,1959,3.823
spm,1960,4.602
spm,1961,4.539
spm,1962,4.254
spm,1963,3.536
spm,1964,3.609
spm,1965,4.711
spm,1966,4.506
spm,1967,3.432
spm,1968,3.22
spm,1969,3.208
spm,1970,3.259
spm,1971,3.218
spm,1972,3.115
spm,1973,2.952
spm,1974,2.751
spm,1975,2.454
spm,1976,2.173
spm,1977,2.074
spm,1978,2.124
spm,1979,2.181
spm,1980,2.242
spm,1981,2.294
spm,1982,2.335
spm,1983,2.366
spm,1984,2.381
spm,1985,2.382
spm,1986,2.358
spm,1987,2.313
spm,1988,2.29
spm,1989,2.256
spm,1990,2.226
spm,1991,2.204
spm,1992,2.18
spm,1993,2.152
spm,1994,2.119
spm,1995,2.088
spm,1996,2.057
spm,1997,2.032
spm,1998,2.009
spm,1999,1.996
spm,2000,1.982
spm,2001,1.966
spm,2002,1.957
spm,2003,1.952
spm,2004,1.949
spm,2005,1.945
spm,2006,1.951
spm,2007,1.962
spm,2008,1.971
spm,2009,1.978
spm,2010,1.956
spm,2011,1.834
spm,2012,1.675
spm,2013,1.622
spm,2014,1.543
spm,2015,1.519
spm,2016,1.505
spm,2017,1.49
spm,2018,1.456
spm,2019,1.358
spm,2020,1.319
spm,2021,1.295
spm,2022,1.275
spm,2023,1.267
srb,1950,2.928
srb,1951,2.822
srb,1952,2.736
srb,1953,2.643
srb,1954,2.548
srb,1955,2.451
srb,1956,2.361
srb,1957,2.281
srb,1958,2.225
srb,1959,2.183
srb,1960,2.155
srb,1961,2.133
srb,1962,2.109
srb,1963,2.084
srb,1964,2.067
srb,1965,2.057
srb,1966,2.041
srb,1967,2.02
srb,1968,2.005
srb,1969,1.986
srb,1970,1.973
srb,1971,1.96
srb,1972,1.952
srb,1973,1.94
srb,1974,1.93
srb,1975,1.923
srb,1976,1.913
srb,1977,1.901
srb,1978,1.889
srb,1979,1.875
srb,1980,1.863
srb,1981,1.852
srb,1982,1.842
srb,1983,1.832
srb,1984,1.814
srb,1985,1.8
srb,1986,1.778
srb,1987,1.749
srb,1988,1.72
srb,1989,1.685
srb,1990,1.649
srb,1991,1.612
srb,1992,1.573
srb,1993,1.544
srb,1994,1.505
srb,1995,1.468
srb,1996,1.436
srb,1997,1.398
srb,1998,1.37
srb,1999,1.354
srb,2000,1.353
srb,2001,1.355
srb,2002,1.363
srb,2003,1.37
srb,2004,1.361
srb,2005,1.336
srb,2006,1.319
srb,2007,1.316
srb,2008,1.331
srb,2009,1.362
srb,2010,1.399
srb,2011,1.404
srb,2012,1.444
srb,2013,1.431
srb,2014,1.46
srb,2015,1.46
srb,2016,1.462
srb,2017,1.483
srb,2018,1.487
srb,2019,1.513
srb,2020,1.485
srb,2021,1.517
srb,2022,1.519
srb,2023,1.5
ssd,1950,7.124
ssd,1951,7.134
ssd,1952,7.131
ssd,1953,7.134
ssd,1954,7.136
ssd,1955,7.132
ssd,1956,7.134
ssd,1957,7.14
ssd,1958,7.137
ssd,1959,7.15
ssd,1960,7.161
ssd,1961,7.178
ssd,1962,7.195
ssd,1963,7.196
ssd,1964,7.22
ssd,1965,7.222
ssd,1966,7.254
ssd,1967,7.257
ssd,1968,7.264
ssd,1969,7.281
ssd,1970,7.286
ssd,1971,7.296
ssd,1972,7.311
ssd,1973,7.311
ssd,1974,7.314
ssd,1975,7.326
ssd,1976,7.331
ssd,1977,7.325
ssd,1978,7.329
ssd,1979,7.32
ssd,1980,7.328
ssd,1981,7.332
ssd,1982,7.343
ssd,1983,7.342
ssd,1984,7.346
ssd,1985,7.357
ssd,1986,7.378
ssd,1987,7.386
ssd,1988,7.376
ssd,1989,7.374
ssd,1990,7.377
ssd,1991,7.377
ssd,1992,7.37
ssd,1993,7.36
ssd,1994,7.346
ssd,1995,7.337
ssd,1996,7.321
ssd,1997,7.199
ssd,1998,7.078
ssd,1999,6.937
ssd,2000,6.803
ssd,2001,6.654
ssd,2002,6.515
ssd,2003,6.353
ssd,2004,6.19
ssd,2005,6.022
ssd,2006,5.853
ssd,2007,5.704
ssd,2008,5.569
ssd,2009,5.446
ssd,2010,5.318
ssd,2011,5.193
ssd,2012,5.061
ssd,2013,4.939
ssd,2014,4.818
ssd,2015,4.695
ssd,2016,4.579
ssd,2017,4.483
ssd,2018,4.37
ssd,2019,4.26
ssd,2020,4.16
ssd,2021,4.047
ssd,2022,3.964
ssd,2023,3.864
stp,1950,6.227
stp,1951,6.218
stp,1952,6.202
stp,1953,6.191
stp,1954,6.185
stp,1955,6.184
stp,1956,6.187
stp,1957,6.195
stp,1958,6.208
stp,1959,6.223
stp,1960,6.242
stp,1961,6.263
stp,1962,6.284
stp,1963,6.306
stp,1964,6.327
stp,1965,6.349
stp,1966,6.371
stp,1967,6.394
stp,1968,6.419
stp,1969,6.444
stp,1970,6.468
stp,1971,6.49
stp,1972,6.51
stp,1973,6.525
stp,1974,6.534
stp,1975,6.534
stp,1976,6.524
stp,1977,6.504
stp,1978,6.473
stp,1979,6.434
stp,1980,6.386
stp,1981,6.333
stp,1982,6.276
stp,1983,6.217
stp,1984,6.158
stp,1985,6.101
stp,1986,6.046
stp,1987,5.992
stp,1988,5.938
stp,1989,5.884
stp,1990,5.828
stp,1991,5.769
stp,1992,5.704
stp,1993,5.635
stp,1994,5.562
stp,1995,5.554
stp,1996,5.474
stp,1997,5.396
stp,1998,5.304
stp,1999,5.228
stp,2000,5.157
stp,2001,5.097
stp,2002,5.062
stp,2003,5.013
stp,2004,4.962
stp,2005,4.939
stp,2006,4.933
stp,2007,4.957
stp,2008,4.906
stp,2009,4.838
stp,2010,4.769
stp,2011,4.718
stp,2012,4.664
stp,2013,4.584
stp,2014,4.485
stp,2015,4.354
stp,2016,4.203
stp,2017,4.069
stp,2018,3.977
stp,2019,3.9
stp,2020,3.827
stp,2021,3.759
stp,2022,3.695
stp,2023,3.644
sur,1950,6.21
sur,1951,6.237
sur,1952,6.268
sur,1953,6.3
sur,1954,6.328
sur,1955,6.37
sur,1956,6.423
sur,1957,6.46
sur,1958,6.505
sur,1959,6.554
sur,1960,6.59
sur,1961,6.583
sur,1962,6.572
sur,1963,6.508
sur,1964,6.426
sur,1965,6.321
sur,1966,6.198
sur,1967,6.038
sur,1968,5.863
sur,1969,5.696
sur,1970,5.529
sur,1971,5.356
sur,1972,5.176
sur,1973,5.007
sur,1974,4.811
sur,1975,4.629
sur,1976,4.445
sur,1977,4.256
sur,1978,4.08
sur,1979,3.925
sur,1980,3.791
sur,1981,3.752
sur,1982,3.821
sur,1983,3.865
sur,1984,3.796
sur,1985,3.711
sur,1986,3.61
sur,1987,3.53
sur,1988,3.461
sur,1989,3.387
sur,1990,3.225
sur,1991,3.094
sur,1992,3.013
sur,1993,2.943
sur,1994,2.899
sur,1995,2.897
sur,1996,2.92
sur,1997,2.952
sur,1998,2.986
sur,1999,3.016
sur,2000,3.046
sur,2001,3.057
sur,2002,2.956
sur,2003,2.839
sur,2004,2.738
sur,2005,2.712
sur,2006,2.727
sur,2007,2.735
sur,2008,2.727
sur,2009,2.712
sur,2010,2.688
sur,2011,2.667
sur,2012,2.669
sur,2013,2.651
sur,2014,2.62
sur,2015,2.57
sur,2016,2.5
sur,2017,2.431
sur,2018,2.381
sur,2019,2.347
sur,2020,2.314
sur,2021,2.295
sur,2022,2.274
sur,2023,2.249
svk,1950,3.608
svk,1951,3.596
svk,1952,3.565
svk,1953,3.468
svk,1954,3.414
svk,1955,3.444
svk,1956,3.432
svk,1957,3.346
svk,1958,3.188
svk,1959,3.005
svk,1960,3.024
svk,1961,2.958
svk,1962,2.833
svk,1963,2.915
svk,1964,2.888
svk,1965,2.782
svk,1966,2.661
svk,1967,2.487
svk,1968,2.394
svk,1969,2.435
svk,1970,2.415
svk,1971,2.425
svk,1972,2.483
svk,1973,2.557
svk,1974,2.606
svk,1975,2.544
svk,1976,2.538
svk,1977,2.486
svk,1978,2.471
svk,1979,2.447
svk,1980,2.323
svk,1981,2.283
svk,1982,2.277
svk,1983,2.279
svk,1984,2.258
svk,1985,2.251
svk,1986,2.193
svk,1987,2.137
svk,1988,2.131
svk,1989,2.067
svk,1990,2.076
svk,1991,2.034
svk,1992,1.925
svk,1993,1.859
svk,1994,1.666
svk,1995,1.523
svk,1996,1.469
svk,1997,1.428
svk,1998,1.376
svk,1999,1.331
svk,2000,1.293
svk,2001,1.202
svk,2002,1.185
svk,2003,1.204
svk,2004,1.246
svk,2005,1.262
svk,2006,1.254
svk,2007,1.27
svk,2008,1.342
svk,2009,1.433
svk,2010,1.43
svk,2011,1.445
svk,2012,1.394
svk,2013,1.396
svk,2014,1.422
svk,2015,1.403
svk,2016,1.478
svk,2017,1.521
svk,2018,1.545
svk,2019,1.566
svk,2020,1.591
svk,2021,1.631
svk,2022,1.56
svk,2023,1.56
svn,1950,2.992
svn,1951,2.828
svn,1952,2.766
svn,1953,2.764
svn,1954,2.599
svn,1955,2.589
svn,1956,2.516
svn,1957,2.383
svn,1958,2.227
svn,1959,2.224
svn,1960,2.186
svn,1961,2.268
svn,1962,2.278
svn,1963,2.302
svn,1964,2.323
svn,1965,2.445
svn,1966,2.475
svn,1967,2.379
svn,1968,2.259
svn,1969,2.177
svn,1970,2.114
svn,1971,2.158
svn,1972,2.166
svn,1973,2.201
svn,1974,2.116
svn,1975,2.172
svn,1976,2.199
svn,1977,2.166
svn,1978,2.195
svn,1979,2.21
svn,1980,2.105
svn,1981,1.96
svn,1982,1.928
svn,1983,1.812
svn,1984,1.747
svn,1985,1.719
svn,1986,1.672
svn,1987,1.652
svn,1988,1.63
svn,1989,1.525
svn,1990,1.462
svn,1991,1.422
svn,1992,1.334
svn,1993,1.329
svn,1994,1.315
svn,1995,1.288
svn,1996,1.279
svn,1997,1.247
svn,1998,1.231
svn,1999,1.212
svn,2000,1.253
svn,2001,1.208
svn,2002,1.21
svn,2003,1.203
svn,2004,1.248
svn,2005,1.263
svn,2006,1.317
svn,2007,1.386
svn,2008,1.529
svn,2009,1.538
svn,2010,1.579
svn,2011,1.57
svn,2012,1.587
svn,2013,1.553
svn,2014,1.581
svn,2015,1.576
svn,2016,1.587
svn,2017,1.622
svn,2018,1.606
svn,2019,1.611
svn,2020,1.594
svn,2021,1.64
svn,2022,1.568
svn,2023,1.576
swe,1891,4.142
swe,1892,3.966
swe,1893,4.039
swe,1894,4.019
swe,1895,4.083
swe,1896,4.048
swe,1897,3.977
swe,1898,4.043
swe,1899,3.929
swe,1900,4.013
swe,1901,4.009
swe,1902,3.926
swe,1903,3.811
swe,1904,3.814
swe,1905,3.796
swe,1906,3.789
swe,1907,3.751
swe,1908,3.754
swe,1909,3.726
swe,1910,3.57
swe,1911,3.45
swe,1912,3.401
swe,1913,3.29
swe,1914,3.229
swe,1915,3.033
swe,1916,2.959
swe,1917,2.899
swe,1918,2.803
swe,1919,2.705
swe,1920,3.198
swe,1921,2.902
swe,1922,2.63
swe,1923,2.524
swe,1924,2.401
swe,1925,2.309
swe,1926,2.193
swe,1927,2.08
swe,1928,2.054
swe,1929,1.926
swe,1930,1.931
swe,1931,1.847
swe,1932,1.799
swe,1933,1.688
swe,1934,1.676
swe,1935,1.676
swe,1936,1.726
swe,1937,1.745
swe,1938,1.805
swe,1939,1.862
swe,1940,1.824
swe,1941,1.894
swe,1942,2.163
swe,1943,2.382
swe,1944,2.57
swe,1945,2.588
swe,1946,2.543
swe,1947,2.481
swe,1948,2.454
swe,1949,2.369
swe,1950,2.286
swe,1951,2.212
swe,1952,2.232
swe,1953,2.253
swe,1954,2.182
swe,1955,2.248
swe,1956,2.286
swe,1957,2.28
swe,1958,2.25
swe,1959,2.226
swe,1960,2.17
swe,1961,2.202
swe,1962,2.236
swe,1963,2.315
swe,1964,2.448
swe,1965,2.401
swe,1966,2.356
swe,1967,2.266
swe,1968,2.074
swe,1969,1.931
swe,1970,1.921
swe,1971,1.957
swe,1972,1.91
swe,1973,1.868
swe,1974,1.867
swe,1975,1.767
swe,1976,1.682
swe,1977,1.64
swe,1978,1.601
swe,1979,1.65
swe,1980,1.672
swe,1981,1.633
swe,1982,1.618
swe,1983,1.613
swe,1984,1.655
swe,1985,1.734
swe,1986,1.795
swe,1987,1.844
swe,1988,1.956
swe,1989,2.015
swe,1990,2.121
swe,1991,2.109
swe,1992,2.078
swe,1993,1.987
swe,1994,1.878
swe,1995,1.73
swe,1996,1.6
swe,1997,1.527
swe,1998,1.506
swe,1999,1.501
swe,2000,1.542
swe,2001,1.569
swe,2002,1.648
swe,2003,1.712
swe,2004,1.751
swe,2005,1.772
swe,2006,1.848
swe,2007,1.877
swe,2008,1.905
swe,2009,1.932
swe,2010,1.973
swe,2011,1.902
swe,2012,1.9
swe,2013,1.885
swe,2014,1.876
swe,2015,1.847
swe,2016,1.846
swe,2017,1.785
swe,2018,1.754
swe,2019,1.709
swe,2020,1.671
swe,2021,1.668
swe,2022,1.538
swe,2023,1.43
swz,1950,6.732
swz,1951,6.721
swz,1952,6.702
swz,1953,6.689
swz,1954,6.682
swz,1955,6.682
swz,1956,6.687
swz,1957,6.697
swz,1958,6.712
swz,1959,6.731
swz,1960,6.752
swz,1961,6.774
swz,1962,6.794
swz,1963,6.804
swz,1964,6.789
swz,1965,6.794
swz,1966,6.802
swz,1967,6.766
swz,1968,6.761
swz,1969,6.761
swz,1970,6.749
swz,1971,6.739
swz,1972,6.722
swz,1973,6.715
swz,1974,6.71
swz,1975,6.707
swz,1976,6.701
swz,1977,6.676
swz,1978,6.647
swz,1979,6.607
swz,1980,6.574
swz,1981,6.539
swz,1982,6.491
swz,1983,6.432
swz,1984,6.36
swz,1985,6.282
swz,1986,6.106
swz,1987,5.902
swz,1988,5.693
swz,1989,5.479
swz,1990,5.295
swz,1991,5.132
swz,1992,4.981
swz,1993,4.815
swz,1994,4.662
swz,1995,4.523
swz,1996,4.378
swz,1997,4.235
swz,1998,4.125
swz,1999,4.089
swz,2000,4.03
swz,2001,3.944
swz,2002,3.854
swz,2003,3.796
swz,2004,3.76
swz,2005,3.704
swz,2006,3.632
swz,2007,3.58
swz,2008,3.567
swz,2009,3.504
swz,2010,3.375
swz,2011,3.317
swz,2012,3.266
swz,2013,3.237
swz,2014,3.181
swz,2015,3.122
swz,2016,3.068
swz,2017,3.018
swz,2018,2.971
swz,2019,2.925
swz,2020,2.888
swz,2021,2.841
swz,2022,2.801
swz,2023,2.753
sxm,1950,5.256
sxm,1951,5.216
sxm,1952,5.173
sxm,1953,5.133
sxm,1954,5.081
sxm,1955,5.037
sxm,1956,4.995
sxm,1957,4.963
sxm,1958,4.909
sxm,1959,4.845
sxm,1960,4.767
sxm,1961,4.678
sxm,1962,4.572
sxm,1963,4.467
sxm,1964,4.354
sxm,1965,4.233
sxm,1966,4.084
sxm,1967,3.941
sxm,1968,3.784
sxm,1969,3.634
sxm,1970,3.48
sxm,1971,3.346
sxm,1972,3.234
sxm,1973,3.111
sxm,1974,3.009
sxm,1975,2.921
sxm,1976,2.833
sxm,1977,2.752
sxm,1978,2.683
sxm,1979,2.629
sxm,1980,2.593
sxm,1981,2.546
sxm,1982,2.486
sxm,1983,2.398
sxm,1984,2.289
sxm,1985,2.181
sxm,1986,2.102
sxm,1987,2.031
sxm,1988,1.962
sxm,1989,1.902
sxm,1990,1.848
sxm,1991,1.847
sxm,1992,1.882
sxm,1993,1.942
sxm,1994,2.054
sxm,1995,2.143
sxm,1996,2.184
sxm,1997,2.173
sxm,1998,2.142
sxm,1999,2.066
sxm,2000,1.982
sxm,2001,1.892
sxm,2002,1.809
sxm,2003,1.742
sxm,2004,1.702
sxm,2005,1.708
sxm,2006,1.758
sxm,2007,1.572
sxm,2008,1.728
sxm,2009,1.713
sxm,2010,1.848
sxm,2011,1.99
sxm,2012,1.959
sxm,2013,1.894
sxm,2014,1.817
sxm,2015,1.732
sxm,2016,1.642
sxm,2017,1.571
sxm,2018,1.522
sxm,2019,1.481
sxm,2020,1.467
sxm,2021,1.456
sxm,2022,1.453
sxm,2023,1.447
syc,1950,4.81
syc,1951,4.837
syc,1952,4.881
syc,1953,4.929
syc,1954,5.019
syc,1955,5.108
syc,1956,5.162
syc,1957,5.203
syc,1958,5.251
syc,1959,5.302
syc,1960,5.313
syc,1961,5.422
syc,1962,5.513
syc,1963,5.606
syc,1964,5.694
syc,1965,5.716
syc,1966,6.126
syc,1967,5.895
syc,1968,5.614
syc,1969,5.479
syc,1970,5.307
syc,1971,5.689
syc,1972,5.155
syc,1973,4.784
syc,1974,5.099
syc,1975,4.752
syc,1976,4.086
syc,1977,3.754
syc,1978,3.919
syc,1979,3.66
syc,1980,3.79
syc,1981,3.665
syc,1982,3.131
syc,1983,3.218
syc,1984,3.24
syc,1985,3.091
syc,1986,3.074
syc,1987,2.922
syc,1988,2.789
syc,1989,2.671
syc,1990,2.607
syc,1991,2.692
syc,1992,2.526
syc,1993,2.582
syc,1994,2.597
syc,1995,2.361
syc,1996,2.311
syc,1997,2.137
syc,1998,2.037
syc,1999,2.045
syc,2000,2.066
syc,2001,1.983
syc,2002,2.027
syc,2003,2.046
syc,2004,2.036
syc,2005,2.182
syc,2006,2.103
syc,2007,2.225
syc,2008,2.319
syc,2009,2.371
syc,2010,2.2
syc,2011,2.367
syc,2012,2.407
syc,2013,2.182
syc,2014,2.161
syc,2015,2.217
syc,2016,2.295
syc,2017,2.313
syc,2018,2.291
syc,2019,2.262
syc,2020,2.227
syc,2021,2.199
syc,2022,2.166
syc,2023,2.133
syr,1950,7.618
syr,1951,7.629
syr,1952,7.63
syr,1953,7.626
syr,1954,7.63
syr,1955,7.634
syr,1956,7.594
syr,1957,7.557
syr,1958,7.512
syr,1959,7.506
syr,1960,7.505
syr,1961,7.502
syr,1962,7.51
syr,1963,7.511
syr,1964,7.525
syr,1965,7.532
syr,1966,7.552
syr,1967,7.556
syr,1968,7.569
syr,1969,7.586
syr,1970,7.621
syr,1971,7.6
syr,1972,7.573
syr,1973,7.548
syr,1974,7.52
syr,1975,7.486
syr,1976,7.448
syr,1977,7.418
syr,1978,7.345
syr,1979,7.247
syr,1980,7.119
syr,1981,6.974
syr,1982,6.811
syr,1983,6.692
syr,1984,6.586
syr,1985,6.484
syr,1986,6.365
syr,1987,6.201
syr,1988,5.999
syr,1989,5.777
syr,1990,5.561
syr,1991,5.342
syr,1992,5.141
syr,1993,4.994
syr,1994,4.856
syr,1995,4.697
syr,1996,4.536
syr,1997,4.371
syr,1998,4.25
syr,1999,4.144
syr,2000,4.068
syr,2001,3.976
syr,2002,3.865
syr,2003,3.763
syr,2004,3.679
syr,2005,3.605
syr,2006,3.562
syr,2007,3.538
syr,2008,3.481
syr,2009,3.415
syr,2010,3.355
syr,2011,3.285
syr,2012,3.221
syr,2013,3.165
syr,2014,3.117
syr,2015,3.067
syr,2016,3.012
syr,2017,2.972
syr,2018,2.932
syr,2019,2.878
syr,2020,2.837
syr,2021,2.798
syr,2022,2.746
syr,2023,2.712
tca,1950,5.939
tca,1951,5.996
tca,1952,6.04
tca,1953,6.084
tca,1954,6.132
tca,1955,6.171
tca,1956,6.167
tca,1957,6.144
tca,1958,6.112
tca,1959,6.06
tca,1960,5.991
tca,1961,5.907
tca,1962,5.816
tca,1963,5.719
tca,1964,5.608
tca,1965,5.502
tca,1966,5.435
tca,1967,5.395
tca,1968,5.397
tca,1969,5.311
tca,1970,5.229
tca,1971,5.141
tca,1972,5.027
tca,1973,4.913
tca,1974,4.793
tca,1975,4.687
tca,1976,4.624
tca,1977,4.553
tca,1978,4.485
tca,1979,4.43
tca,1980,4.37
tca,1981,4.291
tca,1982,4.192
tca,1983,4.085
tca,1984,3.986
tca,1985,3.908
tca,1986,3.789
tca,1987,3.653
tca,1988,3.499
tca,1989,3.335
tca,1990,3.189
tca,1991,3.053
tca,1992,2.939
tca,1993,2.842
tca,1994,2.756
tca,1995,2.699
tca,1996,2.649
tca,1997,2.581
tca,1998,2.52
tca,1999,2.464
tca,2000,2.406
tca,2001,2.342
tca,2002,2.242
tca,2003,2.176
tca,2004,2.136
tca,2005,2.106
tca,2006,2.078
tca,2007,2.049
tca,2008,2.005
tca,2009,1.959
tca,2010,1.907
tca,2011,1.859
tca,2012,1.805
tca,2013,1.752
tca,2014,1.729
tca,2015,1.718
tca,2016,1.713
tca,2017,1.704
tca,2018,1.677
tca,2019,1.617
tca,2020,1.552
tca,2021,1.501
tca,2022,1.477
tca,2023,1.463
tcd,1950,6.062
tcd,1951,6.071
tcd,1952,6.09
tcd,1953,6.109
tcd,1954,6.129
tcd,1955,6.149
tcd,1956,6.169
tcd,1957,6.19
tcd,1958,6.21
tcd,1959,6.23
tcd,1960,6.25
tcd,1961,6.268
tcd,1962,6.285
tcd,1963,6.301
tcd,1964,6.318
tcd,1965,6.337
tcd,1966,6.362
tcd,1967,6.393
tcd,1968,6.432
tcd,1969,6.477
tcd,1970,6.528
tcd,1971,6.582
tcd,1972,6.85
tcd,1973,6.869
tcd,1974,6.864
tcd,1975,6.876
tcd,1976,6.893
tcd,1977,6.896
tcd,1978,6.891
tcd,1979,6.905
tcd,1980,6.908
tcd,1981,6.942
tcd,1982,6.961
tcd,1983,6.979
tcd,1984,7.015
tcd,1985,7.037
tcd,1986,7.067
tcd,1987,7.105
tcd,1988,7.154
tcd,1989,7.186
tcd,1990,7.219
tcd,1991,7.261
tcd,1992,7.296
tcd,1993,7.337
tcd,1994,7.31
tcd,1995,7.29
tcd,1996,7.292
tcd,1997,7.274
tcd,1998,7.266
tcd,1999,7.262
tcd,2000,7.249
tcd,2001,7.231
tcd,2002,7.201
tcd,2003,7.179
tcd,2004,7.16
tcd,2005,7.134
tcd,2006,7.118
tcd,2007,7.092
tcd,2008,7.063
tcd,2009,7.021
tcd,2010,6.99
tcd,2011,6.948
tcd,2012,6.905
tcd,2013,6.839
tcd,2014,6.781
tcd,2015,6.706
tcd,2016,6.623
tcd,2017,6.537
tcd,2018,6.464
tcd,2019,6.412
tcd,2020,6.346
tcd,2021,6.255
tcd,2022,6.215
tcd,2023,6.12
tgo,1950,6.598
tgo,1951,6.62
tgo,1952,6.642
tgo,1953,6.652
tgo,1954,6.661
tgo,1955,6.665
tgo,1956,6.691
tgo,1957,6.711
tgo,1958,6.732
tgo,1959,6.765
tgo,1960,6.797
tgo,1961,6.821
tgo,1962,6.857
tgo,1963,6.893
tgo,1964,6.916
tgo,1965,6.937
tgo,1966,6.956
tgo,1967,6.959
tgo,1968,6.97
tgo,1969,7.015
tgo,1970,7.035
tgo,1971,7.064
tgo,1972,7.069
tgo,1973,7.081
tgo,1974,7.09
tgo,1975,7.088
tgo,1976,7.063
tgo,1977,7.025
tgo,1978,6.983
tgo,1979,6.935
tgo,1980,6.876
tgo,1981,6.809
tgo,1982,6.725
tgo,1983,6.633
tgo,1984,6.542
tgo,1985,6.457
tgo,1986,6.382
tgo,1987,6.304
tgo,1988,6.228
tgo,1989,6.149
tgo,1990,6.067
tgo,1991,5.987
tgo,1992,5.886
tgo,1993,5.782
tgo,1994,5.672
tgo,1995,5.565
tgo,1996,5.459
tgo,1997,5.363
tgo,1998,5.288
tgo,1999,5.226
tgo,2000,5.165
tgo,2001,5.128
tgo,2002,5.092
tgo,2003,5.048
tgo,2004,4.995
tgo,2005,5.038
tgo,2006,5.076
tgo,2007,5.102
tgo,2008,5.1
tgo,2009,5.104
tgo,2010,5.087
tgo,2011,4.984
tgo,2012,4.854
tgo,2013,4.754
tgo,2014,4.702
tgo,2015,4.662
tgo,2016,4.634
tgo,2017,4.576
tgo,2018,4.513
tgo,2019,4.45
tgo,2020,4.386
tgo,2021,4.324
tgo,2022,4.253
tgo,2023,4.192
tha,1950,6.359
tha,1951,6.384
tha,1952,6.396
tha,1953,6.416
tha,1954,6.408
tha,1955,6.391
tha,1956,6.373
tha,1957,6.355
tha,1958,6.345
tha,1959,6.332
tha,1960,6.325
tha,1961,6.324
tha,1962,6.331
tha,1963,6.342
tha,1964,6.309
tha,1965,6.258
tha,1966,6.182
tha,1967,6.077
tha,1968,5.928
tha,1969,5.704
tha,1970,5.452
tha,1971,5.253
tha,1972,5.077
tha,1973,4.845
tha,1974,4.598
tha,1975,4.364
tha,1976,4.119
tha,1977,3.865
tha,1978,3.617
tha,1979,3.451
tha,1980,3.293
tha,1981,3.127
tha,1982,2.943
tha,1983,2.755
tha,1984,2.582
tha,1985,2.45
tha,1986,2.358
tha,1987,2.255
tha,1988,2.171
tha,1989,2.136
tha,1990,2.065
tha,1991,2.036
tha,1992,2.008
tha,1993,1.967
tha,1994,1.928
tha,1995,1.888
tha,1996,1.865
tha,1997,1.845
tha,1998,1.815
tha,1999,1.768
tha,2000,1.734
tha,2001,1.711
tha,2002,1.688
tha,2003,1.673
tha,2004,1.665
tha,2005,1.644
tha,2006,1.631
tha,2007,1.616
tha,2008,1.587
tha,2009,1.565
tha,2010,1.562
tha,2011,1.571
tha,2012,1.563
tha,2013,1.526
tha,2014,1.484
tha,2015,1.451
tha,2016,1.4
tha,2017,1.363
tha,2018,1.323
tha,2019,1.285
tha,2020,1.259
tha,2021,1.234
tha,2022,1.221
tha,2023,1.212
tjk,1950,5.609
tjk,1951,5.603
tjk,1952,5.601
tjk,1953,5.66
tjk,1954,5.721
tjk,1955,5.785
tjk,1956,5.847
tjk,1957,5.917
tjk,1958,6.045
tjk,1959,6.131
tjk,1960,6.235
tjk,1961,6.353
tjk,1962,6.479
tjk,1963,6.62
tjk,1964,6.68
tjk,1965,6.743
tjk,1966,6.815
tjk,1967,6.886
tjk,1968,6.912
tjk,1969,6.911
tjk,1970,6.911
tjk,1971,6.911
tjk,1972,6.893
tjk,1973,6.841
tjk,1974,6.772
tjk,1975,6.692
tjk,1976,6.601
tjk,1977,6.494
tjk,1978,6.4
tjk,1979,6.311
tjk,1980,6.212
tjk,1981,6.117
tjk,1982,6.034
tjk,1983,5.981
tjk,1984,5.956
tjk,1985,5.944
tjk,1986,5.906
tjk,1987,5.839
tjk,1988,5.754
tjk,1989,5.609
tjk,1990,5.456
tjk,1991,5.276
tjk,1992,5.056
tjk,1993,4.921
tjk,1994,4.792
tjk,1995,4.664
tjk,1996,3.94
tjk,1997,4.06
tjk,1998,4.07
tjk,1999,3.85
tjk,2000,3.49
tjk,2001,3.49
tjk,2002,3.47
tjk,2003,3.42
tjk,2004,3.507
tjk,2005,3.398
tjk,2006,3.341
tjk,2007,3.367
tjk,2008,3.388
tjk,2009,3.43
tjk,2010,3.457
tjk,2011,3.456
tjk,2012,3.421
tjk,2013,3.433
tjk,2014,3.459
tjk,2015,3.459
tjk,2016,3.384
tjk,2017,3.29
tjk,2018,3.294
tjk,2019,3.281
tjk,2020,3.211
tjk,2021,3.17
tjk,2022,3.127
tjk,2023,3.072
tkl,1950,5.118
tkl,1951,5.221
tkl,1952,5.308
tkl,1953,5.381
tkl,1954,5.392
tkl,1955,5.497
tkl,1956,5.6
tkl,1957,5.625
tkl,1958,5.668
tkl,1959,5.706
tkl,1960,5.728
tkl,1961,5.717
tkl,1962,5.692
tkl,1963,5.657
tkl,1964,5.621
tkl,1965,5.552
tkl,1966,5.462
tkl,1967,5.369
tkl,1968,5.27
tkl,1969,5.162
tkl,1970,5.037
tkl,1971,4.926
tkl,1972,4.804
tkl,1973,4.656
tkl,1974,4.517
tkl,1975,4.41
tkl,1976,4.317
tkl,1977,4.223
tkl,1978,4.157
tkl,1979,4.097
tkl,1980,4.079
tkl,1981,4.059
tkl,1982,4.055
tkl,1983,4.092
tkl,1984,4.146
tkl,1985,4.194
tkl,1986,4.259
tkl,1987,4.325
tkl,1988,4.417
tkl,1989,4.507
tkl,1990,4.564
tkl,1991,4.598
tkl,1992,4.606
tkl,1993,4.579
tkl,1994,4.521
tkl,1995,4.468
tkl,1996,4.381
tkl,1997,4.267
tkl,1998,4.137
tkl,1999,3.996
tkl,2000,3.823
tkl,2001,3.672
tkl,2002,3.57
tkl,2003,3.514
tkl,2004,3.47
tkl,2005,3.44
tkl,2006,3.42
tkl,2007,3.4
tkl,2008,3.378
tkl,2009,3.342
tkl,2010,3.249
tkl,2011,3.164
tkl,2012,3.095
tkl,2013,3.042
tkl,2014,2.987
tkl,2015,2.924
tkl,2016,2.864
tkl,2017,2.811
tkl,2018,2.777
tkl,2019,2.745
tkl,2020,2.711
tkl,2021,2.683
tkl,2022,2.646
tkl,2023,2.612
tkm,1950,5.256
tkm,1951,5.251
tkm,1952,5.254
tkm,1953,5.568
tkm,1954,5.77
tkm,1955,5.966
tkm,1956,6.156
tkm,1957,6.336
tkm,1958,6.505
tkm,1959,6.557
tkm,1960,6.59
tkm,1961,6.689
tkm,1962,6.756
tkm,1963,6.788
tkm,1964,6.787
tkm,1965,6.756
tkm,1966,6.703
tkm,1967,6.635
tkm,1968,6.56
tkm,1969,6.482
tkm,1970,6.404
tkm,1971,6.323
tkm,1972,6.2
tkm,1973,6.152
tkm,1974,6.087
tkm,1975,6.004
tkm,1976,5.901
tkm,1977,5.77
tkm,1978,5.61
tkm,1979,5.457
tkm,1980,5.303
tkm,1981,5.162
tkm,1982,5.042
tkm,1983,4.967
tkm,1984,4.964
tkm,1985,4.966
tkm,1986,4.936
tkm,1987,4.842
tkm,1988,4.675
tkm,1989,4.463
tkm,1990,4.288
tkm,1991,4.145
tkm,1992,3.957
tkm,1993,3.778
tkm,1994,3.623
tkm,1995,3.491
tkm,1996,3.292
tkm,1997,3.18
tkm,1998,3.075
tkm,1999,2.976
tkm,2000,2.9
tkm,2001,2.814
tkm,2002,2.71
tkm,2003,2.667
tkm,2004,2.674
tkm,2005,2.706
tkm,2006,2.724
tkm,2007,2.734
tkm,2008,2.75
tkm,2009,2.794
tkm,2010,2.848
tkm,2011,2.9
tkm,2012,2.955
tkm,2013,3.007
tkm,2014,3.023
tkm,2015,3.033
tkm,2016,2.99
tkm,2017,2.934
tkm,2018,2.875
tkm,2019,2.834
tkm,2020,2.793
tkm,2021,2.754
tkm,2022,2.728
tkm,2023,2.69
tls,1950,6.605
tls,1951,6.591
tls,1952,6.564
tls,1953,6.536
tls,1954,6.509
tls,1955,6.481
tls,1956,6.453
tls,1957,6.424
tls,1958,6.393
tls,1959,6.359
tls,1960,6.319
tls,1961,6.273
tls,1962,6.218
tls,1963,6.155
tls,1964,6.084
tls,1965,6.008
tls,1966,5.932
tls,1967,5.858
tls,1968,5.788
tls,1969,5.722
tls,1970,5.655
tls,1971,5.58
tls,1972,5.492
tls,1973,5.392
tls,1974,5.287
tls,1975,5.19
tls,1976,5.119
tls,1977,5.085
tls,1978,5.094
tls,1979,5.142
tls,1980,5.219
tls,1981,5.525
tls,1982,5.555
tls,1983,5.586
tls,1984,5.614
tls,1985,5.65
tls,1986,5.672
tls,1987,5.682
tls,1988,5.716
tls,1989,5.762
tls,1990,5.811
tls,1991,5.835
tls,1992,5.867
tls,1993,5.879
tls,1994,5.912
tls,1995,5.936
tls,1996,5.941
tls,1997,5.955
tls,1998,5.963
tls,1999,5.97
tls,2000,5.934
tls,2001,5.918
tls,2002,5.899
tls,2003,5.846
tls,2004,5.741
tls,2005,5.611
tls,2006,5.474
tls,2007,5.333
tls,2008,5.171
tls,2009,4.994
tls,2010,4.816
tls,2011,4.614
tls,2012,4.404
tls,2013,4.208
tls,2014,3.999
tls,2015,3.779
tls,2016,3.582
tls,2017,3.399
tls,2018,3.244
tls,2019,3.116
tls,2020,3.011
tls,2021,2.892
tls,2022,2.801
tls,2023,2.707
ton,1950,6.699
ton,1951,6.69
ton,1952,6.692
ton,1953,6.702
ton,1954,6.696
ton,1955,6.683
ton,1956,6.663
ton,1957,6.652
ton,1958,6.648
ton,1959,6.644
ton,1960,6.651
ton,1961,6.61
ton,1962,6.571
ton,1963,6.517
ton,1964,6.464
ton,1965,6.408
ton,1966,6.349
ton,1967,6.293
ton,1968,6.226
ton,1969,6.166
ton,1970,6.071
ton,1971,5.958
ton,1972,5.862
ton,1973,5.801
ton,1974,5.765
ton,1975,5.746
ton,1976,5.726
ton,1977,5.699
ton,1978,5.684
ton,1979,5.647
ton,1980,5.599
ton,1981,5.554
ton,1982,5.497
ton,1983,5.45
ton,1984,5.407
ton,1985,5.344
ton,1986,5.273
ton,1987,5.192
ton,1988,5.103
ton,1989,5.006
ton,1990,4.929
ton,1991,4.852
ton,1992,4.787
ton,1993,4.726
ton,1994,4.658
ton,1995,4.563
ton,1996,4.455
ton,1997,4.378
ton,1998,4.309
ton,1999,4.228
ton,2000,4.159
ton,2001,4.127
ton,2002,4.138
ton,2003,4.175
ton,2004,4.186
ton,2005,4.195
ton,2006,4.141
ton,2007,4.086
ton,2008,4.012
ton,2009,3.946
ton,2010,3.879
ton,2011,3.829
ton,2012,3.768
ton,2013,3.696
ton,2014,3.619
ton,2015,3.54
ton,2016,3.463
ton,2017,3.388
ton,2018,3.326
ton,2019,3.274
ton,2020,3.234
ton,2021,3.198
ton,2022,3.171
ton,2023,3.129
tto,1950,5.182
tto,1951,5.214
tto,1952,5.244
tto,1953,5.279
tto,1954,5.343
tto,1955,5.349
tto,1956,5.266
tto,1957,5.279
tto,1958,5.298
tto,1959,5.348
tto,1960,5.405
tto,1961,5.405
tto,1962,5.358
tto,1963,5.242
tto,1964,5.081
tto,1965,4.88
tto,1966,4.62
tto,1967,4.35
tto,1968,4.106
tto,1969,3.856
tto,1970,3.709
tto,1971,3.612
tto,1972,3.551
tto,1973,3.466
tto,1974,3.319
tto,1975,3.214
tto,1976,3.138
tto,1977,3.121
tto,1978,3.129
tto,1979,3.126
tto,1980,3.145
tto,1981,3.133
tto,1982,3.108
tto,1983,3.07
tto,1984,3.017
tto,1985,2.988
tto,1986,2.903
tto,1987,2.775
tto,1988,2.646
tto,1989,2.526
tto,1990,2.394
tto,1991,2.29
tto,1992,2.213
tto,1993,2.129
tto,1994,2.064
tto,1995,1.967
tto,1996,1.894
tto,1997,1.831
tto,1998,1.784
tto,1999,1.76
tto,2000,1.732
tto,2001,1.705
tto,2002,1.672
tto,2003,1.648
tto,2004,1.627
tto,2005,1.625
tto,2006,1.624
tto,2007,1.622
tto,2008,1.617
tto,2009,1.618
tto,2010,1.614
tto,2011,1.611
tto,2012,1.609
tto,2013,1.603
tto,2014,1.602
tto,2015,1.598
tto,2016,1.601
tto,2017,1.594
tto,2018,1.588
tto,2019,1.578
tto,2020,1.572
tto,2021,1.559
tto,2022,1.544
tto,2023,1.532
tun,1950,6.68
tun,1951,6.739
tun,1952,6.804
tun,1953,6.866
tun,1954,6.93
tun,1955,6.973
tun,1956,7.016
tun,1957,7.063
tun,1958,7.106
tun,1959,7.15
tun,1960,7.157
tun,1961,7.159
tun,1962,7.168
tun,1963,7.17
tun,1964,7.166
tun,1965,7.113
tun,1966,7.055
tun,1967,6.952
tun,1968,6.806
tun,1969,6.623
tun,1970,6.426
tun,1971,6.29
tun,1972,6.187
tun,1973,6.12
tun,1974,6.048
tun,1975,5.972
tun,1976,5.873
tun,1977,5.681
tun,1978,5.401
tun,1979,5.184
tun,1980,5.033
tun,1981,5.023
tun,1982,4.89
tun,1983,4.771
tun,1984,4.664
tun,1985,4.521
tun,1986,4.361
tun,1987,4.104
tun,1988,3.833
tun,1989,3.569
tun,1990,3.441
tun,1991,3.31
tun,1992,3.189
tun,1993,3.058
tun,1994,2.874
tun,1995,2.67
tun,1996,2.488
tun,1997,2.338
tun,1998,2.197
tun,1999,2.082
tun,2000,2.025
tun,2001,1.975
tun,2002,1.941
tun,2003,1.956
tun,2004,1.95
tun,2005,1.953
tun,2006,1.952
tun,2007,1.957
tun,2008,1.975
tun,2009,2.004
tun,2010,2.075
tun,2011,2.189
tun,2012,2.277
tun,2013,2.31
tun,2014,2.316
tun,2015,2.306
tun,2016,2.275
tun,2017,2.205
tun,2018,2.133
tun,2019,2.1
tun,2020,2.0
tun,2021,1.8
tun,2022,1.847
tun,2023,1.832
tur,1950,6.468
tur,1951,6.468
tur,1952,6.47
tur,1953,6.477
tur,1954,6.468
tur,1955,6.463
tur,1956,6.463
tur,1957,6.454
tur,1958,6.434
tur,1959,6.416
tur,1960,6.383
tur,1961,6.419
tur,1962,6.382
tur,1963,6.339
tur,1964,6.291
tur,1965,6.22
tur,1966,6.152
tur,1967,6.057
tur,1968,5.962
tur,1969,5.872
tur,1970,5.775
tur,1971,5.671
tur,1972,5.548
tur,1973,5.41
tur,1974,5.243
tur,1975,5.087
tur,1976,4.931
tur,1977,4.784
tur,1978,4.691
tur,1979,4.579
tur,1980,4.453
tur,1981,4.351
tur,1982,4.205
tur,1983,4.056
tur,1984,3.911
tur,1985,3.779
tur,1986,3.658
tur,1987,3.542
tur,1988,3.445
tur,1989,3.336
tur,1990,3.107
tur,1991,3.003
tur,1992,2.939
tur,1993,2.916
tur,1994,2.874
tur,1995,2.835
tur,1996,2.779
tur,1997,2.744
tur,1998,2.707
tur,1999,2.63
tur,2000,2.487
tur,2001,2.392
tur,2002,2.268
tur,2003,2.202
tur,2004,2.197
tur,2005,2.197
tur,2006,2.193
tur,2007,2.183
tur,2008,2.167
tur,2009,2.145
tur,2010,2.08
tur,2011,2.047
tur,2012,2.109
tur,2013,2.107
tur,2014,2.186
tur,2015,2.157
tur,2016,2.115
tur,2017,2.082
tur,2018,2.004
tur,2019,1.886
tur,2020,1.768
tur,2021,1.708
tur,2022,1.625
tur,2023,1.625
tuv,1950,5.417
tuv,1951,5.414
tuv,1952,5.403
tuv,1953,5.39
tuv,1954,5.377
tuv,1955,5.356
tuv,1956,5.316
tuv,1957,5.28
tuv,1958,5.236
tuv,1959,5.191
tuv,1960,5.146
tuv,1961,5.089
tuv,1962,5.004
tuv,1963,4.914
tuv,1964,4.826
tuv,1965,4.726
tuv,1966,4.637
tuv,1967,4.494
tuv,1968,4.361
tuv,1969,4.227
tuv,1970,4.081
tuv,1971,3.944
tuv,1972,3.806
tuv,1973,3.712
tuv,1974,3.633
tuv,1975,3.578
tuv,1976,3.554
tuv,1977,3.555
tuv,1978,3.59
tuv,1979,3.645
tuv,1980,3.73
tuv,1981,3.804
tuv,1982,3.877
tuv,1983,3.912
tuv,1984,3.946
tuv,1985,3.973
tuv,1986,3.973
tuv,1987,3.941
tuv,1988,3.881
tuv,1989,3.797
tuv,1990,3.75
tuv,1991,3.789
tuv,1992,3.86
tuv,1993,3.922
tuv,1994,3.923
tuv,1995,3.963
tuv,1996,3.951
tuv,1997,3.952
tuv,1998,3.951
tuv,1999,3.919
tuv,2000,3.841
tuv,2001,3.749
tuv,2002,3.637
tuv,2003,3.579
tuv,2004,3.553
tuv,2005,3.546
tuv,2006,3.525
tuv,2007,3.446
tuv,2008,3.415
tuv,2009,3.425
tuv,2010,3.442
tuv,2011,3.463
tuv,2012,3.47
tuv,2013,3.389
tuv,2014,3.33
tuv,2015,3.308
tuv,2016,3.297
tuv,2017,3.301
tuv,2018,3.328
tuv,2019,3.331
tuv,2020,3.309
tuv,2021,3.277
tuv,2022,3.244
tuv,2023,3.208
twn,1950,6.481
twn,1951,6.637
twn,1952,6.687
twn,1953,6.681
twn,1954,6.656
twn,1955,6.586
twn,1956,6.489
twn,1957,6.334
twn,1958,6.154
twn,1959,5.942
twn,1960,5.787
twn,1961,5.666
twn,1962,5.535
twn,1963,5.387
twn,1964,5.202
twn,1965,4.994
twn,1966,4.778
twn,1967,4.534
twn,1968,4.37
twn,1969,4.184
twn,1970,3.976
twn,1971,3.723
twn,1972,3.436
twn,1973,3.249
twn,1974,3.089
twn,1975,2.973
twn,1976,3.004
twn,1977,2.738
twn,1978,2.68
twn,1979,2.645
twn,1980,2.53
twn,1981,2.453
twn,1982,2.327
twn,1983,2.179
twn,1984,2.046
twn,1985,1.884
twn,1986,1.72
twn,1987,1.715
twn,1988,1.803
twn,1989,1.743
twn,1990,1.787
twn,1991,1.746
twn,1992,1.744
twn,1993,1.767
twn,1994,1.771
twn,1995,1.782
twn,1996,1.779
twn,1997,1.736
twn,1998,1.541
twn,1999,1.533
twn,2000,1.472
twn,2001,1.404
twn,2002,1.327
twn,2003,1.248
twn,2004,1.185
twn,2005,1.133
twn,2006,1.118
twn,2007,1.102
twn,2008,1.062
twn,2009,1.005
twn,2010,0.916
twn,2011,1.059
twn,2012,1.188
twn,2013,1.13
twn,2014,1.162
twn,2015,1.185
twn,2016,1.171
twn,2017,1.121
twn,2018,1.075
twn,2019,1.045
twn,2020,0.99
twn,2021,0.975
twn,2022,0.87
twn,2023,0.87
tza,1950,6.182
tza,1951,6.204
tza,1952,6.229
tza,1953,6.248
tza,1954,6.267
tza,1955,6.305
tza,1956,6.364
tza,1957,6.437
tza,1958,6.475
tza,1959,6.501
tza,1960,6.536
tza,1961,6.562
tza,1962,6.605
tza,1963,6.647
tza,1964,6.68
tza,1965,6.727
tza,1966,6.804
tza,1967,6.864
tza,1968,6.9
tza,1969,6.954
tza,1970,7.001
tza,1971,7.044
tza,1972,7.052
tza,1973,7.062
tza,1974,7.123
tza,1975,7.101
tza,1976,7.086
tza,1977,7.072
tza,1978,7.06
tza,1979,7.043
tza,1980,6.991
tza,1981,6.93
tza,1982,6.868
tza,1983,6.805
tza,1984,6.715
tza,1985,6.598
tza,1986,6.488
tza,1987,6.406
tza,1988,6.379
tza,1989,6.303
tza,1990,6.201
tza,1991,6.135
tza,1992,6.078
tza,1993,5.997
tza,1994,5.894
tza,1995,5.822
tza,1996,5.826
tza,1997,5.836
tza,1998,5.811
tza,1999,5.747
tza,2000,5.67
tza,2001,5.617
tza,2002,5.57
tza,2003,5.578
tza,2004,5.597
tza,2005,5.579
tza,2006,5.511
tza,2007,5.403
tza,2008,5.324
tza,2009,5.26
tza,2010,5.225
tza,2011,5.141
tza,2012,5.137
tza,2013,5.156
tza,2014,5.122
tza,2015,5.025
tza,2016,5.006
tza,2017,4.988
tza,2018,4.932
tza,2019,4.866
tza,2020,4.801
tza,2021,4.734
tza,2022,4.671
tza,2023,4.606
uga,1950,6.657
uga,1951,6.649
uga,1952,6.673
uga,1953,6.697
uga,1954,6.724
uga,1955,6.743
uga,1956,6.762
uga,1957,6.796
uga,1958,6.839
uga,1959,6.883
uga,1960,6.905
uga,1961,6.927
uga,1962,6.959
uga,1963,6.984
uga,1964,7.012
uga,1965,7.042
uga,1966,7.066
uga,1967,7.102
uga,1968,7.13
uga,1969,7.115
uga,1970,7.149
uga,1971,7.181
uga,1972,7.185
uga,1973,7.193
uga,1974,7.192
uga,1975,7.201
uga,1976,7.194
uga,1977,7.183
uga,1978,7.163
uga,1979,7.142
uga,1980,7.113
uga,1981,7.118
uga,1982,7.11
uga,1983,7.068
uga,1984,7.024
uga,1985,7.037
uga,1986,7.083
uga,1987,7.12
uga,1988,7.102
uga,1989,7.045
uga,1990,7.014
uga,1991,6.943
uga,1992,6.913
uga,1993,6.886
uga,1994,6.899
uga,1995,6.871
uga,1996,6.835
uga,1997,6.856
uga,1998,6.837
uga,1999,6.825
uga,2000,6.788
uga,2001,6.757
uga,2002,6.735
uga,2003,6.671
uga,2004,6.612
uga,2005,6.525
uga,2006,6.429
uga,2007,6.326
uga,2008,6.202
uga,2009,6.124
uga,2010,6.019
uga,2011,5.885
uga,2012,5.729
uga,2013,5.563
uga,2014,5.408
uga,2015,5.251
uga,2016,5.112
uga,2017,4.987
uga,2018,4.867
uga,2019,4.744
uga,2020,4.621
uga,2021,4.51
uga,2022,4.388
uga,2023,4.283
ukr,1950,2.447
ukr,1951,2.429
ukr,1952,2.4
ukr,1953,2.361
ukr,1954,2.306
ukr,1955,2.312
ukr,1956,2.303
ukr,1957,2.298
ukr,1958,2.295
ukr,1959,2.295
ukr,1960,2.285
ukr,1961,2.197
ukr,1962,2.154
ukr,1963,2.111
ukr,1964,2.014
ukr,1965,1.943
ukr,1966,2.037
ukr,1967,2.04
ukr,1968,2.031
ukr,1969,2.012
ukr,1970,2.078
ukr,1971,2.113
ukr,1972,2.127
ukr,1973,2.044
ukr,1974,2.064
ukr,1975,2.049
ukr,1976,2.044
ukr,1977,1.983
ukr,1978,1.969
ukr,1979,1.957
ukr,1980,1.949
ukr,1981,1.915
ukr,1982,1.951
ukr,1983,2.099
ukr,1984,2.081
ukr,1985,2.033
ukr,1986,2.117
ukr,1987,2.07
ukr,1988,2.042
ukr,1989,1.927
ukr,1990,1.845
ukr,1991,1.773
ukr,1992,1.674
ukr,1993,1.564
ukr,1994,1.471
ukr,1995,1.399
ukr,1996,1.333
ukr,1997,1.271
ukr,1998,1.206
ukr,1999,1.127
ukr,2000,1.108
ukr,2001,1.092
ukr,2002,1.127
ukr,2003,1.173
ukr,2004,1.215
ukr,2005,1.221
ukr,2006,1.297
ukr,2007,1.343
ukr,2008,1.444
ukr,2009,1.47
ukr,2010,1.436
ukr,2011,1.464
ukr,2012,1.528
ukr,2013,1.515
ukr,2014,1.466
ukr,2015,1.387
ukr,2016,1.391
ukr,2017,1.3
ukr,2018,1.233
ukr,2019,1.218
ukr,2020,1.208
ukr,2021,1.148
ukr,2022,0.897
ukr,2023,0.977
ury,1950,2.692
ury,1951,2.701
ury,1952,2.719
ury,1953,2.739
ury,1954,2.76
ury,1955,2.757
ury,1956,2.791
ury,1957,2.802
ury,1958,2.815
ury,1959,2.816
ury,1960,2.827
ury,1961,2.846
ury,1962,2.866
ury,1963,2.884
ury,1964,2.863
ury,1965,2.84
ury,1966,2.819
ury,1967,2.784
ury,1968,2.771
ury,1969,2.769
ury,1970,2.772
ury,1971,2.767
ury,1972,2.782
ury,1973,2.855
ury,1974,2.957
ury,1975,3.017
ury,1976,3.005
ury,1977,2.899
ury,1978,2.829
ury,1979,2.711
ury,1980,2.59
ury,1981,2.534
ury,1982,2.512
ury,1983,2.486
ury,1984,2.471
ury,1985,2.47
ury,1986,2.47
ury,1987,2.486
ury,1988,2.503
ury,1989,2.498
ury,1990,2.477
ury,1991,2.454
ury,1992,2.432
ury,1993,2.408
ury,1994,2.425
ury,1995,2.401
ury,1996,2.364
ury,1997,2.328
ury,1998,2.271
ury,1999,2.248
ury,2000,2.196
ury,2001,2.161
ury,2002,2.16
ury,2003,2.116
ury,2004,2.093
ury,2005,2.097
ury,2006,2.07
ury,2007,2.048
ury,2008,2.03
ury,2009,2.018
ury,2010,2.011
ury,2011,1.987
ury,2012,2.012
ury,2013,2.034
ury,2014,2.026
ury,2015,2.041
ury,2016,1.966
ury,2017,1.824
ury,2018,1.681
ury,2019,1.567
ury,2020,1.497
ury,2021,1.446
ury,2022,1.425
ury,2023,1.409
usa,1933,2.012
usa,1934,2.072
usa,1935,2.038
usa,1936,2.007
usa,1937,2.038
usa,1938,2.092
usa,1939,2.05
usa,1940,2.113
usa,1941,2.226
usa,1942,2.465
usa,1943,2.566
usa,1944,2.439
usa,1945,2.38
usa,1946,2.83
usa,1947,3.161
usa,1948,3.009
usa,1949,3.022
usa,1950,3.086
usa,1951,3.197
usa,1952,3.29
usa,1953,3.358
usa,1954,3.475
usa,1955,3.515
usa,1956,3.624
usa,1957,3.703
usa,1958,3.754
usa,1959,3.747
usa,1960,3.732
usa,1961,3.691
usa,1962,3.533
usa,1963,3.39
usa,1964,3.258
usa,1965,2.983
usa,1966,2.769
usa,1967,2.605
usa,1968,2.508
usa,1969,2.504
usa,1970,2.515
usa,1971,2.318
usa,1972,2.057
usa,1973,1.921
usa,1974,1.872
usa,1975,1.815
usa,1976,1.785
usa,1977,1.826
usa,1978,1.804
usa,1979,1.843
usa,1980,1.861
usa,1981,1.847
usa,1982,1.855
usa,1983,1.827
usa,1984,1.827
usa,1985,1.854
usa,1986,1.852
usa,1987,1.885
usa,1988,1.942
usa,1989,2.014
usa,1990,2.072
usa,1991,2.059
usa,1992,2.039
usa,1993,2.01
usa,1994,1.988
usa,1995,1.965
usa,1996,1.96
usa,1997,1.956
usa,1998,1.98
usa,1999,1.99
usa,2000,2.03
usa,2001,2.011
usa,2002,2.003
usa,2003,2.025
usa,2004,2.031
usa,2005,2.04
usa,2006,2.087
usa,2007,2.096
usa,2008,2.053
usa,2009,1.987
usa,2010,1.916
usa,2011,1.879
usa,2012,1.862
usa,2013,1.84
usa,2014,1.848
usa,2015,1.832
usa,2016,1.804
usa,2017,1.753
usa,2018,1.715
usa,2019,1.684
usa,2020,1.616
usa,2021,1.634
usa,2022,1.665
usa,2023,1.624
uzb,1950,5.173
uzb,1951,5.174
uzb,1952,5.308
uzb,1953,5.42
uzb,1954,5.526
uzb,1955,5.678
uzb,1956,5.8
uzb,1957,5.92
uzb,1958,6.096
uzb,1959,6.35
uzb,1960,6.613
uzb,1961,6.752
uzb,1962,6.878
uzb,1963,6.808
uzb,1964,6.823
uzb,1965,6.81
uzb,1966,6.66
uzb,1967,6.567
uzb,1968,6.394
uzb,1969,6.338
uzb,1970,6.313
uzb,1971,6.284
uzb,1972,6.246
uzb,1973,6.162
uzb,1974,6.053
uzb,1975,5.918
uzb,1976,5.749
uzb,1977,5.54
uzb,1978,5.281
uzb,1979,5.159
uzb,1980,5.039
uzb,1981,4.905
uzb,1982,4.817
uzb,1983,4.714
uzb,1984,4.729
uzb,1985,4.691
uzb,1986,4.675
uzb,1987,4.532
uzb,1988,4.263
uzb,1989,4.102
uzb,1990,4.122
uzb,1991,4.19
uzb,1992,4.056
uzb,1993,3.863
uzb,1994,3.66
uzb,1995,3.566
uzb,1996,3.393
uzb,1997,3.186
uzb,1998,2.985
uzb,1999,2.831
uzb,2000,2.696
uzb,2001,2.61
uzb,2002,2.575
uzb,2003,2.503
uzb,2004,2.496
uzb,2005,2.438
uzb,2006,2.461
uzb,2007,2.573
uzb,2008,2.635
uzb,2009,2.559
uzb,2010,2.442
uzb,2011,2.354
uzb,2012,2.337
uzb,2013,2.445
uzb,2014,2.546
uzb,2015,2.583
uzb,2016,2.564
uzb,2017,2.57
uzb,2018,2.713
uzb,2019,2.869
uzb,2020,3.062
uzb,2021,3.273
uzb,2022,3.396
uzb,2023,3.5
vat,1950,1.0
vat,1951,1.0
vat,1952,1.0
vat,1953,1.0
vat,1954,1.0
vat,1955,1.0
vat,1956,1.0
vat,1957,1.0
vat,1958,1.0
vat,1959,1.0
vat,1960,1.0
vat,1961,1.0
vat,1962,1.0
vat,1963,1.0
vat,1964,1.0
vat,1965,1.0
vat,1966,1.0
vat,1967,1.0
vat,1968,1.0
vat,1969,1.0
vat,1970,1.0
vat,1971,1.0
vat,1972,1.0
vat,1973,1.0
vat,1974,1.0
vat,1975,1.0
vat,1976,1.0
vat,1977,1.0
vat,1978,1.0
vat,1979,1.0
vat,1980,1.0
vat,1981,1.0
vat,1982,1.0
vat,1983,1.0
vat,1984,1.0
vat,1985,1.0
vat,1986,1.0
vat,1987,1.0
vat,1988,1.0
vat,1989,1.0
vat,1990,1.0
vat,1991,1.0
vat,1992,1.0
vat,1993,1.0
vat,1994,1.0
vat,1995,1.0
vat,1996,1.0
vat,1997,1.0
vat,1998,1.0
vat,1999,1.0
vat,2000,1.0
vat,2001,1.0
vat,2002,1.0
vat,2003,1.0
vat,2004,1.0
vat,2005,1.0
vat,2006,1.0
vat,2007,1.0
vat,2008,1.0
vat,2009,1.0
vat,2010,1.0
vat,2011,1.0
vat,2012,1.0
vat,2013,1.0
vat,2014,1.0
vat,2015,1.0
vat,2016,1.0
vat,2017,1.0
vat,2018,1.0
vat,2019,1.0
vat,2020,1.0
vat,2021,1.0
vat,2022,1.0
vat,2023,1.0
vct,1950,7.285
vct,1951,7.295
vct,1952,7.31
vct,1953,7.321
vct,1954,7.337
vct,1955,7.359
vct,1956,7.34
vct,1957,7.323
vct,1958,7.304
vct,1959,7.284
vct,1960,7.247
vct,1961,7.157
vct,1962,7.033
vct,1963,6.921
vct,1964,6.828
vct,1965,6.735
vct,1966,6.639
vct,1967,6.533
vct,1968,6.416
vct,1969,6.275
vct,1970,6.116
vct,1971,5.946
vct,1972,5.774
vct,1973,5.587
vct,1974,5.379
vct,1975,5.165
vct,1976,4.949
vct,1977,4.748
vct,1978,4.554
vct,1979,4.291
vct,1980,3.923
vct,1981,3.845
vct,1982,3.743
vct,1983,3.561
vct,1984,3.283
vct,1985,3.081
vct,1986,2.924
vct,1987,2.819
vct,1988,2.753
vct,1989,2.73
vct,1990,2.731
vct,1991,2.747
vct,1992,2.759
vct,1993,2.737
vct,1994,2.678
vct,1995,2.609
vct,1996,2.526
vct,1997,2.433
vct,1998,2.345
vct,1999,2.307
vct,2000,2.306
vct,2001,2.3
vct,2002,2.218
vct,2003,2.142
vct,2004,2.087
vct,2005,2.068
vct,2006,2.033
vct,2007,2.063
vct,2008,2.15
vct,2009,2.174
vct,2010,2.144
vct,2011,2.076
vct,2012,2.113
vct,2013,2.106
vct,2014,2.141
vct,2015,2.133
vct,2016,2.055
vct,2017,1.94
vct,2018,1.9
vct,2019,1.864
vct,2020,1.83
vct,2021,1.808
vct,2022,1.791
vct,2023,1.775
ven,1950,6.635
ven,1951,6.619
ven,1952,6.612
ven,1953,6.607
ven,1954,6.602
ven,1955,6.599
ven,1956,6.596
ven,1957,6.588
ven,1958,6.567
ven,1959,6.446
ven,1960,6.382
ven,1961,6.298
ven,1962,6.231
ven,1963,6.155
ven,1964,6.071
ven,1965,5.977
ven,1966,5.87
ven,1967,5.748
ven,1968,5.614
ven,1969,5.469
ven,1970,5.321
ven,1971,5.174
ven,1972,5.035
ven,1973,4.906
ven,1974,4.791
ven,1975,4.686
ven,1976,4.589
ven,1977,4.494
ven,1978,4.397
ven,1979,4.298
ven,1980,4.2
ven,1981,4.104
ven,1982,4.014
ven,1983,3.933
ven,1984,3.861
ven,1985,3.794
ven,1986,3.73
ven,1987,3.665
ven,1988,3.597
ven,1989,3.524
ven,1990,3.448
ven,1991,3.37
ven,1992,3.292
ven,1993,3.218
ven,1994,3.147
ven,1995,3.082
ven,1996,3.022
ven,1997,2.967
ven,1998,2.912
ven,1999,2.856
ven,2000,2.79
ven,2001,2.779
ven,2002,2.739
ven,2003,2.703
ven,2004,2.639
ven,2005,2.629
ven,2006,2.595
ven,2007,2.524
ven,2008,2.475
ven,2009,2.422
ven,2010,2.396
ven,2011,2.398
ven,2012,2.379
ven,2013,2.334
ven,2014,2.296
ven,2015,2.253
ven,2016,2.217
ven,2017,2.183
ven,2018,2.151
ven,2019,2.131
ven,2020,2.116
ven,2021,2.105
ven,2022,2.088
ven,2023,2.079
vgb,1950,5.049
vgb,1951,5.13
vgb,1952,5.202
vgb,1953,5.251
vgb,1954,5.274
vgb,1955,5.303
vgb,1956,5.226
vgb,1957,5.158
vgb,1958,5.063
vgb,1959,4.945
vgb,1960,4.812
vgb,1961,4.667
vgb,1962,4.514
vgb,1963,4.363
vgb,1964,4.194
vgb,1965,4.053
vgb,1966,3.965
vgb,1967,3.912
vgb,1968,3.875
vgb,1969,3.807
vgb,1970,3.739
vgb,1971,3.642
vgb,1972,3.542
vgb,1973,3.428
vgb,1974,3.333
vgb,1975,3.254
vgb,1976,3.2
vgb,1977,3.148
vgb,1978,3.113
vgb,1979,3.066
vgb,1980,2.924
vgb,1981,2.334
vgb,1982,2.269
vgb,1983,2.121
vgb,1984,1.987
vgb,1985,1.919
vgb,1986,1.78
vgb,1987,1.717
vgb,1988,1.711
vgb,1989,1.769
vgb,1990,1.779
vgb,1991,1.843
vgb,1992,1.878
vgb,1993,1.81
vgb,1994,1.659
vgb,1995,1.777
vgb,1996,1.894
vgb,1997,2.009
vgb,1998,1.523
vgb,1999,1.786
vgb,2000,1.839
vgb,2001,1.517
vgb,2002,1.247
vgb,2003,1.309
vgb,2004,1.5
vgb,2005,1.34
vgb,2006,1.234
vgb,2007,1.312
vgb,2008,1.272
vgb,2009,1.23
vgb,2010,1.183
vgb,2011,1.268
vgb,2012,1.103
vgb,2013,1.086
vgb,2014,1.235
vgb,2015,1.186
vgb,2016,0.987
vgb,2017,0.873
vgb,2018,0.905
vgb,2019,0.941
vgb,2020,0.975
vgb,2021,0.999
vgb,2022,1.025
vgb,2023,1.045
vir,1950,4.965
vir,1951,5.14
vir,1952,4.754
vir,1953,4.882
vir,1954,4.859
vir,1955,4.905
vir,1956,4.998
vir,1957,5.07
vir,1958,5.406
vir,1959,5.219
vir,1960,5.149
vir,1961,4.801
vir,1962,5.072
vir,1963,4.958
vir,1964,5.474
vir,1965,5.64
vir,1966,4.993
vir,1967,5.196
vir,1968,4.954
vir,1969,4.812
vir,1970,5.254
vir,1971,5.066
vir,1972,4.78
vir,1973,4.231
vir,1974,3.873
vir,1975,3.595
vir,1976,3.39
vir,1977,3.257
vir,1978,3.303
vir,1979,3.04
vir,1980,3.105
vir,1981,2.999
vir,1982,3.076
vir,1983,3.097
vir,1984,2.896
vir,1985,2.831
vir,1986,2.74
vir,1987,2.844
vir,1988,2.837
vir,1989,3.024
vir,1990,3.106
vir,1991,3.379
vir,1992,3.63
vir,1993,3.636
vir,1994,3.682
vir,1995,3.237
vir,1996,2.941
vir,1997,3.017
vir,1998,2.676
vir,1999,2.449
vir,2000,2.337
vir,2001,2.473
vir,2002,2.415
vir,2003,2.331
vir,2004,2.427
vir,2005,2.42
vir,2006,2.572
vir,2007,2.598
vir,2008,2.687
vir,2009,2.575
vir,2010,2.48
vir,2011,2.338
vir,2012,2.254
vir,2013,2.229
vir,2014,2.221
vir,2015,2.218
vir,2016,2.205
vir,2017,2.193
vir,2018,2.182
vir,2019,2.162
vir,2020,2.139
vir,2021,2.124
vir,2022,2.101
vir,2023,2.09
vnm,1950,5.147
vnm,1951,4.651
vnm,1952,5.467
vnm,1953,5.274
vnm,1954,5.797
vnm,1955,5.535
vnm,1956,5.621
vnm,1957,6.145
vnm,1958,6.209
vnm,1959,6.25
vnm,1960,6.273
vnm,1961,5.476
vnm,1962,6.257
vnm,1963,6.385
vnm,1964,6.285
vnm,1965,6.156
vnm,1966,5.968
vnm,1967,5.883
vnm,1968,6.029
vnm,1969,6.013
vnm,1970,6.019
vnm,1971,6.069
vnm,1972,6.1
vnm,1973,6.108
vnm,1974,5.781
vnm,1975,5.621
vnm,1976,5.461
vnm,1977,5.291
vnm,1978,5.104
vnm,1979,4.94
vnm,1980,4.795
vnm,1981,4.665
vnm,1982,4.593
vnm,1983,4.524
vnm,1984,4.412
vnm,1985,4.206
vnm,1986,3.955
vnm,1987,3.717
vnm,1988,3.623
vnm,1989,3.641
vnm,1990,3.602
vnm,1991,3.524
vnm,1992,3.353
vnm,1993,3.172
vnm,1994,2.941
vnm,1995,2.7
vnm,1996,2.468
vnm,1997,2.274
vnm,1998,2.098
vnm,1999,1.999
vnm,2000,2.028
vnm,2001,2.023
vnm,2002,2.006
vnm,2003,1.999
vnm,2004,1.968
vnm,2005,1.887
vnm,2006,1.873
vnm,2007,1.911
vnm,2008,1.933
vnm,2009,1.92
vnm,2010,1.906
vnm,2011,1.927
vnm,2012,1.967
vnm,2013,1.98
vnm,2014,2.09
vnm,2015,2.1
vnm,2016,2.0
vnm,2017,1.985
vnm,2018,1.88
vnm,2019,1.943
vnm,2020,1.957
vnm,2021,1.942
vnm,2022,1.927
vnm,2023,1.913
vut,1950,7.039
vut,1951,7.029
vut,1952,7.029
vut,1953,7.032
vut,1954,7.042
vut,1955,7.033
vut,1956,7.002
vut,1957,6.953
vut,1958,6.9
vut,1959,6.843
vut,1960,6.784
vut,1961,6.729
vut,1962,6.672
vut,1963,6.623
vut,1964,6.568
vut,1965,6.524
vut,1966,6.511
vut,1967,6.509
vut,1968,6.463
vut,1969,6.41
vut,1970,6.346
vut,1971,6.293
vut,1972,6.228
vut,1973,6.151
vut,1974,6.057
vut,1975,5.976
vut,1976,5.885
vut,1977,5.806
vut,1978,5.768
vut,1979,5.733
vut,1980,5.691
vut,1981,5.651
vut,1982,5.603
vut,1983,5.547
vut,1984,5.489
vut,1985,5.433
vut,1986,5.382
vut,1987,5.328
vut,1988,5.27
vut,1989,5.211
vut,1990,5.166
vut,1991,5.13
vut,1992,5.094
vut,1993,5.023
vut,1994,4.937
vut,1995,4.847
vut,1996,4.752
vut,1997,4.657
vut,1998,4.603
vut,1999,4.556
vut,2000,4.537
vut,2001,4.495
vut,2002,4.382
vut,2003,4.293
vut,2004,4.214
vut,2005,4.133
vut,2006,4.1
vut,2007,4.117
vut,2008,4.159
vut,2009,4.157
vut,2010,4.126
vut,2011,4.093
vut,2012,4.059
vut,2013,4.039
vut,2014,3.999
vut,2015,3.952
vut,2016,3.915
vut,2017,3.875
vut,2018,3.834
vut,2019,3.79
vut,2020,3.738
vut,2021,3.696
vut,2022,3.647
vut,2023,3.596
wlf,1950,6.947
wlf,1951,6.95
wlf,1952,6.952
wlf,1953,6.955
wlf,1954,6.968
wlf,1955,6.967
wlf,1956,6.965
wlf,1957,6.962
wlf,1958,6.969
wlf,1959,6.983
wlf,1960,7.001
wlf,1961,7.021
wlf,1962,7.039
wlf,1963,7.071
wlf,1964,7.101
wlf,1965,7.139
wlf,1966,7.184
wlf,1967,7.232
wlf,1968,7.288
wlf,1969,7.347
wlf,1970,7.316
wlf,1971,7.283
wlf,1972,7.29
wlf,1973,7.301
wlf,1974,6.896
wlf,1975,6.439
wlf,1976,6.119
wlf,1977,6.358
wlf,1978,6.624
wlf,1979,6.475
wlf,1980,5.972
wlf,1981,6.399
wlf,1982,5.885
wlf,1983,5.507
wlf,1984,5.613
wlf,1985,5.443
wlf,1986,5.591
wlf,1987,5.633
wlf,1988,4.812
wlf,1989,4.488
wlf,1990,4.582
wlf,1991,4.418
wlf,1992,4.178
wlf,1993,3.916
wlf,1994,3.64
wlf,1995,3.384
wlf,1996,3.084
wlf,1997,2.628
wlf,1998,2.619
wlf,1999,3.129
wlf,2000,2.451
wlf,2001,2.372
wlf,2002,2.376
wlf,2003,2.583
wlf,2004,2.189
wlf,2005,2.07
wlf,2006,2.11
wlf,2007,2.111
wlf,2008,1.961
wlf,2009,2.43
wlf,2010,1.872
wlf,2011,2.278
wlf,2012,2.066
wlf,2013,1.829
wlf,2014,1.82
wlf,2015,1.972
wlf,2016,2.004
wlf,2017,2.027
wlf,2018,1.716
wlf,2019,2.048
wlf,2020,1.574
wlf,2021,1.459
wlf,2022,1.423
wlf,2023,1.41
wsm,1950,7.553
wsm,1951,7.599
wsm,1952,7.632
wsm,1953,7.658
wsm,1954,7.687
wsm,1955,7.711
wsm,1956,7.734
wsm,1957,7.756
wsm,1958,7.771
wsm,1959,7.787
wsm,1960,7.779
wsm,1961,7.771
wsm,1962,7.759
wsm,1963,7.729
wsm,1964,7.703
wsm,1965,7.653
wsm,1966,7.596
wsm,1967,7.551
wsm,1968,7.499
wsm,1969,7.432
wsm,1970,7.338
wsm,1971,7.224
wsm,1972,7.07
wsm,1973,6.908
wsm,1974,6.747
wsm,1975,6.606
wsm,1976,6.473
wsm,1977,6.313
wsm,1978,6.146
wsm,1979,5.991
wsm,1980,5.861
wsm,1981,5.749
wsm,1982,5.677
wsm,1983,5.617
wsm,1984,5.553
wsm,1985,5.489
wsm,1986,5.421
wsm,1987,5.316
wsm,1988,5.207
wsm,1989,5.107
wsm,1990,5.007
wsm,1991,4.912
wsm,1992,4.865
wsm,1993,4.826
wsm,1994,4.792
wsm,1995,4.767
wsm,1996,4.739
wsm,1997,4.695
wsm,1998,4.645
wsm,1999,4.572
wsm,2000,4.523
wsm,2001,4.477
wsm,2002,4.444
wsm,2003,4.392
wsm,2004,4.343
wsm,2005,4.322
wsm,2006,4.322
wsm,2007,4.358
wsm,2008,4.417
wsm,2009,4.466
wsm,2010,4.52
wsm,2011,4.56
wsm,2012,4.545
wsm,2013,4.491
wsm,2014,4.423
wsm,2015,4.344
wsm,2016,4.262
wsm,2017,4.196
wsm,2018,4.136
wsm,2019,4.061
wsm,2020,4.002
wsm,2021,3.94
wsm,2022,3.883
wsm,2023,3.829
yem,1950,7.971
yem,1951,7.971
yem,1952,7.969
yem,1953,7.964
yem,1954,7.964
yem,1955,7.97
yem,1956,7.965
yem,1957,7.963
yem,1958,7.969
yem,1959,7.984
yem,1960,7.988
yem,1961,8.0
yem,1962,8.01
yem,1963,8.028
yem,1964,8.071
yem,1965,8.101
yem,1966,8.142
yem,1967,8.174
yem,1968,8.191
yem,1969,8.216
yem,1970,8.234
yem,1971,8.26
yem,1972,8.273
yem,1973,8.29
yem,1974,8.326
yem,1975,8.373
yem,1976,8.423
yem,1977,8.466
yem,1978,8.501
yem,1979,8.671
yem,1980,8.71
yem,1981,8.752
yem,1982,8.793
yem,1983,8.828
yem,1984,8.853
yem,1985,8.864
yem,1986,8.858
yem,1987,8.833
yem,1988,8.786
yem,1989,8.713
yem,1990,8.606
yem,1991,8.459
yem,1992,8.272
yem,1993,8.048
yem,1994,7.795
yem,1995,7.525
yem,1996,7.004
yem,1997,6.82
yem,1998,6.639
yem,1999,6.489
yem,2000,6.317
yem,2001,6.143
yem,2002,5.971
yem,2003,5.839
yem,2004,5.712
yem,2005,5.563
yem,2006,5.412
yem,2007,5.261
yem,2008,5.113
yem,2009,5.004
yem,2010,4.81
yem,2011,4.63
yem,2012,4.633
yem,2013,4.623
yem,2014,4.62
yem,2015,4.617
yem,2016,4.613
yem,2017,4.61
yem,2018,4.607
yem,2019,4.603
yem,2020,4.6
yem,2021,4.597
yem,2022,4.593
yem,2023,4.59
zaf,1950,6.032
zaf,1951,6.063
zaf,1952,6.081
zaf,1953,6.094
zaf,1954,6.109
zaf,1955,6.127
zaf,1956,6.131
zaf,1957,6.136
zaf,1958,6.143
zaf,1959,6.126
zaf,1960,6.105
zaf,1961,6.08
zaf,1962,6.046
zaf,1963,6.012
zaf,1964,5.955
zaf,1965,5.892
zaf,1966,5.907
zaf,1967,5.852
zaf,1968,5.782
zaf,1969,5.719
zaf,1970,5.634
zaf,1971,5.569
zaf,1972,5.49
zaf,1973,5.413
zaf,1974,5.298
zaf,1975,5.191
zaf,1976,5.071
zaf,1977,4.942
zaf,1978,4.853
zaf,1979,4.818
zaf,1980,4.78
zaf,1981,4.712
zaf,1982,4.696
zaf,1983,4.626
zaf,1984,4.566
zaf,1985,4.495
zaf,1986,4.409
zaf,1987,4.352
zaf,1988,4.18
zaf,1989,3.983
zaf,1990,3.724
zaf,1991,3.618
zaf,1992,3.479
zaf,1993,3.372
zaf,1994,3.258
zaf,1995,3.172
zaf,1996,2.991
zaf,1997,2.734
zaf,1998,2.63
zaf,1999,2.559
zaf,2000,2.413
zaf,2001,2.373
zaf,2002,2.324
zaf,2003,2.358
zaf,2004,2.436
zaf,2005,2.512
zaf,2006,2.548
zaf,2007,2.545
zaf,2008,2.679
zaf,2009,2.501
zaf,2010,2.445
zaf,2011,2.436
zaf,2012,2.447
zaf,2013,2.428
zaf,2014,2.424
zaf,2015,2.359
zaf,2016,2.261
zaf,2017,2.283
zaf,2018,2.27
zaf,2019,2.264
zaf,2020,2.257
zaf,2021,2.248
zaf,2022,2.227
zaf,2023,2.216
zmb,1950,6.779
zmb,1951,6.766
zmb,1952,6.774
zmb,1953,6.786
zmb,1954,6.795
zmb,1955,6.803
zmb,1956,6.809
zmb,1957,6.832
zmb,1958,6.864
zmb,1959,6.903
zmb,1960,6.947
zmb,1961,6.982
zmb,1962,7.012
zmb,1963,7.06
zmb,1964,7.085
zmb,1965,7.116
zmb,1966,7.138
zmb,1967,7.154
zmb,1968,7.18
zmb,1969,7.18
zmb,1970,7.224
zmb,1971,7.26
zmb,1972,7.3
zmb,1973,7.339
zmb,1974,7.364
zmb,1975,7.421
zmb,1976,7.388
zmb,1977,7.353
zmb,1978,7.294
zmb,1979,7.222
zmb,1980,7.139
zmb,1981,7.073
zmb,1982,7.039
zmb,1983,7.007
zmb,1984,6.974
zmb,1985,6.928
zmb,1986,6.868
zmb,1987,6.798
zmb,1988,6.703
zmb,1989,6.635
zmb,1990,6.567
zmb,1991,6.458
zmb,1992,6.349
zmb,1993,6.298
zmb,1994,6.26
zmb,1995,6.232
zmb,1996,6.182
zmb,1997,6.124
zmb,1998,6.067
zmb,1999,5.998
zmb,2000,5.921
zmb,2001,5.848
zmb,2002,5.774
zmb,2003,5.71
zmb,2004,5.698
zmb,2005,5.697
zmb,2006,5.679
zmb,2007,5.613
zmb,2008,5.53
zmb,2009,5.453
zmb,2010,5.359
zmb,2011,5.256
zmb,2012,5.136
zmb,2013,5.014
zmb,2014,4.89
zmb,2015,4.775
zmb,2016,4.669
zmb,2017,4.567
zmb,2018,4.492
zmb,2019,4.418
zmb,2020,4.323
zmb,2021,4.246
zmb,2022,4.175
zmb,2023,4.101
zwe,1950,7.041
zwe,1951,7.06
zwe,1952,7.069
zwe,1953,7.081
zwe,1954,7.091
zwe,1955,7.099
zwe,1956,7.121
zwe,1957,7.142
zwe,1958,7.159
zwe,1959,7.173
zwe,1960,7.195
zwe,1961,7.212
zwe,1962,7.231
zwe,1963,7.23
zwe,1964,7.23
zwe,1965,7.231
zwe,1966,7.196
zwe,1967,7.157
zwe,1968,7.114
zwe,1969,7.036
zwe,1970,6.982
zwe,1971,6.939
zwe,1972,6.942
zwe,1973,6.942
zwe,1974,6.879
zwe,1975,6.832
zwe,1976,6.771
zwe,1977,6.713
zwe,1978,6.658
zwe,1979,6.59
zwe,1980,6.517
zwe,1981,6.445
zwe,1982,6.333
zwe,1983,6.197
zwe,1984,6.044
zwe,1985,5.871
zwe,1986,5.688
zwe,1987,5.5
zwe,1988,5.279
zwe,1989,5.073
zwe,1990,4.876
zwe,1991,4.715
zwe,1992,4.567
zwe,1993,4.391
zwe,1994,4.284
zwe,1995,4.153
zwe,1996,4.11
zwe,1997,4.075
zwe,1998,4.067
zwe,1999,4.056
zwe,2000,4.009
zwe,2001,3.983
zwe,2002,3.925
zwe,2003,3.862
zwe,2004,3.776
zwe,2005,3.693
zwe,2006,3.635
zwe,2007,3.677
zwe,2008,3.783
zwe,2009,3.95
zwe,2010,4.04
zwe,2011,4.126
zwe,2012,4.134
zwe,2013,4.111
zwe,2014,4.011
zwe,2015,3.911
zwe,2016,3.828
zwe,2017,3.768
zwe,2018,3.744
zwe,2019,3.748
zwe,2020,3.754
zwe,2021,3.765
zwe,2022,3.767
zwe,2023,3.724
