Geo,Time,Life expectancy (years)
abw,1950,57.99
abw,1951,58.73
abw,1952,59.45
abw,1953,60.12
abw,1954,60.82
abw,1955,61.45
abw,1956,62.04
abw,1957,62.6
abw,1958,63.15
abw,1959,63.61
abw,1960,64.05
abw,1961,64.21
abw,1962,64.6
abw,1963,64.94
abw,1964,65.3
abw,1965,65.62
abw,1966,66.13
abw,1967,66.38
abw,1968,66.74
abw,1969,67.1
abw,1970,67.44
abw,1971,67.78
abw,1972,68.33
abw,1973,68.86
abw,1974,69.28
abw,1975,69.56
abw,1976,69.81
abw,1977,70.05
abw,1978,70.27
abw,1979,70.51
abw,1980,70.77
abw,1981,71.34
abw,1982,71.48
abw,1983,71.61
abw,1984,71.71
abw,1985,71.79
abw,1986,71.83
abw,1987,72.45
abw,1988,72.52
abw,1989,72.53
abw,1990,72.55
abw,1991,72.59
abw,1992,72.72
abw,1993,72.78
abw,1994,72.8
abw,1995,72.83
abw,1996,72.86
abw,1997,72.9
abw,1998,72.94
abw,1999,72.86
abw,2000,72.94
abw,2001,73.04
abw,2002,73.14
abw,2003,73.24
abw,2004,73.22
abw,2005,73.42
abw,2006,73.5
abw,2007,73.64
abw,2008,73.78
abw,2009,73.97
abw,2010,74.3
abw,2011,74.58
abw,2012,74.84
abw,2013,75.07
abw,2014,75.26
abw,2015,75.41
abw,2016,75.54
abw,2017,75.62
abw,2018,75.88
abw,2019,76.02
abw,2020,75.41
abw,2021,73.66
abw,2022,76.23
abw,2023,76.35
afg,1950,28.16
afg,1951,28.58
afg,1952,29.01
afg,1953,29.45
afg,1954,29.7
afg,1955,30.37
afg,1956,30.83
afg,1957,31.35
afg,1958,31.84
afg,1959,32.34
afg,1960,32.8
afg,1961,33.29
afg,1962,33.76
afg,1963,34.2
afg,1964,34.67
afg,1965,35.12
afg,1966,35.58
afg,1967,36.04
afg,1968,36.51
afg,1969,36.98
afg,1970,37.46
afg,1971,37.93
afg,1972,38.42
afg,1973,38.95
afg,1974,39.47
afg,1975,39.99
afg,1976,40.52
afg,1977,41.08
afg,1978,40.09
afg,1979,38.84
afg,1980,39.26
afg,1981,39.41
afg,1982,36.06
afg,1983,36.52
afg,1984,31.47
afg,1985,32.13
afg,1986,38.4
afg,1987,38.83
afg,1988,43.24
afg,1989,44.5
afg,1990,45.12
afg,1991,45.52
afg,1992,46.57
afg,1993,51.02
afg,1994,50.97
afg,1995,52.1
afg,1996,52.83
afg,1997,53.21
afg,1998,52.49
afg,1999,54.53
afg,2000,55.0
afg,2001,55.51
afg,2002,56.23
afg,2003,57.17
afg,2004,57.81
afg,2005,58.25
afg,2006,58.55
afg,2007,58.96
afg,2008,59.71
afg,2009,60.25
afg,2010,60.7
afg,2011,61.25
afg,2012,61.73
afg,2013,62.19
afg,2014,62.26
afg,2015,62.27
afg,2016,62.65
afg,2017,62.41
afg,2018,62.44
afg,2019,62.94
afg,2020,61.45
afg,2021,60.42
afg,2022,65.62
afg,2023,66.03
ago,1940,26.98
ago,1950,35.87
ago,1951,36.05
ago,1952,36.22
ago,1953,36.43
ago,1954,36.63
ago,1955,36.85
ago,1956,37.08
ago,1957,37.27
ago,1958,37.47
ago,1959,37.69
ago,1960,37.93
ago,1961,36.9
ago,1962,37.17
ago,1963,37.42
ago,1964,37.7
ago,1965,37.97
ago,1966,38.26
ago,1967,38.62
ago,1968,38.97
ago,1969,39.33
ago,1970,39.69
ago,1971,40.08
ago,1972,40.47
ago,1973,40.87
ago,1974,41.26
ago,1975,40.82
ago,1976,40.81
ago,1977,41.21
ago,1978,41.57
ago,1979,41.91
ago,1980,42.24
ago,1981,42.56
ago,1982,42.86
ago,1983,41.97
ago,1984,42.25
ago,1985,42.5
ago,1986,42.74
ago,1987,40.79
ago,1988,41.47
ago,1989,41.7
ago,1990,41.85
ago,1991,43.81
ago,1992,42.27
ago,1993,42.19
ago,1994,43.57
ago,1995,46.14
ago,1996,46.42
ago,1997,46.69
ago,1998,45.45
ago,1999,45.81
ago,2000,46.5
ago,2001,47.03
ago,2002,47.87
ago,2003,50.22
ago,2004,51.12
ago,2005,52.13
ago,2006,52.96
ago,2007,54.2
ago,2008,55.28
ago,2009,56.23
ago,2010,57.24
ago,2011,58.09
ago,2012,58.92
ago,2013,59.7
ago,2014,60.4
ago,2015,61.04
ago,2016,61.62
ago,2017,62.12
ago,2018,62.62
ago,2019,63.05
ago,2020,63.12
ago,2021,62.96
ago,2022,64.25
ago,2023,64.62
aia,1950,55.06
aia,1951,55.59
aia,1952,56.08
aia,1953,56.58
aia,1954,57.08
aia,1955,57.61
aia,1956,58.17
aia,1957,58.72
aia,1958,59.26
aia,1959,59.85
aia,1960,58.83
aia,1961,60.92
aia,1962,61.42
aia,1963,61.91
aia,1964,62.39
aia,1965,62.88
aia,1966,63.35
aia,1967,63.74
aia,1968,64.14
aia,1969,64.53
aia,1970,65.0
aia,1971,65.46
aia,1972,65.87
aia,1973,66.25
aia,1974,66.64
aia,1975,67.06
aia,1976,67.44
aia,1977,67.82
aia,1978,68.23
aia,1979,68.6
aia,1980,68.92
aia,1981,69.25
aia,1982,69.57
aia,1983,69.89
aia,1984,70.16
aia,1985,70.43
aia,1986,70.75
aia,1987,71.07
aia,1988,71.4
aia,1989,71.78
aia,1990,72.09
aia,1991,72.45
aia,1992,72.78
aia,1993,73.12
aia,1994,73.44
aia,1995,73.74
aia,1996,74.05
aia,1997,74.34
aia,1998,74.61
aia,1999,74.89
aia,2000,75.15
aia,2001,75.4
aia,2002,75.66
aia,2003,75.89
aia,2004,76.14
aia,2005,76.34
aia,2006,76.57
aia,2007,76.75
aia,2008,76.9
aia,2009,77.04
aia,2010,77.21
aia,2011,77.3
aia,2012,77.41
aia,2013,77.62
aia,2014,77.7
aia,2015,77.74
aia,2016,77.88
aia,2017,77.17
aia,2018,78.24
aia,2019,78.43
aia,2020,78.66
aia,2021,78.41
aia,2022,79.12
aia,2023,79.31
alb,1950,44.52
alb,1951,45.27
alb,1952,46.28
alb,1953,47.37
alb,1954,48.42
alb,1955,49.58
alb,1956,50.85
alb,1957,52.26
alb,1958,53.74
alb,1959,55.13
alb,1960,56.41
alb,1961,57.49
alb,1962,58.49
alb,1963,59.48
alb,1964,60.4
alb,1965,61.27
alb,1966,62.15
alb,1967,62.98
alb,1968,63.79
alb,1969,64.54
alb,1970,65.23
alb,1971,65.9
alb,1972,66.53
alb,1973,67.11
alb,1974,67.63
alb,1975,68.12
alb,1976,68.57
alb,1977,68.99
alb,1978,69.37
alb,1979,69.62
alb,1980,69.9
alb,1981,70.14
alb,1982,70.42
alb,1983,70.71
alb,1984,70.98
alb,1985,71.28
alb,1986,71.67
alb,1987,71.98
alb,1988,72.22
alb,1989,72.46
alb,1990,72.71
alb,1991,73.0
alb,1992,73.3
alb,1993,73.64
alb,1994,73.84
alb,1995,74.02
alb,1996,74.11
alb,1997,73.38
alb,1998,74.36
alb,1999,74.57
alb,2000,74.83
alb,2001,75.08
alb,2002,75.3
alb,2003,75.56
alb,2004,75.95
alb,2005,76.43
alb,2006,76.99
alb,2007,77.69
alb,2008,78.25
alb,2009,78.51
alb,2010,78.41
alb,2011,78.3
alb,2012,78.08
alb,2013,78.0
alb,2014,78.03
alb,2015,78.36
alb,2016,78.64
alb,2017,78.9
alb,2018,79.24
alb,2019,79.47
alb,2020,77.82
alb,2021,76.84
alb,2022,78.77
alb,2023,79.6
and,1950,67.16
and,1951,67.53
and,1952,67.95
and,1953,68.61
and,1954,69.26
and,1955,69.78
and,1956,70.23
and,1957,70.64
and,1958,71.18
and,1959,71.62
and,1960,72.09
and,1961,72.57
and,1962,72.99
and,1963,73.3
and,1964,73.62
and,1965,73.86
and,1966,74.02
and,1967,74.12
and,1968,74.22
and,1969,74.3
and,1970,74.45
and,1971,74.61
and,1972,74.86
and,1973,75.1
and,1974,75.34
and,1975,75.57
and,1976,75.87
and,1977,76.15
and,1978,76.49
and,1979,76.82
and,1980,77.14
and,1981,77.39
and,1982,77.62
and,1983,77.79
and,1984,77.92
and,1985,78.01
and,1986,78.11
and,1987,78.19
and,1988,78.36
and,1989,78.56
and,1990,78.96
and,1991,79.35
and,1992,79.79
and,1993,80.19
and,1994,80.59
and,1995,80.8
and,1996,81.01
and,1997,81.14
and,1998,81.28
and,1999,81.55
and,2000,81.86
and,2001,82.16
and,2002,82.45
and,2003,82.72
and,2004,82.82
and,2005,83.09
and,2006,83.37
and,2007,83.63
and,2008,83.85
and,2009,84.1
and,2010,84.2
and,2011,84.3
and,2012,84.33
and,2013,84.41
and,2014,84.49
and,2015,84.53
and,2016,84.49
and,2017,84.36
and,2018,84.24
and,2019,84.1
and,2020,79.42
and,2021,82.33
and,2022,84.02
and,2023,84.04
are,1950,42.15
are,1951,42.89
are,1952,43.64
are,1953,44.41
are,1954,45.21
are,1955,46.05
are,1956,46.92
are,1957,47.83
are,1958,48.76
are,1959,49.7
are,1960,50.65
are,1961,51.6
are,1962,52.55
are,1963,53.51
are,1964,54.5
are,1965,55.51
are,1966,56.57
are,1967,57.65
are,1968,58.73
are,1969,59.76
are,1970,60.78
are,1971,61.75
are,1972,62.68
are,1973,63.54
are,1974,64.35
are,1975,65.11
are,1976,65.81
are,1977,66.47
are,1978,67.08
are,1979,67.64
are,1980,68.16
are,1981,68.62
are,1982,69.06
are,1983,69.45
are,1984,69.8
are,1985,70.12
are,1986,70.41
are,1987,70.62
are,1988,70.81
are,1989,70.96
are,1990,71.07
are,1991,71.14
are,1992,71.17
are,1993,71.16
are,1994,71.2
are,1995,71.39
are,1996,71.82
are,1997,72.56
are,1998,73.66
are,1999,74.98
are,2000,76.35
are,2001,77.62
are,2002,78.72
are,2003,79.6
are,2004,80.27
are,2005,80.78
are,2006,81.16
are,2007,81.44
are,2008,81.59
are,2009,81.68
are,2010,81.89
are,2011,81.9
are,2012,81.91
are,2013,81.95
are,2014,81.99
are,2015,82.08
are,2016,82.19
are,2017,82.39
are,2018,82.45
are,2019,82.6
are,2020,81.94
are,2021,79.08
are,2022,80.49
are,2023,82.91
arg,1875,33.2
arg,1880,33.1
arg,1885,32.6
arg,1890,34.0
arg,1895,33.3
arg,1900,39.0
arg,1905,39.7
arg,1910,44.2
arg,1915,46.2
arg,1920,48.65
arg,1925,50.6
arg,1930,52.55
arg,1935,54.45
arg,1940,56.45
arg,1945,58.4
arg,1950,61.27
arg,1951,61.71
arg,1952,62.47
arg,1953,62.46
arg,1954,63.07
arg,1955,62.7
arg,1956,63.58
arg,1957,63.22
arg,1958,64.2
arg,1959,64.1
arg,1960,64.24
arg,1961,64.63
arg,1962,64.62
arg,1963,64.86
arg,1964,64.82
arg,1965,65.05
arg,1966,65.4
arg,1967,65.47
arg,1968,65.23
arg,1969,65.09
arg,1970,65.65
arg,1971,65.62
arg,1972,65.95
arg,1973,66.19
arg,1974,66.41
arg,1975,66.96
arg,1976,67.03
arg,1977,67.59
arg,1978,68.0
arg,1979,68.43
arg,1980,68.58
arg,1981,68.86
arg,1982,68.97
arg,1983,69.29
arg,1984,69.35
arg,1985,69.88
arg,1986,70.28
arg,1987,70.7
arg,1988,71.1
arg,1989,71.5
arg,1990,71.61
arg,1991,72.02
arg,1992,72.1
arg,1993,72.3
arg,1994,72.73
arg,1995,72.86
arg,1996,73.06
arg,1997,73.41
arg,1998,73.41
arg,1999,73.68
arg,2000,73.91
arg,2001,74.15
arg,2002,74.31
arg,2003,74.31
arg,2004,74.87
arg,2005,75.23
arg,2006,75.28
arg,2007,74.78
arg,2008,75.43
arg,2009,75.58
arg,2010,75.68
arg,2011,76.1
arg,2012,75.8
arg,2013,75.83
arg,2014,76.27
arg,2015,76.6
arg,2016,76.1
arg,2017,76.54
arg,2018,76.77
arg,2019,76.85
arg,2020,75.88
arg,2021,73.95
arg,2022,75.81
arg,2023,77.39
arm,1950,54.55
arm,1951,55.04
arm,1952,55.51
arm,1953,55.98
arm,1954,56.44
arm,1955,56.9
arm,1956,57.35
arm,1957,57.8
arm,1958,58.25
arm,1959,58.69
arm,1960,59.13
arm,1961,59.57
arm,1962,60.0
arm,1963,60.41
arm,1964,60.81
arm,1965,61.19
arm,1966,61.55
arm,1967,61.89
arm,1968,62.2
arm,1969,62.49
arm,1970,62.76
arm,1971,63.01
arm,1972,63.24
arm,1973,63.46
arm,1974,63.68
arm,1975,63.91
arm,1976,64.14
arm,1977,64.42
arm,1978,64.72
arm,1979,65.04
arm,1980,65.36
arm,1981,65.71
arm,1982,66.08
arm,1983,66.45
arm,1984,66.81
arm,1985,67.13
arm,1986,67.39
arm,1987,67.57
arm,1988,52.71
arm,1989,67.72
arm,1990,67.73
arm,1991,67.8
arm,1992,67.88
arm,1993,68.14
arm,1994,68.45
arm,1995,68.81
arm,1996,69.2
arm,1997,69.59
arm,1998,70.01
arm,1999,70.42
arm,2000,70.81
arm,2001,71.17
arm,2002,71.49
arm,2003,71.73
arm,2004,71.93
arm,2005,72.08
arm,2006,72.22
arm,2007,72.36
arm,2008,72.52
arm,2009,72.71
arm,2010,72.94
arm,2011,73.19
arm,2012,73.44
arm,2013,73.71
arm,2014,73.98
arm,2015,74.23
arm,2016,74.49
arm,2017,74.74
arm,2018,74.98
arm,2019,75.19
arm,2020,68.89
arm,2021,72.55
arm,2022,74.63
arm,2023,75.68
asm,1950,59.17
asm,1951,59.65
asm,1952,60.23
asm,1953,60.8
asm,1954,61.31
asm,1955,61.83
asm,1956,62.34
asm,1957,62.88
asm,1958,63.55
asm,1959,64.32
asm,1960,65.05
asm,1961,65.65
asm,1962,66.01
asm,1963,66.16
asm,1964,66.13
asm,1965,66.0
asm,1966,58.28
asm,1967,65.81
asm,1968,65.85
asm,1969,66.05
asm,1970,66.36
asm,1971,66.77
asm,1972,67.19
asm,1973,67.6
asm,1974,67.95
asm,1975,68.26
asm,1976,68.47
asm,1977,68.7
asm,1978,68.88
asm,1979,69.11
asm,1980,69.41
asm,1981,69.73
asm,1982,69.98
asm,1983,70.16
asm,1984,70.33
asm,1985,70.53
asm,1986,70.7
asm,1987,70.83
asm,1988,70.88
asm,1989,70.93
asm,1990,71.11
asm,1991,71.31
asm,1992,71.51
asm,1993,71.54
asm,1994,71.57
asm,1995,71.57
asm,1996,71.58
asm,1997,71.61
asm,1998,71.54
asm,1999,71.48
asm,2000,71.44
asm,2001,71.57
asm,2002,71.75
asm,2003,71.7
asm,2004,72.28
asm,2005,72.38
asm,2006,72.4
asm,2007,72.36
asm,2008,72.43
asm,2009,70.84
asm,2010,72.59
asm,2011,72.66
asm,2012,72.71
asm,2013,72.77
asm,2014,72.69
asm,2015,72.65
asm,2016,72.64
asm,2017,72.8
asm,2018,72.79
asm,2019,72.75
asm,2020,72.67
asm,2021,72.71
asm,2022,72.75
asm,2023,72.85
atg,1950,58.1
atg,1951,58.6
atg,1952,59.02
atg,1953,59.43
atg,1954,59.83
atg,1955,60.25
atg,1956,60.67
atg,1957,61.11
atg,1958,61.59
atg,1959,62.13
atg,1960,62.64
atg,1961,63.34
atg,1962,64.0
atg,1963,64.7
atg,1964,65.43
atg,1965,66.17
atg,1966,66.9
atg,1967,67.59
atg,1968,68.23
atg,1969,68.83
atg,1970,69.37
atg,1971,69.86
atg,1972,70.3
atg,1973,70.71
atg,1974,71.1
atg,1975,71.45
atg,1976,71.79
atg,1977,72.15
atg,1978,72.5
atg,1979,72.82
atg,1980,73.09
atg,1981,73.32
atg,1982,73.52
atg,1983,73.68
atg,1984,73.81
atg,1985,73.87
atg,1986,73.89
atg,1987,73.87
atg,1988,73.81
atg,1989,73.63
atg,1990,73.6
atg,1991,73.47
atg,1992,73.39
atg,1993,73.39
atg,1994,73.49
atg,1995,73.58
atg,1996,73.84
atg,1997,74.05
atg,1998,74.19
atg,1999,74.46
atg,2000,74.82
atg,2001,75.11
atg,2002,75.24
atg,2003,75.31
atg,2004,75.33
atg,2005,75.36
atg,2006,75.51
atg,2007,75.72
atg,2008,76.08
atg,2009,76.39
atg,2010,76.7
atg,2011,77.02
atg,2012,77.1
atg,2013,77.05
atg,2014,76.91
atg,2015,76.89
atg,2016,76.97
atg,2017,77.03
atg,2018,77.13
atg,2019,77.17
atg,2020,77.16
atg,2021,77.2
atg,2022,77.48
atg,2023,77.6
aus,1885,49.05
aus,1895,52.95
aus,1905,57.0
aus,1921,60.97
aus,1922,62.83
aus,1923,61.68
aus,1924,62.48
aus,1925,63.17
aus,1926,62.88
aus,1927,62.84
aus,1928,62.91
aus,1929,63.08
aus,1930,64.9
aus,1931,65.32
aus,1932,65.6
aus,1933,65.43
aus,1934,64.79
aus,1935,65.05
aus,1936,65.19
aus,1937,65.74
aus,1938,65.76
aus,1939,65.73
aus,1940,66.16
aus,1941,66.04
aus,1942,65.79
aus,1943,66.33
aus,1944,67.96
aus,1945,68.38
aus,1946,67.92
aus,1947,68.52
aus,1948,68.47
aus,1949,69.09
aus,1950,69.0
aus,1951,68.7
aus,1952,69.11
aus,1953,69.69
aus,1954,69.86
aus,1955,70.16
aus,1956,70.04
aus,1957,70.32
aus,1958,70.86
aus,1959,70.44
aus,1960,70.87
aus,1961,71.13
aus,1962,70.91
aus,1963,70.96
aus,1964,70.57
aus,1965,70.8
aus,1966,70.68
aus,1967,71.05
aus,1968,70.68
aus,1969,71.07
aus,1970,70.65
aus,1971,71.45
aus,1972,71.77
aus,1973,72.06
aus,1974,71.85
aus,1975,72.78
aus,1976,72.79
aus,1977,73.47
aus,1978,73.74
aus,1979,74.33
aus,1980,74.57
aus,1981,74.78
aus,1982,74.72
aus,1983,75.44
aus,1984,75.51
aus,1985,75.43
aus,1986,76.07
aus,1987,76.08
aus,1988,76.34
aus,1989,76.2
aus,1990,77.04
aus,1991,77.48
aus,1992,77.47
aus,1993,78.01
aus,1994,77.85
aus,1995,78.26
aus,1996,78.34
aus,1997,78.63
aus,1998,79.02
aus,1999,79.28
aus,2000,79.62
aus,2001,80.01
aus,2002,80.05
aus,2003,80.44
aus,2004,80.73
aus,2005,81.09
aus,2006,81.26
aus,2007,81.23
aus,2008,81.43
aus,2009,81.73
aus,2010,82.01
aus,2011,82.09
aus,2012,82.3
aus,2013,82.55
aus,2014,82.52
aus,2015,82.6
aus,2016,82.8
aus,2017,82.72
aus,2018,83.26
aus,2019,83.24
aus,2020,83.66
aus,2021,83.56
aus,2022,82.77
aus,2023,83.92
aut,1870,34.4
aut,1881,35.0
aut,1891,37.3
aut,1901,42.0
aut,1903,40.1
aut,1911,45.1
aut,1931,56.45
aut,1947,61.54
aut,1948,63.21
aut,1949,63.47
aut,1950,64.81
aut,1951,65.22
aut,1952,66.75
aut,1953,67.25
aut,1954,67.29
aut,1955,67.55
aut,1956,67.68
aut,1957,67.44
aut,1958,68.46
aut,1959,68.39
aut,1960,68.75
aut,1961,69.71
aut,1962,69.5
aut,1963,69.65
aut,1964,70.12
aut,1965,69.93
aut,1966,70.22
aut,1967,70.12
aut,1968,70.27
aut,1969,70.04
aut,1970,70.09
aut,1971,70.29
aut,1972,70.62
aut,1973,71.2
aut,1974,71.17
aut,1975,71.33
aut,1976,71.79
aut,1977,72.14
aut,1978,72.2
aut,1979,72.54
aut,1980,72.67
aut,1981,72.99
aut,1982,73.14
aut,1983,73.22
aut,1984,73.77
aut,1985,73.99
aut,1986,74.46
aut,1987,74.9
aut,1988,75.37
aut,1989,75.46
aut,1990,75.74
aut,1991,75.79
aut,1992,75.99
aut,1993,76.22
aut,1994,76.54
aut,1995,76.78
aut,1996,77.03
aut,1997,77.43
aut,1998,77.78
aut,1999,77.96
aut,2000,78.24
aut,2001,78.72
aut,2002,78.85
aut,2003,78.85
aut,2004,79.36
aut,2005,79.52
aut,2006,79.96
aut,2007,80.17
aut,2008,80.36
aut,2009,80.21
aut,2010,80.46
aut,2011,80.83
aut,2012,80.84
aut,2013,81.08
aut,2014,81.39
aut,2015,81.16
aut,2016,81.59
aut,2017,81.64
aut,2018,81.69
aut,2019,81.91
aut,2020,81.8
aut,2021,81.82
aut,2022,81.3
aut,2023,81.96
aze,1950,46.29
aze,1951,46.64
aze,1952,47.01
aze,1953,47.44
aze,1954,47.84
aze,1955,48.35
aze,1956,48.8
aze,1957,49.2
aze,1958,49.69
aze,1959,50.26
aze,1960,50.86
aze,1961,51.44
aze,1962,52.05
aze,1963,52.7
aze,1964,53.29
aze,1965,53.88
aze,1966,54.48
aze,1967,55.03
aze,1968,55.56
aze,1969,56.08
aze,1970,56.59
aze,1971,57.04
aze,1972,57.5
aze,1973,57.93
aze,1974,58.33
aze,1975,58.69
aze,1976,59.48
aze,1977,59.97
aze,1978,60.49
aze,1979,60.93
aze,1980,61.43
aze,1981,61.91
aze,1982,62.23
aze,1983,62.48
aze,1984,62.08
aze,1985,62.67
aze,1986,62.6
aze,1987,62.82
aze,1988,62.67
aze,1989,62.94
aze,1990,62.75
aze,1991,62.54
aze,1992,60.77
aze,1993,61.43
aze,1994,60.28
aze,1995,61.93
aze,1996,62.66
aze,1997,62.95
aze,1998,63.75
aze,1999,64.73
aze,2000,65.38
aze,2001,66.04
aze,2002,66.77
aze,2003,67.04
aze,2004,67.49
aze,2005,67.71
aze,2006,68.49
aze,2007,68.66
aze,2008,69.36
aze,2009,69.87
aze,2010,70.31
aze,2011,70.57
aze,2012,71.08
aze,2013,71.48
aze,2014,71.93
aze,2015,72.35
aze,2016,72.57
aze,2017,72.69
aze,2018,73.02
aze,2019,73.29
aze,2020,70.31
aze,2021,71.0
aze,2022,74.12
aze,2023,74.43
bdi,1950,40.94
bdi,1951,41.23
bdi,1952,41.48
bdi,1953,41.74
bdi,1954,41.97
bdi,1955,42.17
bdi,1956,42.41
bdi,1957,42.64
bdi,1958,42.87
bdi,1959,43.07
bdi,1960,43.26
bdi,1961,43.36
bdi,1962,43.49
bdi,1963,43.56
bdi,1964,43.6
bdi,1965,41.84
bdi,1966,43.53
bdi,1967,43.33
bdi,1968,43.4
bdi,1969,43.0
bdi,1970,43.23
bdi,1971,43.17
bdi,1972,25.78
bdi,1973,37.41
bdi,1974,43.34
bdi,1975,43.45
bdi,1976,43.69
bdi,1977,43.97
bdi,1978,44.4
bdi,1979,45.04
bdi,1980,45.73
bdi,1981,46.41
bdi,1982,47.01
bdi,1983,47.43
bdi,1984,47.69
bdi,1985,47.66
bdi,1986,47.4
bdi,1987,47.07
bdi,1988,42.89
bdi,1989,45.75
bdi,1990,45.18
bdi,1991,44.66
bdi,1992,44.47
bdi,1993,37.22
bdi,1994,44.52
bdi,1995,44.59
bdi,1996,44.81
bdi,1997,45.72
bdi,1998,46.68
bdi,1999,47.63
bdi,2000,47.62
bdi,2001,48.51
bdi,2002,49.92
bdi,2003,51.0
bdi,2004,52.22
bdi,2005,53.05
bdi,2006,53.96
bdi,2007,54.83
bdi,2008,55.58
bdi,2009,56.42
bdi,2010,57.09
bdi,2011,57.8
bdi,2012,58.5
bdi,2013,59.18
bdi,2014,59.76
bdi,2015,60.11
bdi,2016,60.79
bdi,2017,61.35
bdi,2018,61.81
bdi,2019,62.18
bdi,2020,62.57
bdi,2021,62.1
bdi,2022,62.88
bdi,2023,63.65
bel,1841,40.34
bel,1842,38.67
bel,1843,40.38
bel,1844,41.91
bel,1845,41.05
bel,1846,37.86
bel,1847,35.13
bel,1848,38.05
bel,1849,34.51
bel,1850,42.3
bel,1851,41.91
bel,1852,41.81
bel,1853,41.35
bel,1854,39.78
bel,1855,37.46
bel,1856,40.92
bel,1857,40.48
bel,1858,40.17
bel,1859,38.97
bel,1860,45.1
bel,1861,41.25
bel,1862,43.1
bel,1863,41.29
bel,1864,39.8
bel,1865,37.73
bel,1866,32.47
bel,1867,43.05
bel,1868,42.55
bel,1869,42.59
bel,1870,40.92
bel,1871,34.36
bel,1872,40.04
bel,1873,43.49
bel,1874,44.68
bel,1875,42.17
bel,1876,43.67
bel,1877,44.48
bel,1878,44.23
bel,1879,43.83
bel,1880,42.49
bel,1881,44.42
bel,1882,45.55
bel,1883,44.9
bel,1884,44.23
bel,1885,45.47
bel,1886,43.35
bel,1887,46.05
bel,1888,44.92
bel,1889,45.07
bel,1890,44.14
bel,1891,44.04
bel,1892,43.16
bel,1893,44.44
bel,1894,46.63
bel,1895,45.48
bel,1896,48.07
bel,1897,48.84
bel,1898,48.12
bel,1899,46.5
bel,1900,46.69
bel,1901,49.44
bel,1902,49.14
bel,1903,49.23
bel,1904,49.27
bel,1905,50.03
bel,1906,49.67
bel,1907,51.07
bel,1908,49.72
bel,1909,50.66
bel,1910,51.31
bel,1911,49.28
bel,1912,52.25
bel,1913,52.45
bel,1919,49.24
bel,1920,53.99
bel,1921,54.64
bel,1922,55.18
bel,1923,56.69
bel,1924,57.4
bel,1925,57.12
bel,1926,56.88
bel,1927,57.1
bel,1928,57.46
bel,1929,55.02
bel,1930,57.1
bel,1931,58.42
bel,1932,58.54
bel,1933,58.68
bel,1934,60.31
bel,1935,59.94
bel,1936,59.91
bel,1937,59.95
bel,1938,60.11
bel,1939,60.06
bel,1940,55.96
bel,1941,58.74
bel,1942,59.09
bel,1943,60.29
bel,1944,56.94
bel,1945,58.32
bel,1946,61.89
bel,1947,63.42
bel,1948,64.92
bel,1949,65.43
bel,1950,66.31
bel,1951,66.75
bel,1952,67.97
bel,1953,68.36
bel,1954,68.59
bel,1955,68.55
bel,1956,68.84
bel,1957,69.2
bel,1958,69.91
bel,1959,70.31
bel,1960,69.62
bel,1961,70.5
bel,1962,70.23
bel,1963,70.04
bel,1964,70.71
bel,1965,70.56
bel,1966,70.63
bel,1967,70.91
bel,1968,70.61
bel,1969,70.67
bel,1970,70.94
bel,1971,71.09
bel,1972,71.41
bel,1973,71.64
bel,1974,71.97
bel,1975,71.96
bel,1976,72.1
bel,1977,72.76
bel,1978,72.71
bel,1979,73.2
bel,1980,73.24
bel,1981,73.65
bel,1982,73.88
bel,1983,73.88
bel,1984,74.37
bel,1985,74.47
bel,1986,74.67
bel,1987,75.29
bel,1988,75.59
bel,1989,75.65
bel,1990,76.06
bel,1991,76.2
bel,1992,76.36
bel,1993,76.36
bel,1994,76.72
bel,1995,76.84
bel,1996,77.18
bel,1997,77.4
bel,1998,77.48
bel,1999,77.65
bel,2000,77.77
bel,2001,78.08
bel,2002,78.17
bel,2003,78.32
bel,2004,78.96
bel,2005,79.05
bel,2006,79.39
bel,2007,79.53
bel,2008,79.58
bel,2009,79.85
bel,2010,80.04
bel,2011,80.37
bel,2012,80.26
bel,2013,80.47
bel,2014,81.08
bel,2015,80.89
bel,2016,81.26
bel,2017,81.36
bel,2018,81.48
bel,2019,81.84
bel,2020,80.8
bel,2021,81.66
bel,2022,81.16
bel,2023,82.12
ben,1950,35.4
ben,1951,35.7
ben,1952,35.99
ben,1953,36.32
ben,1954,36.67
ben,1955,36.96
ben,1956,37.28
ben,1957,37.64
ben,1958,38.01
ben,1959,38.39
ben,1960,38.77
ben,1961,39.23
ben,1962,39.64
ben,1963,40.08
ben,1964,40.5
ben,1965,40.97
ben,1966,41.27
ben,1967,41.76
ben,1968,42.18
ben,1969,42.59
ben,1970,43.03
ben,1971,43.39
ben,1972,43.93
ben,1973,44.44
ben,1974,44.88
ben,1975,45.41
ben,1976,45.95
ben,1977,46.5
ben,1978,46.94
ben,1979,47.36
ben,1980,47.75
ben,1981,48.12
ben,1982,48.49
ben,1983,48.84
ben,1984,49.4
ben,1985,49.96
ben,1986,50.63
ben,1987,51.26
ben,1988,52.02
ben,1989,52.45
ben,1990,53.02
ben,1991,53.44
ben,1992,54.14
ben,1993,54.61
ben,1994,54.99
ben,1995,55.37
ben,1996,55.65
ben,1997,55.99
ben,1998,56.15
ben,1999,56.34
ben,2000,56.59
ben,2001,56.65
ben,2002,56.85
ben,2003,57.09
ben,2004,57.35
ben,2005,57.74
ben,2006,57.97
ben,2007,58.25
ben,2008,58.1
ben,2009,58.26
ben,2010,58.39
ben,2011,58.46
ben,2012,58.56
ben,2013,58.86
ben,2014,59.01
ben,2015,59.12
ben,2016,59.28
ben,2017,59.53
ben,2018,59.71
ben,2019,59.89
ben,2020,60.15
ben,2021,59.61
ben,2022,60.48
ben,2023,60.77
bes,1950,61.52
bes,1951,62.74
bes,1952,66.06
bes,1953,65.82
bes,1954,66.53
bes,1955,66.98
bes,1956,66.46
bes,1957,67.82
bes,1958,68.43
bes,1959,68.33
bes,1960,68.52
bes,1961,68.0
bes,1962,68.93
bes,1963,70.81
bes,1964,70.92
bes,1965,69.21
bes,1966,70.11
bes,1967,71.31
bes,1968,69.84
bes,1969,71.64
bes,1970,73.27
bes,1971,73.96
bes,1972,74.12
bes,1973,74.16
bes,1974,74.13
bes,1975,74.29
bes,1976,74.73
bes,1977,74.69
bes,1978,74.18
bes,1979,74.33
bes,1980,72.98
bes,1981,71.98
bes,1982,73.5
bes,1983,74.03
bes,1984,73.96
bes,1985,74.14
bes,1986,74.36
bes,1987,74.0
bes,1988,74.11
bes,1989,74.55
bes,1990,74.28
bes,1991,73.99
bes,1992,73.39
bes,1993,73.68
bes,1994,74.67
bes,1995,75.5
bes,1996,75.61
bes,1997,74.77
bes,1998,75.83
bes,1999,75.76
bes,2000,76.09
bes,2001,75.52
bes,2002,75.88
bes,2003,75.71
bes,2004,75.54
bes,2005,75.87
bes,2006,76.07
bes,2007,76.11
bes,2008,76.55
bes,2009,76.54
bes,2010,76.74
bes,2011,76.37
bes,2012,76.19
bes,2013,76.19
bes,2014,76.95
bes,2015,77.75
bes,2016,77.37
bes,2017,77.6
bes,2018,77.1
bes,2019,77.24
bes,2020,77.21
bes,2021,77.88
bes,2022,78.15
bes,2023,77.44
bfa,1950,33.03
bfa,1951,33.37
bfa,1952,33.6
bfa,1953,33.9
bfa,1954,34.18
bfa,1955,34.47
bfa,1956,34.76
bfa,1957,35.1
bfa,1958,35.4
bfa,1959,35.72
bfa,1960,36.07
bfa,1961,36.36
bfa,1962,36.75
bfa,1963,37.09
bfa,1964,37.4
bfa,1965,37.76
bfa,1966,38.09
bfa,1967,38.43
bfa,1968,38.76
bfa,1969,39.02
bfa,1970,39.54
bfa,1971,39.85
bfa,1972,40.4
bfa,1973,40.95
bfa,1974,41.71
bfa,1975,42.49
bfa,1976,43.33
bfa,1977,44.17
bfa,1978,44.99
bfa,1979,45.7
bfa,1980,46.47
bfa,1981,46.87
bfa,1982,47.63
bfa,1983,48.06
bfa,1984,48.46
bfa,1985,48.75
bfa,1986,48.99
bfa,1987,49.1
bfa,1988,49.22
bfa,1989,49.27
bfa,1990,49.31
bfa,1991,49.33
bfa,1992,49.38
bfa,1993,49.41
bfa,1994,49.47
bfa,1995,49.55
bfa,1996,49.69
bfa,1997,49.56
bfa,1998,50.16
bfa,1999,50.46
bfa,2000,50.81
bfa,2001,51.19
bfa,2002,51.45
bfa,2003,51.96
bfa,2004,52.6
bfa,2005,53.27
bfa,2006,53.78
bfa,2007,54.38
bfa,2008,55.2
bfa,2009,55.79
bfa,2010,56.34
bfa,2011,57.0
bfa,2012,57.46
bfa,2013,57.9
bfa,2014,58.33
bfa,2015,58.78
bfa,2016,59.17
bfa,2017,59.58
bfa,2018,59.97
bfa,2019,60.18
bfa,2020,60.45
bfa,2021,60.05
bfa,2022,60.7
bfa,2023,61.09
bgd,1876,25.5
bgd,1886,23.2
bgd,1896,22.0
bgd,1906,21.5
bgd,1926,24.9
bgd,1950,37.41
bgd,1951,38.14
bgd,1952,38.84
bgd,1953,39.44
bgd,1954,40.37
bgd,1955,41.07
bgd,1956,41.6
bgd,1957,42.57
bgd,1958,43.08
bgd,1959,43.72
bgd,1960,43.98
bgd,1961,44.89
bgd,1962,45.77
bgd,1963,45.72
bgd,1964,46.75
bgd,1965,46.05
bgd,1966,47.64
bgd,1967,48.07
bgd,1968,48.4
bgd,1969,48.69
bgd,1970,42.67
bgd,1971,26.52
bgd,1972,49.65
bgd,1973,49.91
bgd,1974,49.59
bgd,1975,50.63
bgd,1976,50.95
bgd,1977,51.27
bgd,1978,51.6
bgd,1979,51.96
bgd,1980,52.28
bgd,1981,52.64
bgd,1982,53.01
bgd,1983,53.44
bgd,1984,53.83
bgd,1985,53.94
bgd,1986,54.59
bgd,1987,54.9
bgd,1988,55.17
bgd,1989,55.51
bgd,1990,55.82
bgd,1991,53.78
bgd,1992,56.59
bgd,1993,57.07
bgd,1994,57.64
bgd,1995,58.24
bgd,1996,58.94
bgd,1997,59.67
bgd,1998,60.43
bgd,1999,61.24
bgd,2000,62.05
bgd,2001,62.84
bgd,2002,63.59
bgd,2003,64.29
bgd,2004,64.91
bgd,2005,65.51
bgd,2006,66.05
bgd,2007,66.46
bgd,2008,67.05
bgd,2009,67.53
bgd,2010,68.01
bgd,2011,68.5
bgd,2012,68.99
bgd,2013,69.49
bgd,2014,70.02
bgd,2015,70.54
bgd,2016,71.08
bgd,2017,71.61
bgd,2018,72.12
bgd,2019,72.63
bgd,2020,71.42
bgd,2021,71.1
bgd,2022,74.26
bgd,2023,74.67
bgr,1900,40.2
bgr,1902,42.5
bgr,1905,43.3
bgr,1923,44.6
bgr,1926,45.3
bgr,1930,48.3
bgr,1937,51.8
bgr,1947,54.14
bgr,1948,55.83
bgr,1949,57.99
bgr,1950,61.47
bgr,1951,60.69
bgr,1952,59.57
bgr,1953,64.19
bgr,1954,64.39
bgr,1955,64.83
bgr,1956,65.22
bgr,1957,66.59
bgr,1958,68.71
bgr,1959,66.63
bgr,1960,69.18
bgr,1961,70.23
bgr,1962,69.53
bgr,1963,70.34
bgr,1964,71.14
bgr,1965,71.31
bgr,1966,71.22
bgr,1967,70.41
bgr,1968,71.2
bgr,1969,70.47
bgr,1970,71.25
bgr,1971,70.86
bgr,1972,70.86
bgr,1973,71.3
bgr,1974,71.22
bgr,1975,71.01
bgr,1976,71.36
bgr,1977,70.77
bgr,1978,71.13
bgr,1979,71.22
bgr,1980,71.08
bgr,1981,71.48
bgr,1982,71.08
bgr,1983,71.24
bgr,1984,71.35
bgr,1985,71.05
bgr,1986,71.55
bgr,1987,71.34
bgr,1988,71.42
bgr,1989,71.48
bgr,1990,71.32
bgr,1991,71.19
bgr,1992,71.18
bgr,1993,71.19
bgr,1994,70.86
bgr,1995,70.96
bgr,1996,70.84
bgr,1997,70.31
bgr,1998,70.87
bgr,1999,71.56
bgr,2000,71.57
bgr,2001,71.88
bgr,2002,72.13
bgr,2003,72.37
bgr,2004,72.58
bgr,2005,72.56
bgr,2006,72.69
bgr,2007,73.01
bgr,2008,73.34
bgr,2009,73.68
bgr,2010,73.81
bgr,2011,74.17
bgr,2012,74.34
bgr,2013,74.83
bgr,2014,74.47
bgr,2015,74.62
bgr,2016,74.83
bgr,2017,74.8
bgr,2018,74.93
bgr,2019,75.09
bgr,2020,73.6
bgr,2021,71.41
bgr,2022,74.03
bgr,2023,75.64
bhr,1950,38.6
bhr,1951,39.27
bhr,1952,39.93
bhr,1953,40.71
bhr,1954,41.65
bhr,1955,42.77
bhr,1956,44.13
bhr,1957,45.65
bhr,1958,47.28
bhr,1959,48.95
bhr,1960,50.63
bhr,1961,52.28
bhr,1962,53.89
bhr,1963,55.45
bhr,1964,56.95
bhr,1965,58.38
bhr,1966,59.74
bhr,1967,61.04
bhr,1968,62.25
bhr,1969,63.35
bhr,1970,64.36
bhr,1971,65.28
bhr,1972,66.09
bhr,1973,66.92
bhr,1974,67.63
bhr,1975,68.28
bhr,1976,68.86
bhr,1977,69.38
bhr,1978,69.85
bhr,1979,70.3
bhr,1980,70.68
bhr,1981,71.04
bhr,1982,71.35
bhr,1983,71.64
bhr,1984,71.88
bhr,1985,72.09
bhr,1986,72.26
bhr,1987,72.38
bhr,1988,72.46
bhr,1989,72.52
bhr,1990,72.59
bhr,1991,72.67
bhr,1992,72.78
bhr,1993,72.94
bhr,1994,73.13
bhr,1995,73.36
bhr,1996,73.61
bhr,1997,73.87
bhr,1998,74.14
bhr,1999,74.41
bhr,2000,74.67
bhr,2001,74.94
bhr,2002,75.21
bhr,2003,75.49
bhr,2004,75.79
bhr,2005,76.12
bhr,2006,76.51
bhr,2007,76.95
bhr,2008,77.46
bhr,2009,78.02
bhr,2010,78.59
bhr,2011,79.14
bhr,2012,79.62
bhr,2013,80.0
bhr,2014,80.21
bhr,2015,80.34
bhr,2016,80.41
bhr,2017,80.41
bhr,2018,80.41
bhr,2019,80.47
bhr,2020,78.68
bhr,2021,78.08
bhr,2022,80.99
bhr,2023,81.28
bhs,1950,58.89
bhs,1951,59.2
bhs,1952,59.58
bhs,1953,59.95
bhs,1954,60.31
bhs,1955,60.65
bhs,1956,61.01
bhs,1957,61.37
bhs,1958,61.74
bhs,1959,62.08
bhs,1960,62.45
bhs,1961,62.81
bhs,1962,63.19
bhs,1963,63.53
bhs,1964,63.9
bhs,1965,64.27
bhs,1966,64.59
bhs,1967,65.03
bhs,1968,65.4
bhs,1969,65.77
bhs,1970,66.16
bhs,1971,66.53
bhs,1972,66.78
bhs,1973,67.15
bhs,1974,67.58
bhs,1975,68.14
bhs,1976,68.53
bhs,1977,68.76
bhs,1978,68.87
bhs,1979,68.96
bhs,1980,69.09
bhs,1981,69.37
bhs,1982,69.68
bhs,1983,70.0
bhs,1984,70.19
bhs,1985,70.29
bhs,1986,70.32
bhs,1987,70.38
bhs,1988,70.51
bhs,1989,70.72
bhs,1990,70.94
bhs,1991,71.18
bhs,1992,71.3
bhs,1993,71.42
bhs,1994,71.43
bhs,1995,71.42
bhs,1996,71.46
bhs,1997,71.6
bhs,1998,71.84
bhs,1999,72.15
bhs,2000,72.48
bhs,2001,72.77
bhs,2002,73.02
bhs,2003,73.21
bhs,2004,73.24
bhs,2005,73.41
bhs,2006,73.46
bhs,2007,73.46
bhs,2008,73.45
bhs,2009,73.46
bhs,2010,73.45
bhs,2011,73.57
bhs,2012,73.71
bhs,2013,73.93
bhs,2014,74.03
bhs,2015,73.8
bhs,2016,74.04
bhs,2017,74.03
bhs,2018,74.06
bhs,2019,71.41
bhs,2020,72.99
bhs,2021,70.75
bhs,2022,74.49
bhs,2023,74.55
bih,1950,47.33
bih,1951,48.37
bih,1952,49.44
bih,1953,51.09
bih,1954,51.91
bih,1955,53.04
bih,1956,53.92
bih,1957,55.09
bih,1958,56.16
bih,1959,57.6
bih,1960,58.53
bih,1961,59.28
bih,1962,60.12
bih,1963,60.51
bih,1964,61.51
bih,1965,62.21
bih,1966,63.13
bih,1967,63.73
bih,1968,64.01
bih,1969,64.45
bih,1970,64.84
bih,1971,65.18
bih,1972,65.68
bih,1973,66.59
bih,1974,67.63
bih,1975,68.33
bih,1976,68.57
bih,1977,68.78
bih,1978,68.84
bih,1979,69.08
bih,1980,69.6
bih,1981,70.06
bih,1982,70.08
bih,1983,70.1
bih,1984,70.23
bih,1985,70.58
bih,1986,70.75
bih,1987,70.88
bih,1988,70.97
bih,1989,71.44
bih,1990,71.51
bih,1991,71.81
bih,1992,51.97
bih,1993,50.89
bih,1994,66.6
bih,1995,70.19
bih,1996,73.45
bih,1997,73.9
bih,1998,74.47
bih,1999,74.95
bih,2000,75.29
bih,2001,75.57
bih,2002,75.99
bih,2003,76.45
bih,2004,76.49
bih,2005,76.42
bih,2006,76.03
bih,2007,76.16
bih,2008,76.3
bih,2009,76.7
bih,2010,76.83
bih,2011,76.96
bih,2012,77.04
bih,2013,77.13
bih,2014,77.09
bih,2015,77.07
bih,2016,77.12
bih,2017,77.39
bih,2018,77.94
bih,2019,77.39
bih,2020,76.04
bih,2021,74.57
bih,2022,76.78
bih,2023,77.85
blm,1950,53.97
blm,1951,55.03
blm,1952,56.59
blm,1953,57.57
blm,1954,58.21
blm,1955,58.52
blm,1956,58.99
blm,1957,59.33
blm,1958,59.61
blm,1959,59.89
blm,1960,60.12
blm,1961,60.56
blm,1962,61.02
blm,1963,61.06
blm,1964,61.54
blm,1965,61.99
blm,1966,62.12
blm,1967,62.53
blm,1968,63.68
blm,1969,64.5
blm,1970,65.28
blm,1971,66.16
blm,1972,66.87
blm,1973,67.41
blm,1974,68.14
blm,1975,68.93
blm,1976,69.69
blm,1977,70.42
blm,1978,71.12
blm,1979,71.7
blm,1980,72.36
blm,1981,72.87
blm,1982,73.33
blm,1983,73.52
blm,1984,73.83
blm,1985,74.01
blm,1986,74.34
blm,1987,74.67
blm,1988,75.01
blm,1989,75.34
blm,1990,75.71
blm,1991,76.17
blm,1992,76.62
blm,1993,77.09
blm,1994,77.46
blm,1995,77.78
blm,1996,78.06
blm,1997,78.39
blm,1998,78.73
blm,1999,79.07
blm,2000,79.34
blm,2001,79.62
blm,2002,79.9
blm,2003,80.18
blm,2004,80.5
blm,2005,80.82
blm,2006,81.13
blm,2007,81.42
blm,2008,81.66
blm,2009,81.76
blm,2010,81.88
blm,2011,82.07
blm,2012,82.32
blm,2013,82.48
blm,2014,82.79
blm,2015,82.97
blm,2016,83.15
blm,2017,81.76
blm,2018,83.6
blm,2019,83.82
blm,2020,84.07
blm,2021,84.19
blm,2022,84.28
blm,2023,84.29
blr,1900,36.2
blr,1950,58.64
blr,1951,59.39
blr,1952,60.45
blr,1953,61.49
blr,1954,62.51
blr,1955,63.51
blr,1956,64.5
blr,1957,65.44
blr,1958,66.63
blr,1959,67.99
blr,1960,69.32
blr,1961,70.02
blr,1962,70.46
blr,1963,70.8
blr,1964,71.3
blr,1965,71.63
blr,1966,71.8
blr,1967,71.87
blr,1968,71.87
blr,1969,71.71
blr,1970,71.68
blr,1971,71.59
blr,1972,71.76
blr,1973,71.74
blr,1974,71.66
blr,1975,71.42
blr,1976,71.22
blr,1977,71.08
blr,1978,70.95
blr,1979,70.81
blr,1980,70.75
blr,1981,70.75
blr,1982,70.78
blr,1983,70.71
blr,1984,70.79
blr,1985,71.19
blr,1986,71.67
blr,1987,71.95
blr,1988,71.75
blr,1989,71.5
blr,1990,71.14
blr,1991,70.72
blr,1992,70.12
blr,1993,69.52
blr,1994,68.97
blr,1995,68.75
blr,1996,68.57
blr,1997,68.5
blr,1998,68.27
blr,1999,68.42
blr,2000,68.46
blr,2001,68.44
blr,2002,68.3
blr,2003,68.43
blr,2004,68.69
blr,2005,68.98
blr,2006,69.44
blr,2007,69.99
blr,2008,70.35
blr,2009,70.41
blr,2010,70.5
blr,2011,71.07
blr,2012,71.8
blr,2013,72.68
blr,2014,73.24
blr,2015,73.76
blr,2016,74.15
blr,2017,74.36
blr,2018,74.33
blr,2019,74.26
blr,2020,72.27
blr,2021,72.22
blr,2022,74.36
blr,2023,74.43
blz,1950,49.2
blz,1951,49.93
blz,1952,50.66
blz,1953,51.38
blz,1954,52.18
blz,1955,52.67
blz,1956,53.87
blz,1957,54.78
blz,1958,55.7
blz,1959,56.58
blz,1960,57.39
blz,1961,52.94
blz,1962,58.74
blz,1963,59.32
blz,1964,59.84
blz,1965,60.36
blz,1966,60.86
blz,1967,61.44
blz,1968,61.96
blz,1969,62.5
blz,1970,63.04
blz,1971,63.55
blz,1972,64.03
blz,1973,64.49
blz,1974,64.94
blz,1975,65.38
blz,1976,65.76
blz,1977,66.13
blz,1978,66.34
blz,1979,66.68
blz,1980,66.88
blz,1981,67.1
blz,1982,67.34
blz,1983,67.6
blz,1984,67.95
blz,1985,68.35
blz,1986,68.74
blz,1987,69.11
blz,1988,69.4
blz,1989,69.53
blz,1990,69.57
blz,1991,69.64
blz,1992,69.6
blz,1993,69.59
blz,1994,69.58
blz,1995,69.48
blz,1996,69.36
blz,1997,69.18
blz,1998,68.91
blz,1999,68.98
blz,2000,68.91
blz,2001,68.94
blz,2002,69.53
blz,2003,69.82
blz,2004,70.15
blz,2005,70.33
blz,2006,70.54
blz,2007,70.65
blz,2008,70.67
blz,2009,70.81
blz,2010,70.88
blz,2011,70.98
blz,2012,71.13
blz,2013,71.28
blz,2014,71.44
blz,2015,71.65
blz,2016,71.84
blz,2017,72.06
blz,2018,72.32
blz,2019,72.58
blz,2020,71.58
blz,2021,70.92
blz,2022,72.19
blz,2023,73.57
bmu,1950,60.36
bmu,1951,60.61
bmu,1952,61.07
bmu,1953,61.82
bmu,1954,62.48
bmu,1955,63.06
bmu,1956,64.24
bmu,1957,64.78
bmu,1958,65.21
bmu,1959,65.69
bmu,1960,66.48
bmu,1961,67.53
bmu,1962,67.88
bmu,1963,67.69
bmu,1964,67.5
bmu,1965,67.58
bmu,1966,67.72
bmu,1967,67.79
bmu,1968,67.9
bmu,1969,68.09
bmu,1970,68.4
bmu,1971,68.98
bmu,1972,69.64
bmu,1973,70.37
bmu,1974,70.86
bmu,1975,71.17
bmu,1976,71.33
bmu,1977,71.62
bmu,1978,71.97
bmu,1979,72.4
bmu,1980,72.67
bmu,1981,72.89
bmu,1982,73.04
bmu,1983,73.24
bmu,1984,73.36
bmu,1985,73.37
bmu,1986,73.37
bmu,1987,73.45
bmu,1988,73.56
bmu,1989,73.73
bmu,1990,73.95
bmu,1991,74.2
bmu,1992,74.45
bmu,1993,74.77
bmu,1994,75.28
bmu,1995,75.92
bmu,1996,76.52
bmu,1997,76.97
bmu,1998,77.39
bmu,1999,77.85
bmu,2000,78.25
bmu,2001,78.64
bmu,2002,78.84
bmu,2003,78.71
bmu,2004,78.9
bmu,2005,78.87
bmu,2006,78.87
bmu,2007,79.01
bmu,2008,79.1
bmu,2009,79.23
bmu,2010,79.41
bmu,2011,79.65
bmu,2012,79.85
bmu,2013,80.02
bmu,2014,80.2
bmu,2015,80.34
bmu,2016,80.48
bmu,2017,80.69
bmu,2018,80.99
bmu,2019,81.25
bmu,2020,81.46
bmu,2021,81.75
bmu,2022,82.06
bmu,2023,82.31
bol,1900,26.0
bol,1910,28.0
bol,1920,31.0
bol,1925,33.0
bol,1930,33.0
bol,1940,36.0
bol,1950,40.7
bol,1951,40.93
bol,1952,41.04
bol,1953,41.42
bol,1954,41.69
bol,1955,41.93
bol,1956,42.2
bol,1957,42.43
bol,1958,42.72
bol,1959,43.01
bol,1960,43.34
bol,1961,43.63
bol,1962,44.0
bol,1963,44.33
bol,1964,44.67
bol,1965,45.09
bol,1966,45.48
bol,1967,45.9
bol,1968,46.34
bol,1969,46.71
bol,1970,47.1
bol,1971,47.48
bol,1972,47.83
bol,1973,48.28
bol,1974,48.75
bol,1975,49.34
bol,1976,49.97
bol,1977,50.39
bol,1978,50.84
bol,1979,51.35
bol,1980,51.83
bol,1981,52.26
bol,1982,52.51
bol,1983,52.86
bol,1984,53.38
bol,1985,53.78
bol,1986,54.25
bol,1987,54.9
bol,1988,55.5
bol,1989,56.15
bol,1990,56.8
bol,1991,57.44
bol,1992,57.92
bol,1993,58.66
bol,1994,59.28
bol,1995,59.79
bol,1996,60.29
bol,1997,60.74
bol,1998,61.23
bol,1999,61.66
bol,2000,62.06
bol,2001,62.54
bol,2002,63.07
bol,2003,63.46
bol,2004,63.82
bol,2005,64.18
bol,2006,64.53
bol,2007,64.94
bol,2008,65.3
bol,2009,65.66
bol,2010,66.0
bol,2011,66.28
bol,2012,66.59
bol,2013,66.78
bol,2014,66.97
bol,2015,67.21
bol,2016,67.39
bol,2017,67.54
bol,2018,67.7
bol,2019,67.82
bol,2020,62.91
bol,2021,61.43
bol,2022,67.43
bol,2023,68.58
bra,1900,29.0
bra,1910,31.0
bra,1920,32.0
bra,1930,34.0
bra,1940,37.0
bra,1945,42.3
bra,1950,48.53
bra,1951,49.04
bra,1952,49.55
bra,1953,49.99
bra,1954,50.43
bra,1955,50.89
bra,1956,51.34
bra,1957,51.81
bra,1958,52.25
bra,1959,52.7
bra,1960,53.16
bra,1961,53.59
bra,1962,54.02
bra,1963,54.45
bra,1964,54.85
bra,1965,55.24
bra,1966,55.63
bra,1967,56.02
bra,1968,56.47
bra,1969,56.9
bra,1970,57.34
bra,1971,57.79
bra,1972,58.26
bra,1973,58.68
bra,1974,59.08
bra,1975,59.56
bra,1976,60.01
bra,1977,60.46
bra,1978,60.92
bra,1979,61.37
bra,1980,61.82
bra,1981,62.27
bra,1982,62.71
bra,1983,63.13
bra,1984,63.55
bra,1985,63.98
bra,1986,64.39
bra,1987,64.78
bra,1988,65.16
bra,1989,65.51
bra,1990,65.86
bra,1991,66.2
bra,1992,66.54
bra,1993,66.89
bra,1994,67.29
bra,1995,67.7
bra,1996,68.11
bra,1997,68.5
bra,1998,68.85
bra,1999,69.21
bra,2000,69.58
bra,2001,69.98
bra,2002,70.4
bra,2003,70.88
bra,2004,71.36
bra,2005,71.83
bra,2006,72.3
bra,2007,72.73
bra,2008,73.11
bra,2009,73.46
bra,2010,73.78
bra,2011,74.05
bra,2012,74.33
bra,2013,74.61
bra,2014,74.82
bra,2015,75.11
bra,2016,75.08
bra,2017,75.38
bra,2018,75.63
bra,2019,75.81
bra,2020,74.51
bra,2021,73.04
bra,2022,74.87
bra,2023,75.85
brb,1950,53.59
brb,1951,54.71
brb,1952,55.93
brb,1953,56.97
brb,1954,58.32
brb,1955,59.0
brb,1956,60.54
brb,1957,61.66
brb,1958,62.45
brb,1959,63.31
brb,1960,64.15
brb,1961,65.03
brb,1962,65.72
brb,1963,66.2
brb,1964,66.68
brb,1965,67.24
brb,1966,67.71
brb,1967,67.92
brb,1968,68.2
brb,1969,68.5
brb,1970,68.52
brb,1971,68.79
brb,1972,69.13
brb,1973,69.11
brb,1974,69.38
brb,1975,69.79
brb,1976,70.11
brb,1977,70.64
brb,1978,71.14
brb,1979,71.55
brb,1980,72.13
brb,1981,72.63
brb,1982,72.9
brb,1983,73.16
brb,1984,73.3
brb,1985,73.32
brb,1986,73.42
brb,1987,73.46
brb,1988,73.43
brb,1989,73.37
brb,1990,73.46
brb,1991,73.54
brb,1992,73.61
brb,1993,73.74
brb,1994,73.76
brb,1995,73.88
brb,1996,74.06
brb,1997,73.99
brb,1998,74.47
brb,1999,74.59
brb,2000,74.58
brb,2001,74.71
brb,2002,74.82
brb,2003,74.87
brb,2004,75.15
brb,2005,74.96
brb,2006,75.05
brb,2007,75.26
brb,2008,75.3
brb,2009,75.46
brb,2010,75.49
brb,2011,75.6
brb,2012,75.74
brb,2013,75.82
brb,2014,75.93
brb,2015,76.05
brb,2016,76.17
brb,2017,76.24
brb,2018,76.38
brb,2019,76.5
brb,2020,76.65
brb,2021,76.58
brb,2022,75.68
brb,2023,76.18
brn,1950,50.56
brn,1951,51.54
brn,1952,52.44
brn,1953,53.32
brn,1954,54.17
brn,1955,54.98
brn,1956,55.74
brn,1957,56.51
brn,1958,57.26
brn,1959,58.02
brn,1960,58.72
brn,1961,59.39
brn,1962,58.82
brn,1963,60.63
brn,1964,61.27
brn,1965,61.72
brn,1966,62.4
brn,1967,62.91
brn,1968,63.47
brn,1969,63.96
brn,1970,64.49
brn,1971,64.97
brn,1972,65.45
brn,1973,65.95
brn,1974,66.44
brn,1975,66.95
brn,1976,67.41
brn,1977,67.83
brn,1978,68.26
brn,1979,68.64
brn,1980,69.01
brn,1981,69.34
brn,1982,69.67
brn,1983,69.99
brn,1984,70.24
brn,1985,70.5
brn,1986,70.76
brn,1987,70.98
brn,1988,71.18
brn,1989,71.41
brn,1990,71.63
brn,1991,71.86
brn,1992,72.09
brn,1993,72.33
brn,1994,72.57
brn,1995,72.84
brn,1996,73.08
brn,1997,73.33
brn,1998,73.58
brn,1999,73.81
brn,2000,74.02
brn,2001,74.21
brn,2002,74.37
brn,2003,74.51
brn,2004,74.6
brn,2005,74.68
brn,2006,74.75
brn,2007,74.79
brn,2008,74.81
brn,2009,74.81
brn,2010,74.82
brn,2011,74.84
brn,2012,74.84
brn,2013,74.85
brn,2014,74.86
brn,2015,74.88
brn,2016,74.91
brn,2017,74.94
brn,2018,74.99
brn,2019,75.05
brn,2020,75.11
brn,2021,74.87
brn,2022,72.92
brn,2023,75.33
btn,1950,35.31
btn,1951,35.33
btn,1952,35.35
btn,1953,35.39
btn,1954,35.44
btn,1955,35.51
btn,1956,35.62
btn,1957,35.75
btn,1958,35.91
btn,1959,36.12
btn,1960,36.37
btn,1961,36.65
btn,1962,36.99
btn,1963,37.37
btn,1964,37.8
btn,1965,38.26
btn,1966,38.79
btn,1967,39.36
btn,1968,39.96
btn,1969,40.57
btn,1970,41.19
btn,1971,41.83
btn,1972,42.49
btn,1973,43.14
btn,1974,43.8
btn,1975,44.51
btn,1976,45.23
btn,1977,45.95
btn,1978,46.69
btn,1979,47.45
btn,1980,48.2
btn,1981,48.97
btn,1982,49.78
btn,1983,50.55
btn,1984,51.31
btn,1985,52.03
btn,1986,52.83
btn,1987,53.62
btn,1988,54.38
btn,1989,55.12
btn,1990,55.81
btn,1991,56.45
btn,1992,57.21
btn,1993,57.91
btn,1994,58.4
btn,1995,59.28
btn,1996,59.98
btn,1997,60.64
btn,1998,61.32
btn,1999,62.03
btn,2000,61.84
btn,2001,63.32
btn,2002,63.98
btn,2003,64.66
btn,2004,65.29
btn,2005,65.87
btn,2006,66.5
btn,2007,67.15
btn,2008,67.73
btn,2009,68.16
btn,2010,68.76
btn,2011,69.28
btn,2012,69.76
btn,2013,70.16
btn,2014,70.5
btn,2015,70.8
btn,2016,71.12
btn,2017,71.41
btn,2018,71.71
btn,2019,72.0
btn,2020,72.25
btn,2021,72.45
btn,2022,72.75
btn,2023,72.98
bwa,1950,46.17
bwa,1951,46.59
bwa,1952,47.04
bwa,1953,47.5
bwa,1954,47.97
bwa,1955,48.47
bwa,1956,48.99
bwa,1957,49.53
bwa,1958,50.09
bwa,1959,50.67
bwa,1960,51.22
bwa,1961,51.78
bwa,1962,52.31
bwa,1963,52.85
bwa,1964,53.36
bwa,1965,53.85
bwa,1966,54.36
bwa,1967,54.86
bwa,1968,55.37
bwa,1969,55.9
bwa,1970,56.45
bwa,1971,57.06
bwa,1972,57.67
bwa,1973,58.29
bwa,1974,58.91
bwa,1975,59.53
bwa,1976,60.21
bwa,1977,60.87
bwa,1978,61.49
bwa,1979,62.03
bwa,1980,62.53
bwa,1981,63.03
bwa,1982,63.38
bwa,1983,63.61
bwa,1984,63.71
bwa,1985,63.65
bwa,1986,63.36
bwa,1987,62.84
bwa,1988,61.7
bwa,1989,61.19
bwa,1990,60.1
bwa,1991,58.91
bwa,1992,58.19
bwa,1993,57.32
bwa,1994,55.97
bwa,1995,54.71
bwa,1996,54.28
bwa,1997,53.59
bwa,1998,52.97
bwa,1999,52.5
bwa,2000,52.26
bwa,2001,52.21
bwa,2002,52.37
bwa,2003,52.85
bwa,2004,53.57
bwa,2005,54.39
bwa,2006,55.11
bwa,2007,56.74
bwa,2008,57.66
bwa,2009,58.3
bwa,2010,59.14
bwa,2011,59.71
bwa,2012,60.38
bwa,2013,61.22
bwa,2014,62.17
bwa,2015,63.22
bwa,2016,64.32
bwa,2017,65.42
bwa,2018,66.37
bwa,2019,67.17
bwa,2020,67.64
bwa,2021,63.3
bwa,2022,68.75
bwa,2023,69.16
caf,1950,35.44
caf,1951,35.84
caf,1952,36.25
caf,1953,36.64
caf,1954,37.04
caf,1955,37.44
caf,1956,37.84
caf,1957,38.25
caf,1958,38.67
caf,1959,39.1
caf,1960,39.57
caf,1961,40.06
caf,1962,40.56
caf,1963,41.09
caf,1964,41.64
caf,1965,42.21
caf,1966,42.79
caf,1967,43.38
caf,1968,43.98
caf,1969,44.58
caf,1970,45.18
caf,1971,45.76
caf,1972,46.33
caf,1973,46.88
caf,1974,47.41
caf,1975,47.89
caf,1976,48.36
caf,1977,48.78
caf,1978,49.16
caf,1979,49.5
caf,1980,49.79
caf,1981,50.03
caf,1982,50.21
caf,1983,50.34
caf,1984,50.43
caf,1985,50.46
caf,1986,50.44
caf,1987,50.37
caf,1988,50.24
caf,1989,50.07
caf,1990,49.85
caf,1991,49.57
caf,1992,49.21
caf,1993,48.9
caf,1994,48.51
caf,1995,48.11
caf,1996,47.7
caf,1997,47.28
caf,1998,47.09
caf,1999,46.91
caf,2000,46.61
caf,2001,46.73
caf,2002,46.84
caf,2003,47.31
caf,2004,47.7
caf,2005,48.21
caf,2006,48.69
caf,2007,49.33
caf,2008,49.87
caf,2009,14.67
caf,2010,46.87
caf,2011,50.11
caf,2012,51.34
caf,2013,49.49
caf,2014,40.27
caf,2015,51.93
caf,2016,51.0
caf,2017,45.23
caf,2018,52.3
caf,2019,31.53
caf,2020,50.6
caf,2021,40.28
caf,2022,18.82
caf,2023,57.41
can,1831,39.05
can,1841,40.32
can,1851,41.06
can,1861,41.6
can,1871,42.56
can,1881,44.73
can,1891,45.17
can,1901,48.63
can,1911,52.51
can,1921,57.1
can,1922,57.08
can,1923,56.96
can,1924,58.75
can,1925,59.26
can,1926,57.95
can,1927,58.61
can,1928,58.55
can,1929,57.94
can,1930,58.96
can,1931,60.27
can,1932,61.34
can,1933,62.28
can,1934,62.62
can,1935,62.4
can,1936,62.65
can,1937,61.27
can,1938,63.24
can,1939,63.7
can,1940,63.91
can,1941,63.74
can,1942,64.61
can,1943,64.57
can,1944,65.28
can,1945,66.26
can,1946,66.41
can,1947,66.79
can,1948,67.25
can,1949,67.59
can,1950,68.21
can,1951,68.51
can,1952,68.68
can,1953,69.07
can,1954,69.94
can,1955,70.0
can,1956,69.97
can,1957,69.92
can,1958,70.57
can,1959,70.61
can,1960,70.97
can,1961,71.22
can,1962,71.24
can,1963,71.27
can,1964,71.64
can,1965,71.75
can,1966,71.87
can,1967,72.08
can,1968,72.24
can,1969,72.4
can,1970,72.61
can,1971,72.95
can,1972,72.83
can,1973,73.07
can,1974,73.14
can,1975,73.45
can,1976,73.87
can,1977,74.15
can,1978,74.48
can,1979,74.84
can,1980,75.06
can,1981,75.48
can,1982,75.69
can,1983,76.07
can,1984,76.36
can,1985,76.35
can,1986,76.49
can,1987,76.8
can,1988,76.86
can,1989,77.12
can,1990,77.43
can,1991,77.59
can,1992,77.85
can,1993,77.73
can,1994,77.9
can,1995,78.02
can,1996,78.27
can,1997,78.46
can,1998,78.67
can,1999,78.89
can,2000,79.23
can,2001,79.45
can,2002,79.57
can,2003,79.74
can,2004,80.03
can,2005,80.13
can,2006,80.54
can,2007,80.54
can,2008,80.73
can,2009,81.06
can,2010,81.34
can,2011,81.51
can,2012,81.7
can,2013,81.79
can,2014,81.84
can,2015,81.91
can,2016,82.03
can,2017,81.92
can,2018,81.92
can,2019,82.28
can,2020,81.65
can,2021,81.98
can,2022,81.25
can,2023,82.63
che,1876,40.19
che,1877,39.99
che,1878,40.57
che,1879,41.83
che,1880,42.47
che,1881,41.94
che,1882,43.02
che,1883,45.02
che,1884,45.07
che,1885,43.92
che,1886,44.75
che,1887,45.46
che,1888,46.0
che,1889,45.18
che,1890,45.01
che,1891,44.81
che,1892,47.2
che,1893,46.08
che,1894,45.85
che,1895,46.93
che,1896,48.87
che,1897,49.1
che,1898,48.26
che,1899,49.31
che,1900,47.59
che,1901,48.97
che,1902,50.44
che,1903,50.08
che,1904,49.23
che,1905,49.69
che,1906,50.75
che,1907,51.19
che,1908,52.29
che,1909,51.65
che,1910,52.93
che,1911,51.77
che,1912,54.4
che,1913,54.23
che,1914,55.11
che,1915,55.91
che,1916,56.52
che,1917,55.77
che,1918,46.3
che,1919,54.83
che,1920,54.5
che,1921,57.77
che,1922,58.48
che,1923,59.98
che,1924,59.47
che,1925,59.91
che,1926,60.59
che,1927,60.09
che,1928,60.43
che,1929,60.14
che,1930,61.4
che,1931,61.23
che,1932,61.2
che,1933,62.37
che,1934,62.83
che,1935,62.13
che,1936,63.14
che,1937,63.48
che,1938,63.83
che,1939,63.98
che,1940,63.54
che,1941,64.91
che,1942,65.63
che,1943,65.82
che,1944,64.86
che,1945,65.38
che,1946,66.06
che,1947,66.23
che,1948,67.31
che,1949,67.95
che,1950,68.91
che,1951,68.69
che,1952,69.59
che,1953,69.52
che,1954,69.98
che,1955,70.07
che,1956,70.2
che,1957,70.54
che,1958,71.29
che,1959,71.45
che,1960,71.41
che,1961,71.74
che,1962,71.3
che,1963,71.29
che,1964,72.18
che,1965,72.32
che,1966,72.45
che,1967,72.74
che,1968,72.71
che,1969,72.72
che,1970,73.12
che,1971,73.24
che,1972,73.76
che,1973,74.06
che,1974,74.4
che,1975,74.79
che,1976,74.91
che,1977,75.37
che,1978,75.31
che,1979,75.61
che,1980,75.59
che,1981,75.82
che,1982,76.16
che,1983,76.16
che,1984,76.76
che,1985,76.88
che,1986,77.04
che,1987,77.33
che,1988,77.36
che,1989,77.56
che,1990,77.39
che,1991,77.65
che,1992,77.94
che,1993,78.23
che,1994,78.49
che,1995,78.56
che,1996,79.05
che,1997,79.23
che,1998,79.48
che,1999,79.72
che,2000,79.83
che,2001,80.25
che,2002,80.44
che,2003,80.53
che,2004,81.05
che,2005,81.24
che,2006,81.55
che,2007,81.7
che,2008,81.97
che,2009,81.99
che,2010,82.29
che,2011,82.57
che,2012,82.62
che,2013,82.69
che,2014,83.08
che,2015,82.85
che,2016,83.45
che,2017,83.41
che,2018,83.56
che,2019,83.78
che,2020,83.06
che,2021,83.65
che,2022,83.2
che,2023,83.95
chl,1900,29.0
chl,1902,32.0
chl,1907,30.5
chl,1910,30.0
chl,1912,31.9
chl,1917,32.2
chl,1920,31.0
chl,1922,31.6
chl,1927,37.0
chl,1930,35.0
chl,1932,38.7
chl,1937,39.1
chl,1940,38.0
chl,1942,44.0
chl,1947,47.9
chl,1950,53.15
chl,1951,53.54
chl,1952,53.93
chl,1953,54.31
chl,1954,54.71
chl,1955,54.93
chl,1956,55.48
chl,1957,55.77
chl,1958,56.29
chl,1959,56.64
chl,1960,57.22
chl,1961,57.31
chl,1962,57.81
chl,1963,58.35
chl,1964,58.81
chl,1965,59.47
chl,1966,60.37
chl,1967,61.05
chl,1968,61.68
chl,1969,62.34
chl,1970,62.63
chl,1971,63.07
chl,1972,63.72
chl,1973,64.42
chl,1974,65.09
chl,1975,66.04
chl,1976,66.82
chl,1977,67.53
chl,1978,68.04
chl,1979,68.86
chl,1980,69.47
chl,1981,69.82
chl,1982,70.29
chl,1983,70.83
chl,1984,71.22
chl,1985,71.62
chl,1986,72.06
chl,1987,72.47
chl,1988,72.79
chl,1989,73.19
chl,1990,73.68
chl,1991,74.08
chl,1992,74.37
chl,1993,74.68
chl,1994,74.97
chl,1995,75.3
chl,1996,75.55
chl,1997,75.83
chl,1998,76.32
chl,1999,76.74
chl,2000,77.13
chl,2001,77.58
chl,2002,77.84
chl,2003,77.88
chl,2004,78.28
chl,2005,78.46
chl,2006,78.53
chl,2007,78.65
chl,2008,78.75
chl,2009,78.89
chl,2010,79.1
chl,2011,79.24
chl,2012,79.22
chl,2013,79.55
chl,2014,79.71
chl,2015,80.01
chl,2016,80.29
chl,2017,80.61
chl,2018,80.56
chl,2019,80.32
chl,2020,79.35
chl,2021,78.88
chl,2022,79.18
chl,2023,81.17
chn,1930,32.0
chn,1934,34.0
chn,1936,35.0
chn,1942,37.0
chn,1949,41.0
chn,1950,43.83
chn,1951,44.56
chn,1952,45.34
chn,1953,45.91
chn,1954,46.76
chn,1955,47.24
chn,1956,47.81
chn,1957,48.38
chn,1958,48.83
chn,1959,40.17
chn,1960,33.42
chn,1961,40.16
chn,1962,50.96
chn,1963,51.67
chn,1964,52.34
chn,1965,53.0
chn,1966,53.66
chn,1967,54.4
chn,1968,55.19
chn,1969,55.99
chn,1970,56.82
chn,1971,57.73
chn,1972,58.58
chn,1973,59.5
chn,1974,60.24
chn,1975,60.95
chn,1976,61.22
chn,1977,62.46
chn,1978,63.1
chn,1979,63.7
chn,1980,64.24
chn,1981,64.78
chn,1982,65.25
chn,1983,65.73
chn,1984,66.15
chn,1985,66.53
chn,1986,66.89
chn,1987,67.26
chn,1988,67.61
chn,1989,67.93
chn,1990,68.15
chn,1991,68.61
chn,1992,69.06
chn,1993,69.49
chn,1994,69.84
chn,1995,70.36
chn,1996,70.82
chn,1997,71.23
chn,1998,71.6
chn,1999,71.95
chn,2000,72.29
chn,2001,72.68
chn,2002,73.03
chn,2003,73.39
chn,2004,73.73
chn,2005,74.08
chn,2006,74.4
chn,2007,74.79
chn,2008,74.83
chn,2009,75.32
chn,2010,75.67
chn,2011,75.89
chn,2012,76.2
chn,2013,76.45
chn,2014,76.71
chn,2015,76.98
chn,2016,77.21
chn,2017,77.24
chn,2018,77.71
chn,2019,77.94
chn,2020,78.02
chn,2021,78.12
chn,2022,78.2
chn,2023,77.95
civ,1950,30.83
civ,1951,31.38
civ,1952,31.96
civ,1953,32.55
civ,1954,33.19
civ,1955,33.81
civ,1956,34.46
civ,1957,35.16
civ,1958,35.83
civ,1959,36.55
civ,1960,37.24
civ,1961,37.92
civ,1962,38.62
civ,1963,39.32
civ,1964,39.97
civ,1965,40.64
civ,1966,41.3
civ,1967,41.96
civ,1968,42.65
civ,1969,43.34
civ,1970,44.04
civ,1971,44.78
civ,1972,45.57
civ,1973,46.37
civ,1974,47.21
civ,1975,48.03
civ,1976,48.86
civ,1977,49.62
civ,1978,50.36
civ,1979,50.98
civ,1980,51.44
civ,1981,51.79
civ,1982,52.09
civ,1983,52.35
civ,1984,52.65
civ,1985,52.86
civ,1986,53.01
civ,1987,53.12
civ,1988,53.06
civ,1989,52.96
civ,1990,52.8
civ,1991,52.62
civ,1992,52.43
civ,1993,52.25
civ,1994,52.01
civ,1995,51.71
civ,1996,51.6
civ,1997,51.5
civ,1998,51.22
civ,1999,51.27
civ,2000,51.39
civ,2001,51.43
civ,2002,51.54
civ,2003,51.44
civ,2004,51.94
civ,2005,52.43
civ,2006,52.89
civ,2007,53.45
civ,2008,54.18
civ,2009,54.74
civ,2010,55.28
civ,2011,55.97
civ,2012,56.57
civ,2013,57.06
civ,2014,57.77
civ,2015,58.28
civ,2016,58.81
civ,2017,59.32
civ,2018,59.79
civ,2019,60.27
civ,2020,60.14
civ,2021,60.29
civ,2022,61.56
civ,2023,61.94
cmr,1931,28.75
cmr,1950,33.09
cmr,1951,33.87
cmr,1952,34.62
cmr,1953,35.52
cmr,1954,36.51
cmr,1955,37.5
cmr,1956,38.41
cmr,1957,38.28
cmr,1958,39.07
cmr,1959,39.8
cmr,1960,34.67
cmr,1961,35.19
cmr,1962,42.6
cmr,1963,43.07
cmr,1964,43.6
cmr,1965,44.18
cmr,1966,44.84
cmr,1967,45.6
cmr,1968,46.39
cmr,1969,47.19
cmr,1970,47.95
cmr,1971,48.58
cmr,1972,49.12
cmr,1973,49.52
cmr,1974,49.73
cmr,1975,49.89
cmr,1976,50.02
cmr,1977,50.13
cmr,1978,50.32
cmr,1979,50.54
cmr,1980,50.85
cmr,1981,51.23
cmr,1982,51.8
cmr,1983,52.45
cmr,1984,52.89
cmr,1985,53.47
cmr,1986,53.57
cmr,1987,54.19
cmr,1988,54.36
cmr,1989,54.39
cmr,1990,54.35
cmr,1991,54.17
cmr,1992,54.05
cmr,1993,53.87
cmr,1994,53.54
cmr,1995,53.35
cmr,1996,53.2
cmr,1997,53.1
cmr,1998,53.04
cmr,1999,53.17
cmr,2000,53.34
cmr,2001,53.6
cmr,2002,53.92
cmr,2003,54.25
cmr,2004,54.58
cmr,2005,54.9
cmr,2006,55.3
cmr,2007,55.71
cmr,2008,56.12
cmr,2009,56.49
cmr,2010,56.97
cmr,2011,57.48
cmr,2012,58.17
cmr,2013,58.73
cmr,2014,59.13
cmr,2015,59.69
cmr,2016,60.29
cmr,2017,60.82
cmr,2018,61.19
cmr,2019,61.7
cmr,2020,61.67
cmr,2021,61.15
cmr,2022,62.44
cmr,2023,63.7
cod,1950,38.22
cod,1951,38.51
cod,1952,38.86
cod,1953,39.14
cod,1954,39.37
cod,1955,39.66
cod,1956,39.9
cod,1957,40.23
cod,1958,40.46
cod,1959,40.62
cod,1960,40.75
cod,1961,40.16
cod,1962,40.38
cod,1963,40.6
cod,1964,40.1
cod,1965,40.77
cod,1966,42.17
cod,1967,42.34
cod,1968,42.67
cod,1969,42.96
cod,1970,43.3
cod,1971,43.58
cod,1972,43.87
cod,1973,44.09
cod,1974,44.31
cod,1975,44.53
cod,1976,44.7
cod,1977,44.87
cod,1978,44.63
cod,1979,45.28
cod,1980,45.54
cod,1981,45.73
cod,1982,45.95
cod,1983,46.21
cod,1984,46.51
cod,1985,46.66
cod,1986,47.02
cod,1987,47.36
cod,1988,47.76
cod,1989,48.15
cod,1990,48.54
cod,1991,48.94
cod,1992,49.32
cod,1993,49.62
cod,1994,49.88
cod,1995,50.38
cod,1996,49.38
cod,1997,50.46
cod,1998,49.66
cod,1999,50.09
cod,2000,51.89
cod,2001,52.21
cod,2002,52.37
cod,2003,52.95
cod,2004,53.53
cod,2005,54.0
cod,2006,54.5
cod,2007,54.95
cod,2008,55.39
cod,2009,55.8
cod,2010,56.41
cod,2011,56.91
cod,2012,57.35
cod,2013,57.8
cod,2014,58.24
cod,2015,58.66
cod,2016,59.08
cod,2017,59.5
cod,2018,59.93
cod,2019,60.24
cod,2020,60.43
cod,2021,60.04
cod,2022,60.98
cod,2023,61.9
cog,1950,39.6
cog,1951,40.34
cog,1952,41.09
cog,1953,41.86
cog,1954,42.61
cog,1955,43.45
cog,1956,44.28
cog,1957,45.13
cog,1958,45.97
cog,1959,46.78
cog,1960,47.59
cog,1961,48.35
cog,1962,49.04
cog,1963,49.73
cog,1964,50.36
cog,1965,51.0
cog,1966,51.56
cog,1967,51.91
cog,1968,52.62
cog,1969,53.11
cog,1970,53.55
cog,1971,53.98
cog,1972,54.36
cog,1973,54.74
cog,1974,55.05
cog,1975,55.4
cog,1976,55.7
cog,1977,56.03
cog,1978,56.25
cog,1979,56.52
cog,1980,56.8
cog,1981,57.06
cog,1982,57.24
cog,1983,57.43
cog,1984,57.54
cog,1985,57.61
cog,1986,57.63
cog,1987,57.59
cog,1988,57.49
cog,1989,57.29
cog,1990,57.07
cog,1991,56.76
cog,1992,56.48
cog,1993,56.04
cog,1994,55.64
cog,1995,55.47
cog,1996,55.24
cog,1997,48.57
cog,1998,52.55
cog,1999,54.43
cog,2000,55.37
cog,2001,55.88
cog,2002,56.41
cog,2003,57.13
cog,2004,57.96
cog,2005,58.73
cog,2006,59.47
cog,2007,60.05
cog,2008,60.79
cog,2009,61.21
cog,2010,61.73
cog,2011,62.29
cog,2012,62.66
cog,2013,62.97
cog,2014,63.35
cog,2015,63.66
cog,2016,63.91
cog,2017,64.2
cog,2018,64.47
cog,2019,63.15
cog,2020,64.39
cog,2021,64.19
cog,2022,65.0
cog,2023,65.77
cok,1950,37.95
cok,1951,39.57
cok,1952,41.23
cok,1953,42.77
cok,1954,44.27
cok,1955,45.75
cok,1956,47.26
cok,1957,48.57
cok,1958,50.03
cok,1959,51.35
cok,1960,52.73
cok,1961,54.08
cok,1962,55.45
cok,1963,56.59
cok,1964,57.77
cok,1965,58.84
cok,1966,59.75
cok,1967,60.65
cok,1968,61.54
cok,1969,62.53
cok,1970,63.57
cok,1971,64.62
cok,1972,65.56
cok,1973,65.89
cok,1974,65.93
cok,1975,65.78
cok,1976,65.55
cok,1977,65.35
cok,1978,65.44
cok,1979,65.68
cok,1980,65.88
cok,1981,66.05
cok,1982,66.15
cok,1983,66.32
cok,1984,66.52
cok,1985,66.75
cok,1986,67.0
cok,1987,66.46
cok,1988,67.36
cok,1989,67.51
cok,1990,66.49
cok,1991,67.71
cok,1992,67.84
cok,1993,68.0
cok,1994,68.2
cok,1995,68.46
cok,1996,68.74
cok,1997,66.4
cok,1998,69.32
cok,1999,69.58
cok,2000,69.85
cok,2001,70.09
cok,2002,70.34
cok,2003,70.58
cok,2004,70.87
cok,2005,71.17
cok,2006,71.45
cok,2007,71.78
cok,2008,72.12
cok,2009,72.44
cok,2010,72.75
cok,2011,73.05
cok,2012,73.32
cok,2013,73.61
cok,2014,73.83
cok,2015,74.02
cok,2016,74.16
cok,2017,74.32
cok,2018,74.44
cok,2019,74.56
cok,2020,74.51
cok,2021,74.58
cok,2022,75.08
cok,2023,75.28
col,1900,29.0
col,1910,31.0
col,1918,31.99
col,1920,32.0
col,1930,34.0
col,1938,36.6
col,1940,38.0
col,1944,41.85
col,1950,48.28
col,1951,48.96
col,1952,49.81
col,1953,50.61
col,1954,51.28
col,1955,51.93
col,1956,52.52
col,1957,54.08
col,1958,54.72
col,1959,55.86
col,1960,56.61
col,1961,57.2
col,1962,57.74
col,1963,58.3
col,1964,58.77
col,1965,59.25
col,1966,59.71
col,1967,60.15
col,1968,60.57
col,1969,61.03
col,1970,61.46
col,1971,62.01
col,1972,62.53
col,1973,62.99
col,1974,63.5
col,1975,64.01
col,1976,64.64
col,1977,65.24
col,1978,65.83
col,1979,66.16
col,1980,66.69
col,1981,67.19
col,1982,67.86
col,1983,68.12
col,1984,68.31
col,1985,65.36
col,1986,68.3
col,1987,68.17
col,1988,68.3
col,1989,68.62
col,1990,68.7
col,1991,68.77
col,1992,68.76
col,1993,69.08
col,1994,69.42
col,1995,69.81
col,1996,70.21
col,1997,70.63
col,1998,70.92
col,1999,70.91
col,2000,70.9
col,2001,71.19
col,2002,71.54
col,2003,72.31
col,2004,72.76
col,2005,73.16
col,2006,73.5
col,2007,73.75
col,2008,74.21
col,2009,74.53
col,2010,74.88
col,2011,75.18
col,2012,75.61
col,2013,75.83
col,2014,75.95
col,2015,76.07
col,2016,76.23
col,2017,76.42
col,2018,76.58
col,2019,76.79
col,2020,74.76
col,2021,72.7
col,2022,76.51
col,2023,77.72
com,1950,37.39
com,1951,34.33
com,1952,38.04
com,1953,38.38
com,1954,38.7
com,1955,39.03
com,1956,39.37
com,1957,39.74
com,1958,40.09
com,1959,40.47
com,1960,40.78
com,1961,41.16
com,1962,41.53
com,1963,41.91
com,1964,42.33
com,1965,42.68
com,1966,43.15
com,1967,43.59
com,1968,44.1
com,1969,44.64
com,1970,45.23
com,1971,45.85
com,1972,46.46
com,1973,47.04
com,1974,47.61
com,1975,46.87
com,1976,48.65
com,1977,49.17
com,1978,49.7
com,1979,50.13
com,1980,50.68
com,1981,51.21
com,1982,51.75
com,1983,52.12
com,1984,52.78
com,1985,53.26
com,1986,53.76
com,1987,54.13
com,1988,54.68
com,1989,54.98
com,1990,55.62
com,1991,56.1
com,1992,56.58
com,1993,57.03
com,1994,57.46
com,1995,57.83
com,1996,58.15
com,1997,58.23
com,1998,58.3
com,1999,58.85
com,2000,58.94
com,2001,59.59
com,2002,59.72
com,2003,60.24
com,2004,60.56
com,2005,60.88
com,2006,61.23
com,2007,61.48
com,2008,61.95
com,2009,62.3
com,2010,62.75
com,2011,63.1
com,2012,63.46
com,2013,63.84
com,2014,64.14
com,2015,64.47
com,2016,64.79
com,2017,65.13
com,2018,65.4
com,2019,65.66
com,2020,65.76
com,2021,65.2
com,2022,66.48
com,2023,66.78
cpv,1950,44.94
cpv,1951,45.55
cpv,1952,46.15
cpv,1953,46.4
cpv,1954,46.63
cpv,1955,46.85
cpv,1956,47.09
cpv,1957,47.38
cpv,1958,47.71
cpv,1959,48.15
cpv,1960,48.71
cpv,1961,49.42
cpv,1962,50.24
cpv,1963,51.14
cpv,1964,52.09
cpv,1965,53.04
cpv,1966,53.92
cpv,1967,54.72
cpv,1968,55.43
cpv,1969,56.04
cpv,1970,56.56
cpv,1971,57.03
cpv,1972,57.49
cpv,1973,57.98
cpv,1974,58.43
cpv,1975,58.98
cpv,1976,59.4
cpv,1977,59.99
cpv,1978,60.38
cpv,1979,60.73
cpv,1980,61.03
cpv,1981,61.3
cpv,1982,61.52
cpv,1983,61.77
cpv,1984,61.83
cpv,1985,62.28
cpv,1986,62.58
cpv,1987,62.91
cpv,1988,63.24
cpv,1989,63.57
cpv,1990,63.87
cpv,1991,64.07
cpv,1992,64.25
cpv,1993,64.46
cpv,1994,64.65
cpv,1995,63.69
cpv,1996,65.52
cpv,1997,66.08
cpv,1998,66.71
cpv,1999,67.41
cpv,2000,68.12
cpv,2001,68.71
cpv,2002,69.45
cpv,2003,70.01
cpv,2004,70.5
cpv,2005,70.94
cpv,2006,71.34
cpv,2007,71.49
cpv,2008,71.89
cpv,2009,72.14
cpv,2010,72.51
cpv,2011,72.91
cpv,2012,73.31
cpv,2013,73.48
cpv,2014,73.79
cpv,2015,74.1
cpv,2016,74.35
cpv,2017,74.71
cpv,2018,74.84
cpv,2019,75.45
cpv,2020,73.82
cpv,2021,74.42
cpv,2022,75.91
cpv,2023,76.06
cri,1875,30.22
cri,1900,32.0
cri,1910,33.0
cri,1920,37.0
cri,1930,42.0
cri,1940,49.0
cri,1950,57.46
cri,1951,57.82
cri,1952,58.11
cri,1953,59.06
cri,1954,59.85
cri,1955,60.45
cri,1956,61.2
cri,1957,61.58
cri,1958,62.26
cri,1959,62.91
cri,1960,63.46
cri,1961,63.86
cri,1962,64.23
cri,1963,64.33
cri,1964,64.49
cri,1965,64.76
cri,1966,65.1
cri,1967,65.55
cri,1968,65.78
cri,1969,66.36
cri,1970,66.79
cri,1971,67.41
cri,1972,68.01
cri,1973,68.73
cri,1974,69.45
cri,1975,70.25
cri,1976,70.95
cri,1977,71.52
cri,1978,72.03
cri,1979,72.54
cri,1980,73.03
cri,1981,73.44
cri,1982,73.86
cri,1983,74.25
cri,1984,74.58
cri,1985,74.76
cri,1986,74.95
cri,1987,75.22
cri,1988,75.55
cri,1989,75.85
cri,1990,76.09
cri,1991,76.24
cri,1992,76.38
cri,1993,76.32
cri,1994,76.33
cri,1995,76.44
cri,1996,76.43
cri,1997,76.6
cri,1998,76.87
cri,1999,77.06
cri,2000,77.32
cri,2001,77.61
cri,2002,77.94
cri,2003,78.21
cri,2004,78.51
cri,2005,78.88
cri,2006,79.05
cri,2007,79.1
cri,2008,79.18
cri,2009,79.37
cri,2010,79.35
cri,2011,79.62
cri,2012,79.92
cri,2013,80.19
cri,2014,80.23
cri,2015,80.41
cri,2016,79.99
cri,2017,79.99
cri,2018,80.09
cri,2019,80.3
cri,2020,79.73
cri,2021,78.05
cri,2022,79.32
cri,2023,80.8
cub,1899,18.9
cub,1900,32.0
cub,1905,34.16
cub,1910,36.0
cub,1915,36.29
cub,1920,39.0
cub,1925,38.76
cub,1930,42.0
cub,1935,44.57
cub,1940,45.0
cub,1945,50.93
cub,1950,58.99
cub,1951,59.41
cub,1952,59.83
cub,1953,60.24
cub,1954,60.69
cub,1955,61.15
cub,1956,61.48
cub,1957,61.9
cub,1958,62.32
cub,1959,62.83
cub,1960,63.32
cub,1961,63.74
cub,1962,64.37
cub,1963,64.35
cub,1964,65.26
cub,1965,65.64
cub,1966,66.07
cub,1967,66.51
cub,1968,66.94
cub,1969,67.36
cub,1970,67.94
cub,1971,68.43
cub,1972,68.95
cub,1973,69.35
cub,1974,69.87
cub,1975,70.37
cub,1976,70.88
cub,1977,71.41
cub,1978,71.89
cub,1979,72.27
cub,1980,72.6
cub,1981,73.0
cub,1982,73.44
cub,1983,73.56
cub,1984,73.55
cub,1985,73.46
cub,1986,73.56
cub,1987,73.6
cub,1988,73.72
cub,1989,73.69
cub,1990,73.82
cub,1991,73.76
cub,1992,73.85
cub,1993,73.87
cub,1994,74.09
cub,1995,74.35
cub,1996,74.69
cub,1997,75.06
cub,1998,75.41
cub,1999,75.72
cub,2000,75.92
cub,2001,76.43
cub,2002,76.77
cub,2003,77.4
cub,2004,77.33
cub,2005,77.54
cub,2006,77.41
cub,2007,77.55
cub,2008,77.59
cub,2009,77.58
cub,2010,77.88
cub,2011,78.05
cub,2012,78.16
cub,2013,78.03
cub,2014,77.82
cub,2015,77.75
cub,2016,77.57
cub,2017,77.3
cub,2018,77.43
cub,2019,77.41
cub,2020,77.41
cub,2021,73.2
cub,2022,77.63
cub,2023,78.09
cuw,1950,60.29
cuw,1951,60.97
cuw,1952,61.59
cuw,1953,62.14
cuw,1954,62.71
cuw,1955,63.26
cuw,1956,63.76
cuw,1957,64.25
cuw,1958,64.66
cuw,1959,65.08
cuw,1960,65.41
cuw,1961,65.74
cuw,1962,66.03
cuw,1963,66.31
cuw,1964,66.59
cuw,1965,66.86
cuw,1966,67.14
cuw,1967,67.4
cuw,1968,67.67
cuw,1969,67.93
cuw,1970,68.23
cuw,1971,68.51
cuw,1972,68.81
cuw,1973,69.09
cuw,1974,69.39
cuw,1975,69.67
cuw,1976,69.95
cuw,1977,70.2
cuw,1978,70.45
cuw,1979,70.72
cuw,1980,70.95
cuw,1981,71.17
cuw,1982,71.38
cuw,1983,71.53
cuw,1984,71.71
cuw,1985,71.87
cuw,1986,72.0
cuw,1987,72.14
cuw,1988,72.23
cuw,1989,72.15
cuw,1990,72.44
cuw,1991,72.54
cuw,1992,72.65
cuw,1993,72.7
cuw,1994,72.79
cuw,1995,72.83
cuw,1996,72.94
cuw,1997,73.03
cuw,1998,73.08
cuw,1999,73.17
cuw,2000,73.28
cuw,2001,73.36
cuw,2002,73.47
cuw,2003,73.6
cuw,2004,73.74
cuw,2005,73.87
cuw,2006,73.98
cuw,2007,74.14
cuw,2008,74.31
cuw,2009,74.49
cuw,2010,75.12
cuw,2011,75.58
cuw,2012,75.96
cuw,2013,76.24
cuw,2014,76.38
cuw,2015,76.48
cuw,2016,76.32
cuw,2017,76.42
cuw,2018,76.49
cuw,2019,76.49
cuw,2020,76.5
cuw,2021,75.69
cuw,2022,76.73
cuw,2023,76.8
cym,1950,54.0
cym,1951,54.49
cym,1952,54.96
cym,1953,55.42
cym,1954,55.88
cym,1955,56.37
cym,1956,56.81
cym,1957,57.26
cym,1958,57.73
cym,1959,58.24
cym,1960,58.78
cym,1961,59.43
cym,1962,60.09
cym,1963,60.78
cym,1964,61.44
cym,1965,62.19
cym,1966,62.84
cym,1967,63.2
cym,1968,63.6
cym,1969,63.97
cym,1970,64.38
cym,1971,64.83
cym,1972,65.36
cym,1973,65.89
cym,1974,66.49
cym,1975,67.04
cym,1976,67.55
cym,1977,68.08
cym,1978,68.53
cym,1979,69.02
cym,1980,69.49
cym,1981,69.95
cym,1982,70.41
cym,1983,70.84
cym,1984,71.19
cym,1985,71.56
cym,1986,71.87
cym,1987,72.13
cym,1988,72.35
cym,1989,72.55
cym,1990,72.74
cym,1991,72.91
cym,1992,73.09
cym,1993,73.25
cym,1994,73.42
cym,1995,73.6
cym,1996,73.74
cym,1997,73.9
cym,1998,74.08
cym,1999,74.23
cym,2000,74.38
cym,2001,74.53
cym,2002,74.61
cym,2003,74.64
cym,2004,74.6
cym,2005,74.86
cym,2006,75.0
cym,2007,75.15
cym,2008,75.39
cym,2009,75.67
cym,2010,76.07
cym,2011,76.56
cym,2012,77.12
cym,2013,77.65
cym,2014,77.86
cym,2015,78.12
cym,2016,78.37
cym,2017,78.61
cym,2018,78.84
cym,2019,79.05
cym,2020,79.23
cym,2021,79.3
cym,2022,79.98
cym,2023,80.36
cyp,1895,38.51
cyp,1905,45.0
cyp,1915,47.46
cyp,1925,48.46
cyp,1937,48.46
cyp,1943,53.46
cyp,1950,55.83
cyp,1951,56.76
cyp,1952,57.68
cyp,1953,58.37
cyp,1954,59.28
cyp,1955,59.74
cyp,1956,60.39
cyp,1957,60.99
cyp,1958,61.64
cyp,1959,62.31
cyp,1960,63.32
cyp,1961,64.08
cyp,1962,64.72
cyp,1963,61.78
cyp,1964,62.24
cyp,1965,66.12
cyp,1966,66.49
cyp,1967,66.91
cyp,1968,67.25
cyp,1969,67.6
cyp,1970,68.05
cyp,1971,68.35
cyp,1972,68.63
cyp,1973,69.01
cyp,1974,54.55
cyp,1975,70.34
cyp,1976,70.81
cyp,1977,71.26
cyp,1978,71.74
cyp,1979,72.18
cyp,1980,72.84
cyp,1981,73.05
cyp,1982,73.52
cyp,1983,73.71
cyp,1984,74.0
cyp,1985,74.64
cyp,1986,74.93
cyp,1987,75.26
cyp,1988,75.39
cyp,1989,75.84
cyp,1990,76.04
cyp,1991,76.25
cyp,1992,76.29
cyp,1993,76.29
cyp,1994,76.38
cyp,1995,76.58
cyp,1996,76.88
cyp,1997,77.12
cyp,1998,77.16
cyp,1999,77.57
cyp,2000,77.9
cyp,2001,78.18
cyp,2002,78.76
cyp,2003,78.91
cyp,2004,79.01
cyp,2005,79.2
cyp,2006,79.46
cyp,2007,79.8
cyp,2008,79.91
cyp,2009,80.37
cyp,2010,80.63
cyp,2011,80.85
cyp,2012,81.13
cyp,2013,81.32
cyp,2014,81.34
cyp,2015,81.46
cyp,2016,81.53
cyp,2017,81.54
cyp,2018,81.56
cyp,2019,81.45
cyp,2020,81.23
cyp,2021,80.57
cyp,2022,80.43
cyp,2023,81.65
cze,1875,34.95
cze,1900,40.27
cze,1910,44.31
cze,1930,55.55
cze,1937,58.45
cze,1950,64.41
cze,1951,65.27
cze,1952,66.86
cze,1953,67.55
cze,1954,68.05
cze,1955,68.98
cze,1956,69.37
cze,1957,69.03
cze,1958,69.97
cze,1959,69.89
cze,1960,70.45
cze,1961,70.62
cze,1962,69.89
cze,1963,70.39
cze,1964,70.59
cze,1965,70.26
cze,1966,70.45
cze,1967,70.35
cze,1968,69.91
cze,1969,69.42
cze,1970,69.49
cze,1971,69.74
cze,1972,70.23
cze,1973,70.09
cze,1974,70.17
cze,1975,70.48
cze,1976,70.6
cze,1977,70.64
cze,1978,70.71
cze,1979,70.82
cze,1980,70.34
cze,1981,70.77
cze,1982,70.88
cze,1983,70.64
cze,1984,70.9
cze,1985,71.1
cze,1986,71.05
cze,1987,71.51
cze,1988,71.71
cze,1989,71.75
cze,1990,71.41
cze,1991,71.97
cze,1992,72.33
cze,1993,72.85
cze,1994,73.08
cze,1995,73.18
cze,1996,73.83
cze,1997,73.95
cze,1998,74.55
cze,1999,74.74
cze,2000,74.98
cze,2001,75.31
cze,2002,75.44
cze,2003,75.4
cze,2004,75.94
cze,2005,76.16
cze,2006,76.71
cze,2007,76.92
cze,2008,77.17
cze,2009,77.26
cze,2010,77.57
cze,2011,77.81
cze,2012,78.0
cze,2013,78.17
cze,2014,78.74
cze,2015,78.56
cze,2016,78.97
cze,2017,78.93
cze,2018,78.96
cze,2019,79.19
cze,2020,78.24
cze,2021,77.23
cze,2022,79.16
cze,2023,79.83
deu,1875,38.37
deu,1885,39.44
deu,1895,42.38
deu,1905,45.45
deu,1911,49.0
deu,1915,40.52
deu,1925,57.42
deu,1935,61.5
deu,1946,60.51
deu,1950,66.81
deu,1951,67.14
deu,1952,67.46
deu,1953,67.76
deu,1954,68.06
deu,1955,68.34
deu,1956,68.59
deu,1957,68.5
deu,1958,69.23
deu,1959,69.33
deu,1960,69.25
deu,1961,69.84
deu,1962,70.0
deu,1963,70.12
deu,1964,70.65
deu,1965,70.63
deu,1966,70.74
deu,1967,70.96
deu,1968,70.61
deu,1969,70.46
deu,1970,70.68
deu,1971,70.91
deu,1972,71.15
deu,1973,71.36
deu,1974,71.68
deu,1975,71.52
deu,1976,71.98
deu,1977,72.59
deu,1978,72.57
deu,1979,72.92
deu,1980,73.09
deu,1981,73.33
deu,1982,73.63
deu,1983,73.92
deu,1984,74.38
deu,1985,74.49
deu,1986,74.7
deu,1987,75.11
deu,1988,75.28
deu,1989,75.47
deu,1990,75.34
deu,1991,75.56
deu,1992,76.0
deu,1993,76.08
deu,1994,76.38
deu,1995,76.55
deu,1996,76.78
deu,1997,77.22
deu,1998,77.58
deu,1999,77.8
deu,2000,78.06
deu,2001,78.4
deu,2002,78.47
deu,2003,78.54
deu,2004,79.12
deu,2005,79.25
deu,2006,79.59
deu,2007,79.73
deu,2008,79.82
deu,2009,79.92
deu,2010,80.08
deu,2011,80.35
deu,2012,80.5
deu,2013,80.45
deu,2014,80.91
deu,2015,80.57
deu,2016,80.84
deu,2017,80.94
deu,2018,80.87
deu,2019,81.19
deu,2020,81.0
deu,2021,81.11
deu,2022,80.58
deu,2023,81.38
dji,1950,40.73
dji,1951,41.04
dji,1952,41.23
dji,1953,41.48
dji,1954,41.77
dji,1955,42.04
dji,1956,42.29
dji,1957,42.57
dji,1958,42.77
dji,1959,43.08
dji,1960,43.42
dji,1961,43.78
dji,1962,44.09
dji,1963,44.44
dji,1964,44.81
dji,1965,45.23
dji,1966,45.62
dji,1967,46.1
dji,1968,46.55
dji,1969,47.07
dji,1970,47.54
dji,1971,47.26
dji,1972,48.53
dji,1973,49.1
dji,1974,49.52
dji,1975,49.92
dji,1976,50.34
dji,1977,50.76
dji,1978,51.17
dji,1979,51.6
dji,1980,52.05
dji,1981,52.36
dji,1982,52.89
dji,1983,53.33
dji,1984,53.75
dji,1985,54.07
dji,1986,54.49
dji,1987,54.83
dji,1988,55.13
dji,1989,55.37
dji,1990,55.47
dji,1991,55.19
dji,1992,54.38
dji,1993,55.73
dji,1994,55.59
dji,1995,56.23
dji,1996,56.33
dji,1997,56.21
dji,1998,56.43
dji,1999,56.56
dji,2000,56.73
dji,2001,57.51
dji,2002,57.82
dji,2003,58.04
dji,2004,58.1
dji,2005,58.55
dji,2006,58.96
dji,2007,59.36
dji,2008,59.82
dji,2009,60.35
dji,2010,60.74
dji,2011,61.34
dji,2012,61.72
dji,2013,62.12
dji,2014,62.43
dji,2015,62.83
dji,2016,63.34
dji,2017,63.71
dji,2018,64.11
dji,2019,64.38
dji,2020,64.2
dji,2021,63.83
dji,2022,65.54
dji,2023,65.99
dma,1950,44.49
dma,1951,46.32
dma,1952,48.16
dma,1953,49.99
dma,1954,51.67
dma,1955,53.41
dma,1956,55.04
dma,1957,56.54
dma,1958,57.9
dma,1959,59.12
dma,1960,60.08
dma,1961,61.02
dma,1962,61.89
dma,1963,62.61
dma,1964,63.28
dma,1965,63.91
dma,1966,64.46
dma,1967,64.86
dma,1968,65.28
dma,1969,65.7
dma,1970,66.21
dma,1971,66.76
dma,1972,67.47
dma,1973,68.1
dma,1974,68.58
dma,1975,69.06
dma,1976,69.41
dma,1977,69.72
dma,1978,70.11
dma,1979,69.19
dma,1980,71.01
dma,1981,71.46
dma,1982,71.75
dma,1983,72.0
dma,1984,71.91
dma,1985,71.92
dma,1986,71.67
dma,1987,71.37
dma,1988,70.97
dma,1989,70.66
dma,1990,70.47
dma,1991,70.4
dma,1992,70.47
dma,1993,70.61
dma,1994,70.78
dma,1995,70.83
dma,1996,71.04
dma,1997,71.2
dma,1998,71.35
dma,1999,71.53
dma,2000,71.72
dma,2001,71.86
dma,2002,71.93
dma,2003,71.94
dma,2004,71.99
dma,2005,72.02
dma,2006,72.01
dma,2007,71.9
dma,2008,71.94
dma,2009,71.84
dma,2010,71.68
dma,2011,71.52
dma,2012,71.39
dma,2013,71.23
dma,2014,71.19
dma,2015,69.97
dma,2016,71.19
dma,2017,68.62
dma,2018,71.38
dma,2019,71.31
dma,2020,71.27
dma,2021,69.83
dma,2022,71.08
dma,2023,71.13
dnk,1835,38.42
dnk,1836,40.03
dnk,1837,41.53
dnk,1838,43.14
dnk,1839,41.91
dnk,1840,41.1
dnk,1841,42.67
dnk,1842,42.54
dnk,1843,43.91
dnk,1844,44.08
dnk,1845,43.4
dnk,1846,40.44
dnk,1847,40.47
dnk,1848,40.82
dnk,1849,39.57
dnk,1850,43.52
dnk,1851,44.53
dnk,1852,43.05
dnk,1853,38.57
dnk,1854,44.71
dnk,1855,46.15
dnk,1856,46.76
dnk,1857,42.48
dnk,1858,40.02
dnk,1859,44.4
dnk,1860,45.08
dnk,1861,47.62
dnk,1862,47.59
dnk,1863,47.55
dnk,1864,40.2
dnk,1865,39.8
dnk,1866,42.9
dnk,1867,44.92
dnk,1868,45.64
dnk,1869,46.1
dnk,1870,46.0
dnk,1871,46.08
dnk,1872,47.44
dnk,1873,47.5
dnk,1874,46.04
dnk,1875,44.48
dnk,1876,45.85
dnk,1877,47.36
dnk,1878,47.57
dnk,1879,46.25
dnk,1880,44.79
dnk,1881,48.28
dnk,1882,46.7
dnk,1883,48.51
dnk,1884,48.52
dnk,1885,49.62
dnk,1886,48.97
dnk,1887,48.67
dnk,1888,46.69
dnk,1889,47.81
dnk,1890,47.27
dnk,1891,46.78
dnk,1892,47.4
dnk,1893,47.08
dnk,1894,49.38
dnk,1895,50.86
dnk,1896,52.92
dnk,1897,51.8
dnk,1898,53.11
dnk,1899,50.67
dnk,1900,51.9
dnk,1901,52.66
dnk,1902,54.68
dnk,1903,54.83
dnk,1904,55.7
dnk,1905,54.37
dnk,1906,56.47
dnk,1907,56.1
dnk,1908,54.96
dnk,1909,57.36
dnk,1910,58.04
dnk,1911,56.96
dnk,1912,58.01
dnk,1913,58.88
dnk,1914,58.46
dnk,1915,58.4
dnk,1916,56.91
dnk,1917,57.25
dnk,1918,56.22
dnk,1919,56.88
dnk,1920,57.71
dnk,1921,61.66
dnk,1922,60.64
dnk,1923,61.15
dnk,1924,61.09
dnk,1925,61.91
dnk,1926,61.67
dnk,1927,61.19
dnk,1928,61.84
dnk,1929,61.96
dnk,1930,62.22
dnk,1931,61.87
dnk,1932,62.69
dnk,1933,63.58
dnk,1934,64.09
dnk,1935,62.88
dnk,1936,63.44
dnk,1937,63.94
dnk,1938,64.99
dnk,1939,65.8
dnk,1940,66.27
dnk,1941,65.95
dnk,1942,67.12
dnk,1943,67.43
dnk,1944,66.39
dnk,1945,66.08
dnk,1946,67.24
dnk,1947,68.54
dnk,1948,70.09
dnk,1949,70.12
dnk,1950,70.31
dnk,1951,70.92
dnk,1952,70.76
dnk,1953,71.17
dnk,1954,71.34
dnk,1955,71.91
dnk,1956,72.04
dnk,1957,71.81
dnk,1958,72.24
dnk,1959,72.23
dnk,1960,72.2
dnk,1961,72.45
dnk,1962,72.35
dnk,1963,72.42
dnk,1964,72.51
dnk,1965,72.39
dnk,1966,72.47
dnk,1967,72.95
dnk,1968,73.15
dnk,1969,73.24
dnk,1970,73.36
dnk,1971,73.43
dnk,1972,73.47
dnk,1973,73.69
dnk,1974,73.82
dnk,1975,74.1
dnk,1976,73.77
dnk,1977,74.66
dnk,1978,74.43
dnk,1979,74.24
dnk,1980,74.13
dnk,1981,74.25
dnk,1982,74.6
dnk,1983,74.46
dnk,1984,74.62
dnk,1985,74.48
dnk,1986,74.64
dnk,1987,74.74
dnk,1988,74.84
dnk,1989,74.86
dnk,1990,74.87
dnk,1991,75.23
dnk,1992,75.27
dnk,1993,75.19
dnk,1994,75.44
dnk,1995,75.29
dnk,1996,75.66
dnk,1997,76.04
dnk,1998,76.44
dnk,1999,76.58
dnk,2000,76.82
dnk,2001,76.97
dnk,2002,77.1
dnk,2003,77.4
dnk,2004,77.79
dnk,2005,78.23
dnk,2006,78.22
dnk,2007,78.35
dnk,2008,78.71
dnk,2009,78.96
dnk,2010,79.25
dnk,2011,79.79
dnk,2012,80.08
dnk,2013,80.31
dnk,2014,80.63
dnk,2015,80.74
dnk,2016,80.88
dnk,2017,81.11
dnk,2018,80.99
dnk,2019,81.43
dnk,2020,81.55
dnk,2021,81.44
dnk,2022,81.29
dnk,2023,81.93
dom,1930,26.0
dom,1935,29.9
dom,1940,34.0
dom,1950,44.06
dom,1951,44.83
dom,1952,45.57
dom,1953,46.35
dom,1954,47.12
dom,1955,47.92
dom,1956,48.71
dom,1957,49.47
dom,1958,50.21
dom,1959,50.95
dom,1960,51.7
dom,1961,52.45
dom,1962,53.2
dom,1963,53.75
dom,1964,54.65
dom,1965,52.84
dom,1966,55.96
dom,1967,56.65
dom,1968,57.27
dom,1969,57.89
dom,1970,58.49
dom,1971,59.09
dom,1972,59.66
dom,1973,60.23
dom,1974,60.76
dom,1975,61.25
dom,1976,61.74
dom,1977,62.2
dom,1978,62.62
dom,1979,62.43
dom,1980,63.39
dom,1981,63.78
dom,1982,64.2
dom,1983,64.63
dom,1984,65.13
dom,1985,65.61
dom,1986,66.06
dom,1987,66.49
dom,1988,66.91
dom,1989,67.33
dom,1990,67.75
dom,1991,68.15
dom,1992,68.53
dom,1993,68.86
dom,1994,69.16
dom,1995,69.39
dom,1996,69.6
dom,1997,69.81
dom,1998,69.88
dom,1999,70.18
dom,2000,70.36
dom,2001,70.55
dom,2002,70.72
dom,2003,70.86
dom,2004,70.73
dom,2005,71.04
dom,2006,71.05
dom,2007,71.1
dom,2008,71.33
dom,2009,71.59
dom,2010,72.04
dom,2011,72.5
dom,2012,72.82
dom,2013,73.04
dom,2014,73.14
dom,2015,72.98
dom,2016,72.89
dom,2017,73.37
dom,2018,73.56
dom,2019,73.11
dom,2020,72.64
dom,2021,71.76
dom,2022,74.21
dom,2023,73.72
dza,1923,28.82
dza,1933,31.22
dza,1943,33.72
dza,1950,42.68
dza,1951,43.3
dza,1952,43.47
dza,1953,43.6
dza,1954,40.64
dza,1955,40.87
dza,1956,40.91
dza,1957,40.92
dza,1958,40.9
dza,1959,40.88
dza,1960,40.84
dza,1961,40.79
dza,1962,39.53
dza,1963,43.14
dza,1964,42.99
dza,1965,42.85
dza,1966,42.75
dza,1967,42.73
dza,1968,42.81
dza,1969,42.99
dza,1970,43.33
dza,1971,43.78
dza,1972,44.38
dza,1973,45.1
dza,1974,45.95
dza,1975,46.92
dza,1976,48.03
dza,1977,49.25
dza,1978,50.62
dza,1979,52.41
dza,1980,54.51
dza,1981,57.42
dza,1982,59.59
dza,1983,61.25
dza,1984,62.72
dza,1985,64.16
dza,1986,65.27
dza,1987,66.13
dza,1988,66.91
dza,1989,67.46
dza,1990,67.66
dza,1991,67.69
dza,1992,67.72
dza,1993,67.8
dza,1994,67.28
dza,1995,67.69
dza,1996,68.22
dza,1997,68.86
dza,1998,69.33
dza,1999,70.09
dza,2000,70.58
dza,2001,71.02
dza,2002,71.64
dza,2003,71.91
dza,2004,72.54
dza,2005,72.84
dza,2006,73.12
dza,2007,73.35
dza,2008,73.62
dza,2009,73.87
dza,2010,74.14
dza,2011,74.38
dza,2012,74.61
dza,2013,74.81
dza,2014,74.99
dza,2015,75.16
dza,2016,75.31
dza,2017,75.43
dza,2018,75.56
dza,2019,75.68
dza,2020,73.26
dza,2021,75.21
dza,2022,76.13
dza,2023,76.26
ecu,1950,48.45
ecu,1951,48.9
ecu,1952,49.23
ecu,1953,49.56
ecu,1954,49.96
ecu,1955,50.39
ecu,1956,50.88
ecu,1957,51.45
ecu,1958,52.07
ecu,1959,52.74
ecu,1960,53.4
ecu,1961,54.05
ecu,1962,54.68
ecu,1963,55.32
ecu,1964,55.95
ecu,1965,56.52
ecu,1966,57.02
ecu,1967,57.48
ecu,1968,57.95
ecu,1969,58.27
ecu,1970,58.85
ecu,1971,59.34
ecu,1972,59.82
ecu,1973,60.31
ecu,1974,60.7
ecu,1975,61.08
ecu,1976,61.43
ecu,1977,61.93
ecu,1978,62.4
ecu,1979,62.85
ecu,1980,63.33
ecu,1981,63.81
ecu,1982,64.27
ecu,1983,64.66
ecu,1984,65.2
ecu,1985,65.63
ecu,1986,66.12
ecu,1987,66.59
ecu,1988,67.04
ecu,1989,67.82
ecu,1990,68.44
ecu,1991,69.04
ecu,1992,69.47
ecu,1993,70.07
ecu,1994,70.88
ecu,1995,71.35
ecu,1996,71.82
ecu,1997,72.01
ecu,1998,71.95
ecu,1999,71.92
ecu,2000,72.09
ecu,2001,72.57
ecu,2002,73.16
ecu,2003,73.63
ecu,2004,73.87
ecu,2005,73.91
ecu,2006,74.01
ecu,2007,74.23
ecu,2008,74.71
ecu,2009,74.9
ecu,2010,75.19
ecu,2011,75.18
ecu,2012,75.49
ecu,2013,75.83
ecu,2014,76.14
ecu,2015,76.22
ecu,2016,76.09
ecu,2017,76.22
ecu,2018,77.25
ecu,2019,77.29
ecu,2020,72.0
ecu,2021,72.75
ecu,2022,76.58
ecu,2023,77.39
egy,1927,33.0
egy,1928,30.7
egy,1929,30.6
egy,1930,35.4
egy,1931,32.5
egy,1932,31.0
egy,1933,32.3
egy,1934,31.5
egy,1935,33.2
egy,1936,31.3
egy,1937,34.5
egy,1938,34.8
egy,1939,36.0
egy,1940,34.4
egy,1941,35.7
egy,1942,30.5
egy,1943,29.8
egy,1944,33.4
egy,1945,32.3
egy,1946,34.4
egy,1947,36.1
egy,1948,36.2
egy,1949,36.7
egy,1950,33.95
egy,1951,35.28
egy,1952,36.6
egy,1953,37.87
egy,1954,39.06
egy,1955,40.15
egy,1956,41.02
egy,1957,42.05
egy,1958,42.89
egy,1959,43.68
egy,1960,44.44
egy,1961,45.15
egy,1962,45.84
egy,1963,46.49
egy,1964,47.08
egy,1965,47.58
egy,1966,47.99
egy,1967,48.13
egy,1968,48.6
egy,1969,48.7
egy,1970,49.0
egy,1971,49.48
egy,1972,49.91
egy,1973,50.1
egy,1974,51.04
egy,1975,51.73
egy,1976,52.48
egy,1977,53.27
egy,1978,54.07
egy,1979,54.88
egy,1980,55.67
egy,1981,56.45
egy,1982,57.22
egy,1983,57.97
egy,1984,58.7
egy,1985,59.41
egy,1986,60.08
egy,1987,60.74
egy,1988,61.36
egy,1989,61.95
egy,1990,62.51
egy,1991,63.06
egy,1992,63.59
egy,1993,64.15
egy,1994,64.66
egy,1995,65.21
egy,1996,65.73
egy,1997,66.21
egy,1998,66.64
egy,1999,67.01
egy,2000,67.33
egy,2001,67.61
egy,2002,67.85
egy,2003,68.05
egy,2004,68.21
egy,2005,68.36
egy,2006,68.49
egy,2007,68.63
egy,2008,68.76
egy,2009,68.92
egy,2010,69.08
egy,2011,69.23
egy,2012,69.46
egy,2013,69.63
egy,2014,69.91
egy,2015,70.13
egy,2016,70.44
egy,2017,70.71
egy,2018,70.97
egy,2019,71.21
egy,2020,69.79
egy,2021,68.98
egy,2022,71.01
egy,2023,71.63
eri,1950,33.29
eri,1951,33.64
eri,1952,34.0
eri,1953,34.38
eri,1954,34.8
eri,1955,35.18
eri,1956,35.63
eri,1957,30.4
eri,1958,30.91
eri,1959,36.97
eri,1960,37.44
eri,1961,37.91
eri,1962,38.35
eri,1963,38.83
eri,1964,39.18
eri,1965,39.58
eri,1966,37.63
eri,1967,40.15
eri,1968,40.48
eri,1969,40.79
eri,1970,41.16
eri,1971,41.53
eri,1972,40.72
eri,1973,41.13
eri,1974,39.0
eri,1975,39.03
eri,1976,42.59
eri,1977,42.98
eri,1978,43.38
eri,1979,43.78
eri,1980,44.63
eri,1981,44.97
eri,1982,44.89
eri,1983,37.17
eri,1984,37.68
eri,1985,38.59
eri,1986,39.54
eri,1987,47.36
eri,1988,48.09
eri,1989,47.8
eri,1990,49.73
eri,1991,50.52
eri,1992,52.44
eri,1993,53.19
eri,1994,54.03
eri,1995,54.82
eri,1996,55.5
eri,1997,56.16
eri,1998,50.0
eri,1999,44.51
eri,2000,56.29
eri,2001,58.36
eri,2002,58.94
eri,2003,59.46
eri,2004,60.06
eri,2005,60.63
eri,2006,61.46
eri,2007,62.0
eri,2008,62.42
eri,2009,63.2
eri,2010,63.67
eri,2011,64.23
eri,2012,64.7
eri,2013,65.0
eri,2014,65.52
eri,2015,65.91
eri,2016,66.24
eri,2017,66.61
eri,2018,66.98
eri,2019,67.31
eri,2020,66.98
eri,2021,66.94
eri,2022,67.79
eri,2023,68.62
esh,1950,34.93
esh,1951,35.29
esh,1952,35.65
esh,1953,36.02
esh,1954,36.4
esh,1955,36.78
esh,1956,37.17
esh,1957,37.56
esh,1958,37.94
esh,1959,38.32
esh,1960,38.7
esh,1961,39.07
esh,1962,39.46
esh,1963,39.84
esh,1964,40.21
esh,1965,40.58
esh,1966,40.95
esh,1967,41.35
esh,1968,41.76
esh,1969,42.19
esh,1970,42.66
esh,1971,42.92
esh,1972,43.54
esh,1973,44.21
esh,1974,44.95
esh,1975,35.96
esh,1976,36.26
esh,1977,38.26
esh,1978,40.4
esh,1979,37.55
esh,1980,39.4
esh,1981,44.18
esh,1982,45.22
esh,1983,46.12
esh,1984,46.94
esh,1985,47.76
esh,1986,48.54
esh,1987,48.85
esh,1988,52.09
esh,1989,51.45
esh,1990,57.66
esh,1991,58.19
esh,1992,58.71
esh,1993,59.22
esh,1994,59.74
esh,1995,60.24
esh,1996,60.72
esh,1997,61.21
esh,1998,61.71
esh,1999,62.23
esh,2000,62.73
esh,2001,63.22
esh,2002,63.74
esh,2003,64.23
esh,2004,64.74
esh,2005,65.22
esh,2006,65.67
esh,2007,66.14
esh,2008,66.58
esh,2009,67.06
esh,2010,67.49
esh,2011,67.88
esh,2012,68.24
esh,2013,68.62
esh,2014,68.95
esh,2015,69.28
esh,2016,69.6
esh,2017,69.88
esh,2018,70.14
esh,2019,70.38
esh,2020,70.61
esh,2021,70.89
esh,2022,71.14
esh,2023,71.39
esp,1882,29.5
esp,1892,32.1
esp,1900,34.8
esp,1908,41.41
esp,1909,41.0
esp,1910,40.84
esp,1911,39.79
esp,1912,43.43
esp,1913,42.61
esp,1914,42.78
esp,1915,43.09
esp,1916,43.91
esp,1917,42.6
esp,1918,30.36
esp,1919,40.95
esp,1920,39.38
esp,1921,41.99
esp,1922,44.2
esp,1923,44.75
esp,1924,46.3
esp,1925,46.98
esp,1926,47.7
esp,1927,48.48
esp,1928,48.62
esp,1929,49.49
esp,1930,49.25
esp,1931,49.28
esp,1932,51.14
esp,1933,51.6
esp,1934,52.22
esp,1935,52.65
esp,1936,51.01
esp,1937,47.32
esp,1938,47.6
esp,1939,47.23
esp,1940,48.63
esp,1941,47.25
esp,1942,52.26
esp,1943,54.89
esp,1944,56.27
esp,1945,57.79
esp,1946,57.59
esp,1947,59.13
esp,1948,61.31
esp,1949,60.94
esp,1950,61.75
esp,1951,61.48
esp,1952,64.83
esp,1953,65.73
esp,1954,66.91
esp,1955,66.68
esp,1956,66.75
esp,1957,66.57
esp,1958,68.78
esp,1959,68.69
esp,1960,69.21
esp,1961,69.57
esp,1962,69.63
esp,1963,69.77
esp,1964,70.49
esp,1965,70.9
esp,1966,71.16
esp,1967,71.35
esp,1968,71.67
esp,1969,71.14
esp,1970,72.15
esp,1971,71.74
esp,1972,72.95
esp,1973,72.73
esp,1974,73.09
esp,1975,73.49
esp,1976,73.81
esp,1977,74.31
esp,1978,74.5
esp,1979,74.99
esp,1980,75.53
esp,1981,75.71
esp,1982,76.32
esp,1983,76.1
esp,1984,76.48
esp,1985,76.41
esp,1986,76.7
esp,1987,76.96
esp,1988,76.95
esp,1989,77.0
esp,1990,77.0
esp,1991,77.13
esp,1992,77.59
esp,1993,77.73
esp,1994,78.11
esp,1995,78.2
esp,1996,78.34
esp,1997,78.85
esp,1998,78.94
esp,1999,78.94
esp,2000,79.41
esp,2001,79.74
esp,2002,79.82
esp,2003,79.75
esp,2004,80.33
esp,2005,80.32
esp,2006,80.96
esp,2007,80.97
esp,2008,81.28
esp,2009,81.63
esp,2010,82.01
esp,2011,82.18
esp,2012,82.19
esp,2013,82.69
esp,2014,82.83
esp,2015,82.61
esp,2016,83.0
esp,2017,82.99
esp,2018,83.1
esp,2019,83.48
esp,2020,82.24
esp,2021,82.95
esp,2022,82.37
esp,2023,83.67
est,1897,43.0
est,1900,43.1
est,1922,51.7
est,1935,56.27
est,1950,66.36
est,1951,66.75
est,1952,67.15
est,1953,67.5
est,1954,67.83
est,1955,68.17
est,1956,68.49
est,1957,68.77
est,1958,68.75
est,1959,68.67
est,1960,69.34
est,1961,69.64
est,1962,69.84
est,1963,69.89
est,1964,70.65
est,1965,70.72
est,1966,70.66
est,1967,70.98
est,1968,70.61
est,1969,70.27
est,1970,70.4
est,1971,70.6
est,1972,70.38
est,1973,70.69
est,1974,70.81
est,1975,70.12
est,1976,69.74
est,1977,69.83
est,1978,69.66
est,1979,69.41
est,1980,69.47
est,1981,69.34
est,1982,69.86
est,1983,69.79
est,1984,69.64
est,1985,69.77
est,1986,70.91
est,1987,70.92
est,1988,70.97
est,1989,70.5
est,1990,69.92
est,1991,69.79
est,1992,69.16
est,1993,68.22
est,1994,66.74
est,1995,67.81
est,1996,70.03
est,1997,70.24
est,1998,69.84
est,1999,70.68
est,2000,71.01
est,2001,70.83
est,2002,71.36
est,2003,71.92
est,2004,72.38
est,2005,73.03
est,2006,73.2
est,2007,73.15
est,2008,74.28
est,2009,75.15
est,2010,75.88
est,2011,76.35
est,2012,76.42
est,2013,77.25
est,2014,77.11
est,2015,77.67
est,2016,77.76
est,2017,78.18
est,2018,78.33
est,2019,78.77
est,2020,78.89
est,2021,77.41
est,2022,78.17
est,2023,79.15
eth,1950,35.51
eth,1951,35.86
eth,1952,36.22
eth,1953,36.56
eth,1954,36.96
eth,1955,37.32
eth,1956,37.78
eth,1957,32.17
eth,1958,32.63
eth,1959,39.17
eth,1960,39.62
eth,1961,40.2
eth,1962,40.53
eth,1963,40.97
eth,1964,41.26
eth,1965,41.41
eth,1966,39.34
eth,1967,41.94
eth,1968,42.09
eth,1969,42.13
eth,1970,42.11
eth,1971,42.22
eth,1972,41.03
eth,1973,41.1
eth,1974,39.08
eth,1975,38.94
eth,1976,41.32
eth,1977,41.4
eth,1978,41.51
eth,1979,42.38
eth,1980,42.82
eth,1981,43.08
eth,1982,43.43
eth,1983,36.32
eth,1984,36.74
eth,1985,37.75
eth,1986,38.37
eth,1987,45.89
eth,1988,45.68
eth,1989,45.64
eth,1990,45.12
eth,1991,46.66
eth,1992,47.28
eth,1993,47.68
eth,1994,47.93
eth,1995,48.16
eth,1996,48.7
eth,1997,49.21
eth,1998,49.79
eth,1999,49.49
eth,2000,50.88
eth,2001,51.43
eth,2002,52.09
eth,2003,52.88
eth,2004,53.73
eth,2005,54.36
eth,2006,55.4
eth,2007,56.57
eth,2008,57.73
eth,2009,58.72
eth,2010,59.71
eth,2011,60.59
eth,2012,61.44
eth,2013,62.16
eth,2014,62.93
eth,2015,63.59
eth,2016,64.16
eth,2017,64.77
eth,2018,65.26
eth,2019,65.74
eth,2020,65.97
eth,2021,65.33
eth,2022,66.9
eth,2023,67.32
fin,1805,31.8
fin,1815,35.8
fin,1825,38.4
fin,1835,34.65
fin,1845,40.45
fin,1855,35.1
fin,1865,32.1
fin,1875,41.57
fin,1878,39.34
fin,1879,44.91
fin,1880,39.7
fin,1881,37.7
fin,1882,40.31
fin,1883,42.75
fin,1884,42.88
fin,1885,41.28
fin,1886,40.87
fin,1887,45.54
fin,1888,45.19
fin,1889,44.92
fin,1890,44.61
fin,1891,42.61
fin,1892,39.77
fin,1893,43.35
fin,1894,45.18
fin,1895,47.61
fin,1896,46.52
fin,1897,48.11
fin,1898,48.07
fin,1899,44.35
fin,1900,41.81
fin,1901,42.84
fin,1902,46.21
fin,1903,46.56
fin,1904,47.19
fin,1905,46.05
fin,1906,47.03
fin,1907,46.96
fin,1908,46.09
fin,1909,48.69
fin,1910,48.49
fin,1911,48.72
fin,1912,49.12
fin,1913,49.04
fin,1914,49.73
fin,1915,49.56
fin,1916,47.98
fin,1917,46.54
fin,1918,32.85
fin,1919,42.81
fin,1920,47.68
fin,1921,52.4
fin,1922,51.93
fin,1923,52.48
fin,1924,50.26
fin,1925,53.36
fin,1926,53.79
fin,1927,51.83
fin,1928,53.69
fin,1929,51.32
fin,1930,54.45
fin,1931,54.86
fin,1932,55.75
fin,1933,55.39
fin,1934,56.0
fin,1935,57.36
fin,1936,56.17
fin,1937,57.04
fin,1938,57.2
fin,1939,54.62
fin,1940,46.8
fin,1941,46.42
fin,1942,53.93
fin,1943,56.28
fin,1944,48.06
fin,1945,56.81
fin,1946,60.45
fin,1947,60.51
fin,1948,61.96
fin,1949,61.89
fin,1950,64.2
fin,1951,65.63
fin,1952,66.52
fin,1953,66.6
fin,1954,67.55
fin,1955,67.34
fin,1956,67.99
fin,1957,67.45
fin,1958,68.61
fin,1959,68.79
fin,1960,68.99
fin,1961,69.01
fin,1962,68.74
fin,1963,69.18
fin,1964,69.38
fin,1965,69.13
fin,1966,69.64
fin,1967,69.82
fin,1968,69.78
fin,1969,69.65
fin,1970,70.32
fin,1971,70.15
fin,1972,70.87
fin,1973,71.37
fin,1974,71.29
fin,1975,71.84
fin,1976,71.99
fin,1977,72.51
fin,1978,73.08
fin,1979,73.36
fin,1980,73.65
fin,1981,73.96
fin,1982,74.53
fin,1983,74.44
fin,1984,74.74
fin,1985,74.42
fin,1986,74.77
fin,1987,74.8
fin,1988,74.76
fin,1989,74.97
fin,1990,74.99
fin,1991,75.41
fin,1992,75.65
fin,1993,75.88
fin,1994,76.57
fin,1995,76.6
fin,1996,76.87
fin,1997,77.06
fin,1998,77.26
fin,1999,77.45
fin,2000,77.67
fin,2001,78.14
fin,2002,78.27
fin,2003,78.53
fin,2004,78.85
fin,2005,78.97
fin,2006,79.37
fin,2007,79.39
fin,2008,79.69
fin,2009,79.83
fin,2010,80.01
fin,2011,80.39
fin,2012,80.51
fin,2013,80.87
fin,2014,81.05
fin,2015,81.38
fin,2016,81.3
fin,2017,81.5
fin,2018,81.63
fin,2019,81.86
fin,2020,81.82
fin,2021,81.81
fin,2022,81.24
fin,2023,81.91
fji,1950,51.71
fji,1951,52.2
fji,1952,52.6
fji,1953,53.35
fji,1954,54.21
fji,1955,55.31
fji,1956,56.16
fji,1957,57.07
fji,1958,57.83
fji,1959,58.16
fji,1960,58.6
fji,1961,59.1
fji,1962,59.65
fji,1963,60.16
fji,1964,60.71
fji,1965,61.41
fji,1966,61.57
fji,1967,61.44
fji,1968,61.72
fji,1969,61.4
fji,1970,61.65
fji,1971,61.74
fji,1972,61.63
fji,1973,60.65
fji,1974,61.19
fji,1975,61.69
fji,1976,62.1
fji,1977,62.69
fji,1978,63.07
fji,1979,62.31
fji,1980,62.41
fji,1981,62.26
fji,1982,62.2
fji,1983,62.92
fji,1984,63.24
fji,1985,64.0
fji,1986,63.96
fji,1987,64.28
fji,1988,64.95
fji,1989,65.39
fji,1990,65.06
fji,1991,65.46
fji,1992,65.41
fji,1993,65.51
fji,1994,65.8
fji,1995,66.01
fji,1996,66.2
fji,1997,66.29
fji,1998,66.54
fji,1999,66.73
fji,2000,66.19
fji,2001,66.2
fji,2002,65.49
fji,2003,65.65
fji,2004,65.84
fji,2005,65.98
fji,2006,66.13
fji,2007,66.16
fji,2008,66.32
fji,2009,66.35
fji,2010,66.78
fji,2011,66.88
fji,2012,65.81
fji,2013,66.54
fji,2014,66.58
fji,2015,66.48
fji,2016,66.66
fji,2017,67.06
fji,2018,66.96
fji,2019,67.01
fji,2020,66.92
fji,2021,64.9
fji,2022,67.15
fji,2023,67.32
flk,1950,49.48
flk,1951,49.68
flk,1952,49.89
flk,1953,50.32
flk,1954,50.86
flk,1955,51.33
flk,1956,51.81
flk,1957,52.29
flk,1958,52.78
flk,1959,53.19
flk,1960,53.54
flk,1961,53.8
flk,1962,54.04
flk,1963,54.18
flk,1964,54.33
flk,1965,54.53
flk,1966,54.72
flk,1967,54.85
flk,1968,55.01
flk,1969,55.22
flk,1970,55.38
flk,1971,55.59
flk,1972,55.8
flk,1973,55.99
flk,1974,56.09
flk,1975,56.18
flk,1976,56.11
flk,1977,55.84
flk,1978,55.36
flk,1979,54.73
flk,1980,53.94
flk,1981,53.12
flk,1982,52.39
flk,1983,51.8
flk,1984,51.38
flk,1985,51.16
flk,1986,51.15
flk,1987,51.34
flk,1988,51.7
flk,1989,52.36
flk,1990,53.34
flk,1991,54.62
flk,1992,56.28
flk,1993,58.18
flk,1994,60.23
flk,1995,62.36
flk,1996,64.44
flk,1997,66.39
flk,1998,68.16
flk,1999,69.77
flk,2000,71.13
flk,2001,72.27
flk,2002,73.24
flk,2003,74.03
flk,2004,74.7
flk,2005,75.34
flk,2006,75.94
flk,2007,76.49
flk,2008,76.95
flk,2009,77.39
flk,2010,77.73
flk,2011,77.98
flk,2012,78.19
flk,2013,78.3
flk,2014,78.36
flk,2015,78.43
flk,2016,78.48
flk,2017,78.51
flk,2018,78.56
flk,2019,78.61
flk,2020,78.78
flk,2021,78.99
flk,2022,79.04
flk,2023,79.21
fra,1816,40.1
fra,1817,39.23
fra,1818,38.6
fra,1819,37.32
fra,1820,39.28
fra,1821,39.88
fra,1822,38.37
fra,1823,40.04
fra,1824,39.21
fra,1825,38.58
fra,1826,37.8
fra,1827,39.41
fra,1828,37.6
fra,1829,39.44
fra,1830,39.63
fra,1831,39.73
fra,1832,35.87
fra,1833,38.88
fra,1834,35.09
fra,1835,39.52
fra,1836,42.0
fra,1837,39.42
fra,1838,39.37
fra,1839,40.95
fra,1840,40.41
fra,1841,40.71
fra,1842,40.03
fra,1843,40.79
fra,1844,42.33
fra,1845,43.61
fra,1846,40.7
fra,1847,40.45
fra,1848,40.33
fra,1849,35.95
fra,1850,43.31
fra,1851,41.8
fra,1852,41.35
fra,1853,42.55
fra,1854,36.16
fra,1855,37.56
fra,1856,40.19
fra,1857,39.6
fra,1858,39.71
fra,1859,35.33
fra,1860,43.34
fra,1861,40.58
fra,1862,42.7
fra,1863,41.82
fra,1864,42.06
fra,1865,40.2
fra,1866,41.82
fra,1867,42.41
fra,1868,40.29
fra,1869,41.12
fra,1870,36.52
fra,1871,29.74
fra,1872,42.5
fra,1873,41.87
fra,1874,44.29
fra,1875,43.19
fra,1876,43.59
fra,1877,44.29
fra,1878,43.37
fra,1879,43.98
fra,1880,42.79
fra,1881,43.48
fra,1882,43.14
fra,1883,43.27
fra,1884,42.46
fra,1885,43.94
fra,1886,43.17
fra,1887,43.72
fra,1888,44.15
fra,1889,45.54
fra,1890,43.43
fra,1891,44.11
fra,1892,43.56
fra,1893,43.55
fra,1894,45.49
fra,1895,45.26
fra,1896,47.49
fra,1897,47.88
fra,1898,46.01
fra,1899,45.17
fra,1900,45.1
fra,1901,47.0
fra,1902,47.98
fra,1903,48.4
fra,1904,48.07
fra,1905,48.38
fra,1906,47.73
fra,1907,48.3
fra,1908,49.29
fra,1909,50.01
fra,1910,51.35
fra,1911,48.21
fra,1912,51.55
fra,1913,51.36
fra,1914,38.23
fra,1915,36.55
fra,1916,39.75
fra,1917,42.97
fra,1918,34.84
fra,1919,47.14
fra,1920,51.82
fra,1921,52.69
fra,1922,54.89
fra,1923,54.59
fra,1924,55.19
fra,1925,54.35
fra,1926,53.96
fra,1927,55.74
fra,1928,55.41
fra,1929,54.24
fra,1930,56.8
fra,1931,56.9
fra,1932,57.22
fra,1933,57.65
fra,1934,58.3
fra,1935,58.28
fra,1936,58.76
fra,1937,59.11
fra,1938,58.93
fra,1939,59.55
fra,1940,49.6
fra,1941,57.42
fra,1942,57.44
fra,1943,53.3
fra,1944,47.17
fra,1945,54.93
fra,1946,62.36
fra,1947,63.95
fra,1948,65.78
fra,1949,64.9
fra,1950,66.38
fra,1951,66.1
fra,1952,67.39
fra,1953,67.32
fra,1954,68.19
fra,1955,68.44
fra,1956,68.46
fra,1957,68.9
fra,1958,70.11
fra,1959,70.17
fra,1960,70.37
fra,1961,70.96
fra,1962,70.47
fra,1963,70.32
fra,1964,71.28
fra,1965,71.11
fra,1966,71.51
fra,1967,71.5
fra,1968,71.49
fra,1969,71.21
fra,1970,72.09
fra,1971,72.07
fra,1972,72.31
fra,1973,72.48
fra,1974,72.8
fra,1975,72.9
fra,1976,73.12
fra,1977,73.73
fra,1978,73.84
fra,1979,74.12
fra,1980,74.23
fra,1981,74.4
fra,1982,74.77
fra,1983,74.73
fra,1984,75.22
fra,1985,75.31
fra,1986,75.58
fra,1987,76.15
fra,1988,76.4
fra,1989,76.54
fra,1990,76.84
fra,1991,77.02
fra,1992,77.3
fra,1993,77.35
fra,1994,77.77
fra,1995,77.87
fra,1996,78.06
fra,1997,78.42
fra,1998,78.59
fra,1999,78.75
fra,2000,79.04
fra,2001,79.22
fra,2002,79.41
fra,2003,79.42
fra,2004,80.34
fra,2005,80.34
fra,2006,80.74
fra,2007,80.96
fra,2008,81.04
fra,2009,81.16
fra,2010,81.4
fra,2011,81.78
fra,2012,81.74
fra,2013,81.98
fra,2014,82.44
fra,2015,82.15
fra,2016,82.4
fra,2017,82.44
fra,2018,82.57
fra,2019,82.73
fra,2020,82.2
fra,2021,82.32
fra,2022,82.48
fra,2023,83.33
fro,1950,60.57
fro,1951,61.67
fro,1952,62.71
fro,1953,63.9
fro,1954,65.18
fro,1955,66.58
fro,1956,67.98
fro,1957,69.28
fro,1958,70.36
fro,1959,71.3
fro,1960,72.02
fro,1961,72.62
fro,1962,73.07
fro,1963,73.43
fro,1964,73.72
fro,1965,73.96
fro,1966,74.16
fro,1967,74.35
fro,1968,74.55
fro,1969,74.71
fro,1970,74.85
fro,1971,74.99
fro,1972,75.09
fro,1973,75.2
fro,1974,75.24
fro,1975,75.32
fro,1976,75.4
fro,1977,75.52
fro,1978,75.62
fro,1979,75.67
fro,1980,75.75
fro,1981,75.83
fro,1982,75.88
fro,1983,75.93
fro,1984,75.98
fro,1985,76.05
fro,1986,76.16
fro,1987,76.31
fro,1988,76.49
fro,1989,76.7
fro,1990,76.89
fro,1991,77.09
fro,1992,77.27
fro,1993,77.41
fro,1994,77.54
fro,1995,77.66
fro,1996,77.76
fro,1997,77.9
fro,1998,78.02
fro,1999,78.15
fro,2000,78.25
fro,2001,78.33
fro,2002,78.37
fro,2003,78.39
fro,2004,78.38
fro,2005,78.36
fro,2006,78.39
fro,2007,78.44
fro,2008,78.52
fro,2009,78.62
fro,2010,78.73
fro,2011,78.89
fro,2012,79.02
fro,2013,79.15
fro,2014,79.3
fro,2015,79.43
fro,2016,79.57
fro,2017,79.69
fro,2018,79.81
fro,2019,79.91
fro,2020,79.98
fro,2021,79.79
fro,2022,79.26
fro,2023,80.18
fsm,1950,48.36
fsm,1951,48.94
fsm,1952,49.47
fsm,1953,50.01
fsm,1954,50.58
fsm,1955,51.14
fsm,1956,51.73
fsm,1957,52.31
fsm,1958,52.95
fsm,1959,53.57
fsm,1960,54.19
fsm,1961,54.74
fsm,1962,55.39
fsm,1963,56.0
fsm,1964,56.66
fsm,1965,57.2
fsm,1966,57.75
fsm,1967,58.3
fsm,1968,58.83
fsm,1969,59.31
fsm,1970,59.77
fsm,1971,60.18
fsm,1972,60.61
fsm,1973,60.96
fsm,1974,61.32
fsm,1975,61.62
fsm,1976,61.88
fsm,1977,62.12
fsm,1978,62.31
fsm,1979,62.46
fsm,1980,62.56
fsm,1981,62.67
fsm,1982,62.75
fsm,1983,62.83
fsm,1984,62.92
fsm,1985,63.03
fsm,1986,63.15
fsm,1987,63.21
fsm,1988,63.46
fsm,1989,63.62
fsm,1990,63.72
fsm,1991,63.88
fsm,1992,64.0
fsm,1993,64.04
fsm,1994,64.08
fsm,1995,64.14
fsm,1996,64.25
fsm,1997,64.37
fsm,1998,64.51
fsm,1999,64.63
fsm,2000,64.32
fsm,2001,64.8
fsm,2002,63.91
fsm,2003,64.91
fsm,2004,64.9
fsm,2005,64.91
fsm,2006,64.86
fsm,2007,64.84
fsm,2008,64.85
fsm,2009,64.87
fsm,2010,64.89
fsm,2011,64.97
fsm,2012,65.08
fsm,2013,65.18
fsm,2014,65.29
fsm,2015,65.31
fsm,2016,65.58
fsm,2017,65.76
fsm,2018,65.94
fsm,2019,66.2
fsm,2020,65.88
fsm,2021,66.15
fsm,2022,66.96
fsm,2023,67.2
gab,1950,39.27
gab,1951,39.98
gab,1952,40.74
gab,1953,41.48
gab,1954,42.19
gab,1955,42.95
gab,1956,43.65
gab,1957,44.36
gab,1958,45.06
gab,1959,45.76
gab,1960,46.44
gab,1961,47.12
gab,1962,47.78
gab,1963,48.42
gab,1964,48.99
gab,1965,49.71
gab,1966,50.32
gab,1967,50.93
gab,1968,51.55
gab,1969,52.13
gab,1970,52.7
gab,1971,53.26
gab,1972,53.81
gab,1973,54.35
gab,1974,54.91
gab,1975,55.45
gab,1976,55.97
gab,1977,56.47
gab,1978,56.95
gab,1979,57.44
gab,1980,57.89
gab,1981,58.33
gab,1982,58.64
gab,1983,58.99
gab,1984,59.34
gab,1985,59.66
gab,1986,59.96
gab,1987,60.2
gab,1988,60.4
gab,1989,60.58
gab,1990,60.74
gab,1991,60.89
gab,1992,61.01
gab,1993,61.12
gab,1994,61.18
gab,1995,61.27
gab,1996,61.26
gab,1997,61.4
gab,1998,61.51
gab,1999,61.66
gab,2000,61.81
gab,2001,61.98
gab,2002,62.18
gab,2003,62.46
gab,2004,62.69
gab,2005,62.98
gab,2006,63.26
gab,2007,63.62
gab,2008,64.01
gab,2009,64.36
gab,2010,64.71
gab,2011,65.1
gab,2012,65.44
gab,2013,65.75
gab,2014,66.07
gab,2015,66.34
gab,2016,66.58
gab,2017,66.82
gab,2018,67.04
gab,2019,67.34
gab,2020,67.07
gab,2021,67.07
gab,2022,67.71
gab,2023,68.34
gbr,1803,40.02
gbr,1808,40.58
gbr,1813,41.25
gbr,1818,40.84
gbr,1823,40.47
gbr,1828,41.43
gbr,1833,40.89
gbr,1838,40.56
gbr,1842,41.0
gbr,1843,41.56
gbr,1844,41.24
gbr,1845,42.17
gbr,1846,40.15
gbr,1847,38.52
gbr,1848,39.89
gbr,1849,37.68
gbr,1850,42.77
gbr,1851,40.95
gbr,1852,40.41
gbr,1853,39.98
gbr,1854,39.48
gbr,1855,40.74
gbr,1856,42.47
gbr,1857,40.92
gbr,1858,39.54
gbr,1859,40.4
gbr,1860,41.94
gbr,1861,41.62
gbr,1862,42.13
gbr,1863,40.37
gbr,1864,39.58
gbr,1865,39.75
gbr,1866,40.08
gbr,1867,42.0
gbr,1868,41.7
gbr,1869,41.34
gbr,1870,40.6
gbr,1871,41.14
gbr,1872,42.72
gbr,1873,43.29
gbr,1874,42.1
gbr,1875,41.45
gbr,1876,42.66
gbr,1877,43.69
gbr,1878,42.04
gbr,1879,43.5
gbr,1880,42.98
gbr,1881,45.06
gbr,1882,43.98
gbr,1883,44.02
gbr,1884,43.64
gbr,1885,44.57
gbr,1886,44.58
gbr,1887,45.08
gbr,1888,46.28
gbr,1889,45.93
gbr,1890,44.12
gbr,1891,44.43
gbr,1892,45.59
gbr,1893,44.68
gbr,1894,48.28
gbr,1895,45.41
gbr,1896,47.07
gbr,1897,46.44
gbr,1898,46.14
gbr,1899,45.24
gbr,1900,45.62
gbr,1901,46.93
gbr,1902,48.36
gbr,1903,49.54
gbr,1904,48.14
gbr,1905,49.92
gbr,1906,49.6
gbr,1907,50.56
gbr,1908,51.02
gbr,1909,51.67
gbr,1910,53.26
gbr,1911,51.22
gbr,1912,54.31
gbr,1913,53.36
gbr,1914,53.21
gbr,1915,51.2
gbr,1916,54.24
gbr,1917,54.16
gbr,1918,47.28
gbr,1919,54.31
gbr,1920,57.26
gbr,1921,58.08
gbr,1922,57.02
gbr,1923,59.3
gbr,1924,58.07
gbr,1925,58.42
gbr,1926,59.56
gbr,1927,58.95
gbr,1928,59.91
gbr,1929,57.62
gbr,1930,60.77
gbr,1931,60.0
gbr,1932,60.52
gbr,1933,60.58
gbr,1934,61.3
gbr,1935,61.96
gbr,1936,61.75
gbr,1937,61.79
gbr,1938,63.23
gbr,1939,63.61
gbr,1940,60.9
gbr,1941,61.29
gbr,1942,63.98
gbr,1943,64.04
gbr,1944,64.8
gbr,1945,65.76
gbr,1946,66.24
gbr,1947,66.44
gbr,1948,68.37
gbr,1949,68.11
gbr,1950,68.63
gbr,1951,68.24
gbr,1952,69.53
gbr,1953,69.8
gbr,1954,70.17
gbr,1955,70.13
gbr,1956,70.41
gbr,1957,70.52
gbr,1958,70.7
gbr,1959,70.83
gbr,1960,71.03
gbr,1961,70.79
gbr,1962,70.86
gbr,1963,70.76
gbr,1964,71.54
gbr,1965,71.52
gbr,1966,71.43
gbr,1967,72.07
gbr,1968,71.68
gbr,1969,71.66
gbr,1970,71.88
gbr,1971,72.23
gbr,1972,71.99
gbr,1973,72.18
gbr,1974,72.38
gbr,1975,72.65
gbr,1976,72.63
gbr,1977,73.11
gbr,1978,73.04
gbr,1979,73.16
gbr,1980,73.59
gbr,1981,73.92
gbr,1982,74.04
gbr,1983,74.29
gbr,1984,74.67
gbr,1985,74.54
gbr,1986,74.79
gbr,1987,75.15
gbr,1988,75.26
gbr,1989,75.4
gbr,1990,75.74
gbr,1991,75.91
gbr,1992,76.31
gbr,1993,76.16
gbr,1994,76.72
gbr,1995,76.61
gbr,1996,76.87
gbr,1997,77.14
gbr,1998,77.27
gbr,1999,77.37
gbr,2000,77.85
gbr,2001,78.12
gbr,2002,78.24
gbr,2003,78.33
gbr,2004,78.9
gbr,2005,79.11
gbr,2006,79.35
gbr,2007,79.53
gbr,2008,79.66
gbr,2009,80.16
gbr,2010,80.39
gbr,2011,80.8
gbr,2012,80.86
gbr,2013,80.92
gbr,2014,81.15
gbr,2015,80.92
gbr,2016,81.07
gbr,2017,81.16
gbr,2018,81.12
gbr,2019,81.44
gbr,2020,80.39
gbr,2021,80.71
gbr,2022,81.07
gbr,2023,81.3
geo,1950,57.71
geo,1951,58.05
geo,1952,58.4
geo,1953,58.77
geo,1954,59.12
geo,1955,59.48
geo,1956,59.85
geo,1957,60.24
geo,1958,60.6
geo,1959,60.99
geo,1960,61.35
geo,1961,61.72
geo,1962,62.08
geo,1963,62.46
geo,1964,62.82
geo,1965,63.1
geo,1966,63.4
geo,1967,63.77
geo,1968,64.14
geo,1969,64.51
geo,1970,64.87
geo,1971,65.19
geo,1972,65.52
geo,1973,65.85
geo,1974,66.18
geo,1975,66.51
geo,1976,66.89
geo,1977,67.25
geo,1978,67.6
geo,1979,67.94
geo,1980,68.27
geo,1981,68.74
geo,1982,69.11
geo,1983,69.14
geo,1984,68.8
geo,1985,69.01
geo,1986,69.22
geo,1987,69.22
geo,1988,68.82
geo,1989,68.64
geo,1990,68.68
geo,1991,68.2
geo,1992,67.78
geo,1993,67.41
geo,1994,68.67
geo,1995,69.4
geo,1996,70.64
geo,1997,69.68
geo,1998,69.79
geo,1999,70.01
geo,2000,70.09
geo,2001,70.37
geo,2002,70.44
geo,2003,71.38
geo,2004,71.01
geo,2005,70.69
geo,2006,70.98
geo,2007,70.99
geo,2008,70.95
geo,2009,71.06
geo,2010,71.73
geo,2011,72.48
geo,2012,72.67
geo,2013,73.02
geo,2014,73.11
geo,2015,73.24
geo,2016,73.14
geo,2017,73.43
geo,2018,73.98
geo,2019,74.16
geo,2020,73.51
geo,2021,71.64
geo,2022,74.14
geo,2023,74.5
ggy,1950,71.23
ggy,1951,71.71
ggy,1952,72.68
ggy,1953,71.46
ggy,1954,73.07
ggy,1955,71.58
ggy,1956,75.86
ggy,1957,72.61
ggy,1958,73.58
ggy,1959,73.93
ggy,1960,75.19
ggy,1961,72.88
ggy,1962,73.58
ggy,1963,73.83
ggy,1964,73.12
ggy,1965,72.16
ggy,1966,73.72
ggy,1967,73.43
ggy,1968,72.39
ggy,1969,72.38
ggy,1970,72.58
ggy,1971,73.01
ggy,1972,72.89
ggy,1973,74.22
ggy,1974,73.56
ggy,1975,73.58
ggy,1976,73.64
ggy,1977,74.12
ggy,1978,74.44
ggy,1979,74.31
ggy,1980,75.49
ggy,1981,74.68
ggy,1982,72.37
ggy,1983,76.21
ggy,1984,76.23
ggy,1985,76.03
ggy,1986,76.03
ggy,1987,76.43
ggy,1988,76.7
ggy,1989,77.6
ggy,1990,76.64
ggy,1991,76.79
ggy,1992,77.82
ggy,1993,76.8
ggy,1994,77.02
ggy,1995,78.12
ggy,1996,78.09
ggy,1997,78.7
ggy,1998,79.16
ggy,1999,80.26
ggy,2000,79.39
ggy,2001,79.49
ggy,2002,79.61
ggy,2003,79.68
ggy,2004,80.43
ggy,2005,80.73
ggy,2006,81.16
ggy,2007,81.31
ggy,2008,81.56
ggy,2009,81.9
ggy,2010,82.31
ggy,2011,82.64
ggy,2012,82.35
ggy,2013,82.84
ggy,2014,83.01
ggy,2015,82.75
ggy,2016,82.56
ggy,2017,82.32
ggy,2018,82.75
ggy,2019,83.28
ggy,2020,83.35
ggy,2021,81.97
ggy,2022,83.11
ggy,2023,83.27
gha,1921,28.0
gha,1950,43.07
gha,1951,43.59
gha,1952,44.04
gha,1953,44.51
gha,1954,44.99
gha,1955,45.37
gha,1956,45.75
gha,1957,46.13
gha,1958,46.4
gha,1959,46.71
gha,1960,46.94
gha,1961,47.13
gha,1962,47.34
gha,1963,47.48
gha,1964,47.64
gha,1965,47.69
gha,1966,47.71
gha,1967,47.73
gha,1968,47.76
gha,1969,47.9
gha,1970,47.89
gha,1971,47.95
gha,1972,48.27
gha,1973,48.58
gha,1974,48.92
gha,1975,49.32
gha,1976,49.73
gha,1977,50.08
gha,1978,50.46
gha,1979,50.79
gha,1980,51.06
gha,1981,51.31
gha,1982,51.42
gha,1983,51.78
gha,1984,52.23
gha,1985,52.73
gha,1986,53.28
gha,1987,53.82
gha,1988,54.4
gha,1989,54.94
gha,1990,55.39
gha,1991,55.72
gha,1992,56.06
gha,1993,56.29
gha,1994,56.23
gha,1995,56.66
gha,1996,56.96
gha,1997,57.24
gha,1998,57.52
gha,1999,57.84
gha,2000,58.14
gha,2001,58.4
gha,2002,58.71
gha,2003,59.01
gha,2004,59.32
gha,2005,59.64
gha,2006,59.98
gha,2007,60.28
gha,2008,60.58
gha,2009,60.93
gha,2010,61.3
gha,2011,61.62
gha,2012,62.0
gha,2013,62.4
gha,2014,62.83
gha,2015,63.17
gha,2016,63.52
gha,2017,63.83
gha,2018,64.14
gha,2019,64.46
gha,2020,64.31
gha,2021,64.29
gha,2022,65.25
gha,2023,65.5
gib,1950,65.1
gib,1951,65.29
gib,1952,65.64
gib,1953,66.18
gib,1954,66.84
gib,1955,67.69
gib,1956,68.51
gib,1957,69.11
gib,1958,69.71
gib,1959,70.11
gib,1960,70.21
gib,1961,70.16
gib,1962,70.17
gib,1963,70.25
gib,1964,70.44
gib,1965,70.76
gib,1966,71.18
gib,1967,71.54
gib,1968,71.71
gib,1969,71.81
gib,1970,71.89
gib,1971,72.1
gib,1972,72.36
gib,1973,72.71
gib,1974,73.05
gib,1975,73.32
gib,1976,73.44
gib,1977,73.48
gib,1978,73.51
gib,1979,73.59
gib,1980,73.75
gib,1981,74.0
gib,1982,74.32
gib,1983,74.61
gib,1984,74.93
gib,1985,75.23
gib,1986,75.56
gib,1987,75.87
gib,1988,76.18
gib,1989,76.47
gib,1990,76.81
gib,1991,77.12
gib,1992,77.41
gib,1993,77.72
gib,1994,78.05
gib,1995,78.34
gib,1996,78.7
gib,1997,79.1
gib,1998,79.48
gib,1999,79.81
gib,2000,80.14
gib,2001,80.42
gib,2002,80.59
gib,2003,80.71
gib,2004,80.86
gib,2005,80.99
gib,2006,81.1
gib,2007,81.27
gib,2008,81.54
gib,2009,81.81
gib,2010,82.08
gib,2011,82.33
gib,2012,82.53
gib,2013,82.59
gib,2014,82.64
gib,2015,82.67
gib,2016,82.74
gib,2017,82.86
gib,2018,83.03
gib,2019,83.18
gib,2020,83.07
gib,2021,80.27
gib,2022,83.52
gib,2023,83.55
gin,1950,35.59
gin,1951,35.65
gin,1952,35.73
gin,1953,35.8
gin,1954,35.86
gin,1955,35.96
gin,1956,36.06
gin,1957,36.23
gin,1958,36.36
gin,1959,36.47
gin,1960,36.62
gin,1961,36.82
gin,1962,37.0
gin,1963,37.2
gin,1964,37.42
gin,1965,37.65
gin,1966,37.96
gin,1967,38.22
gin,1968,38.5
gin,1969,38.82
gin,1970,39.06
gin,1971,39.37
gin,1972,39.68
gin,1973,39.94
gin,1974,40.23
gin,1975,40.61
gin,1976,41.03
gin,1977,41.41
gin,1978,41.88
gin,1979,42.34
gin,1980,42.84
gin,1981,43.33
gin,1982,43.86
gin,1983,44.23
gin,1984,44.86
gin,1985,45.31
gin,1986,45.72
gin,1987,46.11
gin,1988,46.48
gin,1989,46.86
gin,1990,47.25
gin,1991,47.78
gin,1992,48.27
gin,1993,48.82
gin,1994,49.19
gin,1995,49.84
gin,1996,50.55
gin,1997,51.11
gin,1998,51.61
gin,1999,51.99
gin,2000,52.42
gin,2001,52.67
gin,2002,53.2
gin,2003,53.59
gin,2004,53.97
gin,2005,54.42
gin,2006,54.88
gin,2007,55.23
gin,2008,55.7
gin,2009,56.05
gin,2010,56.43
gin,2011,56.78
gin,2012,57.12
gin,2013,57.46
gin,2014,57.58
gin,2015,57.9
gin,2016,58.49
gin,2017,58.72
gin,2018,59.04
gin,2019,59.38
gin,2020,59.35
gin,2021,59.37
gin,2022,60.43
gin,2023,60.74
glp,1950,53.1
glp,1951,53.83
glp,1952,54.18
glp,1953,55.0
glp,1954,56.09
glp,1955,57.27
glp,1956,57.59
glp,1957,58.39
glp,1958,59.3
glp,1959,60.27
glp,1960,61.06
glp,1961,61.57
glp,1962,62.26
glp,1963,62.68
glp,1964,62.64
glp,1965,63.17
glp,1966,63.07
glp,1967,63.41
glp,1968,63.6
glp,1969,64.2
glp,1970,64.69
glp,1971,65.15
glp,1972,65.58
glp,1973,66.08
glp,1974,66.65
glp,1975,67.16
glp,1976,67.81
glp,1977,68.45
glp,1978,68.92
glp,1979,69.43
glp,1980,69.92
glp,1981,70.44
glp,1982,70.92
glp,1983,71.38
glp,1984,71.83
glp,1985,72.23
glp,1986,72.63
glp,1987,72.96
glp,1988,73.28
glp,1989,73.6
glp,1990,73.93
glp,1991,74.27
glp,1992,74.62
glp,1993,74.9
glp,1994,75.21
glp,1995,75.53
glp,1996,75.85
glp,1997,76.16
glp,1998,76.43
glp,1999,76.74
glp,2000,77.08
glp,2001,77.27
glp,2002,77.81
glp,2003,78.17
glp,2004,78.35
glp,2005,78.18
glp,2006,78.43
glp,2007,79.05
glp,2008,79.66
glp,2009,79.75
glp,2010,80.12
glp,2011,80.45
glp,2012,80.97
glp,2013,80.79
glp,2014,81.19
glp,2015,81.27
glp,2016,81.64
glp,2017,81.75
glp,2018,81.38
glp,2019,81.39
glp,2020,80.65
glp,2021,78.21
glp,2022,80.91
glp,2023,82.05
gmb,1950,31.16
gmb,1951,31.45
gmb,1952,31.71
gmb,1953,31.92
gmb,1954,32.18
gmb,1955,32.41
gmb,1956,32.76
gmb,1957,33.12
gmb,1958,33.61
gmb,1959,34.09
gmb,1960,34.57
gmb,1961,35.06
gmb,1962,35.6
gmb,1963,36.09
gmb,1964,36.58
gmb,1965,37.12
gmb,1966,37.56
gmb,1967,38.06
gmb,1968,38.53
gmb,1969,39.0
gmb,1970,39.53
gmb,1971,40.05
gmb,1972,40.55
gmb,1973,41.09
gmb,1974,41.68
gmb,1975,42.19
gmb,1976,42.88
gmb,1977,43.37
gmb,1978,43.57
gmb,1979,44.52
gmb,1980,44.98
gmb,1981,44.49
gmb,1982,46.25
gmb,1983,46.89
gmb,1984,47.51
gmb,1985,48.15
gmb,1986,48.8
gmb,1987,49.39
gmb,1988,50.15
gmb,1989,50.72
gmb,1990,51.28
gmb,1991,51.86
gmb,1992,52.48
gmb,1993,53.15
gmb,1994,53.77
gmb,1995,54.29
gmb,1996,54.85
gmb,1997,55.23
gmb,1998,56.01
gmb,1999,56.47
gmb,2000,56.9
gmb,2001,57.28
gmb,2002,57.74
gmb,2003,58.22
gmb,2004,58.75
gmb,2005,59.11
gmb,2006,59.67
gmb,2007,60.0
gmb,2008,60.47
gmb,2009,60.73
gmb,2010,61.17
gmb,2011,61.56
gmb,2012,61.9
gmb,2013,62.25
gmb,2014,62.58
gmb,2015,62.97
gmb,2016,63.39
gmb,2017,63.71
gmb,2018,64.03
gmb,2019,64.43
gmb,2020,64.42
gmb,2021,63.85
gmb,2022,64.86
gmb,2023,65.86
gnb,1950,35.74
gnb,1951,35.91
gnb,1952,36.09
gnb,1953,36.26
gnb,1954,36.43
gnb,1955,36.6
gnb,1956,36.78
gnb,1957,36.96
gnb,1958,37.14
gnb,1959,37.34
gnb,1960,37.55
gnb,1961,37.79
gnb,1962,38.03
gnb,1963,35.64
gnb,1964,35.81
gnb,1965,35.92
gnb,1966,36.08
gnb,1967,36.34
gnb,1968,36.67
gnb,1969,36.96
gnb,1970,37.26
gnb,1971,37.54
gnb,1972,37.82
gnb,1973,38.17
gnb,1974,41.61
gnb,1975,41.93
gnb,1976,42.25
gnb,1977,42.58
gnb,1978,42.91
gnb,1979,43.24
gnb,1980,43.57
gnb,1981,43.93
gnb,1982,44.29
gnb,1983,44.6
gnb,1984,44.94
gnb,1985,45.27
gnb,1986,45.52
gnb,1987,45.84
gnb,1988,46.28
gnb,1989,46.61
gnb,1990,46.89
gnb,1991,47.2
gnb,1992,47.52
gnb,1993,47.84
gnb,1994,47.77
gnb,1995,48.53
gnb,1996,48.77
gnb,1997,48.03
gnb,1998,48.12
gnb,1999,48.49
gnb,2000,50.56
gnb,2001,51.05
gnb,2002,51.61
gnb,2003,52.19
gnb,2004,52.8
gnb,2005,52.95
gnb,2006,54.09
gnb,2007,54.87
gnb,2008,55.3
gnb,2009,56.3
gnb,2010,57.0
gnb,2011,57.66
gnb,2012,58.27
gnb,2013,58.88
gnb,2014,59.48
gnb,2015,60.07
gnb,2016,60.62
gnb,2017,61.15
gnb,2018,61.65
gnb,2019,62.16
gnb,2020,61.34
gnb,2021,61.65
gnb,2022,63.6
gnb,2023,64.08
gnq,1950,40.11
gnq,1951,40.37
gnq,1952,40.63
gnq,1953,40.89
gnq,1954,41.15
gnq,1955,41.41
gnq,1956,41.67
gnq,1957,41.94
gnq,1958,42.2
gnq,1959,42.47
gnq,1960,42.74
gnq,1961,43.01
gnq,1962,43.27
gnq,1963,43.54
gnq,1964,43.8
gnq,1965,44.07
gnq,1966,44.33
gnq,1967,44.59
gnq,1968,44.85
gnq,1969,31.0
gnq,1970,31.09
gnq,1971,37.23
gnq,1972,44.44
gnq,1973,44.66
gnq,1974,41.49
gnq,1975,37.32
gnq,1976,30.54
gnq,1977,42.01
gnq,1978,42.33
gnq,1979,43.03
gnq,1980,48.78
gnq,1981,49.11
gnq,1982,49.67
gnq,1983,50.05
gnq,1984,50.2
gnq,1985,50.6
gnq,1986,50.85
gnq,1987,50.99
gnq,1988,51.18
gnq,1989,51.29
gnq,1990,51.4
gnq,1991,51.5
gnq,1992,51.58
gnq,1993,51.67
gnq,1994,51.79
gnq,1995,51.93
gnq,1996,52.12
gnq,1997,52.36
gnq,1998,52.65
gnq,1999,53.0
gnq,2000,53.4
gnq,2001,53.83
gnq,2002,54.32
gnq,2003,54.79
gnq,2004,55.31
gnq,2005,55.77
gnq,2006,56.35
gnq,2007,56.86
gnq,2008,57.38
gnq,2009,57.88
gnq,2010,58.34
gnq,2011,58.83
gnq,2012,59.3
gnq,2013,59.78
gnq,2014,60.23
gnq,2015,60.63
gnq,2016,61.08
gnq,2017,61.48
gnq,2018,61.92
gnq,2019,62.3
gnq,2020,62.14
gnq,2021,62.45
gnq,2022,63.35
gnq,2023,63.71
grc,1877,36.6
grc,1882,37.1
grc,1887,37.7
grc,1892,38.5
grc,1897,39.4
grc,1902,40.4
grc,1907,41.2
grc,1920,44.65
grc,1922,45.2
grc,1927,48.2
grc,1928,46.18
grc,1929,49.97
grc,1932,50.5
grc,1937,52.8
grc,1940,54.34
grc,1950,66.21
grc,1951,66.73
grc,1952,67.32
grc,1953,67.47
grc,1954,68.05
grc,1955,68.59
grc,1956,68.12
grc,1957,68.4
grc,1958,69.71
grc,1959,69.58
grc,1960,70.52
grc,1961,70.39
grc,1962,70.31
grc,1963,70.65
grc,1964,70.53
grc,1965,71.46
grc,1966,71.86
grc,1967,71.39
grc,1968,71.47
grc,1969,72.06
grc,1970,72.75
grc,1971,72.94
grc,1972,72.72
grc,1973,72.98
grc,1974,73.47
grc,1975,73.47
grc,1976,73.75
grc,1977,73.75
grc,1978,74.44
grc,1979,74.67
grc,1980,74.48
grc,1981,74.91
grc,1982,75.21
grc,1983,75.5
grc,1984,75.78
grc,1985,76.14
grc,1986,76.54
grc,1987,76.1
grc,1988,77.0
grc,1989,77.13
grc,1990,77.3
grc,1991,77.39
grc,1992,77.31
grc,1993,77.69
grc,1994,77.86
grc,1995,77.89
grc,1996,78.04
grc,1997,78.4
grc,1998,78.3
grc,1999,78.42
grc,2000,78.44
grc,2001,78.91
grc,2002,79.03
grc,2003,79.08
grc,2004,79.35
grc,2005,79.65
grc,2006,79.76
grc,2007,79.66
grc,2008,80.1
grc,2009,80.37
grc,2010,80.57
grc,2011,80.62
grc,2012,80.42
grc,2013,81.07
grc,2014,81.12
grc,2015,80.79
grc,2016,81.27
grc,2017,80.96
grc,2018,81.5
grc,2019,81.35
grc,2020,81.54
grc,2021,80.53
grc,2022,79.94
grc,2023,81.86
grd,1950,52.72
grd,1951,53.83
grd,1952,54.81
grd,1953,55.73
grd,1954,56.7
grd,1955,57.79
grd,1956,59.02
grd,1957,60.26
grd,1958,61.42
grd,1959,62.42
grd,1960,63.14
grd,1961,63.55
grd,1962,63.75
grd,1963,63.78
grd,1964,64.2
grd,1965,64.78
grd,1966,65.65
grd,1967,66.46
grd,1968,66.91
grd,1969,66.97
grd,1970,66.86
grd,1971,66.87
grd,1972,67.15
grd,1973,67.56
grd,1974,67.88
grd,1975,68.0
grd,1976,67.95
grd,1977,67.87
grd,1978,67.86
grd,1979,67.94
grd,1980,68.12
grd,1981,68.35
grd,1982,68.6
grd,1983,64.33
grd,1984,69.09
grd,1985,69.34
grd,1986,69.57
grd,1987,69.81
grd,1988,70.04
grd,1989,70.29
grd,1990,70.55
grd,1991,70.82
grd,1992,71.12
grd,1993,71.45
grd,1994,71.78
grd,1995,72.09
grd,1996,72.37
grd,1997,72.6
grd,1998,72.76
grd,1999,72.87
grd,2000,72.95
grd,2001,73.03
grd,2002,73.14
grd,2003,73.29
grd,2004,72.45
grd,2005,73.7
grd,2006,73.93
grd,2007,74.16
grd,2008,74.37
grd,2009,74.57
grd,2010,74.73
grd,2011,74.86
grd,2012,74.96
grd,2013,75.02
grd,2014,75.04
grd,2015,75.04
grd,2016,75.01
grd,2017,74.98
grd,2018,74.96
grd,2019,74.97
grd,2020,75.02
grd,2021,74.52
grd,2022,75.15
grd,2023,75.21
grl,1950,39.5
grl,1951,41.09
grl,1952,42.85
grl,1953,44.65
grl,1954,46.65
grl,1955,48.79
grl,1956,51.1
grl,1957,53.53
grl,1958,55.56
grl,1959,57.25
grl,1960,58.55
grl,1961,59.39
grl,1962,59.92
grl,1963,60.28
grl,1964,60.69
grl,1965,61.22
grl,1966,61.65
grl,1967,62.22
grl,1968,62.66
grl,1969,63.03
grl,1970,63.03
grl,1971,62.97
grl,1972,62.73
grl,1973,62.39
grl,1974,61.96
grl,1975,61.75
grl,1976,61.67
grl,1977,61.65
grl,1978,61.77
grl,1979,61.98
grl,1980,62.16
grl,1981,62.33
grl,1982,62.51
grl,1983,62.64
grl,1984,62.75
grl,1985,62.82
grl,1986,62.87
grl,1987,62.91
grl,1988,62.99
grl,1989,63.09
grl,1990,63.24
grl,1991,63.51
grl,1992,63.79
grl,1993,64.08
grl,1994,63.91
grl,1995,64.16
grl,1996,64.33
grl,1997,64.49
grl,1998,64.66
grl,1999,65.12
grl,2000,65.63
grl,2001,66.27
grl,2002,67.01
grl,2003,67.62
grl,2004,67.55
grl,2005,67.77
grl,2006,68.14
grl,2007,68.34
grl,2008,68.4
grl,2009,68.38
grl,2010,68.45
grl,2011,68.79
grl,2012,69.35
grl,2013,69.8
grl,2014,70.09
grl,2015,70.23
grl,2016,70.39
grl,2017,70.39
grl,2018,70.35
grl,2019,70.26
grl,2020,70.16
grl,2021,70.05
grl,2022,70.05
grl,2023,70.06
gtm,1900,24.0
gtm,1910,24.0
gtm,1920,25.0
gtm,1921,25.82
gtm,1930,25.0
gtm,1940,29.0
gtm,1950,37.8
gtm,1951,38.34
gtm,1952,38.92
gtm,1953,39.5
gtm,1954,40.07
gtm,1955,40.68
gtm,1956,41.29
gtm,1957,41.92
gtm,1958,43.14
gtm,1959,44.33
gtm,1960,45.76
gtm,1961,46.12
gtm,1962,46.49
gtm,1963,46.62
gtm,1964,47.06
gtm,1965,47.19
gtm,1966,47.51
gtm,1967,47.73
gtm,1968,47.76
gtm,1969,47.52
gtm,1970,48.51
gtm,1971,50.28
gtm,1972,51.82
gtm,1973,52.85
gtm,1974,53.02
gtm,1975,52.83
gtm,1976,47.62
gtm,1977,55.18
gtm,1978,56.41
gtm,1979,56.6
gtm,1980,55.3
gtm,1981,54.71
gtm,1982,48.86
gtm,1983,57.91
gtm,1984,59.07
gtm,1985,59.79
gtm,1986,60.34
gtm,1987,60.99
gtm,1988,61.54
gtm,1989,61.75
gtm,1990,61.77
gtm,1991,61.93
gtm,1992,61.99
gtm,1993,62.44
gtm,1994,63.03
gtm,1995,63.66
gtm,1996,64.54
gtm,1997,65.25
gtm,1998,65.97
gtm,1999,66.63
gtm,2000,67.1
gtm,2001,67.44
gtm,2002,67.83
gtm,2003,68.2
gtm,2004,68.24
gtm,2005,68.17
gtm,2006,68.79
gtm,2007,69.3
gtm,2008,69.49
gtm,2009,69.68
gtm,2010,69.89
gtm,2011,70.32
gtm,2012,70.72
gtm,2013,70.88
gtm,2014,70.94
gtm,2015,70.91
gtm,2016,71.22
gtm,2017,71.58
gtm,2018,71.5
gtm,2019,71.64
gtm,2020,69.97
gtm,2021,67.86
gtm,2022,71.21
gtm,2023,72.6
guf,1950,47.74
guf,1951,48.42
guf,1952,48.99
guf,1953,49.54
guf,1954,50.1
guf,1955,50.74
guf,1956,51.55
guf,1957,52.55
guf,1958,53.64
guf,1959,54.74
guf,1960,55.82
guf,1961,56.89
guf,1962,57.92
guf,1963,58.86
guf,1964,59.74
guf,1965,60.55
guf,1966,61.27
guf,1967,61.89
guf,1968,62.41
guf,1969,62.88
guf,1970,63.27
guf,1971,63.65
guf,1972,64.04
guf,1973,64.41
guf,1974,64.74
guf,1975,65.02
guf,1976,65.25
guf,1977,65.55
guf,1978,66.01
guf,1979,66.56
guf,1980,67.14
guf,1981,67.65
guf,1982,68.13
guf,1983,68.59
guf,1984,69.02
guf,1985,69.39
guf,1986,69.72
guf,1987,70.04
guf,1988,70.36
guf,1989,70.63
guf,1990,70.85
guf,1991,71.04
guf,1992,71.24
guf,1993,71.46
guf,1994,71.69
guf,1995,71.92
guf,1996,72.13
guf,1997,72.22
guf,1998,72.49
guf,1999,72.72
guf,2000,72.97
guf,2001,73.32
guf,2002,73.49
guf,2003,73.58
guf,2004,73.8
guf,2005,74.13
guf,2006,74.57
guf,2007,74.95
guf,2008,75.37
guf,2009,75.64
guf,2010,75.85
guf,2011,76.02
guf,2012,76.22
guf,2013,76.46
guf,2014,76.68
guf,2015,76.63
guf,2016,76.65
guf,2017,76.8
guf,2018,77.24
guf,2019,76.57
guf,2020,77.51
guf,2021,74.2
guf,2022,76.79
guf,2023,76.98
gum,1950,59.57
gum,1951,59.86
gum,1952,60.21
gum,1953,60.54
gum,1954,60.88
gum,1955,61.2
gum,1956,61.54
gum,1957,61.89
gum,1958,62.22
gum,1959,62.57
gum,1960,62.88
gum,1961,63.23
gum,1962,63.35
gum,1963,63.83
gum,1964,64.1
gum,1965,64.37
gum,1966,64.64
gum,1967,64.92
gum,1968,65.2
gum,1969,65.5
gum,1970,65.81
gum,1971,66.06
gum,1972,66.47
gum,1973,66.93
gum,1974,67.53
gum,1975,68.01
gum,1976,68.27
gum,1977,69.02
gum,1978,69.57
gum,1979,70.12
gum,1980,70.67
gum,1981,71.18
gum,1982,71.68
gum,1983,72.14
gum,1984,72.59
gum,1985,73.07
gum,1986,73.32
gum,1987,73.47
gum,1988,73.43
gum,1989,73.5
gum,1990,73.46
gum,1991,73.52
gum,1992,73.63
gum,1993,74.0
gum,1994,74.34
gum,1995,74.51
gum,1996,74.64
gum,1997,74.7
gum,1998,74.75
gum,1999,74.79
gum,2000,74.89
gum,2001,75.19
gum,2002,75.51
gum,2003,75.88
gum,2004,76.11
gum,2005,76.43
gum,2006,76.48
gum,2007,76.4
gum,2008,76.23
gum,2009,76.14
gum,2010,76.1
gum,2011,76.15
gum,2012,76.24
gum,2013,76.36
gum,2014,76.42
gum,2015,76.44
gum,2016,76.45
gum,2017,76.46
gum,2018,76.56
gum,2019,76.65
gum,2020,75.53
gum,2021,75.43
gum,2022,77.1
gum,2023,77.21
guy,1911,31.12
guy,1921,34.62
guy,1930,41.42
guy,1950,49.21
guy,1951,50.23
guy,1952,51.29
guy,1953,52.37
guy,1954,53.32
guy,1955,54.12
guy,1956,55.16
guy,1957,56.1
guy,1958,56.45
guy,1959,57.01
guy,1960,57.51
guy,1961,57.91
guy,1962,58.3
guy,1963,58.64
guy,1964,58.96
guy,1965,59.14
guy,1966,59.33
guy,1967,59.53
guy,1968,59.69
guy,1969,59.83
guy,1970,59.96
guy,1971,60.07
guy,1972,60.13
guy,1973,60.21
guy,1974,60.3
guy,1975,60.37
guy,1976,60.45
guy,1977,60.56
guy,1978,60.65
guy,1979,60.73
guy,1980,60.81
guy,1981,60.91
guy,1982,61.01
guy,1983,61.16
guy,1984,61.25
guy,1985,61.38
guy,1986,61.52
guy,1987,61.7
guy,1988,61.85
guy,1989,62.05
guy,1990,62.25
guy,1991,62.46
guy,1992,62.82
guy,1993,63.02
guy,1994,63.01
guy,1995,62.67
guy,1996,62.69
guy,1997,62.88
guy,1998,63.43
guy,1999,63.77
guy,2000,64.07
guy,2001,64.38
guy,2002,64.18
guy,2003,64.12
guy,2004,64.21
guy,2005,64.39
guy,2006,64.85
guy,2007,65.46
guy,2008,65.72
guy,2009,66.03
guy,2010,66.2
guy,2011,66.47
guy,2012,66.44
guy,2013,66.71
guy,2014,67.33
guy,2015,67.72
guy,2016,68.07
guy,2017,68.54
guy,2018,68.83
guy,2019,69.07
guy,2020,67.75
guy,2021,64.32
guy,2022,69.89
guy,2023,70.18
hkg,1950,57.82
hkg,1951,58.72
hkg,1952,59.77
hkg,1953,60.86
hkg,1954,61.92
hkg,1955,62.76
hkg,1956,63.45
hkg,1957,64.05
hkg,1958,64.69
hkg,1959,65.39
hkg,1960,66.15
hkg,1961,66.87
hkg,1962,67.31
hkg,1963,68.02
hkg,1964,68.58
hkg,1965,68.89
hkg,1966,69.29
hkg,1967,69.93
hkg,1968,70.69
hkg,1969,71.03
hkg,1970,71.27
hkg,1971,71.47
hkg,1972,71.67
hkg,1973,72.21
hkg,1974,72.54
hkg,1975,72.82
hkg,1976,73.04
hkg,1977,73.31
hkg,1978,73.58
hkg,1979,73.9
hkg,1980,74.25
hkg,1981,74.6
hkg,1982,74.93
hkg,1983,75.3
hkg,1984,75.67
hkg,1985,76.25
hkg,1986,76.69
hkg,1987,77.06
hkg,1988,77.09
hkg,1989,77.23
hkg,1990,77.45
hkg,1991,77.69
hkg,1992,77.99
hkg,1993,78.33
hkg,1994,78.72
hkg,1995,79.11
hkg,1996,79.45
hkg,1997,79.73
hkg,1998,80.07
hkg,1999,80.39
hkg,2000,80.7
hkg,2001,80.99
hkg,2002,81.18
hkg,2003,81.14
hkg,2004,81.45
hkg,2005,81.68
hkg,2006,81.95
hkg,2007,82.14
hkg,2008,82.34
hkg,2009,82.59
hkg,2010,82.86
hkg,2011,83.16
hkg,2012,83.42
hkg,2013,83.7
hkg,2014,83.93
hkg,2015,84.15
hkg,2016,84.38
hkg,2017,84.66
hkg,2018,84.99
hkg,2019,85.26
hkg,2020,84.71
hkg,2021,85.08
hkg,2022,83.49
hkg,2023,85.51
hnd,1920,29.0
hnd,1930,34.0
hnd,1940,36.0
hnd,1950,41.05
hnd,1951,41.59
hnd,1952,42.02
hnd,1953,42.53
hnd,1954,43.04
hnd,1955,43.67
hnd,1956,44.25
hnd,1957,44.93
hnd,1958,45.63
hnd,1959,46.38
hnd,1960,47.15
hnd,1961,47.71
hnd,1962,48.65
hnd,1963,49.38
hnd,1964,50.2
hnd,1965,50.86
hnd,1966,51.59
hnd,1967,52.33
hnd,1968,53.04
hnd,1969,53.71
hnd,1970,54.36
hnd,1971,55.01
hnd,1972,55.69
hnd,1973,54.56
hnd,1974,52.52
hnd,1975,57.52
hnd,1976,58.15
hnd,1977,58.7
hnd,1978,59.25
hnd,1979,59.83
hnd,1980,60.39
hnd,1981,61.03
hnd,1982,61.69
hnd,1983,62.41
hnd,1984,62.82
hnd,1985,63.22
hnd,1986,63.65
hnd,1987,64.07
hnd,1988,64.39
hnd,1989,64.78
hnd,1990,65.18
hnd,1991,65.58
hnd,1992,65.91
hnd,1993,66.07
hnd,1994,66.52
hnd,1995,66.92
hnd,1996,67.26
hnd,1997,67.54
hnd,1998,62.43
hnd,1999,68.0
hnd,2000,68.3
hnd,2001,68.49
hnd,2002,68.71
hnd,2003,68.87
hnd,2004,69.05
hnd,2005,69.2
hnd,2006,69.36
hnd,2007,69.54
hnd,2008,69.66
hnd,2009,69.82
hnd,2010,69.77
hnd,2011,70.12
hnd,2012,70.46
hnd,2013,70.76
hnd,2014,71.03
hnd,2015,71.32
hnd,2016,71.62
hnd,2017,71.8
hnd,2018,72.0
hnd,2019,72.12
hnd,2020,70.86
hnd,2021,69.49
hnd,2022,72.72
hnd,2023,72.88
hrv,1950,58.45
hrv,1951,59.03
hrv,1952,59.84
hrv,1953,61.49
hrv,1954,62.23
hrv,1955,63.1
hrv,1956,63.56
hrv,1957,64.41
hrv,1958,65.03
hrv,1959,65.55
hrv,1960,65.95
hrv,1961,66.55
hrv,1962,67.27
hrv,1963,67.62
hrv,1964,68.04
hrv,1965,68.48
hrv,1966,68.91
hrv,1967,69.04
hrv,1968,68.89
hrv,1969,68.96
hrv,1970,69.17
hrv,1971,69.45
hrv,1972,69.75
hrv,1973,70.11
hrv,1974,70.61
hrv,1975,71.04
hrv,1976,71.37
hrv,1977,71.37
hrv,1978,71.26
hrv,1979,71.09
hrv,1980,70.97
hrv,1981,70.88
hrv,1982,70.66
hrv,1983,70.75
hrv,1984,70.98
hrv,1985,71.53
hrv,1986,71.79
hrv,1987,71.94
hrv,1988,72.15
hrv,1989,72.5
hrv,1990,72.24
hrv,1991,70.57
hrv,1992,71.72
hrv,1993,72.31
hrv,1994,72.61
hrv,1995,72.56
hrv,1996,72.98
hrv,1997,72.99
hrv,1998,73.19
hrv,1999,73.61
hrv,2000,74.0
hrv,2001,74.35
hrv,2002,74.65
hrv,2003,74.71
hrv,2004,75.27
hrv,2005,75.57
hrv,2006,75.68
hrv,2007,75.89
hrv,2008,76.0
hrv,2009,76.31
hrv,2010,76.68
hrv,2011,76.99
hrv,2012,77.28
hrv,2013,77.51
hrv,2014,77.51
hrv,2015,77.63
hrv,2016,77.63
hrv,2017,77.73
hrv,2018,77.87
hrv,2019,78.2
hrv,2020,77.5
hrv,2021,77.14
hrv,2022,78.28
hrv,2023,78.58
hti,1950,37.24
hti,1951,38.08
hti,1952,38.78
hti,1953,39.53
hti,1954,40.05
hti,1955,40.95
hti,1956,41.6
hti,1957,42.15
hti,1958,42.62
hti,1959,43.02
hti,1960,43.44
hti,1961,43.82
hti,1962,44.2
hti,1963,42.72
hti,1964,44.93
hti,1965,45.37
hti,1966,45.57
hti,1967,46.14
hti,1968,46.52
hti,1969,46.9
hti,1970,47.26
hti,1971,47.62
hti,1972,47.88
hti,1973,48.19
hti,1974,48.46
hti,1975,48.72
hti,1976,48.97
hti,1977,49.23
hti,1978,49.48
hti,1979,49.75
hti,1980,49.97
hti,1981,50.31
hti,1982,50.63
hti,1983,50.95
hti,1984,51.25
hti,1985,51.58
hti,1986,51.87
hti,1987,52.25
hti,1988,52.55
hti,1989,52.88
hti,1990,53.22
hti,1991,53.52
hti,1992,54.04
hti,1993,54.48
hti,1994,54.73
hti,1995,55.58
hti,1996,56.11
hti,1997,56.67
hti,1998,57.14
hti,1999,57.69
hti,2000,58.17
hti,2001,58.59
hti,2002,59.04
hti,2003,59.44
hti,2004,58.52
hti,2005,60.32
hti,2006,60.74
hti,2007,61.09
hti,2008,61.28
hti,2009,61.69
hti,2010,45.58
hti,2011,61.58
hti,2012,62.27
hti,2013,62.62
hti,2014,62.97
hti,2015,63.22
hti,2016,63.32
hti,2017,63.83
hti,2018,64.08
hti,2019,64.33
hti,2020,63.77
hti,2021,62.61
hti,2022,63.95
hti,2023,64.94
hun,1900,37.34
hun,1910,39.76
hun,1920,42.06
hun,1930,50.21
hun,1941,56.56
hun,1949,61.29
hun,1950,62.14
hun,1951,62.47
hun,1952,63.93
hun,1953,63.85
hun,1954,65.43
hun,1955,66.9
hun,1956,66.0
hun,1957,66.35
hun,1958,67.44
hun,1959,67.33
hun,1960,68.09
hun,1961,69.02
hun,1962,67.94
hun,1963,68.94
hun,1964,69.47
hun,1965,69.15
hun,1966,69.9
hun,1967,69.46
hun,1968,69.34
hun,1969,69.38
hun,1970,69.22
hun,1971,69.08
hun,1972,69.72
hun,1973,69.6
hun,1974,69.27
hun,1975,69.42
hun,1976,69.66
hun,1977,69.94
hun,1978,69.47
hun,1979,69.67
hun,1980,69.09
hun,1981,69.15
hun,1982,69.35
hun,1983,68.93
hun,1984,68.96
hun,1985,68.9
hun,1986,69.11
hun,1987,69.56
hun,1988,69.94
hun,1989,69.39
hun,1990,69.37
hun,1991,69.44
hun,1992,69.17
hun,1993,69.18
hun,1994,69.6
hun,1995,69.97
hun,1996,70.6
hun,1997,71.0
hun,1998,70.92
hun,1999,71.04
hun,2000,71.76
hun,2001,72.39
hun,2002,72.51
hun,2003,72.51
hun,2004,72.91
hun,2005,72.86
hun,2006,73.34
hun,2007,73.43
hun,2008,73.96
hun,2009,74.18
hun,2010,74.52
hun,2011,74.92
hun,2012,75.18
hun,2013,75.68
hun,2014,75.85
hun,2015,75.65
hun,2016,76.16
hun,2017,76.01
hun,2018,76.2
hun,2019,76.45
hun,2020,75.73
hun,2021,74.19
hun,2022,76.21
hun,2023,77.02
idn,1927,30.0
idn,1932,32.5
idn,1937,35.0
idn,1942,27.5
idn,1947,27.5
idn,1950,40.21
idn,1951,40.83
idn,1952,41.54
idn,1953,42.21
idn,1954,42.91
idn,1955,43.59
idn,1956,44.3
idn,1957,44.99
idn,1958,45.42
idn,1959,46.2
idn,1960,46.83
idn,1961,47.39
idn,1962,48.14
idn,1963,48.74
idn,1964,49.44
idn,1965,42.76
idn,1966,48.41
idn,1967,51.31
idn,1968,51.89
idn,1969,52.59
idn,1970,53.25
idn,1971,53.82
idn,1972,54.36
idn,1973,54.92
idn,1974,55.44
idn,1975,56.0
idn,1976,56.44
idn,1977,57.09
idn,1978,57.61
idn,1979,58.18
idn,1980,58.7
idn,1981,59.1
idn,1982,59.7
idn,1983,60.34
idn,1984,60.89
idn,1985,61.39
idn,1986,61.74
idn,1987,62.09
idn,1988,62.39
idn,1989,62.88
idn,1990,63.25
idn,1991,63.7
idn,1992,64.18
idn,1993,64.85
idn,1994,65.04
idn,1995,65.26
idn,1996,65.46
idn,1997,65.77
idn,1998,65.94
idn,1999,66.0
idn,2000,66.29
idn,2001,66.58
idn,2002,66.95
idn,2003,67.13
idn,2004,65.52
idn,2005,67.53
idn,2006,67.66
idn,2007,67.91
idn,2008,68.08
idn,2009,68.27
idn,2010,68.36
idn,2011,68.63
idn,2012,68.86
idn,2013,69.06
idn,2014,69.29
idn,2015,69.52
idn,2016,69.73
idn,2017,69.95
idn,2018,70.08
idn,2019,70.35
idn,2020,68.82
idn,2021,67.45
idn,2022,70.92
idn,2023,71.15
imn,1950,63.06
imn,1951,63.36
imn,1952,63.64
imn,1953,64.11
imn,1954,64.47
imn,1955,64.81
imn,1956,64.95
imn,1957,64.95
imn,1958,64.88
imn,1959,64.75
imn,1960,64.56
imn,1961,64.42
imn,1962,64.4
imn,1963,64.46
imn,1964,64.67
imn,1965,64.92
imn,1966,65.18
imn,1967,65.41
imn,1968,65.54
imn,1969,65.63
imn,1970,65.72
imn,1971,65.84
imn,1972,65.99
imn,1973,66.24
imn,1974,66.48
imn,1975,66.76
imn,1976,67.05
imn,1977,67.36
imn,1978,67.69
imn,1979,68.07
imn,1980,68.45
imn,1981,68.81
imn,1982,69.14
imn,1983,69.46
imn,1984,69.75
imn,1985,70.02
imn,1986,70.34
imn,1987,70.68
imn,1988,71.06
imn,1989,71.41
imn,1990,71.8
imn,1991,72.18
imn,1992,72.54
imn,1993,72.82
imn,1994,73.14
imn,1995,73.37
imn,1996,73.63
imn,1997,73.9
imn,1998,74.2
imn,1999,74.47
imn,2000,74.84
imn,2001,75.29
imn,2002,75.78
imn,2003,76.32
imn,2004,76.88
imn,2005,77.45
imn,2006,77.97
imn,2007,78.45
imn,2008,78.9
imn,2009,79.3
imn,2010,79.61
imn,2011,79.84
imn,2012,80.01
imn,2013,80.12
imn,2014,80.2
imn,2015,80.27
imn,2016,80.39
imn,2017,80.51
imn,2018,80.61
imn,2019,80.74
imn,2020,80.59
imn,2021,80.42
imn,2022,80.96
imn,2023,81.0
ind,1881,25.44
ind,1891,24.27
ind,1901,23.49
ind,1905,23.98
ind,1911,23.15
ind,1915,24.02
ind,1921,24.86
ind,1925,27.61
ind,1931,29.31
ind,1935,30.95
ind,1941,32.59
ind,1950,41.18
ind,1951,41.6
ind,1952,42.09
ind,1953,42.39
ind,1954,43.25
ind,1955,43.74
ind,1956,44.13
ind,1957,44.41
ind,1958,44.78
ind,1959,45.26
ind,1960,45.61
ind,1961,45.82
ind,1962,46.13
ind,1963,46.46
ind,1964,46.74
ind,1965,45.56
ind,1966,45.88
ind,1967,46.18
ind,1968,47.92
ind,1969,48.26
ind,1970,48.59
ind,1971,48.9
ind,1972,49.21
ind,1973,49.64
ind,1974,50.26
ind,1975,50.76
ind,1976,51.3
ind,1977,51.82
ind,1978,52.42
ind,1979,53.01
ind,1980,53.59
ind,1981,54.17
ind,1982,54.74
ind,1983,55.28
ind,1984,55.81
ind,1985,56.32
ind,1986,56.82
ind,1987,57.29
ind,1988,57.74
ind,1989,58.2
ind,1990,58.62
ind,1991,59.03
ind,1992,59.44
ind,1993,59.82
ind,1994,60.24
ind,1995,60.63
ind,1996,61.03
ind,1997,61.44
ind,1998,61.85
ind,1999,62.28
ind,2000,62.75
ind,2001,63.16
ind,2002,63.65
ind,2003,64.09
ind,2004,64.48
ind,2005,64.94
ind,2006,65.37
ind,2007,65.8
ind,2008,66.25
ind,2009,66.7
ind,2010,67.16
ind,2011,67.62
ind,2012,68.08
ind,2013,68.5
ind,2014,68.93
ind,2015,69.33
ind,2016,69.71
ind,2017,70.07
ind,2018,70.42
ind,2019,70.75
ind,2020,70.16
ind,2021,67.28
ind,2022,71.7
ind,2023,72.0
irl,1901,49.4
irl,1911,53.8
irl,1926,57.6
irl,1936,58.9
irl,1941,60.0
irl,1946,61.4
irl,1950,65.58
irl,1951,64.75
irl,1952,67.17
irl,1953,67.91
irl,1954,68.01
irl,1955,68.0
irl,1956,68.96
irl,1957,69.0
irl,1958,69.27
irl,1959,69.42
irl,1960,70.17
irl,1961,69.64
irl,1962,69.95
irl,1963,70.19
irl,1964,70.45
irl,1965,70.64
irl,1966,70.16
irl,1967,71.2
irl,1968,70.88
irl,1969,70.8
irl,1970,70.83
irl,1971,71.62
irl,1972,70.95
irl,1973,71.17
irl,1974,71.11
irl,1975,71.69
irl,1976,71.8
irl,1977,71.94
irl,1978,71.93
irl,1979,72.18
irl,1980,72.54
irl,1981,72.89
irl,1982,73.15
irl,1983,73.18
irl,1984,73.62
irl,1985,73.56
irl,1986,73.61
irl,1987,74.41
irl,1988,74.43
irl,1989,74.45
irl,1990,74.84
irl,1991,75.03
irl,1992,75.42
irl,1993,75.29
irl,1994,75.8
irl,1995,75.47
irl,1996,75.83
irl,1997,75.98
irl,1998,76.18
irl,1999,76.09
irl,2000,76.54
irl,2001,77.1
irl,2002,77.59
irl,2003,78.1
irl,2004,78.5
irl,2005,78.91
irl,2006,79.15
irl,2007,79.56
irl,2008,79.79
irl,2009,80.1
irl,2010,80.6
irl,2011,80.73
irl,2012,80.85
irl,2013,81.06
irl,2014,81.41
irl,2015,81.53
irl,2016,81.68
irl,2017,82.1
irl,2018,82.12
irl,2019,82.41
irl,2020,82.39
irl,2021,81.86
irl,2022,82.05
irl,2023,82.41
irn,1950,38.19
irn,1951,38.66
irn,1952,39.15
irn,1953,39.51
irn,1954,40.0
irn,1955,40.62
irn,1956,41.05
irn,1957,41.31
irn,1958,42.2
irn,1959,42.76
irn,1960,43.3
irn,1961,43.9
irn,1962,43.77
irn,1963,45.11
irn,1964,45.74
irn,1965,46.37
irn,1966,47.07
irn,1967,47.8
irn,1968,47.95
irn,1969,49.38
irn,1970,50.22
irn,1971,51.12
irn,1972,51.73
irn,1973,52.94
irn,1974,53.86
irn,1975,54.82
irn,1976,55.77
irn,1977,56.66
irn,1978,56.04
irn,1979,58.45
irn,1980,58.37
irn,1981,56.63
irn,1982,57.63
irn,1983,58.52
irn,1984,60.88
irn,1985,61.54
irn,1986,62.14
irn,1987,62.68
irn,1988,63.26
irn,1989,65.31
irn,1990,64.07
irn,1991,66.23
irn,1992,66.65
irn,1993,67.04
irn,1994,67.49
irn,1995,67.9
irn,1996,68.33
irn,1997,68.65
irn,1998,69.21
irn,1999,69.69
irn,2000,70.17
irn,2001,70.62
irn,2002,71.11
irn,2003,70.46
irn,2004,72.04
irn,2005,72.45
irn,2006,72.9
irn,2007,73.3
irn,2008,73.68
irn,2009,74.04
irn,2010,74.39
irn,2011,74.72
irn,2012,75.04
irn,2013,75.35
irn,2014,75.64
irn,2015,75.91
irn,2016,76.16
irn,2017,76.4
irn,2018,76.62
irn,2019,76.85
irn,2020,74.14
irn,2021,73.75
irn,2022,76.8
irn,2023,77.65
irq,1950,37.4
irq,1951,38.97
irq,1952,40.52
irq,1953,42.08
irq,1954,43.53
irq,1955,44.98
irq,1956,46.37
irq,1957,47.73
irq,1958,48.98
irq,1959,49.72
irq,1960,51.46
irq,1961,52.34
irq,1962,53.48
irq,1963,54.36
irq,1964,55.24
irq,1965,56.39
irq,1966,57.32
irq,1967,58.42
irq,1968,58.97
irq,1969,59.64
irq,1970,60.53
irq,1971,61.33
irq,1972,61.82
irq,1973,62.34
irq,1974,61.0
irq,1975,61.43
irq,1976,63.57
irq,1977,63.9
irq,1978,64.17
irq,1979,64.42
irq,1980,60.92
irq,1981,58.65
irq,1982,58.98
irq,1983,59.29
irq,1984,59.54
irq,1985,59.8
irq,1986,60.03
irq,1987,60.26
irq,1988,56.69
irq,1989,57.5
irq,1990,57.59
irq,1991,61.34
irq,1992,65.34
irq,1993,65.31
irq,1994,65.03
irq,1995,64.76
irq,1996,64.62
irq,1997,64.24
irq,1998,64.4
irq,1999,64.53
irq,2000,64.86
irq,2001,65.29
irq,2002,65.72
irq,2003,64.83
irq,2004,64.63
irq,2005,64.9
irq,2006,64.03
irq,2007,64.43
irq,2008,66.46
irq,2009,67.83
irq,2010,68.09
irq,2011,68.44
irq,2012,68.83
irq,2013,69.05
irq,2014,69.68
irq,2015,69.98
irq,2016,68.68
irq,2017,69.79
irq,2018,71.12
irq,2019,71.25
irq,2020,69.65
irq,2021,70.7
irq,2022,72.04
irq,2023,72.32
isl,1838,32.54
isl,1839,28.07
isl,1840,32.08
isl,1841,40.35
isl,1842,40.23
isl,1843,25.5
isl,1844,42.97
isl,1845,41.47
isl,1846,18.68
isl,1847,33.41
isl,1848,41.78
isl,1849,37.34
isl,1850,36.74
isl,1851,30.14
isl,1852,42.15
isl,1853,48.69
isl,1854,43.16
isl,1855,38.24
isl,1856,42.41
isl,1857,39.52
isl,1858,34.88
isl,1859,29.82
isl,1860,19.84
isl,1861,27.18
isl,1862,27.1
isl,1863,35.22
isl,1864,34.97
isl,1865,34.24
isl,1866,27.28
isl,1867,37.67
isl,1868,34.79
isl,1869,28.17
isl,1870,38.44
isl,1871,35.13
isl,1872,25.31
isl,1873,36.69
isl,1874,39.63
isl,1875,36.61
isl,1876,40.34
isl,1877,44.69
isl,1878,41.37
isl,1879,39.49
isl,1880,42.41
isl,1881,35.96
isl,1882,17.94
isl,1883,29.78
isl,1884,42.11
isl,1885,45.64
isl,1886,45.05
isl,1887,40.69
isl,1888,46.76
isl,1889,52.51
isl,1890,36.76
isl,1891,47.33
isl,1892,52.79
isl,1893,52.57
isl,1894,44.8
isl,1895,52.37
isl,1896,53.17
isl,1897,48.58
isl,1898,44.35
isl,1899,49.75
isl,1900,46.59
isl,1901,52.93
isl,1902,50.93
isl,1903,48.7
isl,1904,52.67
isl,1905,49.45
isl,1906,53.51
isl,1907,49.76
isl,1908,45.71
isl,1909,52.46
isl,1910,52.64
isl,1911,55.39
isl,1912,55.99
isl,1913,58.94
isl,1914,51.91
isl,1915,53.52
isl,1916,54.41
isl,1917,59.0
isl,1918,51.07
isl,1919,58.46
isl,1920,54.63
isl,1921,54.13
isl,1922,56.89
isl,1923,57.68
isl,1924,54.08
isl,1925,58.22
isl,1926,60.72
isl,1927,58.09
isl,1928,61.71
isl,1929,60.54
isl,1930,60.18
isl,1931,60.84
isl,1932,62.08
isl,1933,62.91
isl,1934,63.35
isl,1935,59.49
isl,1936,62.69
isl,1937,63.47
isl,1938,65.02
isl,1939,65.98
isl,1940,65.77
isl,1941,63.12
isl,1942,64.12
isl,1943,65.22
isl,1944,66.72
isl,1945,67.55
isl,1946,68.49
isl,1947,69.32
isl,1948,70.2
isl,1949,71.39
isl,1950,71.03
isl,1951,71.0
isl,1952,72.41
isl,1953,72.28
isl,1954,73.34
isl,1955,73.28
isl,1956,72.9
isl,1957,73.39
isl,1958,73.35
isl,1959,72.62
isl,1960,74.05
isl,1961,73.39
isl,1962,73.61
isl,1963,72.94
isl,1964,73.53
isl,1965,73.8
isl,1966,73.14
isl,1967,73.69
isl,1968,73.9
isl,1969,73.66
isl,1970,73.78
isl,1971,73.49
isl,1972,74.4
isl,1973,74.28
isl,1974,74.13
isl,1975,75.27
isl,1976,76.63
isl,1977,76.08
isl,1978,76.38
isl,1979,76.53
isl,1980,76.6
isl,1981,76.19
isl,1982,76.8
isl,1983,76.43
isl,1984,77.3
isl,1985,77.39
isl,1986,77.87
isl,1987,77.05
isl,1988,76.89
isl,1989,77.93
isl,1990,77.74
isl,1991,77.76
isl,1992,78.59
isl,1993,78.81
isl,1994,79.02
isl,1995,77.54
isl,1996,78.65
isl,1997,78.67
isl,1998,79.4
isl,1999,79.24
isl,2000,79.55
isl,2001,80.42
isl,2002,80.28
isl,2003,80.77
isl,2004,80.72
isl,2005,81.17
isl,2006,80.94
isl,2007,81.09
isl,2008,81.24
isl,2009,81.42
isl,2010,81.59
isl,2011,81.97
isl,2012,82.35
isl,2013,81.74
isl,2014,82.43
isl,2015,82.16
isl,2016,81.83
isl,2017,82.24
isl,2018,82.45
isl,2019,82.85
isl,2020,82.71
isl,2021,82.84
isl,2022,81.59
isl,2023,82.69
isr,1950,69.86
isr,1951,67.63
isr,1952,67.22
isr,1953,66.42
isr,1954,66.25
isr,1955,68.0
isr,1956,66.59
isr,1957,66.49
isr,1958,68.39
isr,1959,68.92
isr,1960,69.75
isr,1961,69.81
isr,1962,69.33
isr,1963,69.62
isr,1964,69.61
isr,1965,70.5
isr,1966,70.94
isr,1967,70.9
isr,1968,70.75
isr,1969,71.03
isr,1970,71.16
isr,1971,71.83
isr,1972,71.62
isr,1973,71.61
isr,1974,71.56
isr,1975,71.6
isr,1976,72.67
isr,1977,72.69
isr,1978,73.06
isr,1979,73.39
isr,1980,73.68
isr,1981,74.19
isr,1982,74.33
isr,1983,75.09
isr,1984,75.5
isr,1985,75.97
isr,1986,75.91
isr,1987,76.38
isr,1988,76.89
isr,1989,77.64
isr,1990,78.04
isr,1991,77.58
isr,1992,77.27
isr,1993,77.86
isr,1994,78.04
isr,1995,78.05
isr,1996,78.57
isr,1997,78.55
isr,1998,78.59
isr,1999,78.89
isr,2000,79.18
isr,2001,79.48
isr,2002,79.51
isr,2003,79.82
isr,2004,80.31
isr,2005,80.39
isr,2006,80.79
isr,2007,80.95
isr,2008,81.28
isr,2009,81.82
isr,2010,81.97
isr,2011,81.99
isr,2012,81.98
isr,2013,82.35
isr,2014,82.36
isr,2015,82.25
isr,2016,82.61
isr,2017,82.7
isr,2018,82.92
isr,2019,82.9
isr,2020,82.7
isr,2021,82.52
isr,2022,82.81
isr,2023,82.41
ita,1872,29.76
ita,1873,31.66
ita,1874,31.81
ita,1875,31.39
ita,1876,33.67
ita,1877,34.96
ita,1878,34.39
ita,1879,34.01
ita,1880,32.82
ita,1881,34.27
ita,1882,34.35
ita,1883,35.23
ita,1884,36.67
ita,1885,36.92
ita,1886,35.18
ita,1887,36.05
ita,1888,37.02
ita,1889,39.13
ita,1890,38.58
ita,1891,38.55
ita,1892,38.93
ita,1893,39.88
ita,1894,40.0
ita,1895,39.69
ita,1896,40.76
ita,1897,43.35
ita,1898,42.38
ita,1899,43.71
ita,1900,41.85
ita,1901,43.64
ita,1902,43.01
ita,1903,43.2
ita,1904,44.4
ita,1905,43.99
ita,1906,45.11
ita,1907,45.48
ita,1908,43.11
ita,1909,44.8
ita,1910,46.72
ita,1911,44.83
ita,1912,48.85
ita,1913,48.49
ita,1914,49.86
ita,1915,42.63
ita,1916,39.71
ita,1917,38.08
ita,1918,25.82
ita,1919,41.7
ita,1920,45.82
ita,1921,49.17
ita,1922,50.12
ita,1923,51.48
ita,1924,51.53
ita,1925,51.28
ita,1926,50.96
ita,1927,52.57
ita,1928,52.66
ita,1929,52.27
ita,1930,55.17
ita,1931,54.8
ita,1932,54.74
ita,1933,56.25
ita,1934,56.88
ita,1935,56.2
ita,1936,56.74
ita,1937,55.4
ita,1938,56.15
ita,1939,57.6
ita,1940,56.95
ita,1941,54.77
ita,1942,52.45
ita,1943,49.44
ita,1944,52.49
ita,1945,54.86
ita,1946,58.94
ita,1947,61.2
ita,1948,63.42
ita,1949,64.15
ita,1950,65.72
ita,1951,65.32
ita,1952,65.91
ita,1953,66.58
ita,1954,67.86
ita,1955,68.25
ita,1956,67.64
ita,1957,67.78
ita,1958,68.85
ita,1959,69.31
ita,1960,69.21
ita,1961,69.82
ita,1962,69.22
ita,1963,69.32
ita,1964,70.38
ita,1965,70.26
ita,1966,71.0
ita,1967,71.03
ita,1968,70.87
ita,1969,70.86
ita,1970,71.63
ita,1971,71.88
ita,1972,72.15
ita,1973,72.11
ita,1974,72.8
ita,1975,72.73
ita,1976,73.07
ita,1977,73.44
ita,1978,73.78
ita,1979,74.11
ita,1980,74.05
ita,1981,74.44
ita,1982,74.91
ita,1983,74.74
ita,1984,75.5
ita,1985,75.61
ita,1986,75.92
ita,1987,76.34
ita,1988,76.53
ita,1989,76.93
ita,1990,76.99
ita,1991,76.99
ita,1992,77.36
ita,1993,77.65
ita,1994,77.87
ita,1995,78.13
ita,1996,78.44
ita,1997,78.73
ita,1998,78.81
ita,1999,79.2
ita,2000,79.61
ita,2001,79.88
ita,2002,80.11
ita,2003,80.19
ita,2004,81.02
ita,2005,81.02
ita,2006,81.41
ita,2007,81.5
ita,2008,81.65
ita,2009,81.76
ita,2010,82.13
ita,2011,82.23
ita,2012,82.25
ita,2013,82.65
ita,2014,82.9
ita,2015,82.52
ita,2016,83.05
ita,2017,82.73
ita,2018,83.18
ita,2019,83.34
ita,2020,82.18
ita,2021,82.87
ita,2022,82.05
ita,2023,83.72
jam,1881,34.2
jam,1882,40.1
jam,1883,38.1
jam,1884,37.2
jam,1885,37.8
jam,1886,36.9
jam,1887,35.5
jam,1888,38.6
jam,1889,37.6
jam,1890,34.3
jam,1891,37.3
jam,1892,39.2
jam,1893,38.6
jam,1894,39.0
jam,1895,37.4
jam,1896,37.6
jam,1897,37.0
jam,1898,39.1
jam,1899,37.6
jam,1900,37.8
jam,1901,38.1
jam,1902,40.4
jam,1903,34.6
jam,1904,33.6
jam,1905,37.6
jam,1906,32.4
jam,1907,29.5
jam,1908,36.8
jam,1909,37.3
jam,1910,36.7
jam,1911,37.9
jam,1912,34.4
jam,1913,37.5
jam,1914,38.2
jam,1915,37.0
jam,1916,35.6
jam,1917,31.7
jam,1918,26.4
jam,1919,36.6
jam,1920,35.4
jam,1921,30.7
jam,1922,37.0
jam,1923,38.0
jam,1924,38.6
jam,1925,38.9
jam,1926,40.7
jam,1927,39.4
jam,1928,41.6
jam,1929,43.0
jam,1930,45.3
jam,1931,42.7
jam,1932,44.2
jam,1933,41.6
jam,1934,44.4
jam,1935,44.0
jam,1936,44.4
jam,1937,47.2
jam,1938,45.9
jam,1939,48.5
jam,1940,47.6
jam,1941,49.4
jam,1942,49.8
jam,1943,50.3
jam,1944,49.1
jam,1945,49.1
jam,1946,51.4
jam,1947,50.4
jam,1948,51.7
jam,1949,53.9
jam,1950,56.56
jam,1951,57.13
jam,1952,58.11
jam,1953,58.87
jam,1954,59.64
jam,1955,60.4
jam,1956,61.16
jam,1957,61.95
jam,1958,62.65
jam,1959,63.25
jam,1960,63.83
jam,1961,64.26
jam,1962,64.62
jam,1963,65.0
jam,1964,65.35
jam,1965,65.66
jam,1966,65.93
jam,1967,66.09
jam,1968,66.32
jam,1969,66.52
jam,1970,66.73
jam,1971,67.0
jam,1972,67.3
jam,1973,67.61
jam,1974,67.91
jam,1975,68.17
jam,1976,68.41
jam,1977,68.59
jam,1978,68.74
jam,1979,68.81
jam,1980,68.99
jam,1981,69.12
jam,1982,69.25
jam,1983,69.55
jam,1984,69.81
jam,1985,70.1
jam,1986,70.45
jam,1987,70.87
jam,1988,71.16
jam,1989,71.51
jam,1990,71.7
jam,1991,71.79
jam,1992,71.82
jam,1993,71.76
jam,1994,71.62
jam,1995,71.49
jam,1996,71.33
jam,1997,71.22
jam,1998,71.17
jam,1999,71.19
jam,2000,71.28
jam,2001,71.29
jam,2002,71.48
jam,2003,71.58
jam,2004,71.54
jam,2005,71.49
jam,2006,71.39
jam,2007,71.4
jam,2008,71.5
jam,2009,71.72
jam,2010,71.98
jam,2011,72.24
jam,2012,72.4
jam,2013,72.44
jam,2014,72.36
jam,2015,72.21
jam,2016,72.05
jam,2017,71.88
jam,2018,71.61
jam,2019,71.53
jam,2020,71.45
jam,2021,69.08
jam,2022,71.48
jam,2023,71.48
jey,1950,69.42
jey,1951,69.57
jey,1952,69.79
jey,1953,69.97
jey,1954,70.12
jey,1955,70.29
jey,1956,70.4
jey,1957,70.4
jey,1958,70.48
jey,1959,70.51
jey,1960,70.49
jey,1961,70.57
jey,1962,70.81
jey,1963,70.96
jey,1964,71.08
jey,1965,71.25
jey,1966,71.32
jey,1967,71.22
jey,1968,71.13
jey,1969,71.15
jey,1970,71.12
jey,1971,71.17
jey,1972,71.34
jey,1973,71.61
jey,1974,71.74
jey,1975,71.88
jey,1976,71.98
jey,1977,72.03
jey,1978,72.13
jey,1979,72.34
jey,1980,72.73
jey,1981,73.15
jey,1982,73.63
jey,1983,74.04
jey,1984,74.47
jey,1985,74.73
jey,1986,75.01
jey,1987,75.25
jey,1988,75.56
jey,1989,75.8
jey,1990,76.09
jey,1991,76.32
jey,1992,76.56
jey,1993,76.77
jey,1994,77.06
jey,1995,77.33
jey,1996,77.58
jey,1997,77.84
jey,1998,78.06
jey,1999,78.23
jey,2000,78.42
jey,2001,78.63
jey,2002,78.84
jey,2003,79.13
jey,2004,79.43
jey,2005,79.68
jey,2006,79.91
jey,2007,80.14
jey,2008,80.28
jey,2009,80.4
jey,2010,80.54
jey,2011,80.67
jey,2012,80.7
jey,2013,80.72
jey,2014,80.67
jey,2015,80.53
jey,2016,80.35
jey,2017,80.18
jey,2018,80.03
jey,2019,79.89
jey,2020,79.45
jey,2021,79.32
jey,2022,79.73
jey,2023,79.71
jor,1950,40.87
jor,1951,42.02
jor,1952,43.22
jor,1953,44.45
jor,1954,45.63
jor,1955,46.75
jor,1956,48.0
jor,1957,49.23
jor,1958,50.45
jor,1959,51.61
jor,1960,52.68
jor,1961,53.68
jor,1962,54.63
jor,1963,55.49
jor,1964,56.46
jor,1965,57.32
jor,1966,57.76
jor,1967,58.97
jor,1968,59.77
jor,1969,60.5
jor,1970,59.83
jor,1971,61.77
jor,1972,62.48
jor,1973,63.06
jor,1974,63.61
jor,1975,64.15
jor,1976,64.65
jor,1977,65.13
jor,1978,65.6
jor,1979,66.05
jor,1980,66.49
jor,1981,66.92
jor,1982,67.36
jor,1983,67.78
jor,1984,68.21
jor,1985,68.59
jor,1986,68.96
jor,1987,69.3
jor,1988,69.61
jor,1989,69.86
jor,1990,70.09
jor,1991,70.24
jor,1992,70.4
jor,1993,70.57
jor,1994,70.74
jor,1995,70.92
jor,1996,71.1
jor,1997,71.32
jor,1998,71.52
jor,1999,71.74
jor,2000,71.93
jor,2001,72.14
jor,2002,72.36
jor,2003,72.58
jor,2004,72.79
jor,2005,72.98
jor,2006,73.22
jor,2007,73.41
jor,2008,73.56
jor,2009,73.71
jor,2010,73.8
jor,2011,73.93
jor,2012,74.09
jor,2013,74.28
jor,2014,74.61
jor,2015,75.06
jor,2016,75.55
jor,2017,76.07
jor,2018,76.49
jor,2019,76.86
jor,2020,75.58
jor,2021,74.2
jor,2022,77.09
jor,2023,77.81
jpn,1865,36.43
jpn,1870,36.59
jpn,1875,36.8
jpn,1880,37.04
jpn,1885,37.33
jpn,1890,37.68
jpn,1895,38.1
jpn,1900,38.6
jpn,1905,39.22
jpn,1910,39.97
jpn,1915,40.9
jpn,1920,42.04
jpn,1922,42.62
jpn,1927,45.66
jpn,1935,48.24
jpn,1945,30.54
jpn,1947,51.71
jpn,1948,56.84
jpn,1949,57.72
jpn,1950,59.25
jpn,1951,60.99
jpn,1952,63.0
jpn,1953,63.33
jpn,1954,64.54
jpn,1955,65.71
jpn,1956,65.56
jpn,1957,65.44
jpn,1958,67.04
jpn,1959,67.46
jpn,1960,67.72
jpn,1961,68.37
jpn,1962,68.67
jpn,1963,69.75
jpn,1964,70.2
jpn,1965,70.26
jpn,1966,71.06
jpn,1967,71.4
jpn,1968,71.67
jpn,1969,71.92
jpn,1970,72.01
jpn,1971,72.83
jpn,1972,73.26
jpn,1973,73.42
jpn,1974,73.85
jpn,1975,74.36
jpn,1976,74.76
jpn,1977,75.33
jpn,1978,75.66
jpn,1979,76.17
jpn,1980,76.14
jpn,1981,76.56
jpn,1982,77.07
jpn,1983,77.11
jpn,1984,77.51
jpn,1985,77.8
jpn,1986,78.21
jpn,1987,78.63
jpn,1988,78.55
jpn,1989,78.98
jpn,1990,78.99
jpn,1991,79.26
jpn,1992,79.3
jpn,1993,79.45
jpn,1994,79.84
jpn,1995,79.68
jpn,1996,80.36
jpn,1997,80.58
jpn,1998,80.65
jpn,1999,80.61
jpn,2000,81.18
jpn,2001,81.51
jpn,2002,81.8
jpn,2003,81.85
jpn,2004,82.13
jpn,2005,82.01
jpn,2006,82.37
jpn,2007,82.55
jpn,2008,82.63
jpn,2009,82.97
jpn,2010,82.92
jpn,2011,82.67
jpn,2012,83.17
jpn,2013,83.4
jpn,2014,83.64
jpn,2015,83.88
jpn,2016,84.06
jpn,2017,84.19
jpn,2018,84.29
jpn,2019,84.42
jpn,2020,84.67
jpn,2021,84.55
jpn,2022,84.05
jpn,2023,84.71
kaz,1868,23.58
kaz,1873,23.8
kaz,1897,28.6
kaz,1900,28.1
kaz,1910,30.6
kaz,1926,36.87
kaz,1939,44.47
kaz,1950,55.59
kaz,1951,55.85
kaz,1952,56.1
kaz,1953,56.35
kaz,1954,56.59
kaz,1955,56.83
kaz,1956,57.06
kaz,1957,57.28
kaz,1958,57.5
kaz,1959,57.72
kaz,1960,57.95
kaz,1961,58.17
kaz,1962,58.39
kaz,1963,58.61
kaz,1964,58.83
kaz,1965,59.04
kaz,1966,59.25
kaz,1967,59.45
kaz,1968,59.64
kaz,1969,59.84
kaz,1970,60.05
kaz,1971,60.26
kaz,1972,60.48
kaz,1973,60.7
kaz,1974,60.91
kaz,1975,61.11
kaz,1976,61.3
kaz,1977,61.52
kaz,1978,61.77
kaz,1979,62.07
kaz,1980,62.52
kaz,1981,63.0
kaz,1982,63.59
kaz,1983,64.22
kaz,1984,64.84
kaz,1985,65.38
kaz,1986,65.79
kaz,1987,66.0
kaz,1988,66.03
kaz,1989,65.92
kaz,1990,65.7
kaz,1991,65.38
kaz,1992,64.98
kaz,1993,64.54
kaz,1994,64.11
kaz,1995,63.72
kaz,1996,63.46
kaz,1997,63.32
kaz,1998,63.35
kaz,1999,63.53
kaz,2000,63.79
kaz,2001,64.11
kaz,2002,64.44
kaz,2003,64.75
kaz,2004,65.04
kaz,2005,65.36
kaz,2006,65.72
kaz,2007,66.18
kaz,2008,66.76
kaz,2009,67.46
kaz,2010,68.26
kaz,2011,69.11
kaz,2012,69.94
kaz,2013,70.72
kaz,2014,71.41
kaz,2015,72.02
kaz,2016,72.55
kaz,2017,73.0
kaz,2018,73.37
kaz,2019,73.66
kaz,2020,71.2
kaz,2021,70.13
kaz,2022,73.5
kaz,2023,74.4
ken,1927,23.92
ken,1937,26.37
ken,1945,28.82
ken,1950,36.86
ken,1951,38.04
ken,1952,38.64
ken,1953,39.82
ken,1954,41.04
ken,1955,42.28
ken,1956,43.53
ken,1957,45.34
ken,1958,46.46
ken,1959,47.52
ken,1960,48.48
ken,1961,49.33
ken,1962,50.1
ken,1963,50.76
ken,1964,51.32
ken,1965,51.89
ken,1966,52.38
ken,1967,52.8
ken,1968,53.3
ken,1969,53.73
ken,1970,54.14
ken,1971,54.54
ken,1972,55.01
ken,1973,55.5
ken,1974,56.04
ken,1975,56.62
ken,1976,57.15
ken,1977,57.68
ken,1978,58.23
ken,1979,58.69
ken,1980,59.17
ken,1981,59.56
ken,1982,59.9
ken,1983,60.34
ken,1984,60.61
ken,1985,60.86
ken,1986,60.82
ken,1987,60.72
ken,1988,60.32
ken,1989,59.99
ken,1990,58.33
ken,1991,57.83
ken,1992,57.1
ken,1993,56.67
ken,1994,56.1
ken,1995,55.86
ken,1996,55.57
ken,1997,55.48
ken,1998,55.57
ken,1999,55.87
ken,2000,56.08
ken,2001,56.5
ken,2002,56.76
ken,2003,57.37
ken,2004,57.95
ken,2005,58.51
ken,2006,59.06
ken,2007,59.41
ken,2008,59.95
ken,2009,60.48
ken,2010,60.91
ken,2011,61.28
ken,2012,61.54
ken,2013,61.73
ken,2014,61.99
ken,2015,62.28
ken,2016,62.53
ken,2017,62.72
ken,2018,62.83
ken,2019,62.94
ken,2020,61.6
ken,2021,61.23
ken,2022,63.55
ken,2023,63.65
kgz,1950,52.06
kgz,1951,52.37
kgz,1952,52.62
kgz,1953,52.92
kgz,1954,53.23
kgz,1955,53.54
kgz,1956,53.86
kgz,1957,54.16
kgz,1958,54.47
kgz,1959,54.78
kgz,1960,55.09
kgz,1961,55.41
kgz,1962,55.73
kgz,1963,56.03
kgz,1964,56.33
kgz,1965,56.64
kgz,1966,56.96
kgz,1967,57.3
kgz,1968,57.6
kgz,1969,57.91
kgz,1970,58.18
kgz,1971,58.5
kgz,1972,58.83
kgz,1973,59.18
kgz,1974,59.54
kgz,1975,59.82
kgz,1976,60.1
kgz,1977,60.37
kgz,1978,60.71
kgz,1979,61.09
kgz,1980,61.53
kgz,1981,61.85
kgz,1982,62.28
kgz,1983,62.34
kgz,1984,62.85
kgz,1985,63.68
kgz,1986,64.73
kgz,1987,65.44
kgz,1988,65.29
kgz,1989,65.17
kgz,1990,64.82
kgz,1991,64.94
kgz,1992,64.43
kgz,1993,63.65
kgz,1994,62.72
kgz,1995,62.92
kgz,1996,63.45
kgz,1997,64.16
kgz,1998,64.58
kgz,1999,64.92
kgz,2000,65.24
kgz,2001,65.32
kgz,2002,65.34
kgz,2003,65.45
kgz,2004,65.65
kgz,2005,65.79
kgz,2006,65.78
kgz,2007,66.05
kgz,2008,66.62
kgz,2009,67.14
kgz,2010,67.52
kgz,2011,67.75
kgz,2012,68.14
kgz,2013,68.46
kgz,2014,68.83
kgz,2015,69.31
kgz,2016,69.91
kgz,2017,70.5
kgz,2018,70.67
kgz,2019,70.89
kgz,2020,69.14
kgz,2021,69.29
kgz,2022,71.49
kgz,2023,71.68
khm,1945,35.0
khm,1950,38.86
khm,1951,39.04
khm,1952,39.34
khm,1953,39.62
khm,1954,39.9
khm,1955,40.25
khm,1956,40.5
khm,1957,40.87
khm,1958,41.22
khm,1959,41.65
khm,1960,42.13
khm,1961,42.59
khm,1962,43.08
khm,1963,43.61
khm,1964,44.04
khm,1965,44.5
khm,1966,44.95
khm,1967,45.19
khm,1968,45.59
khm,1969,45.94
khm,1970,38.63
khm,1971,38.7
khm,1972,38.91
khm,1973,39.08
khm,1974,39.3
khm,1975,12.78
khm,1976,11.63
khm,1977,11.3
khm,1978,11.57
khm,1979,41.07
khm,1980,47.5
khm,1981,48.04
khm,1982,48.76
khm,1983,49.38
khm,1984,50.09
khm,1985,50.8
khm,1986,51.56
khm,1987,53.67
khm,1988,54.43
khm,1989,54.77
khm,1990,55.2
khm,1991,55.58
khm,1992,55.75
khm,1993,56.04
khm,1994,56.22
khm,1995,56.56
khm,1996,56.83
khm,1997,57.27
khm,1998,57.86
khm,1999,58.61
khm,2000,59.49
khm,2001,60.46
khm,2002,61.39
khm,2003,62.35
khm,2004,63.26
khm,2005,64.11
khm,2006,64.89
khm,2007,65.55
khm,2008,66.15
khm,2009,66.75
khm,2010,67.31
khm,2011,67.87
khm,2012,68.37
khm,2013,68.75
khm,2014,69.12
khm,2015,69.4
khm,2016,69.64
khm,2017,69.84
khm,2018,69.99
khm,2019,70.13
khm,2020,70.06
khm,2021,69.3
khm,2022,70.53
khm,2023,70.67
kir,1950,45.72
kir,1951,45.81
kir,1952,45.9
kir,1953,46.0
kir,1954,46.12
kir,1955,46.29
kir,1956,46.5
kir,1957,46.78
kir,1958,47.11
kir,1959,47.5
kir,1960,47.96
kir,1961,48.47
kir,1962,49.04
kir,1963,49.69
kir,1964,50.36
kir,1965,51.03
kir,1966,51.74
kir,1967,52.45
kir,1968,53.13
kir,1969,53.76
kir,1970,54.38
kir,1971,54.93
kir,1972,55.31
kir,1973,55.79
kir,1974,56.1
kir,1975,56.36
kir,1976,56.56
kir,1977,56.06
kir,1978,56.92
kir,1979,57.11
kir,1980,57.3
kir,1981,57.52
kir,1982,57.77
kir,1983,58.05
kir,1984,58.36
kir,1985,58.72
kir,1986,59.12
kir,1987,59.58
kir,1988,60.05
kir,1989,60.54
kir,1990,61.02
kir,1991,61.5
kir,1992,61.97
kir,1993,62.41
kir,1994,62.8
kir,1995,63.15
kir,1996,63.47
kir,1997,63.8
kir,1998,64.1
kir,1999,64.39
kir,2000,64.67
kir,2001,64.92
kir,2002,65.12
kir,2003,65.29
kir,2004,65.42
kir,2005,65.52
kir,2006,65.6
kir,2007,65.68
kir,2008,65.75
kir,2009,65.81
kir,2010,65.86
kir,2011,65.9
kir,2012,65.91
kir,2013,65.9
kir,2014,65.87
kir,2015,65.83
kir,2016,65.8
kir,2017,65.79
kir,2018,65.81
kir,2019,65.87
kir,2020,65.2
kir,2021,64.15
kir,2022,66.27
kir,2023,66.47
kna,1950,54.78
kna,1951,55.23
kna,1952,55.66
kna,1953,56.04
kna,1954,56.27
kna,1955,56.37
kna,1956,56.39
kna,1957,56.38
kna,1958,56.41
kna,1959,56.55
kna,1960,56.84
kna,1961,57.34
kna,1962,57.84
kna,1963,58.43
kna,1964,59.04
kna,1965,59.6
kna,1966,60.08
kna,1967,60.45
kna,1968,60.78
kna,1969,61.08
kna,1970,61.37
kna,1971,61.74
kna,1972,62.14
kna,1973,62.52
kna,1974,62.89
kna,1975,63.19
kna,1976,63.49
kna,1977,63.73
kna,1978,64.0
kna,1979,64.2
kna,1980,64.38
kna,1981,64.62
kna,1982,64.87
kna,1983,65.12
kna,1984,65.33
kna,1985,65.48
kna,1986,65.55
kna,1987,65.52
kna,1988,65.45
kna,1989,65.45
kna,1990,65.64
kna,1991,65.96
kna,1992,66.34
kna,1993,66.71
kna,1994,67.0
kna,1995,67.23
kna,1996,67.49
kna,1997,67.81
kna,1998,67.89
kna,1999,68.73
kna,2000,69.25
kna,2001,69.77
kna,2002,70.19
kna,2003,70.61
kna,2004,70.92
kna,2005,71.15
kna,2006,71.36
kna,2007,71.44
kna,2008,71.48
kna,2009,71.49
kna,2010,71.45
kna,2011,71.4
kna,2012,71.36
kna,2013,71.29
kna,2014,71.23
kna,2015,71.21
kna,2016,71.23
kna,2017,71.28
kna,2018,71.34
kna,2019,71.54
kna,2020,71.18
kna,2021,69.27
kna,2022,70.31
kna,2023,72.14
kor,1908,23.51
kor,1913,24.98
kor,1918,26.98
kor,1923,29.53
kor,1928,33.6
kor,1933,37.39
kor,1938,42.57
kor,1942,44.89
kor,1950,22.23
kor,1951,26.64
kor,1952,36.57
kor,1953,40.51
kor,1954,46.08
kor,1955,48.35
kor,1956,50.2
kor,1957,51.55
kor,1958,51.84
kor,1959,52.94
kor,1960,53.76
kor,1961,54.44
kor,1962,55.03
kor,1963,54.99
kor,1964,55.34
kor,1965,55.78
kor,1966,55.42
kor,1967,60.87
kor,1968,60.87
kor,1969,61.43
kor,1970,62.18
kor,1971,62.67
kor,1972,63.22
kor,1973,63.77
kor,1974,64.24
kor,1975,64.67
kor,1976,65.01
kor,1977,64.62
kor,1978,64.96
kor,1979,66.11
kor,1980,64.85
kor,1981,67.14
kor,1982,67.06
kor,1983,66.73
kor,1984,68.11
kor,1985,68.41
kor,1986,69.03
kor,1987,69.32
kor,1988,70.16
kor,1989,70.68
kor,1990,70.99
kor,1991,71.4
kor,1992,72.18
kor,1993,72.75
kor,1994,72.89
kor,1995,73.38
kor,1996,74.02
kor,1997,74.53
kor,1998,75.04
kor,1999,75.62
kor,2000,76.24
kor,2001,76.92
kor,2002,77.23
kor,2003,77.5
kor,2004,77.96
kor,2005,78.45
kor,2006,79.03
kor,2007,79.43
kor,2008,80.0
kor,2009,80.55
kor,2010,80.72
kor,2011,81.17
kor,2012,81.31
kor,2013,81.84
kor,2014,82.36
kor,2015,82.54
kor,2016,82.92
kor,2017,83.28
kor,2018,83.34
kor,2019,83.68
kor,2020,83.68
kor,2021,83.85
kor,2022,82.73
kor,2023,84.33
kwt,1908,26.0
kwt,1950,49.74
kwt,1951,50.58
kwt,1952,51.42
kwt,1953,52.26
kwt,1954,53.13
kwt,1955,54.03
kwt,1956,54.94
kwt,1957,55.89
kwt,1958,56.88
kwt,1959,57.89
kwt,1960,58.92
kwt,1961,59.95
kwt,1962,60.98
kwt,1963,61.99
kwt,1964,62.97
kwt,1965,63.94
kwt,1966,64.88
kwt,1967,65.78
kwt,1968,66.61
kwt,1969,67.35
kwt,1970,67.98
kwt,1971,68.48
kwt,1972,68.88
kwt,1973,69.19
kwt,1974,69.45
kwt,1975,69.68
kwt,1976,69.92
kwt,1977,70.17
kwt,1978,70.46
kwt,1979,70.78
kwt,1980,71.13
kwt,1981,71.52
kwt,1982,71.95
kwt,1983,72.39
kwt,1984,72.85
kwt,1985,73.32
kwt,1986,73.78
kwt,1987,74.22
kwt,1988,74.64
kwt,1989,75.03
kwt,1990,72.85
kwt,1991,73.31
kwt,1992,75.74
kwt,1993,75.77
kwt,1994,75.73
kwt,1995,75.66
kwt,1996,75.6
kwt,1997,75.56
kwt,1998,75.61
kwt,1999,75.72
kwt,2000,75.87
kwt,2001,76.04
kwt,2002,76.19
kwt,2003,76.3
kwt,2004,76.39
kwt,2005,76.46
kwt,2006,76.55
kwt,2007,76.69
kwt,2008,76.89
kwt,2009,77.17
kwt,2010,77.5
kwt,2011,77.86
kwt,2012,78.23
kwt,2013,78.58
kwt,2014,78.93
kwt,2015,79.22
kwt,2016,79.52
kwt,2017,79.73
kwt,2018,79.9
kwt,2019,80.02
kwt,2020,78.25
kwt,2021,77.62
kwt,2022,78.79
kwt,2023,80.4
lao,1950,38.94
lao,1951,39.17
lao,1952,39.43
lao,1953,39.73
lao,1954,40.0
lao,1955,40.31
lao,1956,40.56
lao,1957,40.87
lao,1958,41.18
lao,1959,40.75
lao,1960,41.04
lao,1961,41.34
lao,1962,42.27
lao,1963,41.54
lao,1964,41.86
lao,1965,42.22
lao,1966,42.35
lao,1967,42.87
lao,1968,43.18
lao,1969,43.46
lao,1970,43.78
lao,1971,44.12
lao,1972,44.42
lao,1973,44.73
lao,1974,45.89
lao,1975,46.15
lao,1976,46.01
lao,1977,46.41
lao,1978,46.83
lao,1979,47.46
lao,1980,48.56
lao,1981,49.24
lao,1982,49.93
lao,1983,50.49
lao,1984,51.01
lao,1985,51.58
lao,1986,52.14
lao,1987,52.6
lao,1988,53.08
lao,1989,53.59
lao,1990,54.04
lao,1991,54.7
lao,1992,55.1
lao,1993,55.58
lao,1994,55.81
lao,1995,56.34
lao,1996,56.82
lao,1997,57.3
lao,1998,57.55
lao,1999,57.87
lao,2000,58.32
lao,2001,58.89
lao,2002,59.3
lao,2003,59.64
lao,2004,60.08
lao,2005,60.69
lao,2006,61.07
lao,2007,61.69
lao,2008,62.25
lao,2009,63.02
lao,2010,63.69
lao,2011,64.5
lao,2012,65.13
lao,2013,65.72
lao,2014,66.35
lao,2015,66.69
lao,2016,67.01
lao,2017,67.35
lao,2018,67.59
lao,2019,67.91
lao,2020,68.34
lao,2021,67.81
lao,2022,68.72
lao,2023,68.96
lbn,1950,59.9
lbn,1951,60.33
lbn,1952,60.76
lbn,1953,61.18
lbn,1954,61.59
lbn,1955,61.45
lbn,1956,62.24
lbn,1957,62.81
lbn,1958,61.23
lbn,1959,63.58
lbn,1960,63.93
lbn,1961,64.27
lbn,1962,64.6
lbn,1963,64.88
lbn,1964,65.1
lbn,1965,65.32
lbn,1966,65.5
lbn,1967,65.68
lbn,1968,65.8
lbn,1969,65.92
lbn,1970,66.02
lbn,1971,66.12
lbn,1972,66.2
lbn,1973,66.3
lbn,1974,66.41
lbn,1975,57.74
lbn,1976,36.44
lbn,1977,60.33
lbn,1978,60.0
lbn,1979,59.56
lbn,1980,59.91
lbn,1981,60.28
lbn,1982,47.19
lbn,1983,60.75
lbn,1984,61.17
lbn,1985,61.57
lbn,1986,62.01
lbn,1987,62.54
lbn,1988,62.92
lbn,1989,65.11
lbn,1990,65.48
lbn,1991,70.86
lbn,1992,71.17
lbn,1993,71.56
lbn,1994,72.03
lbn,1995,72.38
lbn,1996,72.61
lbn,1997,72.94
lbn,1998,73.2
lbn,1999,73.51
lbn,2000,73.89
lbn,2001,74.35
lbn,2002,74.84
lbn,2003,75.28
lbn,2004,75.69
lbn,2005,76.07
lbn,2006,75.68
lbn,2007,76.73
lbn,2008,76.96
lbn,2009,77.26
lbn,2010,77.53
lbn,2011,77.77
lbn,2012,77.94
lbn,2013,78.04
lbn,2014,78.15
lbn,2015,78.28
lbn,2016,78.31
lbn,2017,78.19
lbn,2018,78.26
lbn,2019,78.21
lbn,2020,76.3
lbn,2021,73.65
lbn,2022,78.0
lbn,2023,77.82
lbr,1950,37.97
lbr,1951,38.02
lbr,1952,38.05
lbr,1953,38.08
lbr,1954,38.1
lbr,1955,38.11
lbr,1956,38.1
lbr,1957,38.08
lbr,1958,38.05
lbr,1959,38.06
lbr,1960,38.07
lbr,1961,38.1
lbr,1962,38.17
lbr,1963,38.31
lbr,1964,38.45
lbr,1965,38.69
lbr,1966,38.95
lbr,1967,39.26
lbr,1968,39.59
lbr,1969,39.99
lbr,1970,40.36
lbr,1971,40.72
lbr,1972,41.2
lbr,1973,41.62
lbr,1974,42.06
lbr,1975,42.46
lbr,1976,42.85
lbr,1977,43.22
lbr,1978,43.57
lbr,1979,43.89
lbr,1980,44.09
lbr,1981,44.34
lbr,1982,44.45
lbr,1983,44.58
lbr,1984,44.68
lbr,1985,44.03
lbr,1986,44.49
lbr,1987,44.27
lbr,1988,44.07
lbr,1989,43.86
lbr,1990,37.64
lbr,1991,43.57
lbr,1992,43.57
lbr,1993,43.02
lbr,1994,42.62
lbr,1995,44.57
lbr,1996,44.95
lbr,1997,48.3
lbr,1998,49.37
lbr,1999,50.41
lbr,2000,51.85
lbr,2001,53.11
lbr,2002,54.06
lbr,2003,53.04
lbr,2004,55.95
lbr,2005,56.76
lbr,2006,57.49
lbr,2007,58.15
lbr,2008,58.68
lbr,2009,59.11
lbr,2010,59.36
lbr,2011,59.49
lbr,2012,59.79
lbr,2013,59.99
lbr,2014,59.21
lbr,2015,59.25
lbr,2016,60.48
lbr,2017,60.78
lbr,2018,61.0
lbr,2019,61.23
lbr,2020,61.27
lbr,2021,61.17
lbr,2022,61.93
lbr,2023,62.16
lby,1950,33.11
lby,1951,33.47
lby,1952,33.8
lby,1953,34.18
lby,1954,34.65
lby,1955,35.25
lby,1956,36.0
lby,1957,36.88
lby,1958,37.99
lby,1959,39.27
lby,1960,40.75
lby,1961,42.36
lby,1962,44.08
lby,1963,45.58
lby,1964,47.65
lby,1965,49.28
lby,1966,50.95
lby,1967,52.46
lby,1968,53.85
lby,1969,55.17
lby,1970,56.38
lby,1971,57.58
lby,1972,58.69
lby,1973,59.71
lby,1974,60.71
lby,1975,61.62
lby,1976,62.45
lby,1977,63.13
lby,1978,63.8
lby,1979,64.33
lby,1980,64.8
lby,1981,65.25
lby,1982,65.77
lby,1983,66.26
lby,1984,66.75
lby,1985,67.29
lby,1986,67.81
lby,1987,68.26
lby,1988,68.61
lby,1989,68.98
lby,1990,69.31
lby,1991,69.64
lby,1992,69.97
lby,1993,70.25
lby,1994,70.47
lby,1995,70.64
lby,1996,70.74
lby,1997,70.72
lby,1998,70.66
lby,1999,70.6
lby,2000,70.54
lby,2001,70.65
lby,2002,70.79
lby,2003,71.0
lby,2004,71.21
lby,2005,71.44
lby,2006,71.63
lby,2007,71.79
lby,2008,71.94
lby,2009,72.07
lby,2010,72.2
lby,2011,69.95
lby,2012,72.19
lby,2013,72.34
lby,2014,71.3
lby,2015,71.64
lby,2016,71.8
lby,2017,72.72
lby,2018,73.15
lby,2019,72.94
lby,2020,72.39
lby,2021,72.06
lby,2022,74.46
lby,2023,69.34
lca,1950,48.29
lca,1951,49.82
lca,1952,52.43
lca,1953,53.22
lca,1954,54.53
lca,1955,55.41
lca,1956,55.89
lca,1957,55.88
lca,1958,56.56
lca,1959,57.32
lca,1960,57.86
lca,1961,59.1
lca,1962,59.88
lca,1963,60.54
lca,1964,61.34
lca,1965,61.92
lca,1966,62.53
lca,1967,63.16
lca,1968,63.75
lca,1969,64.03
lca,1970,64.29
lca,1971,64.49
lca,1972,64.64
lca,1973,64.57
lca,1974,65.42
lca,1975,65.91
lca,1976,66.2
lca,1977,66.96
lca,1978,67.38
lca,1979,67.36
lca,1980,67.8
lca,1981,68.69
lca,1982,68.98
lca,1983,69.99
lca,1984,70.52
lca,1985,70.31
lca,1986,70.23
lca,1987,69.67
lca,1988,69.74
lca,1989,70.03
lca,1990,70.01
lca,1991,70.31
lca,1992,70.73
lca,1993,71.05
lca,1994,71.08
lca,1995,71.17
lca,1996,70.96
lca,1997,70.78
lca,1998,70.68
lca,1999,70.69
lca,2000,70.78
lca,2001,71.37
lca,2002,71.71
lca,2003,72.19
lca,2004,72.45
lca,2005,72.54
lca,2006,72.79
lca,2007,72.86
lca,2008,72.96
lca,2009,72.95
lca,2010,72.77
lca,2011,72.96
lca,2012,72.86
lca,2013,72.69
lca,2014,72.68
lca,2015,72.93
lca,2016,72.55
lca,2017,72.52
lca,2018,72.65
lca,2019,72.25
lca,2020,72.31
lca,2021,69.12
lca,2022,72.67
lca,2023,72.7
lie,1950,65.34
lie,1951,65.85
lie,1952,66.23
lie,1953,66.89
lie,1954,67.55
lie,1955,68.31
lie,1956,68.89
lie,1957,69.58
lie,1958,70.11
lie,1959,70.6
lie,1960,70.9
lie,1961,70.97
lie,1962,70.88
lie,1963,70.93
lie,1964,71.07
lie,1965,71.24
lie,1966,71.64
lie,1967,72.02
lie,1968,72.35
lie,1969,72.55
lie,1970,72.82
lie,1971,73.03
lie,1972,73.37
lie,1973,73.65
lie,1974,74.02
lie,1975,74.33
lie,1976,74.57
lie,1977,74.77
lie,1978,74.71
lie,1979,74.74
lie,1980,74.78
lie,1981,74.95
lie,1982,75.06
lie,1983,75.71
lie,1984,76.19
lie,1985,76.73
lie,1986,77.23
lie,1987,77.75
lie,1988,77.99
lie,1989,78.28
lie,1990,78.51
lie,1991,78.66
lie,1992,78.65
lie,1993,78.45
lie,1994,78.18
lie,1995,77.92
lie,1996,77.67
lie,1997,77.6
lie,1998,77.81
lie,1999,78.15
lie,2000,78.58
lie,2001,79.19
lie,2002,79.76
lie,2003,80.24
lie,2004,80.73
lie,2005,81.12
lie,2006,81.4
lie,2007,81.64
lie,2008,81.86
lie,2009,81.94
lie,2010,82.05
lie,2011,82.16
lie,2012,82.25
lie,2013,82.37
lie,2014,82.55
lie,2015,82.76
lie,2016,82.89
lie,2017,83.11
lie,2018,83.27
lie,2019,83.4
lie,2020,82.04
lie,2021,82.79
lie,2022,83.41
lie,2023,83.63
lka,1901,32.6
lka,1911,29.9
lka,1921,32.0
lka,1935,46.3
lka,1940,45.2
lka,1946,45.8
lka,1948,54.0
lka,1949,55.5
lka,1950,53.17
lka,1951,53.98
lka,1952,54.86
lka,1953,55.65
lka,1954,56.44
lka,1955,57.18
lka,1956,57.9
lka,1957,58.54
lka,1958,59.28
lka,1959,59.97
lka,1960,60.6
lka,1961,61.16
lka,1962,61.63
lka,1963,62.03
lka,1964,62.38
lka,1965,62.79
lka,1966,63.16
lka,1967,63.56
lka,1968,63.87
lka,1969,64.14
lka,1970,64.35
lka,1971,64.24
lka,1972,64.62
lka,1973,64.79
lka,1974,64.97
lka,1975,65.36
lka,1976,65.84
lka,1977,66.39
lka,1978,66.84
lka,1979,67.51
lka,1980,68.01
lka,1981,68.38
lka,1982,68.66
lka,1983,68.73
lka,1984,68.76
lka,1985,68.88
lka,1986,68.96
lka,1987,69.01
lka,1988,69.0
lka,1989,67.28
lka,1990,69.24
lka,1991,69.13
lka,1992,69.62
lka,1993,70.05
lka,1994,70.21
lka,1995,69.75
lka,1996,69.84
lka,1997,69.93
lka,1998,70.13
lka,1999,70.43
lka,2000,71.18
lka,2001,71.8
lka,2002,72.27
lka,2003,72.44
lka,2004,68.02
lka,2005,73.07
lka,2006,72.82
lka,2007,72.98
lka,2008,72.56
lka,2009,70.3
lka,2010,74.46
lka,2011,74.74
lka,2012,75.19
lka,2013,75.55
lka,2014,75.76
lka,2015,75.99
lka,2016,76.14
lka,2017,76.24
lka,2018,76.49
lka,2019,76.7
lka,2020,76.93
lka,2021,76.28
lka,2022,77.3
lka,2023,77.48
lso,1950,44.63
lso,1951,45.22
lso,1952,45.9
lso,1953,46.58
lso,1954,47.3
lso,1955,47.96
lso,1956,48.61
lso,1957,49.16
lso,1958,49.6
lso,1959,49.92
lso,1960,50.17
lso,1961,50.27
lso,1962,50.31
lso,1963,50.26
lso,1964,50.31
lso,1965,50.33
lso,1966,50.38
lso,1967,50.51
lso,1968,50.79
lso,1969,51.12
lso,1970,51.5
lso,1971,51.84
lso,1972,52.26
lso,1973,52.62
lso,1974,52.94
lso,1975,53.45
lso,1976,53.93
lso,1977,54.53
lso,1978,55.17
lso,1979,55.84
lso,1980,56.53
lso,1981,57.31
lso,1982,57.98
lso,1983,58.5
lso,1984,58.95
lso,1985,59.21
lso,1986,59.35
lso,1987,59.56
lso,1988,59.57
lso,1989,59.5
lso,1990,59.32
lso,1991,59.06
lso,1992,58.64
lso,1993,58.06
lso,1994,57.29
lso,1995,56.37
lso,1996,55.14
lso,1997,53.73
lso,1998,52.03
lso,1999,50.38
lso,2000,48.78
lso,2001,47.15
lso,2002,45.95
lso,2003,44.92
lso,2004,44.04
lso,2005,43.61
lso,2006,43.18
lso,2007,43.66
lso,2008,44.3
lso,2009,45.06
lso,2010,46.04
lso,2011,46.93
lso,2012,48.24
lso,2013,49.55
lso,2014,50.79
lso,2015,51.83
lso,2016,52.91
lso,2017,53.87
lso,2018,54.64
lso,2019,55.25
lso,2020,55.13
lso,2021,54.21
lso,2022,56.81
lso,2023,57.37
ltu,1900,41.7
ltu,1925,50.5
ltu,1950,66.07
ltu,1951,66.15
ltu,1952,66.23
ltu,1953,66.34
ltu,1954,66.46
ltu,1955,66.64
ltu,1956,66.85
ltu,1957,67.71
ltu,1958,68.56
ltu,1959,69.4
ltu,1960,70.29
ltu,1961,70.46
ltu,1962,69.44
ltu,1963,70.57
ltu,1964,71.94
ltu,1965,71.69
ltu,1966,71.87
ltu,1967,71.96
ltu,1968,71.63
ltu,1969,71.23
ltu,1970,71.1
ltu,1971,72.04
ltu,1972,71.31
ltu,1973,71.62
ltu,1974,71.54
ltu,1975,71.11
ltu,1976,71.22
ltu,1977,71.06
ltu,1978,70.85
ltu,1979,70.71
ltu,1980,70.7
ltu,1981,70.69
ltu,1982,71.06
ltu,1983,71.02
ltu,1984,70.54
ltu,1985,70.74
ltu,1986,72.39
ltu,1987,72.23
ltu,1988,72.03
ltu,1989,71.64
ltu,1990,71.37
ltu,1991,70.51
ltu,1992,70.34
ltu,1993,68.93
ltu,1994,68.5
ltu,1995,69.02
ltu,1996,70.19
ltu,1997,71.03
ltu,1998,71.33
ltu,1999,71.72
ltu,2000,72.14
ltu,2001,71.71
ltu,2002,71.84
ltu,2003,72.09
ltu,2004,72.0
ltu,2005,71.25
ltu,2006,70.96
ltu,2007,70.7
ltu,2008,71.7
ltu,2009,72.85
ltu,2010,73.2
ltu,2011,73.61
ltu,2012,73.96
ltu,2013,74.03
ltu,2014,74.6
ltu,2015,74.47
ltu,2016,74.82
ltu,2017,75.7
ltu,2018,75.91
ltu,2019,76.42
ltu,2020,75.1
ltu,2021,74.3
ltu,2022,74.7
ltu,2023,76.03
lux,1901,47.98
lux,1902,48.06
lux,1903,46.91
lux,1904,44.83
lux,1905,46.21
lux,1906,46.59
lux,1907,49.0
lux,1908,46.46
lux,1909,47.79
lux,1910,49.66
lux,1911,46.38
lux,1912,48.88
lux,1913,50.24
lux,1914,50.07
lux,1915,51.47
lux,1916,50.12
lux,1917,48.05
lux,1918,42.33
lux,1919,44.68
lux,1920,54.62
lux,1921,56.21
lux,1922,55.27
lux,1923,54.68
lux,1924,56.76
lux,1925,54.79
lux,1926,53.41
lux,1927,55.86
lux,1928,55.35
lux,1929,52.7
lux,1930,56.8
lux,1931,57.59
lux,1932,56.66
lux,1933,58.32
lux,1934,59.9
lux,1935,59.1
lux,1936,61.2
lux,1937,61.06
lux,1938,59.2
lux,1939,60.35
lux,1940,61.95
lux,1941,59.99
lux,1942,58.33
lux,1943,54.32
lux,1944,47.84
lux,1945,49.4
lux,1946,61.61
lux,1947,63.06
lux,1948,64.49
lux,1949,64.84
lux,1950,65.55
lux,1951,65.86
lux,1952,66.12
lux,1953,66.39
lux,1954,66.67
lux,1955,67.37
lux,1956,67.14
lux,1957,66.89
lux,1958,68.41
lux,1959,68.37
lux,1960,68.78
lux,1961,69.15
lux,1962,68.4
lux,1963,68.67
lux,1964,68.83
lux,1965,69.21
lux,1966,68.91
lux,1967,69.47
lux,1968,69.99
lux,1969,69.72
lux,1970,69.23
lux,1971,69.25
lux,1972,70.47
lux,1973,70.32
lux,1974,70.22
lux,1975,70.34
lux,1976,70.24
lux,1977,71.46
lux,1978,71.47
lux,1979,72.25
lux,1980,72.39
lux,1981,72.08
lux,1982,72.16
lux,1983,72.98
lux,1984,72.72
lux,1985,73.28
lux,1986,74.09
lux,1987,73.87
lux,1988,74.28
lux,1989,74.29
lux,1990,74.97
lux,1991,74.96
lux,1992,74.75
lux,1993,75.43
lux,1994,75.93
lux,1995,75.88
lux,1996,76.17
lux,1997,76.39
lux,1998,76.57
lux,1999,76.99
lux,2000,77.26
lux,2001,77.53
lux,2002,77.55
lux,2003,77.26
lux,2004,78.66
lux,2005,78.88
lux,2006,78.84
lux,2007,79.12
lux,2008,80.11
lux,2009,79.91
lux,2010,80.1
lux,2011,80.28
lux,2012,80.44
lux,2013,80.85
lux,2014,81.24
lux,2015,81.26
lux,2016,81.62
lux,2017,81.09
lux,2018,81.52
lux,2019,81.59
lux,2020,81.41
lux,2021,81.84
lux,2022,82.2
lux,2023,82.23
lva,1896,44.95
lva,1924,53.7
lva,1935,58.08
lva,1950,64.57
lva,1951,65.18
lva,1952,65.71
lva,1953,66.23
lva,1954,66.7
lva,1955,67.15
lva,1956,67.61
lva,1957,68.26
lva,1958,68.9
lva,1959,69.52
lva,1960,70.33
lva,1961,70.54
lva,1962,69.9
lva,1963,70.34
lva,1964,71.53
lva,1965,71.22
lva,1966,71.18
lva,1967,70.87
lva,1968,70.48
lva,1969,70.22
lva,1970,70.24
lva,1971,70.57
lva,1972,70.26
lva,1973,70.19
lva,1974,70.12
lva,1975,69.26
lva,1976,69.39
lva,1977,69.45
lva,1978,69.33
lva,1979,68.82
lva,1980,69.12
lva,1981,69.08
lva,1982,69.63
lva,1983,69.4
lva,1984,69.43
lva,1985,69.6
lva,1986,70.96
lva,1987,71.01
lva,1988,70.91
lva,1989,70.4
lva,1990,69.46
lva,1991,69.18
lva,1992,68.45
lva,1993,66.63
lva,1994,65.18
lva,1995,66.0
lva,1996,68.59
lva,1997,69.22
lva,1998,68.85
lva,1999,69.65
lva,2000,70.18
lva,2001,69.91
lva,2002,70.18
lva,2003,70.64
lva,2004,70.94
lva,2005,70.63
lva,2006,70.55
lva,2007,70.79
lva,2008,72.0
lva,2009,72.7
lva,2010,73.03
lva,2011,73.72
lva,2012,73.94
lva,2013,74.19
lva,2014,74.31
lva,2015,74.66
lva,2016,74.76
lva,2017,74.8
lva,2018,74.98
lva,2019,75.63
lva,2020,75.48
lva,2021,73.18
lva,2022,74.87
lva,2023,76.19
mac,1950,58.33
mac,1951,58.82
mac,1952,59.29
mac,1953,59.75
mac,1954,60.25
mac,1955,60.73
mac,1956,60.95
mac,1957,62.47
mac,1958,63.15
mac,1959,63.68
mac,1960,63.94
mac,1961,64.48
mac,1962,65.09
mac,1963,65.65
mac,1964,66.03
mac,1965,66.31
mac,1966,66.79
mac,1967,67.4
mac,1968,68.02
mac,1969,68.27
mac,1970,68.76
mac,1971,69.17
mac,1972,69.7
mac,1973,70.09
mac,1974,71.0
mac,1975,71.19
mac,1976,71.87
mac,1977,71.8
mac,1978,72.24
mac,1979,72.63
mac,1980,73.0
mac,1981,73.37
mac,1982,73.91
mac,1983,74.07
mac,1984,74.23
mac,1985,74.7
mac,1986,74.98
mac,1987,75.17
mac,1988,75.54
mac,1989,76.22
mac,1990,76.57
mac,1991,76.64
mac,1992,77.07
mac,1993,77.47
mac,1994,77.43
mac,1995,77.85
mac,1996,77.43
mac,1997,78.44
mac,1998,78.75
mac,1999,79.13
mac,2000,79.43
mac,2001,79.81
mac,2002,80.1
mac,2003,80.21
mac,2004,80.41
mac,2005,80.52
mac,2006,80.71
mac,2007,80.93
mac,2008,81.16
mac,2009,81.49
mac,2010,81.66
mac,2011,81.99
mac,2012,82.26
mac,2013,82.48
mac,2014,82.7
mac,2015,82.94
mac,2016,83.02
mac,2017,83.08
mac,2018,83.4
mac,2019,83.29
mac,2020,84.61
mac,2021,83.82
mac,2022,82.1
mac,2023,83.07
maf,1950,65.12
maf,1951,65.35
maf,1952,65.36
maf,1953,65.62
maf,1954,65.89
maf,1955,66.21
maf,1956,66.51
maf,1957,66.81
maf,1958,67.1
maf,1959,67.37
maf,1960,67.65
maf,1961,67.91
maf,1962,68.19
maf,1963,68.49
maf,1964,68.76
maf,1965,69.03
maf,1966,69.4
maf,1967,69.78
maf,1968,70.15
maf,1969,70.56
maf,1970,70.98
maf,1971,71.3
maf,1972,71.57
maf,1973,71.78
maf,1974,71.93
maf,1975,72.05
maf,1976,72.12
maf,1977,72.17
maf,1978,72.24
maf,1979,72.3
maf,1980,72.35
maf,1981,72.38
maf,1982,72.42
maf,1983,72.55
maf,1984,72.73
maf,1985,72.94
maf,1986,73.2
maf,1987,73.52
maf,1988,73.86
maf,1989,74.2
maf,1990,74.56
maf,1991,74.93
maf,1992,75.15
maf,1993,75.35
maf,1994,75.53
maf,1995,75.71
maf,1996,75.89
maf,1997,76.1
maf,1998,76.34
maf,1999,76.57
maf,2000,76.79
maf,2001,77.01
maf,2002,77.22
maf,2003,77.42
maf,2004,77.61
maf,2005,77.8
maf,2006,77.99
maf,2007,78.16
maf,2008,78.33
maf,2009,78.51
maf,2010,78.75
maf,2011,79.02
maf,2012,79.3
maf,2013,79.53
maf,2014,79.73
maf,2015,79.83
maf,2016,79.89
maf,2017,78.76
maf,2018,80.03
maf,2019,80.08
maf,2020,80.08
maf,2021,80.21
maf,2022,80.24
maf,2023,80.22
mar,1950,38.77
mar,1951,39.15
mar,1952,39.56
mar,1953,39.96
mar,1954,40.36
mar,1955,40.78
mar,1956,41.22
mar,1957,41.69
mar,1958,42.18
mar,1959,42.68
mar,1960,41.73
mar,1961,43.69
mar,1962,44.23
mar,1963,44.77
mar,1964,45.35
mar,1965,45.92
mar,1966,46.5
mar,1967,47.1
mar,1968,47.66
mar,1969,48.19
mar,1970,48.69
mar,1971,49.17
mar,1972,49.71
mar,1973,50.22
mar,1974,50.76
mar,1975,51.36
mar,1976,52.05
mar,1977,52.79
mar,1978,53.55
mar,1979,54.38
mar,1980,55.22
mar,1981,56.02
mar,1982,56.87
mar,1983,57.69
mar,1984,58.44
mar,1985,59.21
mar,1986,59.95
mar,1987,60.62
mar,1988,61.23
mar,1989,61.82
mar,1990,62.4
mar,1991,62.92
mar,1992,63.39
mar,1993,63.87
mar,1994,64.35
mar,1995,64.72
mar,1996,65.23
mar,1997,65.62
mar,1998,66.01
mar,1999,66.4
mar,2000,66.79
mar,2001,67.2
mar,2002,67.58
mar,2003,67.96
mar,2004,68.27
mar,2005,68.75
mar,2006,69.16
mar,2007,69.62
mar,2008,70.05
mar,2009,70.45
mar,2010,70.82
mar,2011,71.26
mar,2012,71.67
mar,2013,72.12
mar,2014,72.52
mar,2015,72.89
mar,2016,73.23
mar,2017,73.61
mar,2018,73.95
mar,2019,74.24
mar,2020,73.13
mar,2021,73.38
mar,2022,75.16
mar,2023,75.31
mco,1950,68.0
mco,1951,68.36
mco,1952,68.91
mco,1953,69.56
mco,1954,70.03
mco,1955,70.41
mco,1956,70.72
mco,1957,70.87
mco,1958,71.1
mco,1959,71.35
mco,1960,71.86
mco,1961,72.18
mco,1962,72.44
mco,1963,72.48
mco,1964,72.71
mco,1965,72.87
mco,1966,73.03
mco,1967,73.06
mco,1968,73.17
mco,1969,73.25
mco,1970,73.35
mco,1971,73.36
mco,1972,73.38
mco,1973,73.37
mco,1974,73.42
mco,1975,73.52
mco,1976,73.8
mco,1977,74.19
mco,1978,74.66
mco,1979,74.87
mco,1980,74.95
mco,1981,74.95
mco,1982,75.26
mco,1983,75.7
mco,1984,76.39
mco,1985,77.36
mco,1986,78.4
mco,1987,79.26
mco,1988,79.41
mco,1989,79.42
mco,1990,79.44
mco,1991,79.75
mco,1992,80.07
mco,1993,80.36
mco,1994,80.65
mco,1995,80.9
mco,1996,81.13
mco,1997,81.36
mco,1998,81.61
mco,1999,81.83
mco,2000,82.12
mco,2001,82.48
mco,2002,83.05
mco,2003,83.61
mco,2004,84.15
mco,2005,84.34
mco,2006,84.19
mco,2007,83.9
mco,2008,83.83
mco,2009,84.19
mco,2010,84.64
mco,2011,85.01
mco,2012,85.05
mco,2013,85.06
mco,2014,85.09
mco,2015,85.32
mco,2016,85.63
mco,2017,85.88
mco,2018,86.08
mco,2019,86.15
mco,2020,86.09
mco,2021,85.11
mco,2022,85.75
mco,2023,86.37
mda,1950,54.03
mda,1951,54.52
mda,1952,55.08
mda,1953,55.67
mda,1954,56.28
mda,1955,56.85
mda,1956,57.43
mda,1957,58.0
mda,1958,58.53
mda,1959,59.02
mda,1960,59.44
mda,1961,59.86
mda,1962,60.25
mda,1963,60.62
mda,1964,60.96
mda,1965,61.28
mda,1966,61.55
mda,1967,61.78
mda,1968,61.97
mda,1969,62.18
mda,1970,62.41
mda,1971,62.67
mda,1972,62.93
mda,1973,63.18
mda,1974,63.44
mda,1975,63.7
mda,1976,63.97
mda,1977,64.23
mda,1978,64.49
mda,1979,64.82
mda,1980,65.19
mda,1981,65.6
mda,1982,65.86
mda,1983,66.15
mda,1984,66.43
mda,1985,66.88
mda,1986,67.39
mda,1987,67.92
mda,1988,68.19
mda,1989,68.17
mda,1990,67.92
mda,1991,67.55
mda,1992,66.75
mda,1993,66.66
mda,1994,66.32
mda,1995,66.22
mda,1996,66.25
mda,1997,66.48
mda,1998,66.84
mda,1999,67.2
mda,2000,67.46
mda,2001,67.67
mda,2002,67.79
mda,2003,67.9
mda,2004,68.02
mda,2005,68.2
mda,2006,68.42
mda,2007,68.67
mda,2008,69.0
mda,2009,69.41
mda,2010,69.88
mda,2011,70.17
mda,2012,70.34
mda,2013,70.29
mda,2014,70.24
mda,2015,70.12
mda,2016,70.18
mda,2017,70.38
mda,2018,70.24
mda,2019,70.18
mda,2020,69.91
mda,2021,68.99
mda,2022,71.55
mda,2023,71.2
mdg,1950,39.66
mdg,1951,39.94
mdg,1952,40.34
mdg,1953,40.66
mdg,1954,40.95
mdg,1955,41.28
mdg,1956,41.69
mdg,1957,42.11
mdg,1958,42.5
mdg,1959,42.95
mdg,1960,43.35
mdg,1961,43.79
mdg,1962,44.19
mdg,1963,44.63
mdg,1964,45.04
mdg,1965,45.45
mdg,1966,45.98
mdg,1967,46.46
mdg,1968,46.93
mdg,1969,47.32
mdg,1970,47.9
mdg,1971,48.2
mdg,1972,48.51
mdg,1973,48.92
mdg,1974,49.3
mdg,1975,49.6
mdg,1976,49.8
mdg,1977,49.94
mdg,1978,50.02
mdg,1979,50.06
mdg,1980,49.98
mdg,1981,49.81
mdg,1982,50.01
mdg,1983,50.11
mdg,1984,50.21
mdg,1985,50.41
mdg,1986,50.65
mdg,1987,51.1
mdg,1988,51.42
mdg,1989,51.82
mdg,1990,52.14
mdg,1991,52.56
mdg,1992,52.95
mdg,1993,53.73
mdg,1994,54.25
mdg,1995,54.84
mdg,1996,55.48
mdg,1997,56.13
mdg,1998,56.8
mdg,1999,57.43
mdg,2000,57.97
mdg,2001,58.67
mdg,2002,59.17
mdg,2003,59.69
mdg,2004,60.17
mdg,2005,60.66
mdg,2006,61.14
mdg,2007,61.53
mdg,2008,61.99
mdg,2009,62.3
mdg,2010,62.6
mdg,2011,62.86
mdg,2012,63.01
mdg,2013,63.16
mdg,2014,63.26
mdg,2015,63.36
mdg,2016,63.43
mdg,2017,63.43
mdg,2018,63.49
mdg,2019,63.5
mdg,2020,62.71
mdg,2021,62.52
mdg,2022,63.07
mdg,2023,63.63
mdv,1950,36.49
mdv,1951,37.08
mdv,1952,37.0
mdv,1953,36.95
mdv,1954,36.95
mdv,1955,37.01
mdv,1956,37.15
mdv,1957,37.34
mdv,1958,37.58
mdv,1959,37.89
mdv,1960,38.24
mdv,1961,38.65
mdv,1962,39.09
mdv,1963,39.59
mdv,1964,40.15
mdv,1965,40.76
mdv,1966,41.41
mdv,1967,42.11
mdv,1968,42.85
mdv,1969,43.65
mdv,1970,44.52
mdv,1971,45.45
mdv,1972,46.43
mdv,1973,47.46
mdv,1974,48.53
mdv,1975,49.65
mdv,1976,50.75
mdv,1977,51.84
mdv,1978,50.45
mdv,1979,53.87
mdv,1980,54.82
mdv,1981,55.73
mdv,1982,56.61
mdv,1983,57.48
mdv,1984,58.34
mdv,1985,59.18
mdv,1986,59.99
mdv,1987,60.79
mdv,1988,61.59
mdv,1989,62.38
mdv,1990,63.15
mdv,1991,63.91
mdv,1992,64.66
mdv,1993,65.43
mdv,1994,66.2
mdv,1995,66.96
mdv,1996,67.73
mdv,1997,68.52
mdv,1998,69.3
mdv,1999,70.16
mdv,2000,70.89
mdv,2001,71.66
mdv,2002,72.36
mdv,2003,73.26
mdv,2004,73.01
mdv,2005,74.78
mdv,2006,75.26
mdv,2007,75.71
mdv,2008,76.0
mdv,2009,76.37
mdv,2010,76.76
mdv,2011,77.14
mdv,2012,77.51
mdv,2013,77.85
mdv,2014,78.19
mdv,2015,78.61
mdv,2016,78.91
mdv,2017,79.23
mdv,2018,79.43
mdv,2019,79.71
mdv,2020,78.71
mdv,2021,78.05
mdv,2022,80.76
mdv,2023,81.04
mex,1893,23.29
mex,1894,26.62
mex,1895,29.52
mex,1896,28.8
mex,1897,26.24
mex,1898,27.03
mex,1899,24.98
mex,1900,25.0
mex,1901,26.65
mex,1902,28.37
mex,1903,28.68
mex,1904,29.09
mex,1905,26.8
mex,1906,27.88
mex,1907,27.97
mex,1908,28.72
mex,1909,29.21
mex,1910,28.0
mex,1920,34.0
mex,1922,32.6
mex,1923,33.5
mex,1924,32.8
mex,1925,32.1
mex,1926,34.2
mex,1927,40.3
mex,1928,34.5
mex,1929,35.4
mex,1930,34.0
mex,1931,37.7
mex,1932,38.4
mex,1933,37.3
mex,1934,38.2
mex,1935,40.4
mex,1936,38.3
mex,1937,36.8
mex,1938,39.4
mex,1939,45.5
mex,1940,39.0
mex,1941,42.6
mex,1942,39.8
mex,1943,42.8
mex,1944,43.2
mex,1945,44.2
mex,1946,44.8
mex,1947,46.3
mex,1948,48.3
mex,1949,45.8
mex,1950,43.84
mex,1951,44.77
mex,1952,45.67
mex,1953,47.04
mex,1954,48.3
mex,1955,49.6
mex,1956,50.36
mex,1957,51.11
mex,1958,51.84
mex,1959,52.66
mex,1960,53.57
mex,1961,54.42
mex,1962,55.06
mex,1963,55.5
mex,1964,55.92
mex,1965,56.69
mex,1966,57.36
mex,1967,57.96
mex,1968,58.22
mex,1969,58.41
mex,1970,58.89
mex,1971,59.41
mex,1972,60.05
mex,1973,60.52
mex,1974,61.18
mex,1975,61.88
mex,1976,62.47
mex,1977,62.99
mex,1978,63.43
mex,1979,63.86
mex,1980,64.28
mex,1981,64.72
mex,1982,65.26
mex,1983,65.76
mex,1984,66.21
mex,1985,66.77
mex,1986,67.38
mex,1987,67.9
mex,1988,68.3
mex,1989,68.62
mex,1990,69.03
mex,1991,69.37
mex,1992,69.66
mex,1993,69.96
mex,1994,70.3
mex,1995,70.7
mex,1996,71.09
mex,1997,71.47
mex,1998,71.79
mex,1999,72.2
mex,2000,72.56
mex,2001,72.91
mex,2002,73.11
mex,2003,73.31
mex,2004,73.43
mex,2005,73.63
mex,2006,73.75
mex,2007,73.8
mex,2008,73.69
mex,2009,73.63
mex,2010,73.72
mex,2011,73.92
mex,2012,74.13
mex,2013,74.29
mex,2014,74.4
mex,2015,74.43
mex,2016,74.38
mex,2017,74.26
mex,2018,74.3
mex,2019,74.53
mex,2020,70.45
mex,2021,69.75
mex,2022,73.97
mex,2023,75.07
mhl,1950,52.61
mhl,1951,52.67
mhl,1952,52.73
mhl,1953,52.8
mhl,1954,52.89
mhl,1955,53.0
mhl,1956,53.16
mhl,1957,53.37
mhl,1958,53.63
mhl,1959,53.97
mhl,1960,54.36
mhl,1961,54.73
mhl,1962,55.21
mhl,1963,55.74
mhl,1964,56.26
mhl,1965,56.78
mhl,1966,57.28
mhl,1967,57.76
mhl,1968,58.19
mhl,1969,58.5
mhl,1970,58.8
mhl,1971,59.13
mhl,1972,59.49
mhl,1973,59.83
mhl,1974,60.12
mhl,1975,60.27
mhl,1976,60.42
mhl,1977,60.57
mhl,1978,60.7
mhl,1979,60.84
mhl,1980,60.99
mhl,1981,61.14
mhl,1982,61.29
mhl,1983,61.45
mhl,1984,61.6
mhl,1985,61.71
mhl,1986,61.78
mhl,1987,61.81
mhl,1988,61.78
mhl,1989,61.73
mhl,1990,61.76
mhl,1991,61.79
mhl,1992,61.9
mhl,1993,62.08
mhl,1994,62.31
mhl,1995,62.51
mhl,1996,62.77
mhl,1997,63.01
mhl,1998,63.22
mhl,1999,63.42
mhl,2000,63.32
mhl,2001,63.73
mhl,2002,63.85
mhl,2003,63.96
mhl,2004,64.04
mhl,2005,64.11
mhl,2006,64.21
mhl,2007,64.26
mhl,2008,64.3
mhl,2009,64.39
mhl,2010,64.5
mhl,2011,64.64
mhl,2012,64.78
mhl,2013,64.95
mhl,2014,65.11
mhl,2015,65.29
mhl,2016,65.48
mhl,2017,65.67
mhl,2018,65.87
mhl,2019,66.05
mhl,2020,65.39
mhl,2021,65.42
mhl,2022,66.72
mhl,2023,66.95
mkd,1950,50.61
mkd,1951,48.52
mkd,1952,52.51
mkd,1953,53.15
mkd,1954,55.68
mkd,1955,55.37
mkd,1956,58.47
mkd,1957,55.74
mkd,1958,60.31
mkd,1959,59.54
mkd,1960,60.5
mkd,1961,61.79
mkd,1962,59.3
mkd,1963,61.39
mkd,1964,61.54
mkd,1965,62.61
mkd,1966,63.52
mkd,1967,63.76
mkd,1968,64.57
mkd,1969,63.99
mkd,1970,64.97
mkd,1971,65.21
mkd,1972,65.64
mkd,1973,67.06
mkd,1974,67.11
mkd,1975,67.25
mkd,1976,67.87
mkd,1977,68.24
mkd,1978,69.05
mkd,1979,69.16
mkd,1980,69.05
mkd,1981,69.43
mkd,1982,69.84
mkd,1983,69.73
mkd,1984,70.19
mkd,1985,70.22
mkd,1986,70.29
mkd,1987,70.42
mkd,1988,70.47
mkd,1989,71.12
mkd,1990,71.34
mkd,1991,71.75
mkd,1992,71.3
mkd,1993,71.73
mkd,1994,71.49
mkd,1995,71.97
mkd,1996,71.85
mkd,1997,71.88
mkd,1998,71.8
mkd,1999,72.31
mkd,2000,72.57
mkd,2001,73.01
mkd,2002,72.71
mkd,2003,73.05
mkd,2004,73.45
mkd,2005,73.61
mkd,2006,73.79
mkd,2007,73.74
mkd,2008,74.44
mkd,2009,74.47
mkd,2010,75.04
mkd,2011,75.14
mkd,2012,75.04
mkd,2013,75.58
mkd,2014,75.63
mkd,2015,75.63
mkd,2016,75.57
mkd,2017,76.15
mkd,2018,76.88
mkd,2019,76.83
mkd,2020,74.47
mkd,2021,73.29
mkd,2022,76.65
mkd,2023,77.39
mli,1950,28.73
mli,1951,28.91
mli,1952,29.14
mli,1953,29.39
mli,1954,29.51
mli,1955,29.69
mli,1956,29.85
mli,1957,30.06
mli,1958,30.19
mli,1959,30.34
mli,1960,30.46
mli,1961,30.64
mli,1962,30.83
mli,1963,31.02
mli,1964,31.23
mli,1965,31.53
mli,1966,31.79
mli,1967,32.2
mli,1968,32.57
mli,1969,32.87
mli,1970,33.4
mli,1971,33.8
mli,1972,34.51
mli,1973,35.09
mli,1974,35.75
mli,1975,36.48
mli,1976,37.2
mli,1977,37.99
mli,1978,38.76
mli,1979,39.51
mli,1980,40.27
mli,1981,40.98
mli,1982,41.8
mli,1983,42.75
mli,1984,43.4
mli,1985,43.92
mli,1986,44.62
mli,1987,45.23
mli,1988,45.72
mli,1989,46.24
mli,1990,46.54
mli,1991,46.89
mli,1992,47.24
mli,1993,47.59
mli,1994,47.91
mli,1995,48.29
mli,1996,48.5
mli,1997,49.09
mli,1998,49.59
mli,1999,50.06
mli,2000,50.6
mli,2001,51.3
mli,2002,52.0
mli,2003,52.63
mli,2004,53.25
mli,2005,53.79
mli,2006,54.3
mli,2007,54.76
mli,2008,55.19
mli,2009,55.59
mli,2010,55.99
mli,2011,56.37
mli,2012,56.7
mli,2013,57.05
mli,2014,57.48
mli,2015,57.85
mli,2016,58.29
mli,2017,58.56
mli,2018,58.87
mli,2019,59.22
mli,2020,58.86
mli,2021,59.12
mli,2022,60.03
mli,2023,60.44
mlt,1950,63.47
mlt,1951,63.91
mlt,1952,64.06
mlt,1953,64.3
mlt,1954,65.06
mlt,1955,66.29
mlt,1956,66.76
mlt,1957,67.47
mlt,1958,67.83
mlt,1959,68.37
mlt,1960,68.44
mlt,1961,68.42
mlt,1962,69.17
mlt,1963,69.25
mlt,1964,69.34
mlt,1965,69.45
mlt,1966,69.74
mlt,1967,69.79
mlt,1968,69.9
mlt,1969,70.06
mlt,1970,70.37
mlt,1971,70.14
mlt,1972,70.68
mlt,1973,71.32
mlt,1974,71.95
mlt,1975,72.07
mlt,1976,72.21
mlt,1977,72.33
mlt,1978,72.34
mlt,1979,72.5
mlt,1980,72.32
mlt,1981,72.37
mlt,1982,72.83
mlt,1983,73.1
mlt,1984,73.31
mlt,1985,73.85
mlt,1986,74.48
mlt,1987,75.3
mlt,1988,75.87
mlt,1989,76.17
mlt,1990,76.16
mlt,1991,76.49
mlt,1992,76.68
mlt,1993,76.83
mlt,1994,76.95
mlt,1995,76.98
mlt,1996,76.32
mlt,1997,77.32
mlt,1998,77.8
mlt,1999,77.75
mlt,2000,77.9
mlt,2001,78.9
mlt,2002,78.47
mlt,2003,78.7
mlt,2004,79.17
mlt,2005,79.49
mlt,2006,79.56
mlt,2007,79.74
mlt,2008,79.69
mlt,2009,80.42
mlt,2010,81.4
mlt,2011,80.8
mlt,2012,81.06
mlt,2013,81.82
mlt,2014,82.32
mlt,2015,82.59
mlt,2016,82.66
mlt,2017,83.09
mlt,2018,82.91
mlt,2019,82.84
mlt,2020,82.34
mlt,2021,82.32
mlt,2022,82.25
mlt,2023,83.3
mmr,1926,30.8
mmr,1950,35.7
mmr,1951,36.51
mmr,1952,37.73
mmr,1953,38.6
mmr,1954,39.57
mmr,1955,40.44
mmr,1956,41.2
mmr,1957,42.02
mmr,1958,42.78
mmr,1959,43.41
mmr,1960,44.09
mmr,1961,44.6
mmr,1962,45.26
mmr,1963,45.95
mmr,1964,46.65
mmr,1965,47.4
mmr,1966,48.18
mmr,1967,48.86
mmr,1968,49.4
mmr,1969,50.02
mmr,1970,50.47
mmr,1971,51.03
mmr,1972,51.4
mmr,1973,51.76
mmr,1974,52.09
mmr,1975,52.49
mmr,1976,52.91
mmr,1977,53.27
mmr,1978,53.52
mmr,1979,54.03
mmr,1980,54.37
mmr,1981,54.7
mmr,1982,55.03
mmr,1983,55.31
mmr,1984,55.6
mmr,1985,55.82
mmr,1986,56.08
mmr,1987,56.35
mmr,1988,56.57
mmr,1989,56.89
mmr,1990,57.16
mmr,1991,57.4
mmr,1992,57.68
mmr,1993,58.03
mmr,1994,58.33
mmr,1995,58.67
mmr,1996,59.17
mmr,1997,59.52
mmr,1998,59.9
mmr,1999,60.11
mmr,2000,60.36
mmr,2001,60.64
mmr,2002,60.92
mmr,2003,61.2
mmr,2004,61.44
mmr,2005,61.72
mmr,2006,62.03
mmr,2007,62.37
mmr,2008,56.36
mmr,2009,63.1
mmr,2010,63.48
mmr,2011,63.86
mmr,2012,64.25
mmr,2013,64.62
mmr,2014,64.99
mmr,2015,65.29
mmr,2016,65.64
mmr,2017,65.91
mmr,2018,66.23
mmr,2019,66.46
mmr,2020,66.61
mmr,2021,65.55
mmr,2022,66.51
mmr,2023,66.89
mne,1950,58.03
mne,1951,58.55
mne,1952,59.06
mne,1953,59.69
mne,1954,60.78
mne,1955,60.9
mne,1956,62.01
mne,1957,63.0
mne,1958,63.82
mne,1959,64.71
mne,1960,65.68
mne,1961,66.1
mne,1962,66.4
mne,1963,66.78
mne,1964,67.39
mne,1965,68.08
mne,1966,68.62
mne,1967,69.26
mne,1968,69.83
mne,1969,70.15
mne,1970,70.4
mne,1971,70.82
mne,1972,71.25
mne,1973,71.59
mne,1974,71.63
mne,1975,71.92
mne,1976,72.06
mne,1977,71.83
mne,1978,71.92
mne,1979,71.49
mne,1980,72.24
mne,1981,72.13
mne,1982,72.3
mne,1983,72.3
mne,1984,72.29
mne,1985,72.43
mne,1986,72.78
mne,1987,73.18
mne,1988,73.41
mne,1989,73.81
mne,1990,73.88
mne,1991,73.95
mne,1992,73.8
mne,1993,73.87
mne,1994,73.76
mne,1995,73.74
mne,1996,73.61
mne,1997,73.5
mne,1998,73.44
mne,1999,73.29
mne,2000,73.55
mne,2001,73.74
mne,2002,74.13
mne,2003,74.23
mne,2004,74.38
mne,2005,74.43
mne,2006,74.67
mne,2007,74.67
mne,2008,75.0
mne,2009,75.4
mne,2010,75.71
mne,2011,75.96
mne,2012,76.24
mne,2013,76.35
mne,2014,76.47
mne,2015,76.59
mne,2016,76.56
mne,2017,76.59
mne,2018,76.92
mne,2019,76.64
mne,2020,75.85
mne,2021,73.79
mne,2022,75.92
mne,2023,77.09
mng,1950,38.6
mng,1951,39.05
mng,1952,39.4
mng,1953,39.77
mng,1954,40.21
mng,1955,40.73
mng,1956,41.35
mng,1957,40.4
mng,1958,42.84
mng,1959,43.68
mng,1960,44.54
mng,1961,45.41
mng,1962,46.27
mng,1963,47.13
mng,1964,47.95
mng,1965,48.72
mng,1966,49.37
mng,1967,50.13
mng,1968,50.78
mng,1969,51.41
mng,1970,51.99
mng,1971,52.56
mng,1972,53.11
mng,1973,53.6
mng,1974,54.02
mng,1975,54.33
mng,1976,54.58
mng,1977,54.77
mng,1978,54.92
mng,1979,55.07
mng,1980,55.22
mng,1981,55.4
mng,1982,55.62
mng,1983,55.87
mng,1984,56.15
mng,1985,56.44
mng,1986,56.76
mng,1987,57.12
mng,1988,57.51
mng,1989,58.13
mng,1990,58.82
mng,1991,59.82
mng,1992,60.44
mng,1993,60.83
mng,1994,60.86
mng,1995,60.89
mng,1996,61.0
mng,1997,61.44
mng,1998,62.12
mng,1999,62.83
mng,2000,63.46
mng,2001,63.81
mng,2002,63.99
mng,2003,64.13
mng,2004,64.34
mng,2005,64.81
mng,2006,65.57
mng,2007,66.47
mng,2008,67.09
mng,2009,67.17
mng,2010,67.1
mng,2011,67.17
mng,2012,67.61
mng,2013,68.21
mng,2014,68.74
mng,2015,69.24
mng,2016,69.74
mng,2017,70.17
mng,2018,70.57
mng,2019,70.66
mng,2020,70.03
mng,2021,68.57
mng,2022,71.5
mng,2023,71.73
mnp,1950,58.21
mnp,1951,58.54
mnp,1952,58.83
mnp,1953,59.15
mnp,1954,59.46
mnp,1955,59.77
mnp,1956,60.07
mnp,1957,60.39
mnp,1958,60.73
mnp,1959,61.05
mnp,1960,61.39
mnp,1961,61.67
mnp,1962,61.97
mnp,1963,62.31
mnp,1964,62.59
mnp,1965,62.96
mnp,1966,63.33
mnp,1967,63.71
mnp,1968,64.08
mnp,1969,64.47
mnp,1970,64.83
mnp,1971,65.2
mnp,1972,65.56
mnp,1973,65.99
mnp,1974,66.43
mnp,1975,66.85
mnp,1976,67.28
mnp,1977,67.65
mnp,1978,67.9
mnp,1979,68.12
mnp,1980,68.3
mnp,1981,68.48
mnp,1982,68.69
mnp,1983,68.86
mnp,1984,69.06
mnp,1985,69.23
mnp,1986,69.36
mnp,1987,69.48
mnp,1988,69.61
mnp,1989,69.78
mnp,1990,70.04
mnp,1991,70.36
mnp,1992,70.76
mnp,1993,71.16
mnp,1994,71.53
mnp,1995,71.94
mnp,1996,72.44
mnp,1997,72.95
mnp,1998,73.57
mnp,1999,74.26
mnp,2000,74.9
mnp,2001,75.42
mnp,2002,75.93
mnp,2003,76.51
mnp,2004,76.79
mnp,2005,77.31
mnp,2006,77.69
mnp,2007,77.86
mnp,2008,77.94
mnp,2009,77.9
mnp,2010,77.8
mnp,2011,77.69
mnp,2012,77.57
mnp,2013,77.45
mnp,2014,77.38
mnp,2015,77.36
mnp,2016,77.39
mnp,2017,77.47
mnp,2018,77.51
mnp,2019,77.84
mnp,2020,78.03
mnp,2021,78.16
mnp,2022,78.53
mnp,2023,78.81
moz,1950,37.33
moz,1951,37.74
moz,1952,38.1
moz,1953,38.51
moz,1954,38.87
moz,1955,39.27
moz,1956,39.59
moz,1957,40.06
moz,1958,40.47
moz,1959,40.87
moz,1960,41.2
moz,1961,41.5
moz,1962,41.76
moz,1963,41.96
moz,1964,41.66
moz,1965,41.79
moz,1966,41.84
moz,1967,41.95
moz,1968,42.1
moz,1969,42.27
moz,1970,42.46
moz,1971,42.58
moz,1972,42.52
moz,1973,42.72
moz,1974,43.21
moz,1975,43.82
moz,1976,43.92
moz,1977,43.92
moz,1978,43.96
moz,1979,43.91
moz,1980,43.99
moz,1981,41.64
moz,1982,41.68
moz,1983,41.6
moz,1984,38.9
moz,1985,38.98
moz,1986,40.95
moz,1987,41.0
moz,1988,43.69
moz,1989,43.89
moz,1990,44.34
moz,1991,44.7
moz,1992,45.1
moz,1993,45.67
moz,1994,46.09
moz,1995,46.55
moz,1996,47.12
moz,1997,47.8
moz,1998,48.21
moz,1999,48.84
moz,2000,49.48
moz,2001,50.26
moz,2002,50.88
moz,2003,51.38
moz,2004,51.86
moz,2005,52.32
moz,2006,52.75
moz,2007,53.26
moz,2008,53.8
moz,2009,54.4
moz,2010,55.04
moz,2011,55.73
moz,2012,56.46
moz,2013,57.19
moz,2014,57.96
moz,2015,58.71
moz,2016,59.46
moz,2017,60.15
moz,2018,60.79
moz,2019,61.31
moz,2020,61.39
moz,2021,60.27
moz,2022,63.01
moz,2023,63.61
mrt,1950,38.38
mrt,1951,38.85
mrt,1952,39.2
mrt,1953,39.6
mrt,1954,40.14
mrt,1955,40.58
mrt,1956,41.14
mrt,1957,41.74
mrt,1958,42.3
mrt,1959,42.89
mrt,1960,43.61
mrt,1961,44.31
mrt,1962,45.05
mrt,1963,45.79
mrt,1964,46.58
mrt,1965,47.36
mrt,1966,48.13
mrt,1967,48.89
mrt,1968,49.51
mrt,1969,50.09
mrt,1970,50.54
mrt,1971,50.76
mrt,1972,51.04
mrt,1973,51.22
mrt,1974,51.43
mrt,1975,51.57
mrt,1976,51.77
mrt,1977,52.0
mrt,1978,52.35
mrt,1979,52.76
mrt,1980,53.2
mrt,1981,53.68
mrt,1982,54.23
mrt,1983,54.58
mrt,1984,55.2
mrt,1985,55.81
mrt,1986,56.32
mrt,1987,56.96
mrt,1988,57.48
mrt,1989,57.7
mrt,1990,58.09
mrt,1991,58.29
mrt,1992,58.57
mrt,1993,58.73
mrt,1994,58.76
mrt,1995,58.86
mrt,1996,58.91
mrt,1997,59.42
mrt,1998,59.89
mrt,1999,60.44
mrt,2000,61.04
mrt,2001,61.66
mrt,2002,62.25
mrt,2003,62.8
mrt,2004,63.37
mrt,2005,63.92
mrt,2006,64.49
mrt,2007,64.88
mrt,2008,65.23
mrt,2009,65.48
mrt,2010,65.66
mrt,2011,65.75
mrt,2012,65.81
mrt,2013,65.89
mrt,2014,66.21
mrt,2015,66.5
mrt,2016,66.82
mrt,2017,67.09
mrt,2018,67.42
mrt,2019,67.64
mrt,2020,66.79
mrt,2021,66.76
mrt,2022,68.28
mrt,2023,68.48
msr,1950,48.59
msr,1951,49.65
msr,1952,50.69
msr,1953,51.71
msr,1954,52.71
msr,1955,53.67
msr,1956,54.63
msr,1957,55.59
msr,1958,56.58
msr,1959,57.59
msr,1960,58.64
msr,1961,59.48
msr,1962,60.29
msr,1963,61.01
msr,1964,61.67
msr,1965,62.27
msr,1966,62.86
msr,1967,63.45
msr,1968,64.06
msr,1969,64.67
msr,1970,65.29
msr,1971,65.85
msr,1972,66.42
msr,1973,66.95
msr,1974,67.41
msr,1975,67.85
msr,1976,68.22
msr,1977,68.56
msr,1978,68.86
msr,1979,69.11
msr,1980,69.33
msr,1981,69.53
msr,1982,69.71
msr,1983,69.87
msr,1984,70.02
msr,1985,70.16
msr,1986,70.32
msr,1987,70.45
msr,1988,70.61
msr,1989,68.26
msr,1990,70.94
msr,1991,71.14
msr,1992,71.4
msr,1993,71.65
msr,1994,71.91
msr,1995,72.17
msr,1996,72.42
msr,1997,63.22
msr,1998,72.84
msr,1999,72.97
msr,2000,73.15
msr,2001,73.33
msr,2002,73.55
msr,2003,73.79
msr,2004,74.0
msr,2005,74.19
msr,2006,74.34
msr,2007,74.45
msr,2008,74.53
msr,2009,74.62
msr,2010,74.68
msr,2011,74.77
msr,2012,74.85
msr,2013,74.93
msr,2014,75.03
msr,2015,75.13
msr,2016,75.23
msr,2017,75.33
msr,2018,75.46
msr,2019,75.6
msr,2020,75.57
msr,2021,75.9
msr,2022,76.04
msr,2023,76.19
mtq,1950,54.95
mtq,1951,54.21
mtq,1952,54.89
mtq,1953,57.63
mtq,1954,58.51
mtq,1955,58.75
mtq,1956,59.57
mtq,1957,60.06
mtq,1958,60.07
mtq,1959,61.51
mtq,1960,61.61
mtq,1961,62.89
mtq,1962,62.27
mtq,1963,62.63
mtq,1964,63.16
mtq,1965,64.16
mtq,1966,64.45
mtq,1967,65.14
mtq,1968,65.39
mtq,1969,65.44
mtq,1970,65.05
mtq,1971,67.35
mtq,1972,67.61
mtq,1973,68.02
mtq,1974,68.16
mtq,1975,69.01
mtq,1976,69.71
mtq,1977,70.26
mtq,1978,70.82
mtq,1979,71.38
mtq,1980,71.9
mtq,1981,72.43
mtq,1982,72.98
mtq,1983,73.52
mtq,1984,74.03
mtq,1985,74.4
mtq,1986,74.48
mtq,1987,74.9
mtq,1988,75.31
mtq,1989,75.78
mtq,1990,75.86
mtq,1991,76.43
mtq,1992,76.63
mtq,1993,76.82
mtq,1994,77.02
mtq,1995,77.2
mtq,1996,77.42
mtq,1997,77.63
mtq,1998,77.84
mtq,1999,78.08
mtq,2000,78.5
mtq,2001,78.43
mtq,2002,78.88
mtq,2003,79.63
mtq,2004,79.59
mtq,2005,80.22
mtq,2006,80.43
mtq,2007,80.06
mtq,2008,80.69
mtq,2009,81.24
mtq,2010,81.14
mtq,2011,81.62
mtq,2012,81.79
mtq,2013,81.9
mtq,2014,81.94
mtq,2015,82.03
mtq,2016,81.81
mtq,2017,81.99
mtq,2018,82.09
mtq,2019,82.07
mtq,2020,80.27
mtq,2021,77.74
mtq,2022,80.84
mtq,2023,82.57
mus,1924,31.22
mus,1934,33.87
mus,1941,36.17
mus,1944,33.29
mus,1947,38.62
mus,1950,51.94
mus,1951,52.47
mus,1952,52.11
mus,1953,51.5
mus,1954,52.22
mus,1955,53.77
mus,1956,55.07
mus,1957,55.68
mus,1958,56.39
mus,1959,57.4
mus,1960,58.4
mus,1961,59.54
mus,1962,60.46
mus,1963,61.15
mus,1964,61.52
mus,1965,62.07
mus,1966,62.11
mus,1967,61.72
mus,1968,62.1
mus,1969,62.7
mus,1970,63.69
mus,1971,63.84
mus,1972,63.8
mus,1973,64.25
mus,1974,64.22
mus,1975,64.37
mus,1976,64.03
mus,1977,64.83
mus,1978,65.26
mus,1979,66.02
mus,1980,66.51
mus,1981,67.22
mus,1982,67.95
mus,1983,68.41
mus,1984,68.64
mus,1985,68.72
mus,1986,68.89
mus,1987,69.18
mus,1988,69.44
mus,1989,69.54
mus,1990,69.77
mus,1991,70.05
mus,1992,70.21
mus,1993,70.36
mus,1994,70.42
mus,1995,70.6
mus,1996,70.52
mus,1997,70.68
mus,1998,70.89
mus,1999,71.39
mus,2000,71.76
mus,2001,71.99
mus,2002,72.05
mus,2003,72.31
mus,2004,72.55
mus,2005,72.64
mus,2006,72.78
mus,2007,72.89
mus,2008,73.12
mus,2009,73.26
mus,2010,73.65
mus,2011,74.07
mus,2012,74.33
mus,2013,74.43
mus,2014,74.61
mus,2015,74.67
mus,2016,74.85
mus,2017,75.02
mus,2018,74.49
mus,2019,74.18
mus,2020,74.66
mus,2021,72.9
mus,2022,73.54
mus,2023,74.93
mwi,1950,32.66
mwi,1951,32.82
mwi,1952,32.99
mwi,1953,33.16
mwi,1954,33.35
mwi,1955,33.58
mwi,1956,33.85
mwi,1957,34.11
mwi,1958,34.44
mwi,1959,34.76
mwi,1960,34.99
mwi,1961,35.23
mwi,1962,35.45
mwi,1963,35.64
mwi,1964,35.68
mwi,1965,35.74
mwi,1966,35.83
mwi,1967,35.94
mwi,1968,36.08
mwi,1969,36.3
mwi,1970,36.64
mwi,1971,37.1
mwi,1972,37.61
mwi,1973,38.35
mwi,1974,39.2
mwi,1975,40.08
mwi,1976,41.02
mwi,1977,41.98
mwi,1978,43.0
mwi,1979,43.7
mwi,1980,44.33
mwi,1981,44.72
mwi,1982,44.84
mwi,1983,44.97
mwi,1984,44.81
mwi,1985,44.57
mwi,1986,44.3
mwi,1987,43.9
mwi,1988,43.57
mwi,1989,43.52
mwi,1990,43.57
mwi,1991,43.54
mwi,1992,43.64
mwi,1993,43.65
mwi,1994,43.8
mwi,1995,43.8
mwi,1996,44.01
mwi,1997,44.2
mwi,1998,44.3
mwi,1999,45.06
mwi,2000,46.17
mwi,2001,47.2
mwi,2002,48.18
mwi,2003,49.6
mwi,2004,51.07
mwi,2005,52.47
mwi,2006,53.65
mwi,2007,54.69
mwi,2008,55.72
mwi,2009,56.71
mwi,2010,57.79
mwi,2011,58.86
mwi,2012,59.87
mwi,2013,60.82
mwi,2014,61.65
mwi,2015,62.32
mwi,2016,63.16
mwi,2017,63.91
mwi,2018,64.46
mwi,2019,65.0
mwi,2020,65.22
mwi,2021,64.78
mwi,2022,66.04
mwi,2023,67.35
mys,1950,48.49
mys,1951,49.22
mys,1952,50.15
mys,1953,51.13
mys,1954,51.98
mys,1955,52.84
mys,1956,53.67
mys,1957,54.51
mys,1958,55.41
mys,1959,56.31
mys,1960,57.17
mys,1961,58.02
mys,1962,58.86
mys,1963,59.67
mys,1964,60.45
mys,1965,61.14
mys,1966,61.68
mys,1967,62.04
mys,1968,62.44
mys,1969,62.87
mys,1970,63.3
mys,1971,63.77
mys,1972,64.23
mys,1973,64.73
mys,1974,65.2
mys,1975,65.7
mys,1976,66.23
mys,1977,66.72
mys,1978,67.17
mys,1979,67.61
mys,1980,68.06
mys,1981,68.46
mys,1982,68.88
mys,1983,69.21
mys,1984,69.55
mys,1985,69.86
mys,1986,70.13
mys,1987,70.35
mys,1988,70.55
mys,1989,70.76
mys,1990,70.95
mys,1991,71.22
mys,1992,71.48
mys,1993,71.72
mys,1994,71.87
mys,1995,71.98
mys,1996,72.12
mys,1997,72.3
mys,1998,72.39
mys,1999,72.43
mys,2000,72.73
mys,2001,73.08
mys,2002,73.47
mys,2003,73.73
mys,2004,74.03
mys,2005,74.37
mys,2006,74.7
mys,2007,74.96
mys,2008,75.15
mys,2009,75.27
mys,2010,75.38
mys,2011,75.49
mys,2012,75.55
mys,2013,75.46
mys,2014,75.35
mys,2015,75.29
mys,2016,75.37
mys,2017,75.54
mys,2018,75.73
mys,2019,75.9
mys,2020,76.06
mys,2021,73.92
mys,2022,75.44
mys,2023,76.66
myt,1950,42.25
myt,1951,43.57
myt,1952,44.83
myt,1953,46.14
myt,1954,47.39
myt,1955,48.7
myt,1956,49.92
myt,1957,51.08
myt,1958,52.24
myt,1959,53.35
myt,1960,54.36
myt,1961,55.35
myt,1962,56.33
myt,1963,57.26
myt,1964,58.26
myt,1965,59.21
myt,1966,60.15
myt,1967,61.05
myt,1968,61.91
myt,1969,62.71
myt,1970,63.55
myt,1971,64.27
myt,1972,64.99
myt,1973,65.66
myt,1974,66.33
myt,1975,66.97
myt,1976,67.57
myt,1977,68.16
myt,1978,68.69
myt,1979,69.21
myt,1980,69.76
myt,1981,70.24
myt,1982,70.71
myt,1983,71.12
myt,1984,71.53
myt,1985,71.9
myt,1986,72.28
myt,1987,72.63
myt,1988,72.99
myt,1989,73.31
myt,1990,73.61
myt,1991,73.96
myt,1992,74.25
myt,1993,74.54
myt,1994,74.84
myt,1995,75.07
myt,1996,75.33
myt,1997,75.59
myt,1998,75.86
myt,1999,76.11
myt,2000,76.36
myt,2001,76.53
myt,2002,76.69
myt,2003,76.84
myt,2004,77.04
myt,2005,77.13
myt,2006,77.47
myt,2007,77.77
myt,2008,78.0
myt,2009,78.2
myt,2010,78.25
myt,2011,78.16
myt,2012,77.89
myt,2013,77.61
myt,2014,77.29
myt,2015,76.88
myt,2016,76.51
myt,2017,76.35
myt,2018,76.22
myt,2019,76.1
myt,2020,74.21
myt,2021,72.82
myt,2022,75.13
myt,2023,76.05
nam,1950,41.95
nam,1951,42.5
nam,1952,43.15
nam,1953,43.75
nam,1954,44.43
nam,1955,45.05
nam,1956,45.7
nam,1957,46.38
nam,1958,47.11
nam,1959,47.79
nam,1960,48.53
nam,1961,49.24
nam,1962,49.97
nam,1963,50.64
nam,1964,51.35
nam,1965,52.0
nam,1966,52.3
nam,1967,52.93
nam,1968,53.55
nam,1969,54.13
nam,1970,54.69
nam,1971,55.29
nam,1972,55.85
nam,1973,56.42
nam,1974,56.94
nam,1975,57.55
nam,1976,58.04
nam,1977,58.59
nam,1978,59.11
nam,1979,59.52
nam,1980,56.57
nam,1981,56.91
nam,1982,57.33
nam,1983,57.64
nam,1984,58.1
nam,1985,58.47
nam,1986,58.72
nam,1987,59.12
nam,1988,59.03
nam,1989,60.77
nam,1990,61.36
nam,1991,60.83
nam,1992,60.16
nam,1993,59.26
nam,1994,58.44
nam,1995,57.52
nam,1996,56.64
nam,1997,55.84
nam,1998,54.77
nam,1999,53.98
nam,2000,52.95
nam,2001,51.98
nam,2002,51.99
nam,2003,51.92
nam,2004,52.18
nam,2005,52.56
nam,2006,53.18
nam,2007,54.03
nam,2008,54.74
nam,2009,55.35
nam,2010,56.09
nam,2011,56.65
nam,2012,57.73
nam,2013,58.47
nam,2014,59.31
nam,2015,60.01
nam,2016,60.81
nam,2017,61.66
nam,2018,62.58
nam,2019,63.55
nam,2020,64.07
nam,2021,60.85
nam,2022,64.19
nam,2023,67.38
ncl,1950,45.1
ncl,1951,45.72
ncl,1952,46.46
ncl,1953,47.17
ncl,1954,47.89
ncl,1955,48.61
ncl,1956,49.37
ncl,1957,50.12
ncl,1958,50.86
ncl,1959,51.58
ncl,1960,52.34
ncl,1961,53.07
ncl,1962,53.8
ncl,1963,54.53
ncl,1964,55.29
ncl,1965,56.07
ncl,1966,56.87
ncl,1967,57.69
ncl,1968,58.5
ncl,1969,59.3
ncl,1970,60.06
ncl,1971,60.78
ncl,1972,61.41
ncl,1973,62.1
ncl,1974,62.69
ncl,1975,63.24
ncl,1976,63.75
ncl,1977,64.24
ncl,1978,64.7
ncl,1979,65.15
ncl,1980,65.6
ncl,1981,65.99
ncl,1982,66.51
ncl,1983,66.97
ncl,1984,67.42
ncl,1985,67.84
ncl,1986,68.24
ncl,1987,68.6
ncl,1988,68.92
ncl,1989,69.22
ncl,1990,69.53
ncl,1991,69.82
ncl,1992,70.14
ncl,1993,70.5
ncl,1994,70.9
ncl,1995,71.31
ncl,1996,71.75
ncl,1997,72.2
ncl,1998,72.68
ncl,1999,73.14
ncl,2000,73.57
ncl,2001,73.96
ncl,2002,74.28
ncl,2003,74.5
ncl,2004,74.71
ncl,2005,74.87
ncl,2006,75.02
ncl,2007,75.18
ncl,2008,75.4
ncl,2009,75.68
ncl,2010,75.99
ncl,2011,76.32
ncl,2012,76.62
ncl,2013,76.87
ncl,2014,77.05
ncl,2015,77.21
ncl,2016,77.36
ncl,2017,77.5
ncl,2018,77.56
ncl,2019,77.26
ncl,2020,77.05
ncl,2021,77.11
ncl,2022,77.7
ncl,2023,78.77
ner,1921,24.35
ner,1940,34.47
ner,1950,35.9
ner,1951,35.9
ner,1952,35.91
ner,1953,35.93
ner,1954,35.95
ner,1955,35.97
ner,1956,36.04
ner,1957,36.08
ner,1958,36.09
ner,1959,36.14
ner,1960,36.19
ner,1961,36.29
ner,1962,36.32
ner,1963,36.44
ner,1964,36.46
ner,1965,36.4
ner,1966,36.33
ner,1967,36.24
ner,1968,36.13
ner,1969,36.0
ner,1970,35.92
ner,1971,35.29
ner,1972,35.81
ner,1973,35.94
ner,1974,36.19
ner,1975,36.57
ner,1976,37.1
ner,1977,37.69
ner,1978,38.27
ner,1979,38.89
ner,1980,39.34
ner,1981,39.64
ner,1982,39.84
ner,1983,39.98
ner,1984,39.99
ner,1985,40.12
ner,1986,40.25
ner,1987,40.47
ner,1988,40.79
ner,1989,41.19
ner,1990,41.73
ner,1991,42.29
ner,1992,43.06
ner,1993,43.84
ner,1994,44.59
ner,1995,45.5
ner,1996,46.31
ner,1997,47.1
ner,1998,47.81
ner,1999,48.48
ner,2000,49.17
ner,2001,49.87
ner,2002,50.64
ner,2003,51.54
ner,2004,52.4
ner,2005,53.32
ner,2006,54.22
ner,2007,55.06
ner,2008,55.85
ner,2009,56.49
ner,2010,57.08
ner,2011,57.6
ner,2012,57.99
ner,2013,58.36
ner,2014,58.69
ner,2015,58.85
ner,2016,59.23
ner,2017,59.52
ner,2018,59.76
ner,2019,60.03
ner,2020,59.89
ner,2021,59.54
ner,2022,60.4
ner,2023,61.18
nga,1950,35.53
nga,1951,35.72
nga,1952,35.88
nga,1953,36.04
nga,1954,36.24
nga,1955,36.34
nga,1956,36.48
nga,1957,36.62
nga,1958,36.83
nga,1959,37.03
nga,1960,37.21
nga,1961,37.43
nga,1962,37.61
nga,1963,37.81
nga,1964,37.98
nga,1965,38.22
nga,1966,38.36
nga,1967,37.5
nga,1968,38.64
nga,1969,38.95
nga,1970,40.01
nga,1971,40.61
nga,1972,41.27
nga,1973,41.83
nga,1974,42.49
nga,1975,43.05
nga,1976,44.19
nga,1977,44.85
nga,1978,45.35
nga,1979,45.74
nga,1980,45.96
nga,1981,46.31
nga,1982,46.44
nga,1983,46.44
nga,1984,46.34
nga,1985,46.19
nga,1986,45.95
nga,1987,45.89
nga,1988,45.83
nga,1989,45.83
nga,1990,45.73
nga,1991,45.48
nga,1992,45.59
nga,1993,45.78
nga,1994,45.75
nga,1995,45.87
nga,1996,45.83
nga,1997,45.96
nga,1998,46.15
nga,1999,46.61
nga,2000,47.14
nga,2001,47.55
nga,2002,48.02
nga,2003,48.62
nga,2004,49.15
nga,2005,49.54
nga,2006,49.88
nga,2007,50.38
nga,2008,50.75
nga,2009,51.08
nga,2010,51.31
nga,2011,51.49
nga,2012,51.69
nga,2013,51.83
nga,2014,51.94
nga,2015,51.94
nga,2016,52.19
nga,2017,52.4
nga,2018,52.67
nga,2019,53.01
nga,2020,53.07
nga,2021,53.46
nga,2022,54.08
nga,2023,54.46
nic,1920,24.0
nic,1930,28.0
nic,1940,34.0
nic,1950,40.63
nic,1951,40.8
nic,1952,41.86
nic,1953,42.45
nic,1954,43.06
nic,1955,43.66
nic,1956,44.28
nic,1957,44.88
nic,1958,45.48
nic,1959,46.06
nic,1960,46.4
nic,1961,47.29
nic,1962,47.98
nic,1963,48.75
nic,1964,49.59
nic,1965,50.65
nic,1966,51.58
nic,1967,52.35
nic,1968,52.87
nic,1969,53.35
nic,1970,53.82
nic,1971,54.22
nic,1972,47.96
nic,1973,55.02
nic,1974,55.4
nic,1975,55.77
nic,1976,56.12
nic,1977,56.13
nic,1978,53.53
nic,1979,50.83
nic,1980,57.95
nic,1981,58.28
nic,1982,58.69
nic,1983,56.85
nic,1984,56.13
nic,1985,56.4
nic,1986,57.56
nic,1987,57.33
nic,1988,59.83
nic,1989,61.88
nic,1990,62.47
nic,1991,63.31
nic,1992,63.67
nic,1993,64.09
nic,1994,64.55
nic,1995,64.87
nic,1996,65.21
nic,1997,65.52
nic,1998,64.11
nic,1999,65.89
nic,2000,66.36
nic,2001,67.03
nic,2002,67.95
nic,2003,68.75
nic,2004,69.51
nic,2005,70.37
nic,2006,70.96
nic,2007,71.2
nic,2008,71.4
nic,2009,71.5
nic,2010,71.76
nic,2011,72.03
nic,2012,72.43
nic,2013,72.55
nic,2014,72.79
nic,2015,72.9
nic,2016,73.18
nic,2017,73.39
nic,2018,73.88
nic,2019,73.76
nic,2020,70.77
nic,2021,70.48
nic,2022,74.46
nic,2023,74.95
niu,1950,54.57
niu,1951,54.95
niu,1952,55.36
niu,1953,55.78
niu,1954,56.2
niu,1955,56.67
niu,1956,57.19
niu,1957,57.72
niu,1958,58.28
niu,1959,58.84
niu,1960,59.38
niu,1961,59.95
niu,1962,60.51
niu,1963,61.03
niu,1964,61.53
niu,1965,62.07
niu,1966,62.56
niu,1967,63.06
niu,1968,63.5
niu,1969,63.98
niu,1970,64.37
niu,1971,64.74
niu,1972,65.06
niu,1973,65.4
niu,1974,65.79
niu,1975,66.12
niu,1976,66.51
niu,1977,66.85
niu,1978,67.14
niu,1979,67.38
niu,1980,67.61
niu,1981,67.82
niu,1982,67.96
niu,1983,68.07
niu,1984,68.08
niu,1985,68.05
niu,1986,67.94
niu,1987,67.78
niu,1988,67.61
niu,1989,67.32
niu,1990,67.06
niu,1991,66.82
niu,1992,66.54
niu,1993,66.41
niu,1994,66.39
niu,1995,66.38
niu,1996,66.39
niu,1997,66.44
niu,1998,66.58
niu,1999,65.64
niu,2000,66.65
niu,2001,66.7
niu,2002,66.69
niu,2003,66.77
niu,2004,65.6
niu,2005,66.98
niu,2006,67.07
niu,2007,67.18
niu,2008,67.25
niu,2009,67.46
niu,2010,67.65
niu,2011,67.83
niu,2012,68.01
niu,2013,68.21
niu,2014,68.42
niu,2015,68.61
niu,2016,68.8
niu,2017,68.98
niu,2018,69.14
niu,2019,69.3
niu,2020,69.47
niu,2021,69.57
niu,2022,69.82
niu,2023,69.98
nld,1850,39.84
nld,1851,40.14
nld,1852,38.71
nld,1853,38.74
nld,1854,38.72
nld,1855,34.58
nld,1856,38.47
nld,1857,35.41
nld,1858,34.79
nld,1859,30.91
nld,1860,37.0
nld,1861,36.51
nld,1862,38.37
nld,1863,38.31
nld,1864,37.65
nld,1865,36.47
nld,1866,33.69
nld,1867,39.3
nld,1868,37.78
nld,1869,40.43
nld,1870,37.54
nld,1871,33.01
nld,1872,36.47
nld,1873,39.27
nld,1874,41.3
nld,1875,38.34
nld,1876,40.46
nld,1877,42.08
nld,1878,41.09
nld,1879,41.98
nld,1880,40.41
nld,1881,42.89
nld,1882,43.8
nld,1883,42.36
nld,1884,41.34
nld,1885,43.28
nld,1886,41.98
nld,1887,44.98
nld,1888,44.23
nld,1889,44.37
nld,1890,44.42
nld,1891,44.27
nld,1892,43.95
nld,1893,45.86
nld,1894,46.99
nld,1895,46.73
nld,1896,48.56
nld,1897,49.43
nld,1898,49.11
nld,1899,49.36
nld,1900,48.48
nld,1901,48.75
nld,1902,50.65
nld,1903,51.54
nld,1904,50.87
nld,1905,52.1
nld,1906,52.78
nld,1907,53.51
nld,1908,52.77
nld,1909,54.92
nld,1910,55.14
nld,1911,53.18
nld,1912,57.14
nld,1913,57.35
nld,1914,57.19
nld,1915,57.24
nld,1916,56.16
nld,1917,55.65
nld,1918,47.63
nld,1919,54.78
nld,1920,57.98
nld,1921,59.71
nld,1922,59.78
nld,1923,62.0
nld,1924,62.88
nld,1925,63.12
nld,1926,62.98
nld,1927,62.61
nld,1928,63.71
nld,1929,62.15
nld,1930,64.66
nld,1931,64.32
nld,1932,65.39
nld,1933,66.03
nld,1934,66.6
nld,1935,66.51
nld,1936,66.73
nld,1937,66.97
nld,1938,67.39
nld,1939,67.72
nld,1940,65.4
nld,1941,65.33
nld,1942,65.8
nld,1943,64.41
nld,1944,61.27
nld,1945,55.58
nld,1946,67.53
nld,1947,69.56
nld,1948,71.04
nld,1949,70.29
nld,1950,71.44
nld,1951,71.5
nld,1952,72.12
nld,1953,71.7
nld,1954,72.39
nld,1955,72.5
nld,1956,72.53
nld,1957,72.97
nld,1958,73.14
nld,1959,73.19
nld,1960,73.35
nld,1961,73.55
nld,1962,73.22
nld,1963,73.35
nld,1964,73.74
nld,1965,73.61
nld,1966,73.55
nld,1967,73.83
nld,1968,73.64
nld,1969,73.56
nld,1970,73.63
nld,1971,73.87
nld,1972,73.78
nld,1973,74.23
nld,1974,74.61
nld,1975,74.55
nld,1976,74.67
nld,1977,75.27
nld,1978,75.17
nld,1979,75.65
nld,1980,75.77
nld,1981,75.99
nld,1982,76.06
nld,1983,76.26
nld,1984,76.33
nld,1985,76.38
nld,1986,76.35
nld,1987,76.81
nld,1988,77.0
nld,1989,76.84
nld,1990,77.01
nld,1991,77.16
nld,1992,77.36
nld,1993,77.04
nld,1994,77.52
nld,1995,77.55
nld,1996,77.56
nld,1997,77.93
nld,1998,78.0
nld,1999,77.97
nld,2000,78.13
nld,2001,78.34
nld,2002,78.41
nld,2003,78.66
nld,2004,79.24
nld,2005,79.49
nld,2006,79.85
nld,2007,80.26
nld,2008,80.39
nld,2009,80.67
nld,2010,80.83
nld,2011,81.11
nld,2012,81.06
nld,2013,81.3
nld,2014,81.65
nld,2015,81.49
nld,2016,81.55
nld,2017,81.74
nld,2018,81.78
nld,2019,82.05
nld,2020,81.39
nld,2021,81.36
nld,2022,81.91
nld,2023,82.16
nor,1846,48.05
nor,1847,44.77
nor,1848,45.01
nor,1849,48.04
nor,1850,49.52
nor,1851,49.72
nor,1852,48.47
nor,1853,47.91
nor,1854,51.62
nor,1855,50.43
nor,1856,50.35
nor,1857,50.21
nor,1858,51.57
nor,1859,49.92
nor,1860,49.99
nor,1861,45.81
nor,1862,44.71
nor,1863,46.71
nor,1864,48.78
nor,1865,50.42
nor,1866,49.91
nor,1867,47.87
nor,1868,47.18
nor,1869,49.26
nor,1870,50.86
nor,1871,49.67
nor,1872,50.02
nor,1873,49.68
nor,1874,47.77
nor,1875,47.63
nor,1876,46.82
nor,1877,49.75
nor,1878,51.78
nor,1879,53.14
nor,1880,51.89
nor,1881,50.44
nor,1882,47.38
nor,1883,49.59
nor,1884,50.76
nor,1885,51.04
nor,1886,51.7
nor,1887,51.67
nor,1888,50.37
nor,1889,49.07
nor,1890,48.61
nor,1891,49.8
nor,1892,49.67
nor,1893,51.39
nor,1894,50.62
nor,1895,52.79
nor,1896,53.82
nor,1897,53.71
nor,1898,53.95
nor,1899,51.61
nor,1900,53.47
nor,1901,54.59
nor,1902,56.47
nor,1903,54.96
nor,1904,56.07
nor,1905,55.09
nor,1906,56.9
nor,1907,56.48
nor,1908,56.28
nor,1909,57.46
nor,1910,57.98
nor,1911,58.01
nor,1912,57.73
nor,1913,58.31
nor,1914,57.79
nor,1915,58.16
nor,1916,57.23
nor,1917,57.71
nor,1918,50.32
nor,1919,56.79
nor,1920,58.85
nor,1921,61.57
nor,1922,60.78
nor,1923,61.8
nor,1924,62.11
nor,1925,62.51
nor,1926,63.25
nor,1927,62.85
nor,1928,63.4
nor,1929,62.45
nor,1930,64.1
nor,1931,64.18
nor,1932,64.59
nor,1933,65.48
nor,1934,66.21
nor,1935,65.84
nor,1936,65.82
nor,1937,66.02
nor,1938,67.09
nor,1939,67.35
nor,1940,65.88
nor,1941,65.74
nor,1942,65.7
nor,1943,66.09
nor,1944,65.84
nor,1945,68.19
nor,1946,69.54
nor,1947,70.01
nor,1948,71.13
nor,1949,71.52
nor,1950,71.59
nor,1951,72.53
nor,1952,72.65
nor,1953,73.15
nor,1954,73.21
nor,1955,73.43
nor,1956,73.49
nor,1957,73.43
nor,1958,73.42
nor,1959,73.55
nor,1960,73.56
nor,1961,73.56
nor,1962,73.46
nor,1963,73.1
nor,1964,73.61
nor,1965,73.73
nor,1966,74.01
nor,1967,74.07
nor,1968,73.94
nor,1969,73.67
nor,1970,74.07
nor,1971,74.17
nor,1972,74.35
nor,1973,74.44
nor,1974,74.76
nor,1975,74.82
nor,1976,75.05
nor,1977,75.4
nor,1978,75.43
nor,1979,75.42
nor,1980,75.67
nor,1981,75.88
nor,1982,76.02
nor,1983,76.08
nor,1984,76.25
nor,1985,75.93
nor,1986,76.25
nor,1987,76.1
nor,1988,76.27
nor,1989,76.54
nor,1990,76.59
nor,1991,77.04
nor,1992,77.25
nor,1993,77.22
nor,1994,77.77
nor,1995,77.8
nor,1996,78.23
nor,1997,78.24
nor,1998,78.41
nor,1999,78.39
nor,2000,78.69
nor,2001,78.9
nor,2002,78.96
nor,2003,79.53
nor,2004,79.96
nor,2005,80.17
nor,2006,80.44
nor,2007,80.5
nor,2008,80.68
nor,2009,80.87
nor,2010,81.04
nor,2011,81.25
nor,2012,81.45
nor,2013,81.67
nor,2014,82.09
nor,2015,82.27
nor,2016,82.42
nor,2017,82.62
nor,2018,82.76
nor,2019,82.96
nor,2020,83.2
nor,2021,83.17
nor,2022,82.63
nor,2023,83.31
npl,1950,37.56
npl,1951,37.61
npl,1952,37.65
npl,1953,37.69
npl,1954,37.81
npl,1955,37.86
npl,1956,37.9
npl,1957,38.01
npl,1958,38.14
npl,1959,38.41
npl,1960,38.65
npl,1961,38.97
npl,1962,39.33
npl,1963,39.61
npl,1964,40.23
npl,1965,40.69
npl,1966,41.24
npl,1967,41.71
npl,1968,42.17
npl,1969,42.72
npl,1970,43.15
npl,1971,43.62
npl,1972,44.07
npl,1973,44.49
npl,1974,44.92
npl,1975,45.5
npl,1976,45.99
npl,1977,46.63
npl,1978,47.2
npl,1979,47.77
npl,1980,48.33
npl,1981,48.66
npl,1982,49.18
npl,1983,49.68
npl,1984,50.23
npl,1985,50.92
npl,1986,51.59
npl,1987,52.38
npl,1988,53.11
npl,1989,54.01
npl,1990,54.77
npl,1991,55.65
npl,1992,56.69
npl,1993,57.6
npl,1994,58.63
npl,1995,59.32
npl,1996,60.04
npl,1997,60.82
npl,1998,61.53
npl,1999,62.04
npl,2000,62.64
npl,2001,63.29
npl,2002,63.51
npl,2003,64.23
npl,2004,64.74
npl,2005,65.28
npl,2006,65.89
npl,2007,66.17
npl,2008,66.44
npl,2009,66.6
npl,2010,66.77
npl,2011,67.12
npl,2012,67.36
npl,2013,67.6
npl,2014,67.81
npl,2015,67.37
npl,2016,68.44
npl,2017,68.74
npl,2018,69.04
npl,2019,69.3
npl,2020,69.11
npl,2021,68.38
npl,2022,70.09
npl,2023,70.35
nru,1950,56.61
nru,1951,56.76
nru,1952,56.97
nru,1953,57.16
nru,1954,57.38
nru,1955,57.48
nru,1956,57.6
nru,1957,57.74
nru,1958,57.8
nru,1959,57.87
nru,1960,57.92
nru,1961,58.0
nru,1962,58.02
nru,1963,58.1
nru,1964,58.17
nru,1965,58.25
nru,1966,58.38
nru,1967,58.62
nru,1968,58.63
nru,1969,58.41
nru,1970,58.45
nru,1971,58.43
nru,1972,58.41
nru,1973,58.36
nru,1974,58.31
nru,1975,58.25
nru,1976,58.21
nru,1977,58.14
nru,1978,58.29
nru,1979,58.37
nru,1980,58.47
nru,1981,58.55
nru,1982,58.64
nru,1983,58.69
nru,1984,58.66
nru,1985,58.6
nru,1986,58.59
nru,1987,58.62
nru,1988,58.73
nru,1989,58.9
nru,1990,59.1
nru,1991,59.31
nru,1992,59.52
nru,1993,59.76
nru,1994,59.95
nru,1995,60.06
nru,1996,60.07
nru,1997,59.98
nru,1998,59.86
nru,1999,59.7
nru,2000,59.57
nru,2001,59.48
nru,2002,59.43
nru,2003,59.36
nru,2004,59.35
nru,2005,59.36
nru,2006,59.41
nru,2007,59.49
nru,2008,59.68
nru,2009,59.85
nru,2010,60.07
nru,2011,60.29
nru,2012,60.53
nru,2013,60.7
nru,2014,60.83
nru,2015,60.9
nru,2016,61.0
nru,2017,61.1
nru,2018,61.24
nru,2019,61.39
nru,2020,61.53
nru,2021,61.33
nru,2022,61.93
nru,2023,62.11
nzl,1948,68.81
nzl,1949,68.95
nzl,1950,69.25
nzl,1951,69.13
nzl,1952,69.38
nzl,1953,70.21
nzl,1954,70.33
nzl,1955,70.48
nzl,1956,70.72
nzl,1957,70.26
nzl,1958,70.88
nzl,1959,70.77
nzl,1960,71.22
nzl,1961,70.93
nzl,1962,71.2
nzl,1963,71.27
nzl,1964,71.3
nzl,1965,71.22
nzl,1966,71.07
nzl,1967,71.44
nzl,1968,71.09
nzl,1969,71.47
nzl,1970,71.22
nzl,1971,71.72
nzl,1972,71.82
nzl,1973,71.68
nzl,1974,71.94
nzl,1975,72.2
nzl,1976,72.4
nzl,1977,72.13
nzl,1978,73.01
nzl,1979,73.05
nzl,1980,72.86
nzl,1981,73.63
nzl,1982,73.72
nzl,1983,73.83
nzl,1984,74.37
nzl,1985,73.88
nzl,1986,74.12
nzl,1987,74.21
nzl,1988,74.48
nzl,1989,74.89
nzl,1990,75.43
nzl,1991,76.08
nzl,1992,76.19
nzl,1993,76.5
nzl,1994,76.92
nzl,1995,76.79
nzl,1996,76.81
nzl,1997,77.34
nzl,1998,78.17
nzl,1999,77.91
nzl,2000,78.67
nzl,2001,78.66
nzl,2002,78.87
nzl,2003,79.14
nzl,2004,79.35
nzl,2005,80.03
nzl,2006,80.02
nzl,2007,80.12
nzl,2008,80.25
nzl,2009,80.54
nzl,2010,81.05
nzl,2011,80.84
nzl,2012,81.17
nzl,2013,81.61
nzl,2014,81.41
nzl,2015,81.59
nzl,2016,82.0
nzl,2017,81.61
nzl,2018,81.88
nzl,2019,81.83
nzl,2020,82.66
nzl,2021,82.3
nzl,2022,81.01
nzl,2023,82.09
omn,1950,29.3
omn,1951,29.77
omn,1952,30.24
omn,1953,30.72
omn,1954,31.23
omn,1955,31.78
omn,1956,32.37
omn,1957,32.96
omn,1958,33.75
omn,1959,34.55
omn,1960,35.43
omn,1961,36.39
omn,1962,37.41
omn,1963,38.5
omn,1964,39.63
omn,1965,40.79
omn,1966,41.98
omn,1967,43.18
omn,1968,44.39
omn,1969,45.62
omn,1970,46.64
omn,1971,47.87
omn,1972,48.72
omn,1973,49.96
omn,1974,51.23
omn,1975,52.51
omn,1976,54.45
omn,1977,55.52
omn,1978,57.04
omn,1979,58.33
omn,1980,59.6
omn,1981,60.8
omn,1982,62.05
omn,1983,63.19
omn,1984,64.27
omn,1985,65.28
omn,1986,66.17
omn,1987,66.98
omn,1988,67.72
omn,1989,68.39
omn,1990,69.01
omn,1991,69.58
omn,1992,70.11
omn,1993,70.61
omn,1994,71.07
omn,1995,71.56
omn,1996,72.02
omn,1997,72.46
omn,1998,72.88
omn,1999,73.28
omn,2000,73.64
omn,2001,73.98
omn,2002,74.28
omn,2003,74.52
omn,2004,74.82
omn,2005,75.07
omn,2006,75.35
omn,2007,75.6
omn,2008,76.12
omn,2009,76.63
omn,2010,77.18
omn,2011,77.74
omn,2012,78.19
omn,2013,78.63
omn,2014,79.03
omn,2015,79.35
omn,2016,79.58
omn,2017,79.75
omn,2018,79.86
omn,2019,79.95
omn,2020,77.76
omn,2021,75.97
omn,2022,77.91
omn,2023,80.03
pak,1921,20.13
pak,1931,26.75
pak,1941,31.76
pak,1950,34.25
pak,1951,35.38
pak,1952,36.5
pak,1953,37.6
pak,1954,38.6
pak,1955,39.61
pak,1956,40.62
pak,1957,41.55
pak,1958,42.46
pak,1959,43.33
pak,1960,44.1
pak,1961,44.96
pak,1962,45.85
pak,1963,46.76
pak,1964,47.83
pak,1965,48.5
pak,1966,49.8
pak,1967,50.76
pak,1968,51.62
pak,1969,52.32
pak,1970,52.94
pak,1971,49.0
pak,1972,53.82
pak,1973,54.09
pak,1974,54.27
pak,1975,54.72
pak,1976,55.07
pak,1977,55.48
pak,1978,56.07
pak,1979,56.61
pak,1980,57.2
pak,1981,57.76
pak,1982,58.29
pak,1983,58.66
pak,1984,58.92
pak,1985,59.08
pak,1986,59.17
pak,1987,59.22
pak,1988,59.36
pak,1989,59.53
pak,1990,59.73
pak,1991,59.86
pak,1992,59.98
pak,1993,60.08
pak,1994,60.2
pak,1995,60.27
pak,1996,60.47
pak,1997,60.62
pak,1998,61.13
pak,1999,61.54
pak,2000,61.9
pak,2001,62.24
pak,2002,62.56
pak,2003,62.83
pak,2004,63.1
pak,2005,62.42
pak,2006,63.62
pak,2007,63.81
pak,2008,64.0
pak,2009,64.21
pak,2010,64.38
pak,2011,64.66
pak,2012,64.88
pak,2013,65.13
pak,2014,65.37
pak,2015,65.64
pak,2016,65.94
pak,2017,66.22
pak,2018,66.48
pak,2019,66.73
pak,2020,65.7
pak,2021,65.77
pak,2022,67.42
pak,2023,67.65
pan,1930,36.0
pan,1940,42.0
pan,1950,55.4
pan,1951,55.88
pan,1952,56.36
pan,1953,56.83
pan,1954,57.23
pan,1955,57.48
pan,1956,57.88
pan,1957,58.28
pan,1958,58.95
pan,1959,59.57
pan,1960,60.28
pan,1961,60.91
pan,1962,61.43
pan,1963,61.81
pan,1964,62.1
pan,1965,62.34
pan,1966,62.63
pan,1967,62.89
pan,1968,63.24
pan,1969,63.66
pan,1970,64.07
pan,1971,64.67
pan,1972,65.18
pan,1973,65.78
pan,1974,66.55
pan,1975,67.24
pan,1976,67.79
pan,1977,68.25
pan,1978,68.69
pan,1979,69.09
pan,1980,69.45
pan,1981,69.79
pan,1982,69.9
pan,1983,70.13
pan,1984,70.4
pan,1985,70.54
pan,1986,70.67
pan,1987,70.81
pan,1988,70.94
pan,1989,70.14
pan,1990,71.27
pan,1991,71.33
pan,1992,71.46
pan,1993,71.8
pan,1994,71.94
pan,1995,71.99
pan,1996,72.2
pan,1997,72.54
pan,1998,72.78
pan,1999,73.12
pan,2000,73.44
pan,2001,73.82
pan,2002,74.19
pan,2003,74.57
pan,2004,74.85
pan,2005,75.16
pan,2006,75.43
pan,2007,75.68
pan,2008,75.94
pan,2009,76.23
pan,2010,76.42
pan,2011,76.66
pan,2012,76.88
pan,2013,77.13
pan,2014,77.36
pan,2015,77.58
pan,2016,77.77
pan,2017,77.9
pan,2018,78.27
pan,2019,78.51
pan,2020,76.33
pan,2021,77.0
pan,2022,79.32
pan,2023,79.59
per,1940,37.0
per,1950,46.03
per,1951,46.46
per,1952,46.76
per,1953,47.1
per,1954,47.48
per,1955,47.9
per,1956,48.38
per,1957,48.92
per,1958,49.49
per,1959,50.04
per,1960,50.6
per,1961,51.19
per,1962,51.53
per,1963,52.6
per,1964,53.3
per,1965,53.87
per,1966,54.4
per,1967,54.89
per,1968,55.38
per,1969,55.82
per,1970,47.73
per,1971,56.49
per,1972,56.99
per,1973,57.33
per,1974,57.77
per,1975,58.2
per,1976,58.57
per,1977,58.9
per,1978,59.26
per,1979,59.62
per,1980,59.98
per,1981,60.33
per,1982,60.56
per,1983,60.76
per,1984,61.07
per,1985,61.71
per,1986,62.15
per,1987,62.54
per,1988,62.99
per,1989,63.4
per,1990,63.98
per,1991,64.25
per,1992,65.03
per,1993,65.73
per,1994,66.54
per,1995,67.22
per,1996,67.85
per,1997,68.32
per,1998,68.72
per,1999,69.3
per,2000,69.82
per,2001,70.32
per,2002,70.81
per,2003,71.28
per,2004,71.45
per,2005,71.99
per,2006,72.34
per,2007,72.75
per,2008,72.74
per,2009,72.63
per,2010,72.89
per,2011,73.33
per,2012,73.98
per,2013,74.59
per,2014,75.26
per,2015,75.73
per,2016,75.95
per,2017,75.96
per,2018,76.02
per,2019,76.27
per,2020,73.83
per,2021,71.6
per,2022,76.83
per,2023,77.74
phl,1938,40.0
phl,1950,53.58
phl,1951,54.08
phl,1952,54.7
phl,1953,55.4
phl,1954,55.99
phl,1955,56.6
phl,1956,57.25
phl,1957,57.79
phl,1958,58.31
phl,1959,58.75
phl,1960,59.18
phl,1961,59.47
phl,1962,59.76
phl,1963,60.02
phl,1964,60.13
phl,1965,60.41
phl,1966,60.62
phl,1967,60.8
phl,1968,60.92
phl,1969,60.98
phl,1970,60.83
phl,1971,61.06
phl,1972,60.91
phl,1973,60.74
phl,1974,60.82
phl,1975,60.9
phl,1976,60.87
phl,1977,61.43
phl,1978,61.53
phl,1979,61.73
phl,1980,61.88
phl,1981,61.94
phl,1982,62.17
phl,1983,62.35
phl,1984,62.43
phl,1985,62.74
phl,1986,62.87
phl,1987,63.3
phl,1988,63.71
phl,1989,64.11
phl,1990,64.38
phl,1991,64.62
phl,1992,65.35
phl,1993,65.66
phl,1994,66.0
phl,1995,66.31
phl,1996,66.69
phl,1997,66.99
phl,1998,67.21
phl,1999,67.5
phl,2000,67.79
phl,2001,67.83
phl,2002,67.89
phl,2003,68.05
phl,2004,68.3
phl,2005,68.42
phl,2006,68.17
phl,2007,68.55
phl,2008,68.64
phl,2009,68.63
phl,2010,68.88
phl,2011,69.1
phl,2012,69.24
phl,2013,69.28
phl,2014,69.31
phl,2015,69.45
phl,2016,69.49
phl,2017,69.97
phl,2018,69.76
phl,2019,69.68
phl,2020,70.1
phl,2021,66.68
phl,2022,69.47
phl,2023,69.83
plw,1950,52.67
plw,1951,52.87
plw,1952,53.07
plw,1953,53.27
plw,1954,53.48
plw,1955,53.7
plw,1956,53.92
plw,1957,54.14
plw,1958,54.36
plw,1959,54.59
plw,1960,54.85
plw,1961,55.09
plw,1962,55.38
plw,1963,55.57
plw,1964,55.79
plw,1965,55.94
plw,1966,56.21
plw,1967,56.54
plw,1968,56.89
plw,1969,57.25
plw,1970,57.67
plw,1971,58.11
plw,1972,58.56
plw,1973,59.02
plw,1974,59.49
plw,1975,60.0
plw,1976,60.47
plw,1977,60.9
plw,1978,61.29
plw,1979,61.62
plw,1980,61.91
plw,1981,62.14
plw,1982,62.33
plw,1983,62.48
plw,1984,62.64
plw,1985,62.72
plw,1986,62.75
plw,1987,62.77
plw,1988,62.78
plw,1989,62.78
plw,1990,62.79
plw,1991,62.85
plw,1992,62.93
plw,1993,62.98
plw,1994,63.1
plw,1995,63.26
plw,1996,63.46
plw,1997,63.71
plw,1998,63.95
plw,1999,64.23
plw,2000,64.5
plw,2001,64.8
plw,2002,65.08
plw,2003,65.45
plw,2004,65.82
plw,2005,66.22
plw,2006,66.63
plw,2007,67.11
plw,2008,67.56
plw,2009,67.99
plw,2010,68.35
plw,2011,68.64
plw,2012,68.86
plw,2013,68.98
plw,2014,69.06
plw,2015,69.07
plw,2016,69.05
plw,2017,69.02
plw,2018,68.99
plw,2019,68.98
plw,2020,68.69
plw,2021,68.56
plw,2022,68.92
plw,2023,69.27
png,1946,31.5
png,1950,39.36
png,1951,35.48
png,1952,40.68
png,1953,41.34
png,1954,41.95
png,1955,42.62
png,1956,43.26
png,1957,43.91
png,1958,44.56
png,1959,45.14
png,1960,45.8
png,1961,46.42
png,1962,46.71
png,1963,47.67
png,1964,48.29
png,1965,48.93
png,1966,49.57
png,1967,50.25
png,1968,50.88
png,1969,51.52
png,1970,52.14
png,1971,52.59
png,1972,53.25
png,1973,53.85
png,1974,54.44
png,1975,54.98
png,1976,55.53
png,1977,56.05
png,1978,56.52
png,1979,56.97
png,1980,57.39
png,1981,57.76
png,1982,58.07
png,1983,58.29
png,1984,58.58
png,1985,58.8
png,1986,59.02
png,1987,59.23
png,1988,59.38
png,1989,59.6
png,1990,59.78
png,1991,59.94
png,1992,60.26
png,1993,60.47
png,1994,60.73
png,1995,60.93
png,1996,61.07
png,1997,61.27
png,1998,60.43
png,1999,61.51
png,2000,61.61
png,2001,61.65
png,2002,61.64
png,2003,61.74
png,2004,61.8
png,2005,61.87
png,2006,62.02
png,2007,62.21
png,2008,62.51
png,2009,62.77
png,2010,63.06
png,2011,63.38
png,2012,63.64
png,2013,63.93
png,2014,64.2
png,2015,64.47
png,2016,64.7
png,2017,64.92
png,2018,65.11
png,2019,65.33
png,2020,65.08
png,2021,64.36
png,2022,65.27
png,2023,66.13
pol,1931,49.8
pol,1950,58.33
pol,1951,58.86
pol,1952,59.69
pol,1953,61.31
pol,1954,62.28
pol,1955,63.06
pol,1956,63.43
pol,1957,64.44
pol,1958,64.89
pol,1959,66.41
pol,1960,67.08
pol,1961,67.8
pol,1962,68.04
pol,1963,68.32
pol,1964,68.94
pol,1965,69.38
pol,1966,69.66
pol,1967,69.9
pol,1968,69.84
pol,1969,69.84
pol,1970,69.56
pol,1971,69.83
pol,1972,70.14
pol,1973,70.7
pol,1974,70.66
pol,1975,70.63
pol,1976,70.4
pol,1977,70.33
pol,1978,70.38
pol,1979,70.25
pol,1980,70.48
pol,1981,70.61
pol,1982,70.91
pol,1983,70.81
pol,1984,70.6
pol,1985,70.53
pol,1986,70.55
pol,1987,70.77
pol,1988,70.82
pol,1989,70.82
pol,1990,70.61
pol,1991,70.65
pol,1992,70.9
pol,1993,71.34
pol,1994,71.68
pol,1995,71.96
pol,1996,72.25
pol,1997,72.59
pol,1998,72.85
pol,1999,73.22
pol,2000,73.65
pol,2001,74.18
pol,2002,74.52
pol,2003,74.77
pol,2004,74.94
pol,2005,75.13
pol,2006,75.25
pol,2007,75.41
pol,2008,75.58
pol,2009,75.91
pol,2010,76.28
pol,2011,76.57
pol,2012,76.77
pol,2013,77.08
pol,2014,77.31
pol,2015,77.59
pol,2016,77.64
pol,2017,77.72
pol,2018,77.62
pol,2019,77.92
pol,2020,76.6
pol,2021,75.64
pol,2022,77.92
pol,2023,78.63
pri,1950,60.37
pri,1951,60.26
pri,1952,61.79
pri,1953,64.47
pri,1954,65.6
pri,1955,66.27
pri,1956,66.37
pri,1957,67.11
pri,1958,67.24
pri,1959,68.07
pri,1960,68.63
pri,1961,68.53
pri,1962,68.86
pri,1963,68.73
pri,1964,68.24
pri,1965,69.29
pri,1966,70.22
pri,1967,70.7
pri,1968,70.57
pri,1969,70.51
pri,1970,70.35
pri,1971,71.08
pri,1972,70.81
pri,1973,70.95
pri,1974,71.32
pri,1975,71.96
pri,1976,72.08
pri,1977,72.4
pri,1978,72.53
pri,1979,72.72
pri,1980,73.1
pri,1981,72.98
pri,1982,72.95
pri,1983,73.37
pri,1984,73.43
pri,1985,72.63
pri,1986,73.27
pri,1987,73.4
pri,1988,73.15
pri,1989,72.48
pri,1990,72.83
pri,1991,73.88
pri,1992,73.39
pri,1993,73.31
pri,1994,73.62
pri,1995,73.57
pri,1996,73.99
pri,1997,74.67
pri,1998,74.56
pri,1999,75.28
pri,2000,75.51
pri,2001,75.97
pri,2002,76.82
pri,2003,76.94
pri,2004,76.91
pri,2005,76.7
pri,2006,77.56
pri,2007,77.66
pri,2008,78.11
pri,2009,78.38
pri,2010,78.72
pri,2011,78.77
pri,2012,79.26
pri,2013,80.32
pri,2014,80.04
pri,2015,80.68
pri,2016,80.35
pri,2017,79.07
pri,2018,81.09
pri,2019,81.44
pri,2020,80.01
pri,2021,79.77
pri,2022,79.43
pri,2023,81.69
prk,1908,23.51
prk,1913,24.98
prk,1918,26.98
prk,1923,29.53
prk,1928,33.6
prk,1933,37.39
prk,1938,42.57
prk,1942,44.89
prk,1950,14.2
prk,1951,17.66
prk,1952,32.79
prk,1953,40.26
prk,1954,50.63
prk,1955,51.77
prk,1956,52.78
prk,1957,53.68
prk,1958,54.48
prk,1959,55.17
prk,1960,55.81
prk,1961,56.41
prk,1962,57.0
prk,1963,57.58
prk,1964,58.17
prk,1965,58.79
prk,1966,59.42
prk,1967,60.09
prk,1968,60.76
prk,1969,61.41
prk,1970,62.05
prk,1971,62.66
prk,1972,63.25
prk,1973,63.82
prk,1974,64.33
prk,1975,64.83
prk,1976,65.33
prk,1977,65.81
prk,1978,66.29
prk,1979,66.75
prk,1980,67.21
prk,1981,67.66
prk,1982,68.09
prk,1983,68.5
prk,1984,68.88
prk,1985,69.23
prk,1986,69.54
prk,1987,69.77
prk,1988,70.05
prk,1989,70.27
prk,1990,70.48
prk,1991,70.72
prk,1992,71.01
prk,1993,70.79
prk,1994,70.47
prk,1995,60.77
prk,1996,60.82
prk,1997,60.87
prk,1998,60.89
prk,1999,60.91
prk,2000,60.91
prk,2001,60.89
prk,2002,60.88
prk,2003,69.4
prk,2004,69.29
prk,2005,69.17
prk,2006,69.06
prk,2007,69.02
prk,2008,69.3
prk,2009,69.7
prk,2010,70.25
prk,2011,70.77
prk,2012,71.32
prk,2013,71.87
prk,2014,72.45
prk,2015,72.83
prk,2016,72.97
prk,2017,73.03
prk,2018,73.02
prk,2019,72.93
prk,2020,72.78
prk,2021,73.44
prk,2022,73.64
prk,2023,73.64
prt,1940,51.38
prt,1941,47.99
prt,1942,49.78
prt,1943,51.13
prt,1944,52.38
prt,1945,53.78
prt,1946,53.75
prt,1947,55.93
prt,1948,56.72
prt,1949,55.41
prt,1950,58.48
prt,1951,58.75
prt,1952,59.76
prt,1953,61.08
prt,1954,62.2
prt,1955,61.41
prt,1956,61.17
prt,1957,61.39
prt,1958,63.72
prt,1959,62.92
prt,1960,64.15
prt,1961,62.8
prt,1962,64.32
prt,1963,64.93
prt,1964,65.13
prt,1965,66.09
prt,1966,65.61
prt,1967,66.46
prt,1968,66.82
prt,1969,66.39
prt,1970,67.05
prt,1971,66.85
prt,1972,69.16
prt,1973,68.6
prt,1974,69.12
prt,1975,68.84
prt,1976,69.1
prt,1977,70.34
prt,1978,70.8
prt,1979,71.61
prt,1980,71.66
prt,1981,71.89
prt,1982,72.7
prt,1983,72.65
prt,1984,72.93
prt,1985,73.22
prt,1986,73.65
prt,1987,74.06
prt,1988,74.09
prt,1989,74.67
prt,1990,74.3
prt,1991,74.24
prt,1992,74.87
prt,1993,74.76
prt,1994,75.73
prt,1995,75.55
prt,1996,75.48
prt,1997,75.92
prt,1998,76.12
prt,1999,76.32
prt,2000,76.83
prt,2001,77.15
prt,2002,77.37
prt,2003,77.58
prt,2004,78.43
prt,2005,78.32
prt,2006,79.09
prt,2007,79.31
prt,2008,79.6
prt,2009,79.83
prt,2010,80.11
prt,2011,80.58
prt,2012,80.55
prt,2013,80.9
prt,2014,81.31
prt,2015,81.32
prt,2016,81.36
prt,2017,81.66
prt,2018,81.59
prt,2019,81.96
prt,2020,81.37
prt,2021,81.4
prt,2022,81.19
prt,2023,82.36
pry,1900,25.0
pry,1910,29.0
pry,1920,33.0
pry,1930,38.0
pry,1932,35.5
pry,1940,42.0
pry,1950,58.05
pry,1951,58.26
pry,1952,58.37
pry,1953,58.49
pry,1954,58.62
pry,1955,58.81
pry,1956,59.01
pry,1957,59.27
pry,1958,59.56
pry,1959,59.88
pry,1960,60.2
pry,1961,60.52
pry,1962,60.82
pry,1963,61.1
pry,1964,61.37
pry,1965,61.61
pry,1966,61.83
pry,1967,62.02
pry,1968,62.21
pry,1969,62.38
pry,1970,62.55
pry,1971,62.73
pry,1972,62.89
pry,1973,63.06
pry,1974,63.23
pry,1975,63.43
pry,1976,63.65
pry,1977,63.86
pry,1978,64.08
pry,1979,64.3
pry,1980,64.55
pry,1981,64.81
pry,1982,65.08
pry,1983,65.29
pry,1984,65.61
pry,1985,65.89
pry,1986,66.17
pry,1987,66.45
pry,1988,66.71
pry,1989,66.92
pry,1990,67.34
pry,1991,67.68
pry,1992,67.96
pry,1993,68.23
pry,1994,68.5
pry,1995,68.78
pry,1996,69.05
pry,1997,69.28
pry,1998,69.51
pry,1999,69.77
pry,2000,70.03
pry,2001,70.28
pry,2002,70.54
pry,2003,70.79
pry,2004,71.05
pry,2005,71.32
pry,2006,71.58
pry,2007,71.82
pry,2008,72.05
pry,2009,72.28
pry,2010,72.55
pry,2011,72.79
pry,2012,73.1
pry,2013,73.29
pry,2014,73.41
pry,2015,73.45
pry,2016,73.49
pry,2017,73.45
pry,2018,73.63
pry,2019,73.67
pry,2020,72.72
pry,2021,68.11
pry,2022,72.32
pry,2023,73.84
pse,1950,45.75
pse,1951,46.03
pse,1952,46.3
pse,1953,46.58
pse,1954,46.89
pse,1955,47.21
pse,1956,47.57
pse,1957,47.96
pse,1958,48.37
pse,1959,48.81
pse,1960,49.3
pse,1961,49.82
pse,1962,50.37
pse,1963,50.96
pse,1964,51.55
pse,1965,52.17
pse,1966,52.8
pse,1967,50.94
pse,1968,54.09
pse,1969,54.73
pse,1970,55.36
pse,1971,56.0
pse,1972,56.67
pse,1973,57.62
pse,1974,57.95
pse,1975,58.66
pse,1976,59.39
pse,1977,60.08
pse,1978,60.77
pse,1979,61.5
pse,1980,62.19
pse,1981,62.84
pse,1982,63.47
pse,1983,64.13
pse,1984,64.73
pse,1985,65.26
pse,1986,65.74
pse,1987,66.29
pse,1988,66.71
pse,1989,67.14
pse,1990,67.8
pse,1991,68.22
pse,1992,68.48
pse,1993,68.76
pse,1994,69.33
pse,1995,69.58
pse,1996,69.98
pse,1997,70.33
pse,1998,70.56
pse,1999,70.79
pse,2000,70.3
pse,2001,69.75
pse,2002,70.88
pse,2003,70.97
pse,2004,71.09
pse,2005,72.0
pse,2006,71.83
pse,2007,72.06
pse,2008,72.2
pse,2009,72.31
pse,2010,73.3
pse,2011,73.56
pse,2012,73.72
pse,2013,74.14
pse,2014,72.78
pse,2015,74.58
pse,2016,74.92
pse,2017,75.22
pse,2018,75.38
pse,2019,75.81
pse,2020,75.0
pse,2021,73.89
pse,2022,76.66
pse,2023,65.17
pyf,1950,51.86
pyf,1951,52.84
pyf,1952,53.77
pyf,1953,54.72
pyf,1954,55.58
pyf,1955,56.4
pyf,1956,57.18
pyf,1957,57.85
pyf,1958,58.43
pyf,1959,58.97
pyf,1960,59.44
pyf,1961,59.85
pyf,1962,60.2
pyf,1963,60.51
pyf,1964,60.8
pyf,1965,61.07
pyf,1966,61.35
pyf,1967,61.65
pyf,1968,61.93
pyf,1969,62.21
pyf,1970,62.5
pyf,1971,62.78
pyf,1972,63.08
pyf,1973,63.4
pyf,1974,63.78
pyf,1975,64.25
pyf,1976,64.76
pyf,1977,65.31
pyf,1978,65.89
pyf,1979,66.61
pyf,1980,67.41
pyf,1981,68.16
pyf,1982,68.92
pyf,1983,69.7
pyf,1984,70.56
pyf,1985,71.2
pyf,1986,71.97
pyf,1987,72.45
pyf,1988,73.09
pyf,1989,73.49
pyf,1990,73.91
pyf,1991,74.3
pyf,1992,74.75
pyf,1993,75.19
pyf,1994,75.65
pyf,1995,76.24
pyf,1996,76.81
pyf,1997,77.38
pyf,1998,77.84
pyf,1999,78.57
pyf,2000,79.0
pyf,2001,79.32
pyf,2002,79.54
pyf,2003,79.71
pyf,2004,79.83
pyf,2005,79.95
pyf,2006,80.1
pyf,2007,80.33
pyf,2008,80.59
pyf,2009,80.87
pyf,2010,81.14
pyf,2011,81.43
pyf,2012,81.7
pyf,2013,81.94
pyf,2014,82.15
pyf,2015,82.34
pyf,2016,82.56
pyf,2017,82.77
pyf,2018,82.99
pyf,2019,83.2
pyf,2020,82.46
pyf,2021,79.57
pyf,2022,83.86
pyf,2023,84.07
qat,1950,50.76
qat,1951,51.46
qat,1952,52.14
qat,1953,52.83
qat,1954,53.51
qat,1955,54.21
qat,1956,54.91
qat,1957,55.61
qat,1958,56.33
qat,1959,57.05
qat,1960,57.77
qat,1961,58.5
qat,1962,59.23
qat,1963,59.96
qat,1964,60.7
qat,1965,61.44
qat,1966,62.17
qat,1967,62.88
qat,1968,63.58
qat,1969,64.25
qat,1970,64.89
qat,1971,65.49
qat,1972,66.07
qat,1973,66.63
qat,1974,67.17
qat,1975,67.68
qat,1976,68.17
qat,1977,68.64
qat,1978,69.08
qat,1979,69.51
qat,1980,69.92
qat,1981,70.31
qat,1982,70.7
qat,1983,71.09
qat,1984,71.46
qat,1985,71.83
qat,1986,72.18
qat,1987,72.52
qat,1988,72.84
qat,1989,73.13
qat,1990,73.4
qat,1991,73.65
qat,1992,73.88
qat,1993,74.07
qat,1994,74.24
qat,1995,74.4
qat,1996,74.56
qat,1997,74.71
qat,1998,74.87
qat,1999,75.05
qat,2000,75.25
qat,2001,75.49
qat,2002,75.77
qat,2003,76.1
qat,2004,76.48
qat,2005,76.91
qat,2006,77.32
qat,2007,77.74
qat,2008,78.26
qat,2009,78.84
qat,2010,79.44
qat,2011,79.99
qat,2012,80.5
qat,2013,80.97
qat,2014,81.4
qat,2015,81.78
qat,2016,82.15
qat,2017,82.46
qat,2018,82.71
qat,2019,82.95
qat,2020,80.41
qat,2021,81.08
qat,2022,81.86
qat,2023,82.37
reu,1950,47.56
reu,1951,48.65
reu,1952,50.11
reu,1953,51.46
reu,1954,52.99
reu,1955,54.09
reu,1956,54.88
reu,1957,54.9
reu,1958,55.29
reu,1959,56.18
reu,1960,57.66
reu,1961,58.76
reu,1962,59.39
reu,1963,59.84
reu,1964,60.31
reu,1965,60.97
reu,1966,61.43
reu,1967,62.09
reu,1968,62.4
reu,1969,62.85
reu,1970,63.2
reu,1971,63.73
reu,1972,64.25
reu,1973,64.77
reu,1974,65.35
reu,1975,66.02
reu,1976,66.7
reu,1977,67.41
reu,1978,68.11
reu,1979,68.82
reu,1980,69.37
reu,1981,70.23
reu,1982,70.96
reu,1983,71.57
reu,1984,72.18
reu,1985,72.58
reu,1986,73.01
reu,1987,73.25
reu,1988,73.62
reu,1989,73.86
reu,1990,74.19
reu,1991,74.47
reu,1992,74.79
reu,1993,75.04
reu,1994,75.41
reu,1995,75.71
reu,1996,76.03
reu,1997,76.34
reu,1998,76.62
reu,1999,76.84
reu,2000,77.01
reu,2001,77.14
reu,2002,77.35
reu,2003,77.56
reu,2004,77.75
reu,2005,77.95
reu,2006,78.34
reu,2007,78.93
reu,2008,79.5
reu,2009,80.03
reu,2010,80.47
reu,2011,80.97
reu,2012,81.35
reu,2013,81.62
reu,2014,81.78
reu,2015,81.91
reu,2016,82.03
reu,2017,82.13
reu,2018,82.2
reu,2019,82.32
reu,2020,82.58
reu,2021,81.5
reu,2022,81.5
reu,2023,83.55
rou,1932,42.01
rou,1950,60.51
rou,1951,61.16
rou,1952,61.83
rou,1953,62.47
rou,1954,62.95
rou,1955,63.25
rou,1956,63.63
rou,1957,63.99
rou,1958,64.41
rou,1959,64.93
rou,1960,65.61
rou,1961,66.42
rou,1962,67.21
rou,1963,67.81
rou,1964,68.35
rou,1965,68.39
rou,1966,68.23
rou,1967,68.08
rou,1968,67.95
rou,1969,67.24
rou,1970,67.93
rou,1971,68.41
rou,1972,68.98
rou,1973,68.7
rou,1974,69.52
rou,1975,69.6
rou,1976,69.9
rou,1977,69.47
rou,1978,69.78
rou,1979,69.46
rou,1980,69.25
rou,1981,69.51
rou,1982,69.8
rou,1983,69.82
rou,1984,69.91
rou,1985,69.41
rou,1986,69.72
rou,1987,69.05
rou,1988,69.39
rou,1989,69.55
rou,1990,69.84
rou,1991,70.05
rou,1992,69.51
rou,1993,69.51
rou,1994,69.33
rou,1995,69.32
rou,1996,68.82
rou,1997,69.09
rou,1998,69.89
rou,1999,70.58
rou,2000,71.16
rou,2001,71.12
rou,2002,70.83
rou,2003,70.82
rou,2004,71.1
rou,2005,71.58
rou,2006,72.17
rou,2007,72.79
rou,2008,73.22
rou,2009,73.46
rou,2010,73.58
rou,2011,74.29
rou,2012,74.31
rou,2013,74.92
rou,2014,74.77
rou,2015,74.74
rou,2016,75.02
rou,2017,75.02
rou,2018,75.1
rou,2019,75.33
rou,2020,74.05
rou,2021,72.74
rou,2022,75.26
rou,2023,75.94
rus,1896,31.9
rus,1900,30.5
rus,1920,20.5
rus,1921,23.8
rus,1922,24.7
rus,1923,33.6
rus,1924,36.1
rus,1925,35.2
rus,1926,38.4
rus,1927,37.5
rus,1928,38.9
rus,1929,37.4
rus,1930,36.5
rus,1931,35.0
rus,1932,32.8
rus,1934,38.2
rus,1935,39.6
rus,1936,41.1
rus,1937,39.9
rus,1938,41.4
rus,1939,43.6
rus,1940,41.2
rus,1946,46.1
rus,1947,40.4
rus,1948,52.2
rus,1949,55.0
rus,1950,55.47
rus,1951,55.27
rus,1952,57.59
rus,1953,58.78
rus,1954,59.92
rus,1955,62.06
rus,1956,66.5
rus,1957,66.05
rus,1958,67.69
rus,1959,67.38
rus,1960,68.31
rus,1961,68.56
rus,1962,68.48
rus,1963,69.06
rus,1964,69.5
rus,1965,69.28
rus,1966,69.36
rus,1967,69.18
rus,1968,69.06
rus,1969,68.63
rus,1970,68.71
rus,1971,68.92
rus,1972,68.85
rus,1973,68.95
rus,1974,68.73
rus,1975,68.26
rus,1976,68.1
rus,1977,67.87
rus,1978,67.81
rus,1979,67.57
rus,1980,67.48
rus,1981,67.62
rus,1982,68.14
rus,1983,68.03
rus,1984,67.57
rus,1985,68.3
rus,1986,70.02
rus,1987,70.06
rus,1988,69.86
rus,1989,69.69
rus,1990,69.28
rus,1991,69.0
rus,1992,67.84
rus,1993,65.04
rus,1994,63.82
rus,1995,63.99
rus,1996,65.45
rus,1997,66.59
rus,1998,66.92
rus,1999,65.6
rus,2000,65.0
rus,2001,65.02
rus,2002,64.73
rus,2003,64.72
rus,2004,65.15
rus,2005,65.22
rus,2006,66.55
rus,2007,67.47
rus,2008,67.86
rus,2009,68.66
rus,2010,68.15
rus,2011,69.73
rus,2012,70.12
rus,2013,70.64
rus,2014,70.8
rus,2015,71.34
rus,2016,71.91
rus,2017,72.84
rus,2018,72.94
rus,2019,73.07
rus,2020,71.17
rus,2021,69.81
rus,2022,72.52
rus,2023,73.15
rwa,1950,43.18
rwa,1951,43.47
rwa,1952,43.77
rwa,1953,44.09
rwa,1954,44.43
rwa,1955,44.79
rwa,1956,45.18
rwa,1957,45.61
rwa,1958,46.05
rwa,1959,46.55
rwa,1960,47.02
rwa,1961,47.46
rwa,1962,47.8
rwa,1963,44.0
rwa,1964,48.13
rwa,1965,48.2
rwa,1966,48.08
rwa,1967,47.99
rwa,1968,47.73
rwa,1969,47.44
rwa,1970,47.12
rwa,1971,46.76
rwa,1972,46.34
rwa,1973,45.94
rwa,1974,45.57
rwa,1975,45.32
rwa,1976,45.31
rwa,1977,45.58
rwa,1978,46.17
rwa,1979,47.09
rwa,1980,48.12
rwa,1981,49.22
rwa,1982,50.19
rwa,1983,50.94
rwa,1984,51.44
rwa,1985,51.7
rwa,1986,51.71
rwa,1987,51.47
rwa,1988,50.91
rwa,1989,49.48
rwa,1990,47.76
rwa,1991,46.24
rwa,1992,44.4
rwa,1993,42.94
rwa,1994,12.16
rwa,1995,41.52
rwa,1996,42.49
rwa,1997,41.98
rwa,1998,43.1
rwa,1999,45.75
rwa,2000,47.8
rwa,2001,49.49
rwa,2002,51.26
rwa,2003,53.53
rwa,2004,55.52
rwa,2005,56.97
rwa,2006,58.34
rwa,2007,59.5
rwa,2008,60.64
rwa,2009,61.81
rwa,2010,62.8
rwa,2011,63.48
rwa,2012,64.19
rwa,2013,64.65
rwa,2014,65.09
rwa,2015,65.42
rwa,2016,65.73
rwa,2017,66.14
rwa,2018,66.35
rwa,2019,66.69
rwa,2020,66.95
rwa,2021,66.85
rwa,2022,67.53
rwa,2023,67.79
sau,1950,40.02
sau,1951,40.55
sau,1952,41.07
sau,1953,41.58
sau,1954,42.09
sau,1955,42.6
sau,1956,43.13
sau,1957,43.66
sau,1958,44.2
sau,1959,44.75
sau,1960,45.31
sau,1961,45.88
sau,1962,46.47
sau,1963,47.09
sau,1964,47.73
sau,1965,48.44
sau,1966,49.19
sau,1967,49.99
sau,1968,50.86
sau,1969,51.77
sau,1970,52.73
sau,1971,53.73
sau,1972,54.74
sau,1973,55.77
sau,1974,56.78
sau,1975,57.78
sau,1976,58.78
sau,1977,59.75
sau,1978,60.69
sau,1979,61.52
sau,1980,62.44
sau,1981,63.25
sau,1982,64.01
sau,1983,64.72
sau,1984,65.39
sau,1985,66.03
sau,1986,66.65
sau,1987,67.24
sau,1988,67.81
sau,1989,68.36
sau,1990,68.87
sau,1991,69.34
sau,1992,69.8
sau,1993,70.21
sau,1994,70.59
sau,1995,70.94
sau,1996,71.29
sau,1997,71.62
sau,1998,71.96
sau,1999,72.29
sau,2000,72.61
sau,2001,72.95
sau,2002,73.3
sau,2003,73.66
sau,2004,74.03
sau,2005,74.4
sau,2006,74.76
sau,2007,75.07
sau,2008,75.3
sau,2009,75.45
sau,2010,75.62
sau,2011,75.81
sau,2012,76.09
sau,2013,76.52
sau,2014,77.12
sau,2015,77.78
sau,2016,78.35
sau,2017,78.72
sau,2018,78.75
sau,2019,78.31
sau,2020,77.6
sau,2021,77.09
sau,2022,77.31
sau,2023,78.73
sdn,1950,45.81
sdn,1951,46.23
sdn,1952,46.48
sdn,1953,46.91
sdn,1954,47.32
sdn,1955,47.72
sdn,1956,48.09
sdn,1957,48.48
sdn,1958,48.86
sdn,1959,49.19
sdn,1960,49.57
sdn,1961,49.96
sdn,1962,50.42
sdn,1963,50.82
sdn,1964,50.88
sdn,1965,51.03
sdn,1966,51.25
sdn,1967,51.49
sdn,1968,51.76
sdn,1969,52.04
sdn,1970,52.29
sdn,1971,52.54
sdn,1972,52.8
sdn,1973,52.99
sdn,1974,53.16
sdn,1975,53.31
sdn,1976,53.34
sdn,1977,53.52
sdn,1978,53.29
sdn,1979,53.37
sdn,1980,54.07
sdn,1981,54.37
sdn,1982,54.38
sdn,1983,49.56
sdn,1984,49.81
sdn,1985,50.01
sdn,1986,54.56
sdn,1987,54.75
sdn,1988,54.98
sdn,1989,54.88
sdn,1990,55.5
sdn,1991,55.55
sdn,1992,55.95
sdn,1993,56.1
sdn,1994,57.02
sdn,1995,57.45
sdn,1996,57.64
sdn,1997,58.06
sdn,1998,58.31
sdn,1999,58.61
sdn,2000,58.95
sdn,2001,59.26
sdn,2002,59.31
sdn,2003,58.32
sdn,2004,56.77
sdn,2005,57.23
sdn,2006,60.4
sdn,2007,61.44
sdn,2008,61.26
sdn,2009,62.68
sdn,2010,62.98
sdn,2011,63.18
sdn,2012,63.43
sdn,2013,63.44
sdn,2014,63.99
sdn,2015,64.37
sdn,2016,64.68
sdn,2017,65.15
sdn,2018,65.5
sdn,2019,65.8
sdn,2020,65.12
sdn,2021,64.46
sdn,2022,65.69
sdn,2023,66.33
sen,1927,23.9
sen,1937,26.4
sen,1945,28.8
sen,1950,36.5
sen,1951,36.91
sen,1952,37.37
sen,1953,37.78
sen,1954,38.17
sen,1955,38.54
sen,1956,38.88
sen,1957,39.13
sen,1958,39.4
sen,1959,39.53
sen,1960,39.67
sen,1961,39.72
sen,1962,39.74
sen,1963,39.74
sen,1964,39.76
sen,1965,39.76
sen,1966,39.85
sen,1967,39.99
sen,1968,40.15
sen,1969,40.4
sen,1970,40.79
sen,1971,41.24
sen,1972,41.77
sen,1973,42.43
sen,1974,43.1
sen,1975,43.94
sen,1976,44.81
sen,1977,45.71
sen,1978,46.6
sen,1979,47.48
sen,1980,48.29
sen,1981,49.08
sen,1982,49.86
sen,1983,50.81
sen,1984,51.69
sen,1985,52.59
sen,1986,53.72
sen,1987,54.63
sen,1988,55.55
sen,1989,56.21
sen,1990,56.67
sen,1991,57.04
sen,1992,57.29
sen,1993,57.35
sen,1994,57.48
sen,1995,57.34
sen,1996,57.13
sen,1997,57.11
sen,1998,57.08
sen,1999,57.31
sen,2000,57.62
sen,2001,58.16
sen,2002,58.91
sen,2003,59.47
sen,2004,60.31
sen,2005,60.98
sen,2006,61.8
sen,2007,62.65
sen,2008,63.2
sen,2009,63.75
sen,2010,64.22
sen,2011,64.8
sen,2012,65.23
sen,2013,65.64
sen,2014,66.0
sen,2015,66.45
sen,2016,66.72
sen,2017,67.06
sen,2018,67.38
sen,2019,67.67
sen,2020,67.5
sen,2021,66.87
sen,2022,67.79
sen,2023,68.68
sgp,1950,54.09
sgp,1951,55.26
sgp,1952,56.43
sgp,1953,57.47
sgp,1954,59.42
sgp,1955,61.21
sgp,1956,62.62
sgp,1957,63.39
sgp,1958,64.03
sgp,1959,64.79
sgp,1960,65.3
sgp,1961,65.69
sgp,1962,66.09
sgp,1963,66.49
sgp,1964,66.71
sgp,1965,66.94
sgp,1966,67.24
sgp,1967,67.33
sgp,1968,67.66
sgp,1969,68.08
sgp,1970,68.5
sgp,1971,68.8
sgp,1972,68.96
sgp,1973,69.36
sgp,1974,69.71
sgp,1975,70.23
sgp,1976,70.57
sgp,1977,70.88
sgp,1978,71.16
sgp,1979,71.36
sgp,1980,71.53
sgp,1981,71.75
sgp,1982,72.01
sgp,1983,72.41
sgp,1984,72.6
sgp,1985,73.12
sgp,1986,73.56
sgp,1987,74.04
sgp,1988,74.05
sgp,1989,74.33
sgp,1990,74.6
sgp,1991,75.06
sgp,1992,75.33
sgp,1993,75.53
sgp,1994,75.63
sgp,1995,75.72
sgp,1996,76.05
sgp,1997,76.39
sgp,1998,76.85
sgp,1999,77.27
sgp,2000,77.75
sgp,2001,78.27
sgp,2002,78.74
sgp,2003,79.18
sgp,2004,79.66
sgp,2005,80.27
sgp,2006,80.64
sgp,2007,80.88
sgp,2008,81.1
sgp,2009,81.43
sgp,2010,81.65
sgp,2011,81.94
sgp,2012,82.21
sgp,2013,82.47
sgp,2014,82.61
sgp,2015,82.75
sgp,2016,82.9
sgp,2017,83.09
sgp,2018,83.38
sgp,2019,83.66
sgp,2020,83.66
sgp,2021,83.48
sgp,2022,82.92
sgp,2023,83.74
shn,1950,66.01
shn,1951,66.23
shn,1952,66.43
shn,1953,66.69
shn,1954,67.04
shn,1955,67.22
shn,1956,67.38
shn,1957,67.5
shn,1958,67.63
shn,1959,67.69
shn,1960,67.73
shn,1961,67.74
shn,1962,67.86
shn,1963,67.94
shn,1964,68.05
shn,1965,68.24
shn,1966,68.4
shn,1967,68.43
shn,1968,68.48
shn,1969,68.61
shn,1970,68.6
shn,1971,68.67
shn,1972,68.78
shn,1973,68.9
shn,1974,68.97
shn,1975,69.14
shn,1976,69.27
shn,1977,69.4
shn,1978,69.53
shn,1979,69.72
shn,1980,69.86
shn,1981,70.06
shn,1982,70.29
shn,1983,70.43
shn,1984,70.57
shn,1985,70.74
shn,1986,70.89
shn,1987,71.01
shn,1988,71.18
shn,1989,71.34
shn,1990,71.54
shn,1991,71.63
shn,1992,72.12
shn,1993,72.25
shn,1994,72.59
shn,1995,73.2
shn,1996,73.68
shn,1997,74.36
shn,1998,75.33
shn,1999,76.04
shn,2000,75.75
shn,2001,76.06
shn,2002,75.83
shn,2003,76.37
shn,2004,77.13
shn,2005,77.17
shn,2006,76.82
shn,2007,75.73
shn,2008,75.79
shn,2009,76.13
shn,2010,76.51
shn,2011,76.56
shn,2012,76.23
shn,2013,76.24
shn,2014,75.57
shn,2015,75.2
shn,2016,75.81
shn,2017,76.34
shn,2018,76.4
shn,2019,76.68
shn,2020,76.89
shn,2021,76.77
shn,2022,76.74
shn,2023,76.79
slb,1950,41.43
slb,1951,42.0
slb,1952,42.63
slb,1953,43.16
slb,1954,43.74
slb,1955,44.35
slb,1956,42.83
slb,1957,45.66
slb,1958,46.31
slb,1959,47.02
slb,1960,47.68
slb,1961,48.34
slb,1962,49.04
slb,1963,49.82
slb,1964,50.58
slb,1965,51.41
slb,1966,52.26
slb,1967,53.06
slb,1968,54.14
slb,1969,55.1
slb,1970,56.06
slb,1971,57.01
slb,1972,57.91
slb,1973,58.78
slb,1974,59.61
slb,1975,58.4
slb,1976,61.15
slb,1977,61.53
slb,1978,62.54
slb,1979,63.13
slb,1980,63.67
slb,1981,64.08
slb,1982,64.46
slb,1983,64.77
slb,1984,65.05
slb,1985,65.29
slb,1986,64.72
slb,1987,65.68
slb,1988,65.87
slb,1989,66.05
slb,1990,66.19
slb,1991,66.36
slb,1992,66.47
slb,1993,66.56
slb,1994,66.66
slb,1995,66.72
slb,1996,66.74
slb,1997,66.77
slb,1998,66.89
slb,1999,67.0
slb,2000,67.12
slb,2001,67.24
slb,2002,67.35
slb,2003,67.48
slb,2004,67.63
slb,2005,67.79
slb,2006,67.97
slb,2007,67.85
slb,2008,68.34
slb,2009,68.4
slb,2010,68.67
slb,2011,68.82
slb,2012,68.96
slb,2013,69.01
slb,2014,68.98
slb,2015,69.32
slb,2016,69.5
slb,2017,69.65
slb,2018,69.81
slb,2019,69.98
slb,2020,69.26
slb,2021,68.89
slb,2022,70.41
slb,2023,70.53
sle,1931,24.5
sle,1950,28.94
sle,1951,29.29
sle,1952,29.74
sle,1953,30.13
sle,1954,30.52
sle,1955,30.93
sle,1956,31.32
sle,1957,31.77
sle,1958,32.14
sle,1959,32.56
sle,1960,33.09
sle,1961,33.63
sle,1962,34.16
sle,1963,34.7
sle,1964,35.3
sle,1965,35.93
sle,1966,36.64
sle,1967,37.28
sle,1968,37.76
sle,1969,38.23
sle,1970,38.62
sle,1971,39.1
sle,1972,39.5
sle,1973,39.96
sle,1974,40.41
sle,1975,40.99
sle,1976,41.43
sle,1977,41.83
sle,1978,42.19
sle,1979,42.53
sle,1980,42.84
sle,1981,43.09
sle,1982,43.3
sle,1983,43.45
sle,1984,43.56
sle,1985,43.56
sle,1986,43.5
sle,1987,43.75
sle,1988,43.77
sle,1989,43.74
sle,1990,43.72
sle,1991,43.29
sle,1992,43.45
sle,1993,43.43
sle,1994,42.81
sle,1995,42.58
sle,1996,43.53
sle,1997,43.65
sle,1998,42.71
sle,1999,41.96
sle,2000,44.83
sle,2001,45.45
sle,2002,46.17
sle,2003,46.78
sle,2004,47.49
sle,2005,48.31
sle,2006,49.55
sle,2007,50.02
sle,2008,50.69
sle,2009,51.31
sle,2010,51.93
sle,2011,52.59
sle,2012,53.16
sle,2013,54.05
sle,2014,54.28
sle,2015,55.45
sle,2016,56.94
sle,2017,57.76
sle,2018,59.06
sle,2019,59.59
sle,2020,59.69
sle,2021,60.26
sle,2022,61.27
sle,2023,61.79
slv,1920,28.0
slv,1930,29.0
slv,1940,36.0
slv,1950,44.2
slv,1951,43.81
slv,1952,44.75
slv,1953,44.99
slv,1954,45.51
slv,1955,46.03
slv,1956,46.56
slv,1957,47.12
slv,1958,47.69
slv,1959,47.97
slv,1960,48.29
slv,1961,48.63
slv,1962,49.0
slv,1963,49.38
slv,1964,49.75
slv,1965,50.21
slv,1966,50.67
slv,1967,50.84
slv,1968,50.84
slv,1969,51.28
slv,1970,51.36
slv,1971,51.67
slv,1972,51.96
slv,1973,52.78
slv,1974,52.89
slv,1975,53.42
slv,1976,54.38
slv,1977,54.05
slv,1978,54.71
slv,1979,53.8
slv,1980,48.59
slv,1981,50.89
slv,1982,53.34
slv,1983,54.37
slv,1984,56.57
slv,1985,58.03
slv,1986,59.33
slv,1987,59.4
slv,1988,59.98
slv,1989,61.25
slv,1990,61.98
slv,1991,62.54
slv,1992,62.94
slv,1993,64.0
slv,1994,64.47
slv,1995,64.9
slv,1996,65.48
slv,1997,66.25
slv,1998,66.65
slv,1999,67.29
slv,2000,67.71
slv,2001,67.96
slv,2002,68.53
slv,2003,68.79
slv,2004,69.29
slv,2005,69.34
slv,2006,69.61
slv,2007,69.82
slv,2008,70.14
slv,2009,70.36
slv,2010,70.91
slv,2011,71.19
slv,2012,71.42
slv,2013,71.23
slv,2014,71.14
slv,2015,70.95
slv,2016,70.91
slv,2017,71.01
slv,2018,71.38
slv,2019,71.73
slv,2020,70.24
slv,2021,69.94
slv,2022,71.97
slv,2023,72.1
smr,1950,71.59
smr,1951,71.71
smr,1952,71.89
smr,1953,72.04
smr,1954,72.19
smr,1955,72.35
smr,1956,72.52
smr,1957,72.68
smr,1958,72.84
smr,1959,73.02
smr,1960,73.2
smr,1961,73.37
smr,1962,73.53
smr,1963,73.59
smr,1964,73.66
smr,1965,73.72
smr,1966,73.84
smr,1967,73.95
smr,1968,74.06
smr,1969,74.17
smr,1970,74.27
smr,1971,74.4
smr,1972,74.59
smr,1973,74.79
smr,1974,75.05
smr,1975,75.25
smr,1976,75.43
smr,1977,75.64
smr,1978,75.89
smr,1979,76.12
smr,1980,76.37
smr,1981,76.58
smr,1982,76.81
smr,1983,77.01
smr,1984,77.16
smr,1985,77.27
smr,1986,77.38
smr,1987,77.45
smr,1988,77.54
smr,1989,77.65
smr,1990,77.78
smr,1991,77.94
smr,1992,78.13
smr,1993,78.37
smr,1994,78.67
smr,1995,79.03
smr,1996,79.33
smr,1997,79.68
smr,1998,79.92
smr,1999,80.2
smr,2000,80.5
smr,2001,80.8
smr,2002,81.06
smr,2003,81.33
smr,2004,81.59
smr,2005,81.93
smr,2006,82.26
smr,2007,82.6
smr,2008,82.89
smr,2009,83.22
smr,2010,83.46
smr,2011,83.71
smr,2012,83.94
smr,2013,84.17
smr,2014,84.39
smr,2015,84.6
smr,2016,84.78
smr,2017,84.93
smr,2018,85.09
smr,2019,85.26
smr,2020,82.65
smr,2021,83.54
smr,2022,85.71
smr,2023,85.71
som,1950,41.45
som,1951,41.66
som,1952,41.87
som,1953,42.08
som,1954,42.29
som,1955,42.5
som,1956,42.71
som,1957,42.92
som,1958,43.13
som,1959,43.34
som,1960,43.54
som,1961,43.67
som,1962,43.97
som,1963,44.19
som,1964,44.39
som,1965,44.63
som,1966,44.84
som,1967,45.05
som,1968,45.25
som,1969,45.45
som,1970,45.64
som,1971,45.84
som,1972,46.03
som,1973,46.22
som,1974,44.26
som,1975,44.49
som,1976,44.73
som,1977,47.0
som,1978,47.01
som,1979,47.41
som,1980,47.61
som,1981,47.82
som,1982,48.02
som,1983,48.23
som,1984,48.44
som,1985,48.28
som,1986,48.43
som,1987,49.0
som,1988,43.93
som,1989,46.65
som,1990,46.9
som,1991,25.42
som,1992,25.03
som,1993,50.55
som,1994,50.3
som,1995,50.65
som,1996,50.52
som,1997,50.28
som,1998,50.76
som,1999,50.61
som,2000,50.75
som,2001,50.83
som,2002,50.82
som,2003,50.72
som,2004,50.68
som,2005,50.89
som,2006,50.92
som,2007,50.89
som,2008,51.46
som,2009,52.1
som,2010,48.9
som,2011,32.45
som,2012,49.14
som,2013,54.02
som,2014,54.44
som,2015,55.06
som,2016,55.28
som,2017,52.19
som,2018,54.77
som,2019,57.25
som,2020,57.09
som,2021,55.7
som,2022,53.93
som,2023,58.82
spm,1950,62.94
spm,1951,63.3
spm,1952,63.62
spm,1953,63.95
spm,1954,64.32
spm,1955,64.67
spm,1956,65.0
spm,1957,65.3
spm,1958,65.64
spm,1959,65.94
spm,1960,66.26
spm,1961,66.45
spm,1962,66.65
spm,1963,66.78
spm,1964,66.85
spm,1965,66.86
spm,1966,66.88
spm,1967,66.9
spm,1968,66.99
spm,1969,67.2
spm,1970,67.5
spm,1971,67.89
spm,1972,68.34
spm,1973,68.82
spm,1974,69.22
spm,1975,69.52
spm,1976,69.71
spm,1977,69.83
spm,1978,69.92
spm,1979,70.04
spm,1980,70.18
spm,1981,70.42
spm,1982,70.71
spm,1983,71.11
spm,1984,71.47
spm,1985,71.78
spm,1986,72.13
spm,1987,72.45
spm,1988,72.75
spm,1989,72.97
spm,1990,73.16
spm,1991,73.34
spm,1992,73.4
spm,1993,73.52
spm,1994,73.66
spm,1995,73.8
spm,1996,73.97
spm,1997,74.18
spm,1998,74.4
spm,1999,74.65
spm,2000,74.88
spm,2001,75.11
spm,2002,75.33
spm,2003,75.5
spm,2004,75.68
spm,2005,75.8
spm,2006,75.92
spm,2007,76.05
spm,2008,76.18
spm,2009,76.27
spm,2010,76.35
spm,2011,76.41
spm,2012,76.46
spm,2013,76.48
spm,2014,76.47
spm,2015,76.48
spm,2016,76.51
spm,2017,76.55
spm,2018,76.59
spm,2019,76.61
spm,2020,76.62
spm,2021,76.67
spm,2022,76.7
spm,2023,76.76
srb,1950,55.09
srb,1951,55.61
srb,1952,57.41
srb,1953,59.77
srb,1954,60.69
srb,1955,61.35
srb,1956,61.86
srb,1957,63.24
srb,1958,64.28
srb,1959,65.24
srb,1960,65.71
srb,1961,66.3
srb,1962,67.04
srb,1963,67.35
srb,1964,68.0
srb,1965,68.72
srb,1966,69.43
srb,1967,70.09
srb,1968,70.08
srb,1969,70.03
srb,1970,69.73
srb,1971,69.72
srb,1972,69.98
srb,1973,70.5
srb,1974,71.12
srb,1975,71.61
srb,1976,71.86
srb,1977,71.77
srb,1978,71.44
srb,1979,71.17
srb,1980,71.08
srb,1981,71.11
srb,1982,71.04
srb,1983,71.09
srb,1984,71.16
srb,1985,71.44
srb,1986,71.64
srb,1987,71.85
srb,1988,72.04
srb,1989,72.34
srb,1990,72.23
srb,1991,71.94
srb,1992,71.63
srb,1993,71.88
srb,1994,72.3
srb,1995,72.73
srb,1996,72.92
srb,1997,72.95
srb,1998,72.3
srb,1999,69.99
srb,2000,72.33
srb,2001,72.27
srb,2002,72.6
srb,2003,72.72
srb,2004,72.87
srb,2005,73.12
srb,2006,73.4
srb,2007,73.72
srb,2008,73.9
srb,2009,74.11
srb,2010,74.38
srb,2011,74.72
srb,2012,75.09
srb,2013,75.35
srb,2014,75.48
srb,2015,75.65
srb,2016,75.74
srb,2017,75.79
srb,2018,76.04
srb,2019,76.06
srb,2020,74.51
srb,2021,72.85
srb,2022,75.48
srb,2023,76.77
ssd,1950,30.21
ssd,1951,30.63
ssd,1952,30.98
ssd,1953,31.36
ssd,1954,31.7
ssd,1955,32.02
ssd,1956,31.62
ssd,1957,30.89
ssd,1958,27.61
ssd,1959,27.83
ssd,1960,28.05
ssd,1961,28.28
ssd,1962,28.51
ssd,1963,28.25
ssd,1964,32.46
ssd,1965,28.78
ssd,1966,25.63
ssd,1967,25.86
ssd,1968,26.1
ssd,1969,25.4
ssd,1970,25.63
ssd,1971,30.99
ssd,1972,31.29
ssd,1973,36.28
ssd,1974,36.59
ssd,1975,36.87
ssd,1976,37.09
ssd,1977,37.4
ssd,1978,37.59
ssd,1979,37.81
ssd,1980,38.03
ssd,1981,38.31
ssd,1982,38.68
ssd,1983,34.73
ssd,1984,31.79
ssd,1985,32.36
ssd,1986,32.82
ssd,1987,20.72
ssd,1988,10.99
ssd,1989,28.22
ssd,1990,28.63
ssd,1991,29.19
ssd,1992,21.94
ssd,1993,22.26
ssd,1994,44.86
ssd,1995,31.51
ssd,1996,32.12
ssd,1997,33.07
ssd,1998,19.05
ssd,1999,44.54
ssd,2000,47.59
ssd,2001,48.55
ssd,2002,49.39
ssd,2003,52.32
ssd,2004,53.05
ssd,2005,53.96
ssd,2006,54.65
ssd,2007,55.42
ssd,2008,56.28
ssd,2009,56.85
ssd,2010,57.48
ssd,2011,57.67
ssd,2012,58.24
ssd,2013,58.29
ssd,2014,45.62
ssd,2015,39.76
ssd,2016,36.72
ssd,2017,35.35
ssd,2018,51.9
ssd,2019,58.13
ssd,2020,57.65
ssd,2021,57.05
ssd,2022,57.2
ssd,2023,57.62
stp,1950,39.13
stp,1951,39.13
stp,1952,39.14
stp,1953,39.12
stp,1954,39.16
stp,1955,39.28
stp,1956,39.54
stp,1957,40.1
stp,1958,40.96
stp,1959,42.11
stp,1960,43.56
stp,1961,45.19
stp,1962,46.84
stp,1963,48.4
stp,1964,49.74
stp,1965,51.07
stp,1966,52.31
stp,1967,53.45
stp,1968,54.49
stp,1969,55.4
stp,1970,56.27
stp,1971,56.96
stp,1972,57.45
stp,1973,57.9
stp,1974,58.26
stp,1975,58.56
stp,1976,58.78
stp,1977,58.98
stp,1978,59.14
stp,1979,59.27
stp,1980,59.36
stp,1981,59.43
stp,1982,59.53
stp,1983,59.68
stp,1984,59.89
stp,1985,60.14
stp,1986,57.6
stp,1987,60.66
stp,1988,60.81
stp,1989,59.73
stp,1990,60.71
stp,1991,60.79
stp,1992,60.71
stp,1993,60.62
stp,1994,60.55
stp,1995,60.54
stp,1996,60.58
stp,1997,60.65
stp,1998,60.79
stp,1999,60.98
stp,2000,61.21
stp,2001,61.5
stp,2002,61.83
stp,2003,62.16
stp,2004,62.56
stp,2005,62.43
stp,2006,63.04
stp,2007,63.34
stp,2008,63.45
stp,2009,63.67
stp,2010,63.87
stp,2011,64.12
stp,2012,64.51
stp,2013,64.93
stp,2014,65.48
stp,2015,66.02
stp,2016,66.56
stp,2017,67.07
stp,2018,67.6
stp,2019,68.04
stp,2020,67.98
stp,2021,68.03
stp,2022,69.24
stp,2023,69.72
sur,1950,50.7
sur,1951,51.07
sur,1952,51.4
sur,1953,52.1
sur,1954,52.79
sur,1955,53.45
sur,1956,54.1
sur,1957,54.74
sur,1958,55.36
sur,1959,55.94
sur,1960,56.6
sur,1961,57.29
sur,1962,58.02
sur,1963,58.5
sur,1964,58.91
sur,1965,59.14
sur,1966,59.23
sur,1967,59.17
sur,1968,59.29
sur,1969,59.39
sur,1970,59.49
sur,1971,59.59
sur,1972,59.69
sur,1973,59.79
sur,1974,59.91
sur,1975,60.03
sur,1976,60.15
sur,1977,60.28
sur,1978,60.4
sur,1979,60.53
sur,1980,60.65
sur,1981,60.8
sur,1982,60.93
sur,1983,61.07
sur,1984,61.21
sur,1985,61.36
sur,1986,61.16
sur,1987,61.31
sur,1988,61.48
sur,1989,61.98
sur,1990,62.09
sur,1991,62.15
sur,1992,62.25
sur,1993,62.38
sur,1994,62.54
sur,1995,62.78
sur,1996,63.08
sur,1997,63.39
sur,1998,63.71
sur,1999,64.04
sur,2000,64.41
sur,2001,64.82
sur,2002,65.27
sur,2003,65.78
sur,2004,66.36
sur,2005,67.0
sur,2006,67.64
sur,2007,68.31
sur,2008,68.87
sur,2009,69.32
sur,2010,69.63
sur,2011,69.82
sur,2012,69.96
sur,2013,70.11
sur,2014,70.33
sur,2015,70.57
sur,2016,70.98
sur,2017,71.25
sur,2018,71.47
sur,2019,71.77
sur,2020,72.32
sur,2021,68.94
sur,2022,73.25
sur,2023,73.63
svk,1921,44.2
svk,1930,49.9
svk,1937,53.2
svk,1950,60.78
svk,1951,61.15
svk,1952,64.3
svk,1953,65.65
svk,1954,66.69
svk,1955,67.85
svk,1956,68.37
svk,1957,67.46
svk,1958,69.36
svk,1959,69.01
svk,1960,70.34
svk,1961,70.79
svk,1962,70.33
svk,1963,70.69
svk,1964,71.08
svk,1965,70.28
svk,1966,70.42
svk,1967,70.97
svk,1968,70.46
svk,1969,69.8
svk,1970,69.72
svk,1971,69.86
svk,1972,70.3
svk,1973,70.03
svk,1974,70.18
svk,1975,70.3
svk,1976,70.47
svk,1977,70.41
svk,1978,70.42
svk,1979,70.74
svk,1980,70.38
svk,1981,70.62
svk,1982,70.76
svk,1983,70.48
svk,1984,70.71
svk,1985,70.72
svk,1986,70.89
svk,1987,71.07
svk,1988,71.13
svk,1989,70.94
svk,1990,70.82
svk,1991,70.92
svk,1992,71.37
svk,1993,71.88
svk,1994,72.33
svk,1995,72.25
svk,1996,72.74
svk,1997,72.69
svk,1998,72.57
svk,1999,72.96
svk,2000,73.14
svk,2001,73.57
svk,2002,73.76
svk,2003,73.82
svk,2004,74.22
svk,2005,74.16
svk,2006,74.42
svk,2007,74.49
svk,2008,74.86
svk,2009,75.22
svk,2010,75.5
svk,2011,76.02
svk,2012,76.18
svk,2013,76.51
svk,2014,76.85
svk,2015,76.65
svk,2016,77.22
svk,2017,77.22
svk,2018,77.26
svk,2019,77.69
svk,2020,76.86
svk,2021,74.59
svk,2022,77.04
svk,2023,78.34
svn,1950,61.82
svn,1951,62.35
svn,1952,63.83
svn,1953,65.32
svn,1954,66.07
svn,1955,66.07
svn,1956,66.5
svn,1957,67.04
svn,1958,67.67
svn,1959,68.15
svn,1960,68.53
svn,1961,68.89
svn,1962,68.85
svn,1963,68.61
svn,1964,68.49
svn,1965,68.7
svn,1966,68.88
svn,1967,68.97
svn,1968,68.61
svn,1969,68.59
svn,1970,69.05
svn,1971,69.72
svn,1972,70.33
svn,1973,70.75
svn,1974,71.04
svn,1975,71.08
svn,1976,71.14
svn,1977,71.27
svn,1978,71.59
svn,1979,71.63
svn,1980,71.82
svn,1981,71.65
svn,1982,71.37
svn,1983,71.19
svn,1984,71.33
svn,1985,71.8
svn,1986,72.09
svn,1987,72.44
svn,1988,72.76
svn,1989,73.29
svn,1990,73.47
svn,1991,73.47
svn,1992,73.42
svn,1993,73.58
svn,1994,73.91
svn,1995,74.42
svn,1996,74.8
svn,1997,74.99
svn,1998,75.14
svn,1999,75.45
svn,2000,75.83
svn,2001,76.18
svn,2002,76.32
svn,2003,76.32
svn,2004,76.93
svn,2005,77.5
svn,2006,77.82
svn,2007,78.29
svn,2008,78.6
svn,2009,79.03
svn,2010,79.3
svn,2011,79.59
svn,2012,79.77
svn,2013,80.09
svn,2014,80.25
svn,2015,80.5
svn,2016,80.51
svn,2017,80.62
svn,2018,80.86
svn,2019,81.01
svn,2020,80.36
svn,2021,80.43
svn,2022,80.79
svn,2023,81.6
swe,1800,32.19
swe,1801,36.91
swe,1802,40.18
swe,1803,40.24
swe,1804,39.7
swe,1805,41.05
swe,1806,36.2
swe,1807,38.77
swe,1808,30.19
swe,1809,26.91
swe,1810,31.99
swe,1811,34.59
swe,1812,35.11
swe,1813,36.5
swe,1814,38.6
swe,1815,40.45
swe,1816,41.78
swe,1817,40.31
swe,1818,40.02
swe,1819,36.97
swe,1820,40.24
swe,1821,38.17
swe,1822,42.77
swe,1823,45.2
swe,1824,44.98
swe,1825,45.26
swe,1826,43.11
swe,1827,42.66
swe,1828,37.76
swe,1829,36.21
swe,1830,40.98
swe,1831,39.0
swe,1832,40.85
swe,1833,42.52
swe,1834,38.55
swe,1835,47.15
swe,1836,45.15
swe,1837,39.6
swe,1838,40.0
swe,1839,39.87
swe,1840,43.98
swe,1841,45.14
swe,1842,42.8
swe,1843,42.83
swe,1844,44.01
swe,1845,45.99
swe,1846,42.04
swe,1847,40.14
swe,1848,45.13
swe,1849,44.5
swe,1850,44.69
swe,1851,43.62
swe,1852,41.35
swe,1853,39.99
swe,1854,44.53
swe,1855,43.06
swe,1856,42.12
swe,1857,34.62
swe,1858,41.99
swe,1859,44.26
swe,1860,48.46
swe,1861,47.19
swe,1862,42.7
swe,1863,45.5
swe,1864,44.81
swe,1865,45.45
swe,1866,44.84
swe,1867,46.27
swe,1868,43.32
swe,1869,41.01
swe,1870,45.02
swe,1871,48.91
swe,1872,49.94
swe,1873,48.56
swe,1874,44.15
swe,1875,44.47
swe,1876,44.77
swe,1877,46.06
swe,1878,46.8
swe,1879,49.02
swe,1880,47.67
swe,1881,48.42
swe,1882,48.41
swe,1883,48.82
swe,1884,49.0
swe,1885,48.83
swe,1886,50.52
swe,1887,51.39
swe,1888,52.25
swe,1889,52.23
swe,1890,50.44
swe,1891,51.02
swe,1892,50.47
swe,1893,51.16
swe,1894,51.89
swe,1895,54.01
swe,1896,53.34
swe,1897,54.0
swe,1898,54.59
swe,1899,50.9
swe,1900,52.23
swe,1901,52.88
swe,1902,54.7
swe,1903,54.98
swe,1904,55.27
swe,1905,54.42
swe,1906,56.56
swe,1907,56.87
swe,1908,56.33
swe,1909,58.34
swe,1910,57.74
swe,1911,57.99
swe,1912,57.73
swe,1913,58.59
swe,1914,58.15
swe,1915,57.1
swe,1916,58.12
swe,1917,58.8
swe,1918,49.72
swe,1919,56.42
swe,1920,58.91
swe,1921,60.98
swe,1922,61.07
swe,1923,62.91
swe,1924,61.94
swe,1925,62.51
swe,1926,62.74
swe,1927,61.56
swe,1928,62.2
swe,1929,62.29
swe,1930,63.17
swe,1931,62.71
swe,1932,63.93
swe,1933,64.8
swe,1934,64.96
swe,1935,64.86
swe,1936,64.6
swe,1937,64.61
swe,1938,65.54
swe,1939,66.38
swe,1940,66.74
swe,1941,66.97
swe,1942,68.96
swe,1943,68.7
swe,1944,67.72
swe,1945,68.33
swe,1946,69.51
swe,1947,69.48
swe,1948,70.73
swe,1949,70.81
swe,1950,71.14
swe,1951,71.36
swe,1952,71.85
swe,1953,71.9
swe,1954,72.35
swe,1955,72.59
swe,1956,72.66
swe,1957,72.49
swe,1958,73.15
swe,1959,73.37
swe,1960,73.04
swe,1961,73.49
swe,1962,73.35
swe,1963,73.53
swe,1964,73.71
swe,1965,73.87
swe,1966,74.1
swe,1967,74.15
swe,1968,74.0
swe,1969,74.11
swe,1970,74.66
swe,1971,74.6
swe,1972,74.7
swe,1973,74.87
swe,1974,74.97
swe,1975,74.98
swe,1976,74.97
swe,1977,75.39
swe,1978,75.48
swe,1979,75.52
swe,1980,75.74
swe,1981,76.04
swe,1982,76.35
swe,1983,76.58
swe,1984,76.84
swe,1985,76.69
swe,1986,76.95
swe,1987,77.11
swe,1988,77.0
swe,1989,77.65
swe,1990,77.59
swe,1991,77.73
swe,1992,78.07
swe,1993,78.14
swe,1994,78.75
swe,1995,78.82
swe,1996,79.04
swe,1997,79.27
swe,1998,79.42
swe,1999,79.51
swe,2000,79.74
swe,2001,79.84
swe,2002,79.93
swe,2003,80.2
swe,2004,80.55
swe,2005,80.62
swe,2006,80.83
swe,2007,80.97
swe,2008,81.14
swe,2009,81.36
swe,2010,81.52
swe,2011,81.76
swe,2012,81.73
swe,2013,81.94
swe,2014,82.22
swe,2015,82.18
swe,2016,82.34
swe,2017,82.44
swe,2018,82.53
swe,2019,83.05
swe,2020,82.43
swe,2021,83.02
swe,2022,83.05
swe,2023,83.26
swz,1950,43.44
swz,1951,43.74
swz,1952,44.01
swz,1953,44.28
swz,1954,44.59
swz,1955,44.85
swz,1956,45.11
swz,1957,45.43
swz,1958,45.75
swz,1959,46.09
swz,1960,46.39
swz,1961,46.75
swz,1962,47.15
swz,1963,47.47
swz,1964,47.92
swz,1965,48.43
swz,1966,48.99
swz,1967,49.53
swz,1968,50.08
swz,1969,50.64
swz,1970,51.21
swz,1971,51.78
swz,1972,52.35
swz,1973,52.99
swz,1974,53.66
swz,1975,54.4
swz,1976,55.17
swz,1977,55.97
swz,1978,56.78
swz,1979,57.54
swz,1980,58.23
swz,1981,58.79
swz,1982,59.47
swz,1983,58.42
swz,1984,60.44
swz,1985,61.16
swz,1986,61.6
swz,1987,61.9
swz,1988,61.93
swz,1989,61.67
swz,1990,61.17
swz,1991,60.39
swz,1992,59.28
swz,1993,58.09
swz,1994,56.64
swz,1995,55.08
swz,1996,53.3
swz,1997,51.7
swz,1998,50.07
swz,1999,48.81
swz,2000,47.63
swz,2001,46.34
swz,2002,45.38
swz,2003,44.63
swz,2004,43.91
swz,2005,43.96
swz,2006,44.56
swz,2007,45.16
swz,2008,45.85
swz,2009,46.91
swz,2010,48.33
swz,2011,49.06
swz,2012,50.71
swz,2013,52.11
swz,2014,53.49
swz,2015,54.94
swz,2016,56.23
swz,2017,57.57
swz,2018,58.71
swz,2019,59.85
swz,2020,59.86
swz,2021,58.23
swz,2022,63.03
swz,2023,64.12
sxm,1950,62.43
sxm,1951,63.13
sxm,1952,63.08
sxm,1953,63.69
sxm,1954,64.13
sxm,1955,64.75
sxm,1956,65.16
sxm,1957,65.48
sxm,1958,65.77
sxm,1959,66.05
sxm,1960,66.35
sxm,1961,66.68
sxm,1962,67.05
sxm,1963,67.47
sxm,1964,67.78
sxm,1965,68.05
sxm,1966,68.51
sxm,1967,69.02
sxm,1968,69.55
sxm,1969,70.21
sxm,1970,70.86
sxm,1971,71.31
sxm,1972,71.73
sxm,1973,72.06
sxm,1974,72.24
sxm,1975,72.31
sxm,1976,72.28
sxm,1977,72.13
sxm,1978,71.97
sxm,1979,71.84
sxm,1980,71.79
sxm,1981,71.86
sxm,1982,72.01
sxm,1983,72.15
sxm,1984,72.28
sxm,1985,72.39
sxm,1986,72.44
sxm,1987,72.44
sxm,1988,72.46
sxm,1989,72.44
sxm,1990,72.41
sxm,1991,72.38
sxm,1992,72.4
sxm,1993,72.46
sxm,1994,72.6
sxm,1995,72.85
sxm,1996,73.19
sxm,1997,73.55
sxm,1998,73.9
sxm,1999,74.22
sxm,2000,74.41
sxm,2001,74.52
sxm,2002,74.58
sxm,2003,74.59
sxm,2004,74.62
sxm,2005,74.68
sxm,2006,74.78
sxm,2007,74.81
sxm,2008,74.85
sxm,2009,74.8
sxm,2010,74.82
sxm,2011,74.87
sxm,2012,75.13
sxm,2013,75.39
sxm,2014,75.73
sxm,2015,75.9
sxm,2016,75.95
sxm,2017,75.46
sxm,2018,75.69
sxm,2019,75.68
sxm,2020,75.0
sxm,2021,74.5
sxm,2022,76.18
sxm,2023,76.37
syc,1950,57.82
syc,1951,58.04
syc,1952,58.36
syc,1953,58.69
syc,1954,59.0
syc,1955,59.39
syc,1956,59.81
syc,1957,60.17
syc,1958,60.35
syc,1959,60.42
syc,1960,60.49
syc,1961,60.58
syc,1962,60.67
syc,1963,60.91
syc,1964,61.15
syc,1965,61.44
syc,1966,61.68
syc,1967,62.07
syc,1968,62.64
syc,1969,63.27
syc,1970,63.98
syc,1971,64.64
syc,1972,65.35
syc,1973,65.93
syc,1974,66.43
syc,1975,66.85
syc,1976,67.22
syc,1977,67.59
syc,1978,67.93
syc,1979,68.24
syc,1980,68.49
syc,1981,68.73
syc,1982,69.0
syc,1983,69.26
syc,1984,69.47
syc,1985,69.62
syc,1986,69.77
syc,1987,69.89
syc,1988,69.99
syc,1989,70.07
syc,1990,70.17
syc,1991,70.26
syc,1992,70.35
syc,1993,70.41
syc,1994,70.5
syc,1995,70.63
syc,1996,70.8
syc,1997,70.76
syc,1998,71.09
syc,1999,71.21
syc,2000,71.31
syc,2001,71.43
syc,2002,71.55
syc,2003,71.68
syc,2004,71.71
syc,2005,71.92
syc,2006,72.05
syc,2007,72.16
syc,2008,72.32
syc,2009,72.41
syc,2010,72.48
syc,2011,72.51
syc,2012,72.49
syc,2013,72.43
syc,2014,72.35
syc,2015,72.29
syc,2016,72.25
syc,2017,72.23
syc,2018,72.18
syc,2019,72.12
syc,2020,74.09
syc,2021,71.22
syc,2022,71.25
syc,2023,72.86
syr,1950,42.46
syr,1951,43.45
syr,1952,44.34
syr,1953,45.33
syr,1954,46.35
syr,1955,47.4
syr,1956,48.49
syr,1957,49.58
syr,1958,50.67
syr,1959,51.72
syr,1960,52.72
syr,1961,53.65
syr,1962,54.57
syr,1963,55.39
syr,1964,56.17
syr,1965,56.9
syr,1966,57.55
syr,1967,58.04
syr,1968,59.12
syr,1969,59.84
syr,1970,60.61
syr,1971,61.33
syr,1972,61.97
syr,1973,60.83
syr,1974,63.44
syr,1975,64.19
syr,1976,64.84
syr,1977,65.4
syr,1978,65.93
syr,1979,66.24
syr,1980,66.54
syr,1981,64.6
syr,1982,60.84
syr,1983,67.35
syr,1984,67.72
syr,1985,68.05
syr,1986,68.42
syr,1987,68.8
syr,1988,69.17
syr,1989,69.49
syr,1990,69.83
syr,1991,70.08
syr,1992,70.24
syr,1993,70.31
syr,1994,70.3
syr,1995,70.21
syr,1996,70.16
syr,1997,70.16
syr,1998,70.24
syr,1999,70.51
syr,2000,70.86
syr,2001,71.3
syr,2002,71.74
syr,2003,72.19
syr,2004,72.49
syr,2005,72.8
syr,2006,73.04
syr,2007,73.26
syr,2008,73.37
syr,2009,73.5
syr,2010,73.54
syr,2011,72.26
syr,2012,66.21
syr,2013,65.15
syr,2014,65.49
syr,2015,63.27
syr,2016,65.19
syr,2017,65.65
syr,2018,67.37
syr,2019,70.97
syr,2020,71.94
syr,2021,72.42
syr,2022,72.79
syr,2023,72.12
tca,1950,48.57
tca,1951,49.44
tca,1952,50.3
tca,1953,51.13
tca,1954,51.9
tca,1955,52.67
tca,1956,53.33
tca,1957,54.06
tca,1958,54.8
tca,1959,55.56
tca,1960,56.29
tca,1961,57.09
tca,1962,57.74
tca,1963,58.43
tca,1964,59.12
tca,1965,59.81
tca,1966,60.44
tca,1967,61.04
tca,1968,61.59
tca,1969,62.13
tca,1970,62.69
tca,1971,63.26
tca,1972,63.76
tca,1973,64.23
tca,1974,64.73
tca,1975,65.2
tca,1976,65.61
tca,1977,66.03
tca,1978,66.43
tca,1979,66.77
tca,1980,67.11
tca,1981,67.44
tca,1982,67.75
tca,1983,68.07
tca,1984,68.39
tca,1985,68.67
tca,1986,68.99
tca,1987,69.3
tca,1988,69.62
tca,1989,69.92
tca,1990,70.22
tca,1991,70.54
tca,1992,70.89
tca,1993,71.19
tca,1994,71.58
tca,1995,71.95
tca,1996,72.33
tca,1997,72.71
tca,1998,73.11
tca,1999,73.53
tca,2000,73.97
tca,2001,74.41
tca,2002,74.84
tca,2003,75.26
tca,2004,75.63
tca,2005,75.95
tca,2006,76.2
tca,2007,76.43
tca,2008,76.08
tca,2009,76.67
tca,2010,76.78
tca,2011,76.87
tca,2012,76.97
tca,2013,77.1
tca,2014,77.21
tca,2015,77.32
tca,2016,77.44
tca,2017,77.51
tca,2018,77.6
tca,2019,77.69
tca,2020,77.5
tca,2021,77.23
tca,2022,77.92
tca,2023,78.01
tcd,1950,35.23
tcd,1951,35.45
tcd,1952,35.86
tcd,1953,36.28
tcd,1954,36.79
tcd,1955,37.35
tcd,1956,37.92
tcd,1957,38.33
tcd,1958,38.74
tcd,1959,38.96
tcd,1960,39.22
tcd,1961,39.42
tcd,1962,39.61
tcd,1963,39.89
tcd,1964,40.12
tcd,1965,40.05
tcd,1966,40.09
tcd,1967,40.39
tcd,1968,40.7
tcd,1969,41.02
tcd,1970,41.39
tcd,1971,40.87
tcd,1972,41.92
tcd,1973,42.4
tcd,1974,42.6
tcd,1975,42.74
tcd,1976,42.69
tcd,1977,42.88
tcd,1978,43.02
tcd,1979,43.24
tcd,1980,43.45
tcd,1981,43.5
tcd,1982,43.91
tcd,1983,44.45
tcd,1984,44.73
tcd,1985,45.31
tcd,1986,45.6
tcd,1987,43.07
tcd,1988,46.35
tcd,1989,46.43
tcd,1990,45.07
tcd,1991,46.6
tcd,1992,46.78
tcd,1993,47.0
tcd,1994,47.08
tcd,1995,47.45
tcd,1996,47.55
tcd,1997,47.76
tcd,1998,47.8
tcd,1999,47.93
tcd,2000,47.94
tcd,2001,48.31
tcd,2002,48.36
tcd,2003,48.61
tcd,2004,48.69
tcd,2005,48.86
tcd,2006,48.75
tcd,2007,49.21
tcd,2008,49.5
tcd,2009,49.83
tcd,2010,50.11
tcd,2011,50.43
tcd,2012,50.77
tcd,2013,51.05
tcd,2014,51.14
tcd,2015,51.32
tcd,2016,51.6
tcd,2017,51.87
tcd,2018,52.45
tcd,2019,52.99
tcd,2020,53.08
tcd,2021,53.14
tcd,2022,54.53
tcd,2023,55.07
tgo,1950,41.93
tgo,1951,42.07
tgo,1952,42.2
tgo,1953,42.32
tgo,1954,42.49
tgo,1955,42.66
tgo,1956,42.76
tgo,1957,42.94
tgo,1958,43.13
tgo,1959,43.32
tgo,1960,43.54
tgo,1961,43.75
tgo,1962,44.0
tgo,1963,44.27
tgo,1964,44.6
tgo,1965,44.92
tgo,1966,45.23
tgo,1967,45.62
tgo,1968,46.02
tgo,1969,46.35
tgo,1970,46.78
tgo,1971,47.23
tgo,1972,47.69
tgo,1973,48.14
tgo,1974,48.59
tgo,1975,49.05
tgo,1976,49.51
tgo,1977,50.16
tgo,1978,50.9
tgo,1979,51.52
tgo,1980,52.15
tgo,1981,52.78
tgo,1982,53.27
tgo,1983,53.77
tgo,1984,54.09
tgo,1985,54.36
tgo,1986,54.61
tgo,1987,54.82
tgo,1988,54.9
tgo,1989,54.73
tgo,1990,54.56
tgo,1991,54.26
tgo,1992,54.08
tgo,1993,53.85
tgo,1994,53.71
tgo,1995,53.69
tgo,1996,53.82
tgo,1997,53.85
tgo,1998,53.96
tgo,1999,54.31
tgo,2000,54.58
tgo,2001,54.75
tgo,2002,55.03
tgo,2003,55.3
tgo,2004,55.59
tgo,2005,55.92
tgo,2006,56.14
tgo,2007,56.38
tgo,2008,56.65
tgo,2009,56.93
tgo,2010,57.23
tgo,2011,57.61
tgo,2012,57.94
tgo,2013,58.34
tgo,2014,58.77
tgo,2015,59.22
tgo,2016,59.67
tgo,2017,60.14
tgo,2018,60.6
tgo,2019,61.06
tgo,2020,61.12
tgo,2021,61.33
tgo,2022,62.29
tgo,2023,62.74
tha,1937,40.3
tha,1941,38.3
tha,1947,41.8
tha,1948,49.9
tha,1950,45.19
tha,1951,45.92
tha,1952,46.5
tha,1953,47.07
tha,1954,47.62
tha,1955,48.13
tha,1956,48.64
tha,1957,49.13
tha,1958,49.55
tha,1959,50.13
tha,1960,50.61
tha,1961,51.06
tha,1962,51.44
tha,1963,51.99
tha,1964,52.54
tha,1965,53.13
tha,1966,53.73
tha,1967,54.32
tha,1968,54.98
tha,1969,55.7
tha,1970,56.47
tha,1971,57.1
tha,1972,57.75
tha,1973,58.32
tha,1974,59.03
tha,1975,59.71
tha,1976,60.37
tha,1977,60.91
tha,1978,61.27
tha,1979,61.7
tha,1980,62.19
tha,1981,62.86
tha,1982,63.6
tha,1983,64.5
tha,1984,65.55
tha,1985,66.54
tha,1986,67.31
tha,1987,67.83
tha,1988,68.19
tha,1989,68.56
tha,1990,68.92
tha,1991,69.13
tha,1992,69.35
tha,1993,69.57
tha,1994,69.66
tha,1995,69.76
tha,1996,69.94
tha,1997,70.36
tha,1998,70.7
tha,1999,70.98
tha,2000,71.21
tha,2001,71.52
tha,2002,71.77
tha,2003,72.1
tha,2004,72.1
tha,2005,72.89
tha,2006,73.34
tha,2007,73.78
tha,2008,74.22
tha,2009,74.67
tha,2010,75.01
tha,2011,75.3
tha,2012,75.59
tha,2013,75.96
tha,2014,76.28
tha,2015,76.56
tha,2016,76.77
tha,2017,76.99
tha,2018,77.19
tha,2019,77.2
tha,2020,77.33
tha,2021,77.61
tha,2022,75.29
tha,2023,76.41
tjk,1950,49.35
tjk,1951,49.64
tjk,1952,49.93
tjk,1953,50.2
tjk,1954,50.51
tjk,1955,50.82
tjk,1956,51.12
tjk,1957,51.44
tjk,1958,51.79
tjk,1959,52.17
tjk,1960,52.53
tjk,1961,52.94
tjk,1962,53.37
tjk,1963,53.79
tjk,1964,54.22
tjk,1965,54.65
tjk,1966,55.08
tjk,1967,55.5
tjk,1968,55.89
tjk,1969,56.26
tjk,1970,56.59
tjk,1971,56.88
tjk,1972,57.16
tjk,1973,57.42
tjk,1974,57.65
tjk,1975,57.88
tjk,1976,58.08
tjk,1977,58.24
tjk,1978,58.4
tjk,1979,58.52
tjk,1980,58.63
tjk,1981,58.76
tjk,1982,60.16
tjk,1983,60.46
tjk,1984,60.69
tjk,1985,60.97
tjk,1986,61.83
tjk,1987,61.58
tjk,1988,61.84
tjk,1989,61.74
tjk,1990,61.64
tjk,1991,61.68
tjk,1992,57.08
tjk,1993,55.51
tjk,1994,60.09
tjk,1995,61.39
tjk,1996,60.81
tjk,1997,61.93
tjk,1998,62.4
tjk,1999,63.11
tjk,2000,63.54
tjk,2001,64.2
tjk,2002,64.9
tjk,2003,65.87
tjk,2004,66.6
tjk,2005,66.53
tjk,2006,67.0
tjk,2007,67.4
tjk,2008,67.92
tjk,2009,68.25
tjk,2010,68.37
tjk,2011,68.7
tjk,2012,69.13
tjk,2013,69.58
tjk,2014,69.7
tjk,2015,69.66
tjk,2016,69.98
tjk,2017,70.52
tjk,2018,70.74
tjk,2019,70.96
tjk,2020,68.61
tjk,2021,69.59
tjk,2022,71.56
tjk,2023,71.79
tkl,1950,54.69
tkl,1951,55.06
tkl,1952,55.48
tkl,1953,55.8
tkl,1954,56.21
tkl,1955,56.59
tkl,1956,56.98
tkl,1957,57.38
tkl,1958,57.81
tkl,1959,58.2
tkl,1960,58.6
tkl,1961,59.0
tkl,1962,59.37
tkl,1963,59.76
tkl,1964,60.15
tkl,1965,60.49
tkl,1966,60.89
tkl,1967,61.27
tkl,1968,61.6
tkl,1969,61.96
tkl,1970,62.3
tkl,1971,62.61
tkl,1972,62.82
tkl,1973,63.04
tkl,1974,63.26
tkl,1975,63.47
tkl,1976,63.72
tkl,1977,64.01
tkl,1978,64.36
tkl,1979,64.74
tkl,1980,65.16
tkl,1981,65.62
tkl,1982,66.07
tkl,1983,66.51
tkl,1984,66.91
tkl,1985,67.34
tkl,1986,67.73
tkl,1987,68.14
tkl,1988,68.53
tkl,1989,68.95
tkl,1990,69.38
tkl,1991,69.8
tkl,1992,70.21
tkl,1993,70.59
tkl,1994,70.92
tkl,1995,71.21
tkl,1996,71.47
tkl,1997,71.65
tkl,1998,71.81
tkl,1999,72.0
tkl,2000,72.2
tkl,2001,72.43
tkl,2002,72.65
tkl,2003,72.89
tkl,2004,73.12
tkl,2005,73.34
tkl,2006,73.56
tkl,2007,73.78
tkl,2008,74.02
tkl,2009,74.27
tkl,2010,74.51
tkl,2011,74.76
tkl,2012,75.01
tkl,2013,75.27
tkl,2014,75.47
tkl,2015,75.71
tkl,2016,75.93
tkl,2017,76.06
tkl,2018,76.24
tkl,2019,76.45
tkl,2020,76.62
tkl,2021,76.72
tkl,2022,76.89
tkl,2023,77.05
tkm,1950,48.1
tkm,1951,48.56
tkm,1952,48.97
tkm,1953,49.36
tkm,1954,49.76
tkm,1955,50.16
tkm,1956,50.57
tkm,1957,50.97
tkm,1958,51.38
tkm,1959,51.77
tkm,1960,52.15
tkm,1961,52.51
tkm,1962,52.87
tkm,1963,53.23
tkm,1964,53.59
tkm,1965,53.99
tkm,1966,54.4
tkm,1967,54.84
tkm,1968,55.27
tkm,1969,55.69
tkm,1970,56.05
tkm,1971,56.35
tkm,1972,56.6
tkm,1973,56.84
tkm,1974,57.04
tkm,1975,57.24
tkm,1976,57.45
tkm,1977,57.69
tkm,1978,58.28
tkm,1979,59.12
tkm,1980,60.18
tkm,1981,60.98
tkm,1982,61.58
tkm,1983,61.99
tkm,1984,62.36
tkm,1985,62.8
tkm,1986,63.21
tkm,1987,63.53
tkm,1988,63.7
tkm,1989,63.78
tkm,1990,63.87
tkm,1991,63.84
tkm,1992,63.75
tkm,1993,63.59
tkm,1994,63.51
tkm,1995,63.51
tkm,1996,63.54
tkm,1997,63.67
tkm,1998,63.97
tkm,1999,64.47
tkm,2000,64.93
tkm,2001,65.32
tkm,2002,65.59
tkm,2003,65.85
tkm,2004,66.05
tkm,2005,66.27
tkm,2006,66.57
tkm,2007,67.02
tkm,2008,67.58
tkm,2009,68.16
tkm,2010,68.61
tkm,2011,68.87
tkm,2012,68.96
tkm,2013,68.97
tkm,2014,69.0
tkm,2015,69.06
tkm,2016,69.14
tkm,2017,69.19
tkm,2018,69.27
tkm,2019,69.4
tkm,2020,68.85
tkm,2021,69.35
tkm,2022,69.91
tkm,2023,70.07
tls,1950,29.16
tls,1951,29.46
tls,1952,29.76
tls,1953,30.07
tls,1954,30.37
tls,1955,30.67
tls,1956,30.98
tls,1957,31.31
tls,1958,31.66
tls,1959,32.02
tls,1960,32.4
tls,1961,32.8
tls,1962,33.22
tls,1963,33.67
tls,1964,34.15
tls,1965,34.65
tls,1966,35.17
tls,1967,35.7
tls,1968,36.24
tls,1969,36.8
tls,1970,37.36
tls,1971,37.91
tls,1972,38.44
tls,1973,38.97
tls,1974,36.45
tls,1975,24.31
tls,1976,25.86
tls,1977,24.88
tls,1978,22.93
tls,1979,24.17
tls,1980,30.2
tls,1981,31.25
tls,1982,32.25
tls,1983,32.69
tls,1984,34.47
tls,1985,34.34
tls,1986,34.76
tls,1987,35.97
tls,1988,36.05
tls,1989,44.8
tls,1990,45.18
tls,1991,45.08
tls,1992,46.19
tls,1993,47.01
tls,1994,47.86
tls,1995,47.54
tls,1996,48.26
tls,1997,48.97
tls,1998,48.58
tls,1999,45.25
tls,2000,58.1
tls,2001,58.77
tls,2002,59.48
tls,2003,60.13
tls,2004,60.74
tls,2005,61.27
tls,2006,61.88
tls,2007,62.4
tls,2008,62.86
tls,2009,63.27
tls,2010,63.66
tls,2011,64.02
tls,2012,64.38
tls,2013,64.72
tls,2014,65.03
tls,2015,65.33
tls,2016,65.61
tls,2017,65.9
tls,2018,66.2
tls,2019,66.5
tls,2020,66.92
tls,2021,66.2
tls,2022,67.37
tls,2023,67.69
ton,1950,48.38
ton,1951,49.79
ton,1952,51.16
ton,1953,52.45
ton,1954,53.56
ton,1955,54.66
ton,1956,55.66
ton,1957,56.51
ton,1958,57.21
ton,1959,57.77
ton,1960,58.31
ton,1961,58.76
ton,1962,59.3
ton,1963,59.77
ton,1964,60.25
ton,1965,60.72
ton,1966,61.21
ton,1967,61.69
ton,1968,62.16
ton,1969,62.7
ton,1970,63.18
ton,1971,63.61
ton,1972,64.06
ton,1973,64.39
ton,1974,64.82
ton,1975,65.12
ton,1976,65.42
ton,1977,65.62
ton,1978,65.85
ton,1979,66.04
ton,1980,66.19
ton,1981,66.36
ton,1982,66.33
ton,1983,66.65
ton,1984,66.81
ton,1985,66.93
ton,1986,67.06
ton,1987,67.19
ton,1988,67.32
ton,1989,67.45
ton,1990,67.54
ton,1991,67.75
ton,1992,67.93
ton,1993,68.16
ton,1994,68.37
ton,1995,68.59
ton,1996,68.8
ton,1997,69.01
ton,1998,69.22
ton,1999,69.43
ton,2000,69.63
ton,2001,69.8
ton,2002,70.03
ton,2003,70.23
ton,2004,70.43
ton,2005,70.56
ton,2006,70.71
ton,2007,70.89
ton,2008,71.04
ton,2009,70.95
ton,2010,71.32
ton,2011,71.44
ton,2012,71.55
ton,2013,71.65
ton,2014,71.72
ton,2015,71.85
ton,2016,71.95
ton,2017,72.07
ton,2018,72.17
ton,2019,72.29
ton,2020,72.38
ton,2021,72.13
ton,2022,72.64
ton,2023,72.89
tto,1921,38.8
tto,1931,45.7
tto,1946,54.5
tto,1950,56.98
tto,1951,57.33
tto,1952,57.68
tto,1953,58.25
tto,1954,59.08
tto,1955,59.72
tto,1956,60.34
tto,1957,60.75
tto,1958,61.42
tto,1959,61.89
tto,1960,62.5
tto,1961,62.97
tto,1962,63.43
tto,1963,63.63
tto,1964,63.98
tto,1965,64.2
tto,1966,64.32
tto,1967,64.47
tto,1968,64.63
tto,1969,64.75
tto,1970,64.87
tto,1971,64.93
tto,1972,65.18
tto,1973,65.41
tto,1974,65.51
tto,1975,65.65
tto,1976,66.03
tto,1977,66.17
tto,1978,66.2
tto,1979,66.42
tto,1980,66.51
tto,1981,66.46
tto,1982,66.38
tto,1983,66.44
tto,1984,66.56
tto,1985,66.75
tto,1986,66.9
tto,1987,67.13
tto,1988,67.38
tto,1989,67.52
tto,1990,67.59
tto,1991,67.78
tto,1992,67.78
tto,1993,67.82
tto,1994,67.84
tto,1995,68.0
tto,1996,68.04
tto,1997,68.14
tto,1998,68.33
tto,1999,68.51
tto,2000,68.63
tto,2001,68.87
tto,2002,69.23
tto,2003,69.45
tto,2004,69.88
tto,2005,70.18
tto,2006,70.44
tto,2007,70.8
tto,2008,71.12
tto,2009,71.4
tto,2010,71.81
tto,2011,72.23
tto,2012,72.51
tto,2013,72.79
tto,2014,72.9
tto,2015,72.88
tto,2016,72.93
tto,2017,72.98
tto,2018,72.66
tto,2019,72.84
tto,2020,72.64
tto,2021,71.11
tto,2022,73.33
tto,2023,73.49
tun,1923,28.8
tun,1933,31.22
tun,1943,33.72
tun,1950,38.22
tun,1951,38.72
tun,1952,39.31
tun,1953,39.75
tun,1954,40.0
tun,1955,40.76
tun,1956,41.35
tun,1957,42.08
tun,1958,42.7
tun,1959,43.36
tun,1960,44.05
tun,1961,44.26
tun,1962,45.56
tun,1963,46.41
tun,1964,47.27
tun,1965,48.2
tun,1966,49.16
tun,1967,50.16
tun,1968,51.34
tun,1969,52.3
tun,1970,53.79
tun,1971,54.91
tun,1972,56.09
tun,1973,57.12
tun,1974,58.25
tun,1975,59.31
tun,1976,60.31
tun,1977,61.26
tun,1978,62.15
tun,1979,62.93
tun,1980,63.67
tun,1981,64.37
tun,1982,65.01
tun,1983,65.7
tun,1984,66.29
tun,1985,66.88
tun,1986,67.43
tun,1987,68.01
tun,1988,68.46
tun,1989,68.83
tun,1990,69.09
tun,1991,69.4
tun,1992,69.68
tun,1993,69.99
tun,1994,70.36
tun,1995,70.79
tun,1996,71.25
tun,1997,71.67
tun,1998,72.07
tun,1999,72.34
tun,2000,72.6
tun,2001,72.82
tun,2002,73.07
tun,2003,73.3
tun,2004,73.52
tun,2005,73.71
tun,2006,73.89
tun,2007,74.04
tun,2008,74.19
tun,2009,74.32
tun,2010,74.44
tun,2011,74.47
tun,2012,74.6
tun,2013,74.67
tun,2014,74.78
tun,2015,74.87
tun,2016,75.01
tun,2017,75.18
tun,2018,75.37
tun,2019,75.6
tun,2020,75.0
tun,2021,72.89
tun,2022,76.05
tun,2023,76.51
tur,1937,35.43
tur,1942,31.34
tur,1947,38.1
tur,1950,47.29
tur,1951,47.6
tur,1952,48.12
tur,1953,48.2
tur,1954,48.8
tur,1955,49.06
tur,1956,49.47
tur,1957,49.22
tur,1958,49.23
tur,1959,50.14
tur,1960,50.8
tur,1961,51.56
tur,1962,52.35
tur,1963,53.12
tur,1964,53.6
tur,1965,54.1
tur,1966,54.57
tur,1967,55.18
tur,1968,55.64
tur,1969,56.18
tur,1970,56.7
tur,1971,57.22
tur,1972,57.97
tur,1973,58.45
tur,1974,59.02
tur,1975,59.51
tur,1976,60.01
tur,1977,60.85
tur,1978,61.61
tur,1979,62.16
tur,1980,62.74
tur,1981,63.19
tur,1982,63.74
tur,1983,64.27
tur,1984,64.81
tur,1985,65.34
tur,1986,65.87
tur,1987,66.38
tur,1988,66.9
tur,1989,67.36
tur,1990,67.83
tur,1991,68.29
tur,1992,68.6
tur,1993,69.02
tur,1994,69.4
tur,1995,69.73
tur,1996,70.25
tur,1997,70.67
tur,1998,71.14
tur,1999,70.75
tur,2000,71.93
tur,2001,72.27
tur,2002,72.6
tur,2003,72.91
tur,2004,73.22
tur,2005,73.51
tur,2006,73.8
tur,2007,74.13
tur,2008,74.38
tur,2009,74.68
tur,2010,74.96
tur,2011,74.82
tur,2012,75.55
tur,2013,76.17
tur,2014,76.45
tur,2015,76.54
tur,2016,76.59
tur,2017,77.04
tur,2018,77.45
tur,2019,77.74
tur,2020,76.53
tur,2021,75.72
tur,2022,77.59
tur,2023,77.16
tuv,1950,40.01
tuv,1951,40.83
tuv,1952,41.66
tuv,1953,42.45
tuv,1954,43.35
tuv,1955,44.17
tuv,1956,45.02
tuv,1957,45.85
tuv,1958,46.7
tuv,1959,47.5
tuv,1960,48.26
tuv,1961,49.02
tuv,1962,49.78
tuv,1963,50.58
tuv,1964,51.34
tuv,1965,52.09
tuv,1966,52.81
tuv,1967,53.48
tuv,1968,54.07
tuv,1969,54.73
tuv,1970,55.35
tuv,1971,55.97
tuv,1972,54.69
tuv,1973,57.2
tuv,1974,57.69
tuv,1975,58.25
tuv,1976,58.77
tuv,1977,59.2
tuv,1978,59.57
tuv,1979,59.88
tuv,1980,60.22
tuv,1981,60.49
tuv,1982,60.75
tuv,1983,60.94
tuv,1984,61.05
tuv,1985,61.14
tuv,1986,61.21
tuv,1987,61.29
tuv,1988,61.37
tuv,1989,61.51
tuv,1990,61.64
tuv,1991,61.81
tuv,1992,60.29
tuv,1993,62.11
tuv,1994,62.32
tuv,1995,62.5
tuv,1996,62.71
tuv,1997,62.94
tuv,1998,63.16
tuv,1999,63.35
tuv,2000,63.54
tuv,2001,63.71
tuv,2002,63.82
tuv,2003,63.9
tuv,2004,63.99
tuv,2005,64.1
tuv,2006,64.25
tuv,2007,64.4
tuv,2008,64.52
tuv,2009,64.69
tuv,2010,64.83
tuv,2011,64.96
tuv,2012,65.08
tuv,2013,65.17
tuv,2014,65.28
tuv,2015,65.37
tuv,2016,65.51
tuv,2017,65.68
tuv,2018,65.87
tuv,2019,66.11
tuv,2020,66.36
tuv,2021,65.82
tuv,2022,66.85
tuv,2023,67.1
twn,1950,56.59
twn,1951,57.19
twn,1952,57.91
twn,1953,58.56
twn,1954,58.93
twn,1955,59.8
twn,1956,60.31
twn,1957,60.95
twn,1958,61.04
twn,1959,61.61
twn,1960,62.54
twn,1961,62.98
twn,1962,63.79
twn,1963,64.47
twn,1964,64.88
twn,1965,65.73
twn,1966,66.09
twn,1967,66.67
twn,1968,66.8
twn,1969,67.72
twn,1970,69.04
twn,1971,69.36
twn,1972,69.63
twn,1973,69.8
twn,1974,70.31
twn,1975,70.88
twn,1976,71.16
twn,1977,71.26
twn,1978,71.73
twn,1979,71.71
twn,1980,71.96
twn,1981,72.02
twn,1982,72.4
twn,1983,72.4
twn,1984,72.99
twn,1985,73.3
twn,1986,73.32
twn,1987,73.61
twn,1988,73.4
twn,1989,73.67
twn,1990,73.94
twn,1991,74.29
twn,1992,74.3
twn,1993,74.56
twn,1994,74.7
twn,1995,74.62
twn,1996,74.92
twn,1997,75.32
twn,1998,75.48
twn,1999,75.62
twn,2000,76.14
twn,2001,76.48
twn,2002,76.87
twn,2003,77.04
twn,2004,77.17
twn,2005,77.13
twn,2006,77.84
twn,2007,78.05
twn,2008,78.3
twn,2009,78.7
twn,2010,79.04
twn,2011,78.88
twn,2012,79.18
twn,2013,79.6
twn,2014,79.47
twn,2015,79.88
twn,2016,79.7
twn,2017,80.06
twn,2018,80.43
twn,2019,80.6
twn,2020,81.11
twn,2021,80.78
twn,2022,80.16
twn,2023,80.56
tza,1950,41.03
tza,1951,41.18
tza,1952,41.36
tza,1953,41.51
tza,1954,41.66
tza,1955,41.83
tza,1956,41.99
tza,1957,42.14
tza,1958,42.31
tza,1959,42.45
tza,1960,42.6
tza,1961,42.84
tza,1962,43.21
tza,1963,43.62
tza,1964,44.08
tza,1965,44.54
tza,1966,44.94
tza,1967,45.16
tza,1968,45.63
tza,1969,46.04
tza,1970,46.49
tza,1971,46.97
tza,1972,47.44
tza,1973,47.91
tza,1974,48.42
tza,1975,48.92
tza,1976,49.46
tza,1977,49.97
tza,1978,50.35
tza,1979,50.79
tza,1980,51.27
tza,1981,51.7
tza,1982,51.99
tza,1983,52.18
tza,1984,52.15
tza,1985,52.18
tza,1986,52.21
tza,1987,52.18
tza,1988,52.22
tza,1989,52.09
tza,1990,51.98
tza,1991,51.84
tza,1992,51.43
tza,1993,51.22
tza,1994,51.08
tza,1995,51.0
tza,1996,51.13
tza,1997,51.25
tza,1998,51.81
tza,1999,52.4
tza,2000,53.24
tza,2001,54.12
tza,2002,54.94
tza,2003,55.93
tza,2004,56.84
tza,2005,57.68
tza,2006,58.51
tza,2007,59.26
tza,2008,59.9
tza,2009,60.49
tza,2010,61.13
tza,2011,61.62
tza,2012,62.29
tza,2013,62.79
tza,2014,63.36
tza,2015,63.93
tza,2016,64.4
tza,2017,64.96
tza,2018,65.49
tza,2019,66.01
tza,2020,66.77
tza,2021,66.13
tza,2022,66.88
tza,2023,67.0
uga,1927,23.9
uga,1937,26.4
uga,1945,28.8
uga,1950,39.71
uga,1951,40.22
uga,1952,40.75
uga,1953,41.29
uga,1954,41.84
uga,1955,42.42
uga,1956,43.02
uga,1957,43.65
uga,1958,44.31
uga,1959,44.95
uga,1960,45.63
uga,1961,46.27
uga,1962,46.82
uga,1963,47.38
uga,1964,47.85
uga,1965,48.3
uga,1966,48.46
uga,1967,49.01
uga,1968,49.28
uga,1969,49.5
uga,1970,49.62
uga,1971,47.15
uga,1972,47.16
uga,1973,46.99
uga,1974,46.86
uga,1975,46.52
uga,1976,46.17
uga,1977,45.84
uga,1978,45.6
uga,1979,45.38
uga,1980,43.45
uga,1981,43.46
uga,1982,43.31
uga,1983,43.49
uga,1984,43.71
uga,1985,45.5
uga,1986,45.65
uga,1987,47.36
uga,1988,47.48
uga,1989,47.49
uga,1990,47.56
uga,1991,47.55
uga,1992,47.67
uga,1993,47.68
uga,1994,47.67
uga,1995,47.71
uga,1996,47.76
uga,1997,48.03
uga,1998,48.26
uga,1999,48.98
uga,2000,49.64
uga,2001,50.58
uga,2002,51.44
uga,2003,52.41
uga,2004,53.7
uga,2005,54.93
uga,2006,56.12
uga,2007,57.25
uga,2008,58.25
uga,2009,59.16
uga,2010,59.96
uga,2011,60.79
uga,2012,61.58
uga,2013,62.35
uga,2014,63.06
uga,2015,63.83
uga,2016,64.49
uga,2017,65.17
uga,2018,65.78
uga,2019,66.35
uga,2020,66.41
uga,2021,66.45
uga,2022,67.67
uga,2023,68.25
ukr,1900,36.6
ukr,1926,46.95
ukr,1939,50.0
ukr,1940,49.8
ukr,1941,24.7
ukr,1942,19.4
ukr,1943,18.2
ukr,1944,28.7
ukr,1945,35.3
ukr,1946,55.2
ukr,1947,45.1
ukr,1948,57.8
ukr,1949,60.6
ukr,1950,61.17
ukr,1951,61.36
ukr,1952,62.07
ukr,1953,63.02
ukr,1954,64.13
ukr,1955,65.26
ukr,1956,66.26
ukr,1957,67.17
ukr,1958,67.73
ukr,1959,68.69
ukr,1960,69.39
ukr,1961,70.04
ukr,1962,70.4
ukr,1963,70.68
ukr,1964,70.97
ukr,1965,71.14
ukr,1966,71.16
ukr,1967,71.11
ukr,1968,70.97
ukr,1969,70.83
ukr,1970,70.84
ukr,1971,70.87
ukr,1972,70.97
ukr,1973,70.82
ukr,1974,70.63
ukr,1975,70.36
ukr,1976,70.14
ukr,1977,70.01
ukr,1978,69.84
ukr,1979,69.78
ukr,1980,69.76
ukr,1981,69.82
ukr,1982,69.9
ukr,1983,69.95
ukr,1984,69.99
ukr,1985,70.41
ukr,1986,70.83
ukr,1987,71.18
ukr,1988,71.04
ukr,1989,70.84
ukr,1990,70.35
ukr,1991,69.69
ukr,1992,68.95
ukr,1993,68.29
ukr,1994,67.53
ukr,1995,67.11
ukr,1996,67.1
ukr,1997,67.66
ukr,1998,67.99
ukr,1999,68.0
ukr,2000,67.79
ukr,2001,67.68
ukr,2002,67.7
ukr,2003,67.64
ukr,2004,67.47
ukr,2005,67.52
ukr,2006,67.49
ukr,2007,67.71
ukr,2008,68.26
ukr,2009,69.16
ukr,2010,70.19
ukr,2011,70.71
ukr,2012,71.09
ukr,2013,71.47
ukr,2014,71.8
ukr,2015,72.69
ukr,2016,73.39
ukr,2017,73.99
ukr,2018,73.57
ukr,2019,73.92
ukr,2020,73.28
ukr,2021,71.63
ukr,2022,72.66
ukr,2023,73.42
ury,1900,49.0
ury,1910,52.0
ury,1920,52.0
ury,1930,50.0
ury,1940,58.0
ury,1950,65.57
ury,1951,65.84
ury,1952,66.06
ury,1953,66.26
ury,1954,66.48
ury,1955,66.69
ury,1956,66.91
ury,1957,67.12
ury,1958,67.33
ury,1959,67.53
ury,1960,67.68
ury,1961,67.81
ury,1962,67.91
ury,1963,68.02
ury,1964,68.11
ury,1965,68.2
ury,1966,68.3
ury,1967,68.41
ury,1968,68.51
ury,1969,68.58
ury,1970,68.73
ury,1971,68.93
ury,1972,69.17
ury,1973,69.35
ury,1974,69.52
ury,1975,69.71
ury,1976,69.89
ury,1977,70.08
ury,1978,70.26
ury,1979,70.26
ury,1980,70.51
ury,1981,70.95
ury,1982,71.53
ury,1983,71.6
ury,1984,71.71
ury,1985,71.86
ury,1986,72.19
ury,1987,72.2
ury,1988,72.41
ury,1989,72.63
ury,1990,72.99
ury,1991,73.2
ury,1992,73.19
ury,1993,73.15
ury,1994,73.16
ury,1995,73.49
ury,1996,73.81
ury,1997,73.92
ury,1998,74.03
ury,1999,74.29
ury,2000,74.69
ury,2001,74.99
ury,2002,74.98
ury,2003,75.09
ury,2004,75.32
ury,2005,75.83
ury,2006,75.89
ury,2007,76.15
ury,2008,76.27
ury,2009,76.67
ury,2010,76.69
ury,2011,76.61
ury,2012,76.69
ury,2013,76.95
ury,2014,77.19
ury,2015,77.28
ury,2016,77.35
ury,2017,77.62
ury,2018,77.53
ury,2019,77.5
ury,2020,78.38
ury,2021,75.43
ury,2022,76.47
ury,2023,78.14
usa,1880,39.41
usa,1890,45.21
usa,1901,49.3
usa,1902,50.5
usa,1903,50.6
usa,1904,49.6
usa,1905,50.3
usa,1906,50.1
usa,1907,50.2
usa,1908,51.9
usa,1909,52.8
usa,1910,51.8
usa,1911,53.4
usa,1912,54.1
usa,1913,53.5
usa,1914,54.6
usa,1915,55.1
usa,1916,54.2
usa,1917,54.0
usa,1918,47.2
usa,1919,55.3
usa,1920,55.4
usa,1921,58.2
usa,1922,58.1
usa,1923,57.5
usa,1924,58.5
usa,1925,58.5
usa,1926,57.9
usa,1927,59.4
usa,1928,58.3
usa,1929,58.5
usa,1930,59.6
usa,1931,60.3
usa,1932,61.0
usa,1933,60.9
usa,1934,60.19
usa,1935,60.91
usa,1936,60.35
usa,1937,61.03
usa,1938,62.39
usa,1939,63.07
usa,1940,63.22
usa,1941,63.79
usa,1942,64.54
usa,1943,64.36
usa,1944,65.06
usa,1945,65.59
usa,1946,66.13
usa,1947,66.8
usa,1948,67.22
usa,1949,67.63
usa,1950,68.07
usa,1951,68.17
usa,1952,68.38
usa,1953,68.71
usa,1954,69.5
usa,1955,69.56
usa,1956,69.64
usa,1957,69.42
usa,1958,69.67
usa,1959,69.9
usa,1960,69.83
usa,1961,70.25
usa,1962,70.12
usa,1963,69.94
usa,1964,70.2
usa,1965,70.25
usa,1966,70.21
usa,1967,70.52
usa,1968,70.2
usa,1969,70.48
usa,1970,70.73
usa,1971,71.1
usa,1972,71.18
usa,1973,71.4
usa,1974,71.96
usa,1975,72.54
usa,1976,72.84
usa,1977,73.23
usa,1978,73.41
usa,1979,73.83
usa,1980,73.73
usa,1981,74.12
usa,1982,74.46
usa,1983,74.55
usa,1984,74.67
usa,1985,74.65
usa,1986,74.73
usa,1987,74.86
usa,1988,74.83
usa,1989,75.11
usa,1990,75.37
usa,1991,75.52
usa,1992,75.78
usa,1993,75.57
usa,1994,75.74
usa,1995,75.85
usa,1996,76.17
usa,1997,76.5
usa,1998,76.66
usa,1999,76.67
usa,2000,76.81
usa,2001,76.92
usa,2002,76.99
usa,2003,77.14
usa,2004,77.54
usa,2005,77.53
usa,2006,77.8
usa,2007,78.05
usa,2008,78.13
usa,2009,78.48
usa,2010,78.67
usa,2011,78.7
usa,2012,78.82
usa,2013,78.82
usa,2014,78.88
usa,2015,78.72
usa,2016,78.69
usa,2017,78.65
usa,2018,78.8
usa,2019,78.92
usa,2020,77.01
usa,2021,76.38
usa,2022,77.98
usa,2023,79.3
uzb,1950,53.34
uzb,1951,53.66
uzb,1952,53.96
uzb,1953,54.26
uzb,1954,54.56
uzb,1955,54.87
uzb,1956,55.19
uzb,1957,55.51
uzb,1958,55.85
uzb,1959,56.19
uzb,1960,56.54
uzb,1961,56.87
uzb,1962,57.22
uzb,1963,57.56
uzb,1964,57.92
uzb,1965,58.28
uzb,1966,58.63
uzb,1967,58.99
uzb,1968,59.35
uzb,1969,59.72
uzb,1970,60.07
uzb,1971,60.42
uzb,1972,60.75
uzb,1973,61.06
uzb,1974,61.35
uzb,1975,61.63
uzb,1976,61.9
uzb,1977,62.17
uzb,1978,62.44
uzb,1979,62.71
uzb,1980,62.98
uzb,1981,63.22
uzb,1982,63.46
uzb,1983,63.75
uzb,1984,64.11
uzb,1985,64.57
uzb,1986,65.03
uzb,1987,65.49
uzb,1988,65.76
uzb,1989,65.84
uzb,1990,65.77
uzb,1991,65.53
uzb,1992,65.24
uzb,1993,64.92
uzb,1994,64.68
uzb,1995,64.67
uzb,1996,64.78
uzb,1997,65.03
uzb,1998,65.17
uzb,1999,65.31
uzb,2000,65.46
uzb,2001,65.85
uzb,2002,66.38
uzb,2003,66.85
uzb,2004,67.2
uzb,2005,67.48
uzb,2006,67.91
uzb,2007,68.48
uzb,2008,69.03
uzb,2009,69.52
uzb,2010,69.84
uzb,2011,70.14
uzb,2012,70.41
uzb,2013,70.69
uzb,2014,70.97
uzb,2015,71.33
uzb,2016,71.58
uzb,2017,71.74
uzb,2018,72.0
uzb,2019,72.09
uzb,2020,71.46
uzb,2021,71.68
uzb,2022,72.15
uzb,2023,72.39
vat,1950,65.85
vat,1951,65.25
vat,1952,65.71
vat,1953,66.26
vat,1954,67.49
vat,1955,67.81
vat,1956,67.31
vat,1957,67.54
vat,1958,68.73
vat,1959,69.24
vat,1960,69.19
vat,1961,69.8
vat,1962,69.22
vat,1963,69.3
vat,1964,70.27
vat,1965,70.14
vat,1966,70.88
vat,1967,70.9
vat,1968,70.7
vat,1969,70.66
vat,1970,71.48
vat,1971,71.74
vat,1972,71.97
vat,1973,71.94
vat,1974,72.65
vat,1975,72.59
vat,1976,72.93
vat,1977,73.3
vat,1978,73.74
vat,1979,73.99
vat,1980,74.13
vat,1981,74.32
vat,1982,74.78
vat,1983,74.65
vat,1984,75.06
vat,1985,75.46
vat,1986,75.75
vat,1987,76.2
vat,1988,76.37
vat,1989,76.79
vat,1990,76.9
vat,1991,76.92
vat,1992,77.32
vat,1993,77.02
vat,1994,77.66
vat,1995,77.8
vat,1996,78.51
vat,1997,78.19
vat,1998,78.34
vat,1999,78.67
vat,2000,79.34
vat,2001,79.85
vat,2002,79.95
vat,2003,79.85
vat,2004,80.19
vat,2005,80.65
vat,2006,81.22
vat,2007,81.3
vat,2008,81.37
vat,2009,81.3
vat,2010,81.54
vat,2011,81.71
vat,2012,81.98
vat,2013,82.47
vat,2014,82.63
vat,2015,82.46
vat,2016,82.88
vat,2017,82.72
vat,2018,83.31
vat,2019,83.62
vat,2020,82.99
vat,2021,82.95
vat,2022,83.34
vat,2023,82.98
vct,1950,46.9
vct,1951,48.58
vct,1952,49.52
vct,1953,51.1
vct,1954,52.73
vct,1955,54.26
vct,1956,54.94
vct,1957,55.91
vct,1958,57.07
vct,1959,57.77
vct,1960,58.57
vct,1961,59.27
vct,1962,59.92
vct,1963,60.52
vct,1964,61.07
vct,1965,61.61
vct,1966,62.1
vct,1967,62.54
vct,1968,63.06
vct,1969,63.53
vct,1970,64.03
vct,1971,64.43
vct,1972,64.75
vct,1973,65.1
vct,1974,65.42
vct,1975,65.87
vct,1976,66.47
vct,1977,66.88
vct,1978,67.27
vct,1979,69.34
vct,1980,67.98
vct,1981,68.29
vct,1982,68.58
vct,1983,68.8
vct,1984,69.24
vct,1985,69.77
vct,1986,70.1
vct,1987,70.43
vct,1988,70.61
vct,1989,70.65
vct,1990,70.65
vct,1991,70.64
vct,1992,70.74
vct,1993,70.62
vct,1994,70.6
vct,1995,70.57
vct,1996,70.47
vct,1997,70.38
vct,1998,70.26
vct,1999,70.31
vct,2000,70.35
vct,2001,70.38
vct,2002,70.66
vct,2003,70.43
vct,2004,70.45
vct,2005,70.45
vct,2006,70.43
vct,2007,70.45
vct,2008,70.61
vct,2009,70.71
vct,2010,70.66
vct,2011,70.61
vct,2012,70.54
vct,2013,70.09
vct,2014,70.35
vct,2015,70.46
vct,2016,70.7
vct,2017,71.01
vct,2018,71.02
vct,2019,70.99
vct,2020,69.61
vct,2021,69.13
vct,2022,71.19
vct,2023,71.23
ven,1900,28.0
ven,1910,29.0
ven,1920,31.0
ven,1930,32.0
ven,1940,38.0
ven,1950,51.14
ven,1951,51.99
ven,1952,52.69
ven,1953,53.4
ven,1954,54.1
ven,1955,54.78
ven,1956,55.51
ven,1957,56.22
ven,1958,56.94
ven,1959,57.68
ven,1960,58.38
ven,1961,59.11
ven,1962,59.67
ven,1963,60.5
ven,1964,61.17
ven,1965,61.91
ven,1966,62.89
ven,1967,63.55
ven,1968,63.91
ven,1969,63.84
ven,1970,64.82
ven,1971,65.18
ven,1972,65.55
ven,1973,65.74
ven,1974,66.22
ven,1975,66.69
ven,1976,67.27
ven,1977,67.73
ven,1978,68.11
ven,1979,68.23
ven,1980,68.18
ven,1981,68.7
ven,1982,68.98
ven,1983,69.54
ven,1984,69.67
ven,1985,69.96
ven,1986,70.53
ven,1987,70.67
ven,1988,70.76
ven,1989,70.81
ven,1990,70.96
ven,1991,71.17
ven,1992,71.18
ven,1993,71.38
ven,1994,71.28
ven,1995,71.71
ven,1996,71.92
ven,1997,72.56
ven,1998,72.45
ven,1999,72.09
ven,2000,72.39
ven,2001,71.02
ven,2002,72.82
ven,2003,72.06
ven,2004,72.75
ven,2005,73.08
ven,2006,72.97
ven,2007,73.35
ven,2008,72.58
ven,2009,72.79
ven,2010,73.09
ven,2011,73.09
ven,2012,73.09
ven,2013,73.08
ven,2014,72.84
ven,2015,73.0
ven,2016,72.0
ven,2017,71.9
ven,2018,72.64
ven,2019,72.77
ven,2020,72.37
ven,2021,71.54
ven,2022,72.57
ven,2023,72.51
vgb,1950,53.35
vgb,1951,54.26
vgb,1952,55.22
vgb,1953,56.23
vgb,1954,57.37
vgb,1955,58.42
vgb,1956,59.5
vgb,1957,60.52
vgb,1958,61.39
vgb,1959,62.17
vgb,1960,62.71
vgb,1961,63.27
vgb,1962,63.83
vgb,1963,64.31
vgb,1964,64.76
vgb,1965,65.15
vgb,1966,65.5
vgb,1967,65.86
vgb,1968,66.02
vgb,1969,66.24
vgb,1970,66.41
vgb,1971,66.66
vgb,1972,66.9
vgb,1973,67.19
vgb,1974,67.65
vgb,1975,68.07
vgb,1976,68.41
vgb,1977,68.68
vgb,1978,69.03
vgb,1979,69.32
vgb,1980,69.64
vgb,1981,69.91
vgb,1982,70.14
vgb,1983,70.37
vgb,1984,70.71
vgb,1985,70.99
vgb,1986,71.25
vgb,1987,71.49
vgb,1988,71.76
vgb,1989,72.04
vgb,1990,72.39
vgb,1991,72.75
vgb,1992,73.11
vgb,1993,73.43
vgb,1994,73.79
vgb,1995,74.09
vgb,1996,74.34
vgb,1997,74.47
vgb,1998,74.57
vgb,1999,74.65
vgb,2000,74.75
vgb,2001,74.83
vgb,2002,74.97
vgb,2003,75.18
vgb,2004,75.4
vgb,2005,75.57
vgb,2006,75.75
vgb,2007,75.89
vgb,2008,76.07
vgb,2009,76.2
vgb,2010,76.29
vgb,2011,76.36
vgb,2012,76.43
vgb,2013,76.47
vgb,2014,76.53
vgb,2015,76.56
vgb,2016,76.62
vgb,2017,75.67
vgb,2018,76.73
vgb,2019,76.85
vgb,2020,76.89
vgb,2021,75.3
vgb,2022,77.18
vgb,2023,77.28
vir,1950,59.9
vir,1951,57.11
vir,1952,58.88
vir,1953,61.45
vir,1954,63.81
vir,1955,62.94
vir,1956,60.95
vir,1957,61.84
vir,1958,64.57
vir,1959,61.81
vir,1960,62.65
vir,1961,63.23
vir,1962,62.78
vir,1963,61.52
vir,1964,64.22
vir,1965,64.77
vir,1966,63.73
vir,1967,64.45
vir,1968,65.17
vir,1969,65.81
vir,1970,66.43
vir,1971,67.02
vir,1972,65.55
vir,1973,67.04
vir,1974,67.34
vir,1975,67.64
vir,1976,67.85
vir,1977,68.07
vir,1978,68.29
vir,1979,68.51
vir,1980,68.74
vir,1981,68.92
vir,1982,69.13
vir,1983,69.35
vir,1984,69.54
vir,1985,69.68
vir,1986,69.97
vir,1987,70.19
vir,1988,70.4
vir,1989,70.53
vir,1990,70.68
vir,1991,70.81
vir,1992,70.97
vir,1993,71.09
vir,1994,71.24
vir,1995,71.19
vir,1996,71.6
vir,1997,70.91
vir,1998,71.26
vir,1999,71.11
vir,2000,71.8
vir,2001,72.22
vir,2002,72.05
vir,2003,72.01
vir,2004,71.83
vir,2005,72.23
vir,2006,72.48
vir,2007,72.59
vir,2008,72.66
vir,2009,72.92
vir,2010,73.24
vir,2011,73.4
vir,2012,73.7
vir,2013,73.95
vir,2014,74.2
vir,2015,74.31
vir,2016,74.42
vir,2017,74.37
vir,2018,74.68
vir,2019,74.88
vir,2020,74.71
vir,2021,74.61
vir,2022,75.04
vir,2023,75.47
vnm,1950,48.04
vnm,1951,48.7
vnm,1952,49.38
vnm,1953,49.96
vnm,1954,52.0
vnm,1955,54.83
vnm,1956,55.53
vnm,1957,56.17
vnm,1958,56.8
vnm,1959,57.4
vnm,1960,58.05
vnm,1961,58.46
vnm,1962,58.2
vnm,1963,56.9
vnm,1964,57.47
vnm,1965,56.97
vnm,1966,56.91
vnm,1967,56.74
vnm,1968,52.67
vnm,1969,54.79
vnm,1970,54.93
vnm,1971,55.58
vnm,1972,51.91
vnm,1973,55.68
vnm,1974,54.75
vnm,1975,61.86
vnm,1976,63.67
vnm,1977,64.07
vnm,1978,64.53
vnm,1979,64.99
vnm,1980,65.34
vnm,1981,65.78
vnm,1982,66.21
vnm,1983,66.54
vnm,1984,66.93
vnm,1985,67.19
vnm,1986,67.55
vnm,1987,68.0
vnm,1988,68.58
vnm,1989,68.81
vnm,1990,69.03
vnm,1991,69.3
vnm,1992,69.62
vnm,1993,69.96
vnm,1994,70.38
vnm,1995,70.87
vnm,1996,71.3
vnm,1997,71.67
vnm,1998,72.28
vnm,1999,72.58
vnm,2000,72.75
vnm,2001,72.98
vnm,2002,73.14
vnm,2003,73.24
vnm,2004,73.06
vnm,2005,73.2
vnm,2006,73.29
vnm,2007,73.39
vnm,2008,73.46
vnm,2009,73.53
vnm,2010,73.61
vnm,2011,73.71
vnm,2012,73.76
vnm,2013,73.82
vnm,2014,73.89
vnm,2015,73.96
vnm,2016,73.98
vnm,2017,74.03
vnm,2018,74.1
vnm,2019,74.21
vnm,2020,75.38
vnm,2021,74.14
vnm,2022,74.5
vnm,2023,74.59
vut,1950,43.93
vut,1951,42.19
vut,1952,45.28
vut,1953,45.82
vut,1954,46.48
vut,1955,47.1
vut,1956,47.67
vut,1957,48.2
vut,1958,48.75
vut,1959,49.29
vut,1960,49.84
vut,1961,50.38
vut,1962,50.93
vut,1963,51.48
vut,1964,51.97
vut,1965,52.53
vut,1966,53.09
vut,1967,53.67
vut,1968,54.23
vut,1969,54.76
vut,1970,55.31
vut,1971,55.88
vut,1972,56.37
vut,1973,57.0
vut,1974,57.57
vut,1975,58.13
vut,1976,58.66
vut,1977,59.25
vut,1978,59.88
vut,1979,60.89
vut,1980,61.32
vut,1981,61.95
vut,1982,62.54
vut,1983,63.08
vut,1984,63.52
vut,1985,63.93
vut,1986,64.62
vut,1987,64.44
vut,1988,65.7
vut,1989,66.02
vut,1990,66.68
vut,1991,67.11
vut,1992,67.43
vut,1993,67.72
vut,1994,67.98
vut,1995,68.1
vut,1996,68.18
vut,1997,68.31
vut,1998,68.37
vut,1999,67.92
vut,2000,68.59
vut,2001,68.72
vut,2002,68.84
vut,2003,68.93
vut,2004,68.98
vut,2005,69.17
vut,2006,69.13
vut,2007,69.14
vut,2008,69.3
vut,2009,69.42
vut,2010,69.57
vut,2011,69.73
vut,2012,69.9
vut,2013,69.99
vut,2014,70.04
vut,2015,70.16
vut,2016,70.4
vut,2017,70.5
vut,2018,70.63
vut,2019,70.78
vut,2020,70.38
vut,2021,69.95
vut,2022,71.3
vut,2023,71.48
wlf,1950,44.13
wlf,1951,44.25
wlf,1952,44.4
wlf,1953,44.68
wlf,1954,45.01
wlf,1955,45.35
wlf,1956,45.72
wlf,1957,46.1
wlf,1958,46.48
wlf,1959,46.88
wlf,1960,47.29
wlf,1961,47.71
wlf,1962,48.17
wlf,1963,48.64
wlf,1964,49.11
wlf,1965,49.6
wlf,1966,50.05
wlf,1967,50.57
wlf,1968,51.13
wlf,1969,51.71
wlf,1970,52.3
wlf,1971,52.89
wlf,1972,53.5
wlf,1973,54.14
wlf,1974,54.81
wlf,1975,55.49
wlf,1976,56.18
wlf,1977,56.93
wlf,1978,57.7
wlf,1979,58.47
wlf,1980,59.3
wlf,1981,60.14
wlf,1982,60.98
wlf,1983,61.9
wlf,1984,62.9
wlf,1985,63.97
wlf,1986,65.04
wlf,1987,66.48
wlf,1988,67.78
wlf,1989,68.94
wlf,1990,69.92
wlf,1991,70.58
wlf,1992,71.13
wlf,1993,70.59
wlf,1994,72.0
wlf,1995,72.5
wlf,1996,73.13
wlf,1997,73.83
wlf,1998,74.52
wlf,1999,75.02
wlf,2000,75.39
wlf,2001,75.64
wlf,2002,75.72
wlf,2003,75.76
wlf,2004,75.93
wlf,2005,76.14
wlf,2006,76.32
wlf,2007,76.54
wlf,2008,76.72
wlf,2009,76.79
wlf,2010,76.81
wlf,2011,76.93
wlf,2012,77.05
wlf,2013,77.16
wlf,2014,77.29
wlf,2015,77.45
wlf,2016,77.54
wlf,2017,77.63
wlf,2018,77.76
wlf,2019,77.99
wlf,2020,78.16
wlf,2021,77.46
wlf,2022,78.5
wlf,2023,78.63
world,1800,28.5
world,1820,29.0
world,1850,29.3
world,1870,29.7
world,1900,32.0
world,1913,34.1
world,1950,46.39
world,1951,47.13
world,1952,48.22
world,1953,48.81
world,1954,49.65
world,1955,50.21
world,1956,50.74
world,1957,51.06
world,1958,51.62
world,1959,49.58
world,1960,47.82
world,1961,50.35
world,1962,53.24
world,1963,53.72
world,1964,54.26
world,1965,54.0
world,1966,54.56
world,1967,55.07
world,1968,55.62
world,1969,56.0
world,1970,56.27
world,1971,56.02
world,1972,57.22
world,1973,57.69
world,1974,58.06
world,1975,58.27
world,1976,58.58
world,1977,59.15
world,1978,59.51
world,1979,60.16
world,1980,60.5
world,1981,60.92
world,1982,61.34
world,1983,61.52
world,1984,61.87
world,1985,62.21
world,1986,62.73
world,1987,63.18
world,1988,63.37
world,1989,63.78
world,1990,63.96
world,1991,64.06
world,1992,64.29
world,1993,64.43
world,1994,64.3
world,1995,64.88
world,1996,65.2
world,1997,65.54
world,1998,65.74
world,1999,66.04
world,2000,66.43
world,2001,66.75
world,2002,67.07
world,2003,67.4
world,2004,67.74
world,2005,68.14
world,2006,68.61
world,2007,69.03
world,2008,69.3
world,2009,69.68
world,2010,70.09
world,2011,70.4
world,2012,70.82
world,2013,71.14
world,2014,71.4
world,2015,71.61
world,2016,71.88
world,2017,72.07
world,2018,72.39
world,2019,72.61
world,2020,71.92
world,2021,70.86
world,2022,72.64
world,2023,73.17
wsm,1950,49.2
wsm,1951,49.8
wsm,1952,50.38
wsm,1953,51.0
wsm,1954,51.6
wsm,1955,52.21
wsm,1956,52.83
wsm,1957,53.36
wsm,1958,53.96
wsm,1959,54.57
wsm,1960,55.15
wsm,1961,55.74
wsm,1962,56.32
wsm,1963,56.86
wsm,1964,54.04
wsm,1965,57.89
wsm,1966,58.22
wsm,1967,58.88
wsm,1968,59.38
wsm,1969,59.88
wsm,1970,60.39
wsm,1971,60.88
wsm,1972,61.36
wsm,1973,61.86
wsm,1974,62.34
wsm,1975,62.84
wsm,1976,63.3
wsm,1977,63.74
wsm,1978,64.13
wsm,1979,64.54
wsm,1980,64.96
wsm,1981,65.3
wsm,1982,65.65
wsm,1983,65.99
wsm,1984,66.28
wsm,1985,66.56
wsm,1986,66.82
wsm,1987,67.05
wsm,1988,67.33
wsm,1989,67.61
wsm,1990,67.81
wsm,1991,68.04
wsm,1992,68.53
wsm,1993,68.82
wsm,1994,69.16
wsm,1995,69.47
wsm,1996,69.77
wsm,1997,70.04
wsm,1998,70.31
wsm,1999,70.56
wsm,2000,70.79
wsm,2001,71.03
wsm,2002,71.23
wsm,2003,71.44
wsm,2004,71.51
wsm,2005,71.49
wsm,2006,71.62
wsm,2007,71.6
wsm,2008,71.53
wsm,2009,69.49
wsm,2010,71.45
wsm,2011,71.39
wsm,2012,71.16
wsm,2013,71.23
wsm,2014,71.14
wsm,2015,71.06
wsm,2016,71.0
wsm,2017,70.99
wsm,2018,71.05
wsm,2019,70.27
wsm,2020,70.73
wsm,2021,71.1
wsm,2022,71.55
wsm,2023,71.7
yem,1950,28.93
yem,1951,29.28
yem,1952,29.62
yem,1953,30.03
yem,1954,30.41
yem,1955,30.81
yem,1956,31.3
yem,1957,31.78
yem,1958,32.36
yem,1959,32.86
yem,1960,33.46
yem,1961,34.06
yem,1962,33.67
yem,1963,33.43
yem,1964,34.91
yem,1965,35.59
yem,1966,36.26
yem,1967,37.08
yem,1968,37.99
yem,1969,39.61
yem,1970,40.57
yem,1971,41.76
yem,1972,42.69
yem,1973,43.6
yem,1974,44.54
yem,1975,45.48
yem,1976,46.44
yem,1977,47.44
yem,1978,48.48
yem,1979,49.53
yem,1980,50.61
yem,1981,51.68
yem,1982,52.37
yem,1983,53.62
yem,1984,54.59
yem,1985,55.42
yem,1986,54.0
yem,1987,56.83
yem,1988,57.43
yem,1989,58.02
yem,1990,58.53
yem,1991,58.81
yem,1992,59.26
yem,1993,59.66
yem,1994,59.83
yem,1995,60.53
yem,1996,60.88
yem,1997,61.34
yem,1998,61.79
yem,1999,62.28
yem,2000,62.76
yem,2001,63.29
yem,2002,63.81
yem,2003,64.41
yem,2004,64.88
yem,2005,65.36
yem,2006,65.8
yem,2007,66.23
yem,2008,66.61
yem,2009,66.91
yem,2010,67.22
yem,2011,67.41
yem,2012,67.57
yem,2013,67.96
yem,2014,68.0
yem,2015,66.76
yem,2016,67.11
yem,2017,67.12
yem,2018,65.92
yem,2019,66.57
yem,2020,66.44
yem,2021,66.02
yem,2022,67.95
yem,2023,69.3
zaf,1950,43.11
zaf,1951,44.06
zaf,1952,45.05
zaf,1953,46.05
zaf,1954,47.12
zaf,1955,48.17
zaf,1956,49.21
zaf,1957,50.2
zaf,1958,51.15
zaf,1959,51.88
zaf,1960,52.58
zaf,1961,53.07
zaf,1962,53.57
zaf,1963,53.89
zaf,1964,54.21
zaf,1965,54.43
zaf,1966,54.73
zaf,1967,54.96
zaf,1968,55.19
zaf,1969,55.44
zaf,1970,55.68
zaf,1971,56.02
zaf,1972,56.38
zaf,1973,56.72
zaf,1974,57.11
zaf,1975,57.59
zaf,1976,58.0
zaf,1977,58.48
zaf,1978,58.99
zaf,1979,59.47
zaf,1980,59.96
zaf,1981,60.45
zaf,1982,60.94
zaf,1983,61.39
zaf,1984,61.84
zaf,1985,62.2
zaf,1986,62.42
zaf,1987,62.69
zaf,1988,62.9
zaf,1989,63.02
zaf,1990,62.94
zaf,1991,62.98
zaf,1992,62.84
zaf,1993,62.62
zaf,1994,62.07
zaf,1995,61.6
zaf,1996,61.08
zaf,1997,60.54
zaf,1998,59.91
zaf,1999,59.19
zaf,2000,58.37
zaf,2001,57.16
zaf,2002,55.58
zaf,2003,54.25
zaf,2004,53.96
zaf,2005,53.91
zaf,2006,54.22
zaf,2007,54.95
zaf,2008,55.98
zaf,2009,57.41
zaf,2010,58.89
zaf,2011,60.6
zaf,2012,61.74
zaf,2013,62.39
zaf,2014,63.18
zaf,2015,64.05
zaf,2016,64.75
zaf,2017,65.42
zaf,2018,65.73
zaf,2019,66.07
zaf,2020,65.15
zaf,2021,62.01
zaf,2022,65.45
zaf,2023,66.14
zmb,1950,46.8
zmb,1951,47.17
zmb,1952,47.57
zmb,1953,47.99
zmb,1954,48.36
zmb,1955,48.76
zmb,1956,49.13
zmb,1957,49.47
zmb,1958,49.89
zmb,1959,50.29
zmb,1960,50.65
zmb,1961,51.04
zmb,1962,51.33
zmb,1963,51.6
zmb,1964,51.17
zmb,1965,52.08
zmb,1966,52.29
zmb,1967,52.51
zmb,1968,52.72
zmb,1969,53.04
zmb,1970,53.4
zmb,1971,53.89
zmb,1972,54.38
zmb,1973,54.91
zmb,1974,55.38
zmb,1975,55.74
zmb,1976,56.1
zmb,1977,56.28
zmb,1978,56.33
zmb,1979,56.05
zmb,1980,55.5
zmb,1981,54.99
zmb,1982,54.36
zmb,1983,53.67
zmb,1984,52.88
zmb,1985,52.0
zmb,1986,51.15
zmb,1987,50.42
zmb,1988,49.67
zmb,1989,48.88
zmb,1990,48.2
zmb,1991,47.44
zmb,1992,46.97
zmb,1993,46.68
zmb,1994,46.34
zmb,1995,46.05
zmb,1996,45.76
zmb,1997,45.74
zmb,1998,45.71
zmb,1999,45.92
zmb,2000,46.58
zmb,2001,47.41
zmb,2002,48.46
zmb,2003,49.62
zmb,2004,50.54
zmb,2005,51.61
zmb,2006,52.69
zmb,2007,53.73
zmb,2008,54.84
zmb,2009,55.89
zmb,2010,56.9
zmb,2011,57.84
zmb,2012,58.7
zmb,2013,59.45
zmb,2014,60.11
zmb,2015,60.73
zmb,2016,61.13
zmb,2017,61.56
zmb,2018,62.14
zmb,2019,62.91
zmb,2020,63.36
zmb,2021,62.36
zmb,2022,65.28
zmb,2023,66.35
zwe,1950,49.42
zwe,1951,49.84
zwe,1952,50.24
zwe,1953,50.63
zwe,1954,51.02
zwe,1955,51.41
zwe,1956,51.8
zwe,1957,52.2
zwe,1958,52.58
zwe,1959,53.02
zwe,1960,53.49
zwe,1961,53.97
zwe,1962,54.45
zwe,1963,54.94
zwe,1964,55.43
zwe,1965,55.91
zwe,1966,56.36
zwe,1967,56.77
zwe,1968,57.14
zwe,1969,57.48
zwe,1970,57.76
zwe,1971,58.0
zwe,1972,58.18
zwe,1973,58.09
zwe,1974,58.19
zwe,1975,58.25
zwe,1976,57.63
zwe,1977,57.0
zwe,1978,54.73
zwe,1979,54.92
zwe,1980,59.06
zwe,1981,59.45
zwe,1982,59.86
zwe,1983,59.99
zwe,1984,60.62
zwe,1985,60.9
zwe,1986,60.98
zwe,1987,60.72
zwe,1988,60.24
zwe,1989,59.45
zwe,1990,58.32
zwe,1991,57.04
zwe,1992,55.6
zwe,1993,53.98
zwe,1994,52.54
zwe,1995,51.14
zwe,1996,48.98
zwe,1997,48.54
zwe,1998,47.55
zwe,1999,46.38
zwe,2000,46.03
zwe,2001,44.52
zwe,2002,45.94
zwe,2003,45.37
zwe,2004,46.04
zwe,2005,46.57
zwe,2006,47.06
zwe,2007,47.58
zwe,2008,48.46
zwe,2009,49.75
zwe,2010,51.93
zwe,2011,53.91
zwe,2012,55.39
zwe,2013,56.84
zwe,2014,58.11
zwe,2015,58.99
zwe,2016,59.76
zwe,2017,60.26
zwe,2018,60.91
zwe,2019,61.06
zwe,2020,61.53
zwe,2021,60.13
zwe,2022,62.36
zwe,2023,62.77
