Geo,Time,Population
abw,1800,2204
abw,1810,2385
abw,1820,2465
abw,1830,2547
abw,1840,2632
abw,1850,2720
abw,1860,3100
abw,1870,3800
abw,1880,6200
abw,1890,7457
abw,1900,9600
abw,1910,9420
abw,1920,8600
abw,1930,13545
abw,1940,30399
abw,1950,42763
abw,1951,43880
abw,1952,45052
abw,1953,46269
abw,1954,47516
abw,1955,48786
abw,1956,50084
abw,1957,51383
abw,1958,52687
abw,1959,54003
abw,1960,54938
abw,1961,55599
abw,1962,56337
abw,1963,57019
abw,1964,57637
abw,1965,58208
abw,1966,58709
abw,1967,59012
abw,1968,59086
abw,1969,59070
abw,1970,58967
abw,1971,58798
abw,1972,58913
abw,1973,59456
abw,1974,60144
abw,1975,60825
abw,1976,61292
abw,1977,61532
abw,1978,61733
abw,1979,61914
abw,1980,62051
abw,1981,62279
abw,1982,62676
abw,1983,63114
abw,1984,63484
abw,1985,63674
abw,1986,63640
abw,1987,63419
abw,1988,63221
abw,1989,63413
abw,1990,64452
abw,1991,66564
abw,1992,68889
abw,1993,71091
abw,1994,73475
abw,1995,75930
abw,1996,78497
abw,1997,81123
abw,1998,83788
abw,1999,86483
abw,2000,88772
abw,2001,90320
abw,2002,91393
abw,2003,92324
abw,2004,93223
abw,2005,94239
abw,2006,95403
abw,2007,96604
abw,2008,97815
abw,2009,99040
abw,2010,100127
abw,2011,100995
abw,2012,101774
abw,2013,102570
abw,2014,103381
abw,2015,104200
abw,2016,104989
abw,2017,105737
abw,2018,106447
abw,2019,107089
abw,2020,107411
abw,2021,107565
abw,2022,107792
abw,2023,107946
afg,1800,3280000
afg,1801,3280000
afg,1802,3280000
afg,1803,3280000
afg,1804,3280000
afg,1805,3280000
afg,1806,3280000
afg,1807,3280000
afg,1808,3280000
afg,1809,3280000
afg,1810,3280000
afg,1811,3280000
afg,1812,3280000
afg,1813,3280000
afg,1814,3280000
afg,1815,3280000
afg,1816,3280000
afg,1817,3280000
afg,1818,3280000
afg,1819,3282935
afg,1820,3288817
afg,1821,3297661
afg,1822,3309479
afg,1823,3324285
afg,1824,3339157
afg,1825,3354095
afg,1826,3369101
afg,1827,3384173
afg,1828,3399313
afg,1829,3414520
afg,1830,3429796
afg,1831,3445140
afg,1832,3460553
afg,1833,3476034
afg,1834,3491585
afg,1835,3507205
afg,1836,3522896
afg,1837,3538656
afg,1838,3554487
afg,1839,3570389
afg,1840,3586362
afg,1841,3602406
afg,1842,3618522
afg,1843,3634711
afg,1844,3650971
afg,1845,3667305
afg,1846,3683711
afg,1847,3700191
afg,1848,3716745
afg,1849,3734342
afg,1850,3752993
afg,1851,3767956
afg,1852,3783940
afg,1853,3800954
afg,1854,3818038
afg,1855,3835192
afg,1856,3852417
afg,1857,3869714
afg,1858,3887081
afg,1859,3904521
afg,1860,3922032
afg,1861,3939616
afg,1862,3957271
afg,1863,3975000
afg,1864,3992801
afg,1865,4010675
afg,1866,4028623
afg,1867,4046645
afg,1868,4064740
afg,1869,4082915
afg,1870,4101170
afg,1871,4119504
afg,1872,4137920
afg,1873,4156416
afg,1874,4174988
afg,1875,4193635
afg,1876,4212359
afg,1877,4231159
afg,1878,4250036
afg,1879,4268990
afg,1880,4288021
afg,1881,4307129
afg,1882,4326316
afg,1883,4345580
afg,1884,4364922
afg,1885,4384343
afg,1886,4403843
afg,1887,4423422
afg,1888,4443080
afg,1889,4462817
afg,1890,4482635
afg,1891,4502532
afg,1892,4522510
afg,1893,4542568
afg,1894,4562708
afg,1895,4582928
afg,1896,4603230
afg,1897,4623613
afg,1898,4644079
afg,1899,4672084
afg,1900,4707744
afg,1901,4751177
afg,1902,4802500
afg,1903,4861833
afg,1904,4921891
afg,1905,4982681
afg,1906,5044212
afg,1907,5106495
afg,1908,5169536
afg,1909,5300178
afg,1910,5504191
afg,1911,5787792
afg,1912,6157669
afg,1913,6621025
afg,1914,7119235
afg,1915,7654918
afg,1916,8230894
afg,1917,8850190
afg,1918,9529174
afg,1919,9976355
afg,1920,10188845
afg,1921,10162753
afg,1922,9893152
afg,1923,9374030
afg,1924,8882148
afg,1925,8416077
afg,1926,7974462
afg,1927,7556019
afg,1928,7159534
afg,1929,6851115
afg,1930,6626142
afg,1931,6480237
afg,1932,6409250
afg,1933,6409250
afg,1934,6409250
afg,1935,6409250
afg,1936,6409250
afg,1937,6409250
afg,1938,6409250
afg,1939,6428903
afg,1940,6468510
afg,1941,6528377
afg,1942,6608815
afg,1943,6710138
afg,1944,6813016
afg,1945,6917471
afg,1946,7023527
afg,1947,7131209
afg,1948,7240542
afg,1949,7356890
afg,1950,7776180
afg,1951,7879343
afg,1952,7987784
afg,1953,8096703
afg,1954,8207954
afg,1955,8326981
afg,1956,8454303
afg,1957,8588340
afg,1958,8723412
afg,1959,8869270
afg,1960,9035048
afg,1961,9214082
afg,1962,9404410
afg,1963,9604491
afg,1964,9814317
afg,1965,10036003
afg,1966,10266397
afg,1967,10505961
afg,1968,10756924
afg,1969,11017417
afg,1970,11290134
afg,1971,11567672
afg,1972,11853698
afg,1973,12158000
afg,1974,12469127
afg,1975,12773966
afg,1976,13059861
afg,1977,13340758
afg,1978,13611444
afg,1979,13655575
afg,1980,13169313
afg,1981,11937586
afg,1982,10991380
afg,1983,10917985
afg,1984,11190222
afg,1985,11426855
afg,1986,11420074
afg,1987,11387822
afg,1988,11523299
afg,1989,11874089
afg,1990,12045664
afg,1991,12238879
afg,1992,13278983
afg,1993,14943175
afg,1994,16250800
afg,1995,17065837
afg,1996,17763266
afg,1997,18452100
afg,1998,19159996
afg,1999,19887792
afg,2000,20130334
afg,2001,20284303
afg,2002,21378123
afg,2003,22733053
afg,2004,23560656
afg,2005,24404575
afg,2006,25424100
afg,2007,25909852
afg,2008,26482631
afg,2009,27466102
afg,2010,28284088
afg,2011,29347708
afg,2012,30560036
afg,2013,31622709
afg,2014,32792528
afg,2015,33831767
afg,2016,34700613
afg,2017,35688941
afg,2018,36743040
afg,2019,37856125
afg,2020,39068977
afg,2021,40000410
afg,2022,40578847
afg,2023,41454762
ago,1800,1567028
ago,1801,1567028
ago,1802,1567028
ago,1803,1567028
ago,1804,1567028
ago,1805,1567028
ago,1806,1567028
ago,1807,1567028
ago,1808,1567028
ago,1809,1567028
ago,1810,1567028
ago,1811,1567028
ago,1812,1567028
ago,1813,1567028
ago,1814,1567028
ago,1815,1567028
ago,1816,1567028
ago,1817,1567028
ago,1818,1567028
ago,1819,1571640
ago,1820,1580933
ago,1821,1594974
ago,1822,1613834
ago,1823,1637584
ago,1824,1661683
ago,1825,1686138
ago,1826,1710952
ago,1827,1736131
ago,1828,1761680
ago,1829,1787606
ago,1830,1813913
ago,1831,1840608
ago,1832,1867695
ago,1833,1895181
ago,1834,1923071
ago,1835,1951372
ago,1836,1980089
ago,1837,2009229
ago,1838,2038798
ago,1839,2068802
ago,1840,2099247
ago,1841,2130141
ago,1842,2161489
ago,1843,2193299
ago,1844,2225576
ago,1845,2258329
ago,1846,2291563
ago,1847,2325287
ago,1848,2359507
ago,1849,2390443
ago,1850,2418020
ago,1851,2445025
ago,1852,2468568
ago,1853,2488555
ago,1854,2508701
ago,1855,2529007
ago,1856,2549474
ago,1857,2570102
ago,1858,2590895
ago,1859,2611894
ago,1860,2633102
ago,1861,2654522
ago,1862,2676155
ago,1863,2698003
ago,1864,2720026
ago,1865,2742225
ago,1866,2764601
ago,1867,2787156
ago,1868,2809892
ago,1869,2831694
ago,1870,2852547
ago,1871,2872435
ago,1872,2891341
ago,1873,2909249
ago,1874,2927264
ago,1875,2945386
ago,1876,2963618
ago,1877,2981958
ago,1878,3000408
ago,1879,3018954
ago,1880,3037598
ago,1881,3056340
ago,1882,3075181
ago,1883,3094120
ago,1884,3113172
ago,1885,3132337
ago,1886,3151616
ago,1887,3171010
ago,1888,3190519
ago,1889,3203693
ago,1890,3210508
ago,1891,3210945
ago,1892,3204981
ago,1893,3192595
ago,1894,3180253
ago,1895,3167955
ago,1896,3155700
ago,1897,3143489
ago,1898,3131321
ago,1899,3117320
ago,1900,3101503
ago,1901,3083888
ago,1902,3064493
ago,1903,3043335
ago,1904,3022320
ago,1905,3001447
ago,1906,2980714
ago,1907,2960121
ago,1908,2939666
ago,1909,2921666
ago,1910,2906100
ago,1911,2892945
ago,1912,2882183
ago,1913,2873791
ago,1914,2865420
ago,1915,2857070
ago,1916,2848742
ago,1917,2840434
ago,1918,2829072
ago,1919,2828420
ago,1920,2838595
ago,1921,2859717
ago,1922,2891905
ago,1923,2935284
ago,1924,2979313
ago,1925,3024003
ago,1926,3069363
ago,1927,3115404
ago,1928,3162135
ago,1929,3208915
ago,1930,3255737
ago,1931,3302592
ago,1932,3349470
ago,1933,3396362
ago,1934,3443911
ago,1935,3492126
ago,1936,3541016
ago,1937,3590590
ago,1938,3640858
ago,1939,3694824
ago,1940,3752594
ago,1941,3814276
ago,1942,3879980
ago,1943,3949820
ago,1944,4020916
ago,1945,4093293
ago,1946,4166972
ago,1947,4241977
ago,1948,4318333
ago,1949,4397048
ago,1950,4551869
ago,1951,4602567
ago,1952,4651693
ago,1953,4706357
ago,1954,4766716
ago,1955,4832775
ago,1956,4904275
ago,1957,4980650
ago,1958,5061137
ago,1959,5145107
ago,1960,5231664
ago,1961,5301584
ago,1962,5354315
ago,1963,5408334
ago,1964,5464186
ago,1965,5521982
ago,1966,5581391
ago,1967,5641810
ago,1968,5702706
ago,1969,5763693
ago,1970,5852790
ago,1971,5991114
ago,1972,6174269
ago,1973,6388534
ago,1974,6613368
ago,1975,6842952
ago,1976,7074668
ago,1977,7317837
ago,1978,7576742
ago,1979,7847207
ago,1980,8133867
ago,1981,8435605
ago,1982,8751653
ago,1983,9082985
ago,1984,9425921
ago,1985,9779125
ago,1986,10139459
ago,1987,10497863
ago,1988,10861299
ago,1989,11238562
ago,1990,11626361
ago,1991,12023532
ago,1992,12423717
ago,1993,12827136
ago,1994,13249763
ago,1995,13699780
ago,1996,14170973
ago,1997,14660419
ago,1998,15159378
ago,1999,15667235
ago,2000,16194873
ago,2001,16747204
ago,2002,17327701
ago,2003,17943718
ago,2004,18600426
ago,2005,19291160
ago,2006,20015281
ago,2007,20778570
ago,2008,21578656
ago,2009,22414775
ago,2010,23294822
ago,2011,24218358
ago,2012,25177398
ago,2013,26165616
ago,2014,27160767
ago,2015,28157802
ago,2016,29183072
ago,2017,30234836
ago,2018,31297160
ago,2019,32375633
ago,2020,33451139
ago,2021,34532427
ago,2022,35635028
ago,2023,36749909
aia,1800,2654
aia,1810,2832
aia,1820,3010
aia,1830,3100
aia,1840,2950
aia,1850,3071
aia,1860,2965
aia,1870,2815
aia,1880,3160
aia,1890,3650
aia,1900,3980
aia,1910,4160
aia,1920,4187
aia,1930,4994
aia,1940,5533
aia,1950,5022
aia,1951,5229
aia,1952,5389
aia,1953,5522
aia,1954,5668
aia,1955,5763
aia,1956,5802
aia,1957,5823
aia,1958,5819
aia,1959,5800
aia,1960,5801
aia,1961,5846
aia,1962,5899
aia,1963,5943
aia,1964,5994
aia,1965,6040
aia,1966,6095
aia,1967,6150
aia,1968,6207
aia,1969,6257
aia,1970,6324
aia,1971,6376
aia,1972,6427
aia,1973,6466
aia,1974,6502
aia,1975,6519
aia,1976,6545
aia,1977,6567
aia,1978,6587
aia,1979,6602
aia,1980,6612
aia,1981,6628
aia,1982,6653
aia,1983,6672
aia,1984,6764
aia,1985,6978
aia,1986,7245
aia,1987,7519
aia,1988,7807
aia,1989,8116
aia,1990,8422
aia,1991,8728
aia,1992,9005
aia,1993,9252
aia,1994,9489
aia,1995,9738
aia,1996,10000
aia,1997,10278
aia,1998,10557
aia,1999,10864
aia,2000,11196
aia,2001,11497
aia,2002,11714
aia,2003,11903
aia,2004,12092
aia,2005,12290
aia,2006,12493
aia,2007,12697
aia,2008,12911
aia,2009,13138
aia,2010,13372
aia,2011,13593
aia,2012,13401
aia,2013,13272
aia,2014,13748
aia,2015,14235
aia,2016,14344
aia,2017,14450
aia,2018,14747
aia,2019,14845
aia,2020,14864
aia,2021,14503
aia,2022,14202
aia,2023,14435
alb,1800,400000
alb,1801,401773
alb,1802,403554
alb,1803,405343
alb,1804,407140
alb,1805,408945
alb,1806,410758
alb,1807,412579
alb,1808,414408
alb,1809,416246
alb,1810,418099
alb,1811,419953
alb,1812,421814
alb,1813,423684
alb,1814,425563
alb,1815,427449
alb,1816,429344
alb,1817,431248
alb,1818,433159
alb,1819,435086
alb,1820,437026
alb,1821,438981
alb,1822,440950
alb,1823,442934
alb,1824,444927
alb,1825,446929
alb,1826,448940
alb,1827,450959
alb,1828,452988
alb,1829,455027
alb,1830,457074
alb,1831,459130
alb,1832,461196
alb,1833,463271
alb,1834,465356
alb,1835,467449
alb,1836,469552
alb,1837,471665
alb,1838,473787
alb,1839,475919
alb,1840,478060
alb,1841,480211
alb,1842,482372
alb,1843,484542
alb,1844,486722
alb,1845,488912
alb,1846,491112
alb,1847,493321
alb,1848,495541
alb,1849,498261
alb,1850,501490
alb,1851,505313
alb,1852,509659
alb,1853,514536
alb,1854,519460
alb,1855,524430
alb,1856,529449
alb,1857,534515
alb,1858,539629
alb,1859,544793
alb,1860,550006
alb,1861,555269
alb,1862,560582
alb,1863,565946
alb,1864,571361
alb,1865,576828
alb,1866,582348
alb,1867,587920
alb,1868,593546
alb,1869,599215
alb,1870,604928
alb,1871,610685
alb,1872,616487
alb,1873,622333
alb,1874,628235
alb,1875,634193
alb,1876,640208
alb,1877,646279
alb,1878,652408
alb,1879,658596
alb,1880,664842
alb,1881,671147
alb,1882,677511
alb,1883,683937
alb,1884,690423
alb,1885,696970
alb,1886,703580
alb,1887,710252
alb,1888,716988
alb,1889,723850
alb,1890,730840
alb,1891,737961
alb,1892,745214
alb,1893,752600
alb,1894,760060
alb,1895,767593
alb,1896,775202
alb,1897,782885
alb,1898,790645
alb,1899,798342
alb,1900,805974
alb,1901,813539
alb,1902,821036
alb,1903,828461
alb,1904,835954
alb,1905,843514
alb,1906,851143
alb,1907,858841
alb,1908,866609
alb,1909,874016
alb,1910,881057
alb,1911,887724
alb,1912,894013
alb,1913,899917
alb,1914,905859
alb,1915,911841
alb,1916,917862
alb,1917,923923
alb,1918,929879
alb,1919,935646
alb,1920,941221
alb,1921,946603
alb,1922,951788
alb,1923,956775
alb,1924,961788
alb,1925,966828
alb,1926,971893
alb,1927,976986
alb,1928,982104
alb,1929,988255
alb,1930,995454
alb,1931,1003716
alb,1932,1013057
alb,1933,1023495
alb,1934,1034040
alb,1935,1044694
alb,1936,1055458
alb,1937,1066333
alb,1938,1077319
alb,1939,1088816
alb,1940,1100833
alb,1941,1113381
alb,1942,1126469
alb,1943,1140109
alb,1944,1153914
alb,1945,1167887
alb,1946,1182028
alb,1947,1196341
alb,1948,1210827
alb,1949,1229519
alb,1950,1247854
alb,1951,1276365
alb,1952,1308368
alb,1953,1343581
alb,1954,1381088
alb,1955,1418855
alb,1956,1456823
alb,1957,1497954
alb,1958,1543982
alb,1959,1595021
alb,1960,1649393
alb,1961,1698801
alb,1962,1743739
alb,1963,1791289
alb,1964,1841445
alb,1965,1894317
alb,1966,1950049
alb,1967,2008524
alb,1968,2068848
alb,1969,2126885
alb,1970,2181226
alb,1971,2234995
alb,1972,2289265
alb,1973,2344108
alb,1974,2399397
alb,1975,2454861
alb,1976,2510579
alb,1977,2566603
alb,1978,2624620
alb,1979,2681393
alb,1980,2735424
alb,1981,2790413
alb,1982,2846910
alb,1983,2905128
alb,1984,2964961
alb,1985,3026245
alb,1986,3087658
alb,1987,3148843
alb,1988,3212924
alb,1989,3260369
alb,1990,3277965
alb,1991,3282608
alb,1992,3282506
alb,1993,3277831
alb,1994,3269417
alb,1995,3258573
alb,1996,3245680
alb,1997,3229665
alb,1998,3210134
alb,1999,3188598
alb,2000,3166147
alb,2001,3147943
alb,2002,3134095
alb,2003,3118093
alb,2004,3098662
alb,2005,3076156
alb,2006,3050805
alb,2007,3022887
alb,2008,2992933
alb,2009,2961487
alb,2010,2928731
alb,2011,2911499
alb,2012,2910003
alb,2013,2907571
alb,2014,2903748
alb,2015,2898634
alb,2016,2897868
alb,2017,2898245
alb,2018,2894229
alb,2019,2885011
alb,2020,2871950
alb,2021,2849641
alb,2022,2827614
alb,2023,2811660
and,1800,2654
and,1801,2654
and,1802,2654
and,1803,2654
and,1804,2654
and,1805,2654
and,1806,2654
and,1807,2654
and,1808,2654
and,1809,2654
and,1810,2654
and,1811,2654
and,1812,2654
and,1813,2654
and,1814,2654
and,1815,2654
and,1816,2654
and,1817,2654
and,1818,2654
and,1819,2658
and,1820,2665
and,1821,2677
and,1822,2692
and,1823,2711
and,1824,2730
and,1825,2749
and,1826,2769
and,1827,2788
and,1828,2808
and,1829,2828
and,1830,2848
and,1831,2868
and,1832,2888
and,1833,2908
and,1834,2929
and,1835,2950
and,1836,2970
and,1837,2991
and,1838,3013
and,1839,3034
and,1840,3055
and,1841,3077
and,1842,3099
and,1843,3120
and,1844,3142
and,1845,3165
and,1846,3187
and,1847,3210
and,1848,3232
and,1849,3255
and,1850,3278
and,1851,3299
and,1852,3321
and,1853,3342
and,1854,3364
and,1855,3385
and,1856,3407
and,1857,3429
and,1858,3451
and,1859,3474
and,1860,3496
and,1861,3519
and,1862,3541
and,1863,3564
and,1864,3587
and,1865,3611
and,1866,3634
and,1867,3657
and,1868,3681
and,1869,3705
and,1870,3729
and,1871,3753
and,1872,3777
and,1873,3801
and,1874,3826
and,1875,3851
and,1876,3875
and,1877,3900
and,1878,3926
and,1879,3951
and,1880,3976
and,1881,4002
and,1882,4028
and,1883,4054
and,1884,4080
and,1885,4106
and,1886,4133
and,1887,4160
and,1888,4186
and,1889,4213
and,1890,4241
and,1891,4268
and,1892,4295
and,1893,4323
and,1894,4351
and,1895,4379
and,1896,4407
and,1897,4436
and,1898,4464
and,1899,4493
and,1900,4522
and,1901,4551
and,1902,4581
and,1903,4610
and,1904,4640
and,1905,4670
and,1906,4700
and,1907,4730
and,1908,4761
and,1909,4802
and,1910,4855
and,1911,4920
and,1912,4996
and,1913,5085
and,1914,5176
and,1915,5268
and,1916,5361
and,1917,5456
and,1918,5557
and,1919,5617
and,1920,5637
and,1921,5617
and,1922,5557
and,1923,5456
and,1924,5358
and,1925,5261
and,1926,5166
and,1927,5073
and,1928,4981
and,1929,4919
and,1930,4885
and,1931,4880
and,1932,4904
and,1933,4956
and,1934,5009
and,1935,5062
and,1936,5116
and,1937,5170
and,1938,5225
and,1939,5280
and,1940,5337
and,1941,5393
and,1942,5450
and,1943,5508
and,1944,5567
and,1945,5626
and,1946,5686
and,1947,5746
and,1948,5807
and,1949,5893
and,1950,6018
and,1951,5843
and,1952,5474
and,1953,5346
and,1954,5623
and,1955,6187
and,1956,6788
and,1957,7420
and,1958,8090
and,1959,8794
and,1960,9532
and,1961,10307
and,1962,11107
and,1963,11936
and,1964,12787
and,1965,13656
and,1966,14649
and,1967,15860
and,1968,17201
and,1969,18581
and,1970,19999
and,1971,21466
and,1972,22978
and,1973,24544
and,1974,26153
and,1975,27799
and,1976,29457
and,1977,31125
and,1978,32758
and,1979,34326
and,1980,35802
and,1981,37194
and,1982,38785
and,1983,40586
and,1984,42291
and,1985,43845
and,1986,45758
and,1987,47677
and,1988,49441
and,1989,50638
and,1990,52616
and,1991,56691
and,1992,60217
and,1993,63293
and,1994,64631
and,1995,63936
and,1996,64006
and,1997,64722
and,1998,65400
and,1999,65732
and,2000,65703
and,2001,65874
and,2002,66528
and,2003,69507
and,2004,74342
and,2005,77436
and,2006,79609
and,2007,81901
and,2008,83513
and,2009,83907
and,2010,80727
and,2011,77801
and,2012,76858
and,2013,75220
and,2014,73755
and,2015,72195
and,2016,72197
and,2017,73780
and,2018,75181
and,2019,76492
and,2020,77397
and,2021,78379
and,2022,79722
and,2023,80869
ant,1800,17055
ant,1810,18453
ant,1820,19068
ant,1830,19704
ant,1840,20361
ant,1850,21040
ant,1860,25266
ant,1870,27500
ant,1880,32100
ant,1890,35071
ant,1900,38500
ant,1910,41580
ant,1920,42875
ant,1930,51846
ant,1940,73986
ant,1950,110189
ant,1951,112402
ant,1952,114518
ant,1953,116609
ant,1954,118741
ant,1955,120949
ant,1956,123237
ant,1957,125596
ant,1958,127998
ant,1959,130400
ant,1960,132765
ant,1961,135064
ant,1962,137319
ant,1963,139572
ant,1964,141893
ant,1965,144332
ant,1966,146920
ant,1967,149610
ant,1968,152279
ant,1969,154751
ant,1970,156908
ant,1971,158702
ant,1972,160183
ant,1973,161454
ant,1974,162673
ant,1975,163950
ant,1976,165320
ant,1977,166758
ant,1978,168250
ant,1979,169774
ant,1980,171309
ant,1981,172835
ant,1982,174362
ant,1983,175929
ant,1984,177586
ant,1985,179354
ant,1986,181252
ant,1987,183216
ant,1988,185116
ant,1989,186774
ant,1990,188047
ant,1991,188953
ant,1992,189511
ant,1993,189622
ant,1994,189159
ant,1995,188081
ant,1996,186311
ant,1997,183978
ant,1998,181506
ant,1999,179451
ant,2000,178219
ant,2001,177940
ant,2002,178514
ant,2003,179829
ant,2004,181695
ant,2005,183927
ant,2006,186541
ant,2007,189515
ant,2008,192610
ant,2009,195519
ant,2010,198009
are,1800,40153
are,1801,40153
are,1802,40153
are,1803,40153
are,1804,40153
are,1805,40153
are,1806,40153
are,1807,40153
are,1808,40153
are,1809,40153
are,1810,40153
are,1811,40153
are,1812,40153
are,1813,40153
are,1814,40153
are,1815,40153
are,1816,40153
are,1817,40153
are,1818,40153
are,1819,40153
are,1820,40153
are,1821,40153
are,1822,40153
are,1823,40153
are,1824,40153
are,1825,40153
are,1826,40153
are,1827,40153
are,1828,40153
are,1829,40153
are,1830,40153
are,1831,40153
are,1832,40153
are,1833,40153
are,1834,40153
are,1835,40153
are,1836,40153
are,1837,40153
are,1838,40153
are,1839,40153
are,1840,40153
are,1841,40153
are,1842,40153
are,1843,40153
are,1844,40153
are,1845,40153
are,1846,40153
are,1847,40153
are,1848,40153
are,1849,40153
are,1850,40153
are,1851,40168
are,1852,40183
are,1853,40198
are,1854,40213
are,1855,40228
are,1856,40243
are,1857,40258
are,1858,40273
are,1859,40288
are,1860,40302
are,1861,40317
are,1862,40332
are,1863,40347
are,1864,40362
are,1865,40377
are,1866,40392
are,1867,40407
are,1868,40422
are,1869,40486
are,1870,40598
are,1871,40759
are,1872,40970
are,1873,41231
are,1874,41493
are,1875,41757
are,1876,42023
are,1877,42291
are,1878,42560
are,1879,42831
are,1880,43103
are,1881,43378
are,1882,43654
are,1883,43931
are,1884,44211
are,1885,44492
are,1886,44775
are,1887,45060
are,1888,45347
are,1889,45636
are,1890,45926
are,1891,46218
are,1892,46512
are,1893,46808
are,1894,47106
are,1895,47406
are,1896,47707
are,1897,48011
are,1898,48316
are,1899,48624
are,1900,48933
are,1901,49244
are,1902,49557
are,1903,49873
are,1904,50190
are,1905,50509
are,1906,50830
are,1907,51154
are,1908,51479
are,1909,51833
are,1910,52215
are,1911,52625
are,1912,53066
are,1913,53536
are,1914,54010
are,1915,54489
are,1916,54971
are,1917,55458
are,1918,55929
are,1919,56404
are,1920,56883
are,1921,57366
are,1922,57853
are,1923,58345
are,1924,58840
are,1925,59340
are,1926,59844
are,1927,60352
are,1928,60864
are,1929,61381
are,1930,61903
are,1931,62428
are,1932,62958
are,1933,63493
are,1934,64032
are,1935,64576
are,1936,65124
are,1937,65677
are,1938,66235
are,1939,66798
are,1940,67365
are,1941,67937
are,1942,68514
are,1943,69096
are,1944,69683
are,1945,70274
are,1946,70871
are,1947,71473
are,1948,72080
are,1949,73113
are,1950,74532
are,1951,79554
are,1952,84780
are,1953,90166
are,1954,95670
are,1955,101272
are,1956,106976
are,1957,112797
are,1958,118776
are,1959,124949
are,1960,131348
are,1961,138002
are,1962,144963
are,1963,152223
are,1964,159702
are,1965,167121
are,1966,173988
are,1967,179708
are,1968,199432
are,1969,239676
are,1970,286553
are,1971,335042
are,1972,385025
are,1973,436407
are,1974,489098
are,1975,542868
are,1976,615871
are,1977,710216
are,1978,809285
are,1979,912016
are,1980,1015711
are,1981,1099864
are,1982,1166383
are,1983,1235309
are,1984,1306005
are,1985,1377918
are,1986,1467386
are,1987,1574258
are,1988,1681797
are,1989,1789858
are,1990,1898220
are,1991,2006630
are,1992,2114738
are,1993,2222098
are,1994,2328191
are,1995,2434667
are,1996,2597570
are,1997,2817410
are,1998,3040432
are,1999,3266011
are,2000,3493583
are,2001,3723596
are,2002,3956829
are,2003,4192465
are,2004,4428964
are,2005,4664797
are,2006,5009106
are,2007,5624640
are,2008,6302669
are,2009,6707063
are,2010,6938372
are,2011,7199436
are,2012,7497122
are,2013,7831851
are,2014,8236880
are,2015,8674633
are,2016,9030873
are,2017,9234330
are,2018,9346870
are,2019,9377855
are,2020,9448529
are,2021,9789055
are,2022,10242085
are,2023,10642089
arg,1800,534000
arg,1801,519565
arg,1802,505520
arg,1803,491855
arg,1804,478559
arg,1805,465622
arg,1806,453035
arg,1807,440789
arg,1808,428873
arg,1809,417280
arg,1810,419661
arg,1811,422044
arg,1812,429196
arg,1813,441120
arg,1814,453376
arg,1815,465972
arg,1816,478918
arg,1817,492224
arg,1818,505900
arg,1819,518837
arg,1820,530996
arg,1821,542336
arg,1822,552814
arg,1823,562385
arg,1824,572122
arg,1825,582027
arg,1826,592104
arg,1827,602355
arg,1828,612784
arg,1829,623653
arg,1830,634974
arg,1831,646761
arg,1832,659027
arg,1833,671785
arg,1834,684790
arg,1835,698047
arg,1836,711561
arg,1837,725336
arg,1838,739378
arg,1839,756337
arg,1840,776366
arg,1841,799625
arg,1842,826281
arg,1843,856507
arg,1844,887839
arg,1845,920317
arg,1846,953983
arg,1847,988880
arg,1848,1025054
arg,1849,1058278
arg,1850,1088372
arg,1851,1115018
arg,1852,1138141
arg,1853,1157536
arg,1854,1177263
arg,1855,1197325
arg,1856,1217730
arg,1857,1238482
arg,1858,1259588
arg,1859,1285058
arg,1860,1315097
arg,1861,1349915
arg,1862,1389733
arg,1863,1434777
arg,1864,1481281
arg,1865,1529293
arg,1866,1578860
arg,1867,1630034
arg,1868,1682867
arg,1869,1737244
arg,1870,1793208
arg,1871,1850807
arg,1872,1910088
arg,1873,1971098
arg,1874,2034058
arg,1875,2099028
arg,1876,2166073
arg,1877,2235260
arg,1878,2306657
arg,1879,2380335
arg,1880,2456365
arg,1881,2534824
arg,1882,2615789
arg,1883,2699340
arg,1884,2785560
arg,1885,2874534
arg,1886,2966350
arg,1887,3061098
arg,1888,3158873
arg,1889,3260729
arg,1890,3366831
arg,1891,3477345
arg,1892,3592446
arg,1893,3712318
arg,1894,3836189
arg,1895,3964194
arg,1896,4096469
arg,1897,4233159
arg,1898,4374409
arg,1899,4524892
arg,1900,4685089
arg,1901,4855502
arg,1902,5036658
arg,1903,5229108
arg,1904,5428911
arg,1905,5636349
arg,1906,5851713
arg,1907,6075305
arg,1908,6307441
arg,1909,6532092
arg,1910,6748544
arg,1911,6956048
arg,1912,7153812
arg,1913,7341005
arg,1914,7533097
arg,1915,7730214
arg,1916,7932490
arg,1917,8140058
arg,1918,8354021
arg,1919,8579951
arg,1920,8818354
arg,1921,9069751
arg,1922,9334686
arg,1923,9613722
arg,1924,9901098
arg,1925,10197065
arg,1926,10501879
arg,1927,10815805
arg,1928,11139114
arg,1929,11443159
arg,1930,11726853
arg,1931,11989069
arg,1932,12228636
arg,1933,12444339
arg,1934,12663847
arg,1935,12887227
arg,1936,13114548
arg,1937,13345878
arg,1938,13581288
arg,1939,13825464
arg,1940,14078649
arg,1941,14341093
arg,1942,14613051
arg,1943,14894786
arg,1944,15181952
arg,1945,15474655
arg,1946,15773001
arg,1947,16077098
arg,1948,16387059
arg,1949,16700599
arg,1950,17018032
arg,1951,17356467
arg,1952,17698882
arg,1953,18041299
arg,1954,18381211
arg,1955,18716036
arg,1956,19049973
arg,1957,19383045
arg,1958,19714264
arg,1959,20049604
arg,1960,20386055
arg,1961,20726280
arg,1962,21072543
arg,1963,21421702
arg,1964,21769451
arg,1965,22112634
arg,1966,22453898
arg,1967,22799063
arg,1968,23150580
arg,1969,23508716
arg,1970,23878330
arg,1971,24257212
arg,1972,24644332
arg,1973,25046007
arg,1974,25461352
arg,1975,25874106
arg,1976,26282282
arg,1977,26701815
arg,1978,27132162
arg,1979,27568894
arg,1980,28011597
arg,1981,28463956
arg,1982,28924268
arg,1983,29391334
arg,1984,29863090
arg,1985,30336448
arg,1986,30811982
arg,1987,31291764
arg,1988,31780534
arg,1989,32270958
arg,1990,32755907
arg,1991,33230293
arg,1992,33693532
arg,1993,34152719
arg,1994,34613492
arg,1995,35070016
arg,1996,35513795
arg,1997,35947790
arg,1998,36372862
arg,1999,36794687
arg,2000,37213986
arg,2001,37624817
arg,2002,38029345
arg,2003,38424283
arg,2004,38815915
arg,2005,39216786
arg,2006,39622113
arg,2007,40016767
arg,2008,40424151
arg,2009,40854832
arg,2010,41288694
arg,2011,41730655
arg,2012,42161718
arg,2013,42582453
arg,2014,43024071
arg,2015,43477011
arg,2016,43900312
arg,2017,44288898
arg,2018,44654876
arg,2019,44973469
arg,2020,45191960
arg,2021,45312282
arg,2022,45407904
arg,2023,45538402
arm,1800,413326
arm,1801,413326
arm,1802,413326
arm,1803,413326
arm,1804,413326
arm,1805,413326
arm,1806,413326
arm,1807,413326
arm,1808,413326
arm,1809,413326
arm,1810,413326
arm,1811,413326
arm,1812,413326
arm,1813,413326
arm,1814,413326
arm,1815,413326
arm,1816,413326
arm,1817,413326
arm,1818,413326
arm,1819,414085
arm,1820,415609
arm,1821,417905
arm,1822,420982
arm,1823,424845
arm,1824,428744
arm,1825,432678
arm,1826,436649
arm,1827,440655
arm,1828,444699
arm,1829,448780
arm,1830,452898
arm,1831,457054
arm,1832,461249
arm,1833,465481
arm,1834,469753
arm,1835,474064
arm,1836,478414
arm,1837,482804
arm,1838,487235
arm,1839,491706
arm,1840,496218
arm,1841,500772
arm,1842,505367
arm,1843,510004
arm,1844,514685
arm,1845,519408
arm,1846,524174
arm,1847,528984
arm,1848,533838
arm,1849,538737
arm,1850,543681
arm,1851,548732
arm,1852,553829
arm,1853,558974
arm,1854,564166
arm,1855,569407
arm,1856,574697
arm,1857,580035
arm,1858,585423
arm,1859,590862
arm,1860,596350
arm,1861,601890
arm,1862,607481
arm,1863,613124
arm,1864,618820
arm,1865,624568
arm,1866,630370
arm,1867,636226
arm,1868,642136
arm,1869,648101
arm,1870,654121
arm,1871,660197
arm,1872,666330
arm,1873,672520
arm,1874,678767
arm,1875,685072
arm,1876,691436
arm,1877,697859
arm,1878,704341
arm,1879,710884
arm,1880,717487
arm,1881,724152
arm,1882,730879
arm,1883,737668
arm,1884,744520
arm,1885,751436
arm,1886,758416
arm,1887,765461
arm,1888,772572
arm,1889,779748
arm,1890,786991
arm,1891,794301
arm,1892,801680
arm,1893,809126
arm,1894,816642
arm,1895,824228
arm,1896,831884
arm,1897,839612
arm,1898,847411
arm,1899,855282
arm,1900,863227
arm,1901,871245
arm,1902,879338
arm,1903,887506
arm,1904,895750
arm,1905,904070
arm,1906,912468
arm,1907,920944
arm,1908,929498
arm,1909,938132
arm,1910,946846
arm,1911,955641
arm,1912,964518
arm,1913,973477
arm,1914,982519
arm,1915,991645
arm,1916,1000857
arm,1917,1010153
arm,1918,1019423
arm,1919,1028778
arm,1920,1038218
arm,1921,1047746
arm,1922,1057361
arm,1923,1067063
arm,1924,1076856
arm,1925,1086737
arm,1926,1096710
arm,1927,1106774
arm,1928,1116930
arm,1929,1127180
arm,1930,1137524
arm,1931,1147962
arm,1932,1158497
arm,1933,1169128
arm,1934,1179856
arm,1935,1190684
arm,1936,1201610
arm,1937,1212637
arm,1938,1223765
arm,1939,1234995
arm,1940,1246328
arm,1941,1257765
arm,1942,1269307
arm,1943,1280955
arm,1944,1292709
arm,1945,1304572
arm,1946,1316544
arm,1947,1328625
arm,1948,1340817
arm,1949,1359533
arm,1950,1382896
arm,1951,1417286
arm,1952,1454108
arm,1953,1493580
arm,1954,1535981
arm,1955,1581511
arm,1956,1630823
arm,1957,1684147
arm,1958,1740888
arm,1959,1801014
arm,1960,1863710
arm,1961,1927488
arm,1962,1991686
arm,1963,2056024
arm,1964,2120135
arm,1965,2183635
arm,1966,2246162
arm,1967,2307497
arm,1968,2367326
arm,1969,2424034
arm,1970,2475628
arm,1971,2525348
arm,1972,2577081
arm,1973,2630860
arm,1974,2686442
arm,1975,2743665
arm,1976,2818168
arm,1977,2912833
arm,1978,3012808
arm,1979,3078505
arm,1980,3107418
arm,1981,3135354
arm,1982,3163145
arm,1983,3191549
arm,1984,3224549
arm,1985,3260438
arm,1986,3294857
arm,1987,3328525
arm,1988,3355123
arm,1989,3443095
arm,1990,3552130
arm,1991,3613978
arm,1992,3571870
arm,1993,3453339
arm,1994,3364620
arm,1995,3307586
arm,1996,3278738
arm,1997,3246292
arm,1998,3208399
arm,1999,3167282
arm,2000,3125630
arm,2001,3084350
arm,2002,3055636
arm,2003,3038976
arm,2004,3022544
arm,2005,3006360
arm,2006,2990371
arm,2007,2974825
arm,2008,2959996
arm,2009,2945518
arm,2010,2931083
arm,2011,2923269
arm,2012,2922529
arm,2013,2922526
arm,2014,2922433
arm,2015,2921179
arm,2016,2918796
arm,2017,2914966
arm,2018,2909971
arm,2019,2903975
arm,2020,2890893
arm,2021,2870339
arm,2022,2880880
arm,2023,2943398
asm,1800,3005
asm,1810,3163
asm,1820,3339
asm,1830,3524
asm,1840,3720
asm,1850,3927
asm,1860,4145
asm,1870,4663
asm,1880,5246
asm,1890,5902
asm,1900,6639
asm,1910,7469
asm,1920,8963
asm,1930,10756
asm,1940,12908
asm,1950,19070
asm,1951,19450
asm,1952,19576
asm,1953,19691
asm,1954,19782
asm,1955,19877
asm,1956,19960
asm,1957,19983
asm,1958,19950
asm,1959,19931
asm,1960,20159
asm,1961,20686
asm,1962,21317
asm,1963,21992
asm,1964,22692
asm,1965,23429
asm,1966,24157
asm,1967,24891
asm,1968,25629
asm,1969,26393
asm,1970,27052
asm,1971,27556
asm,1972,28019
asm,1973,28465
asm,1974,28896
asm,1975,29407
asm,1976,29981
asm,1977,30543
asm,1978,31098
asm,1979,31632
asm,1980,32427
asm,1981,33606
asm,1982,34937
asm,1983,36291
asm,1984,37690
asm,1985,39128
asm,1986,40588
asm,1987,42095
asm,1988,43634
asm,1989,45207
asm,1990,46659
asm,1991,47903
asm,1992,49054
asm,1993,50178
asm,1994,51273
asm,1995,52339
asm,1996,53378
asm,1997,54385
asm,1998,55354
asm,1999,56267
asm,2000,56877
asm,2001,57072
asm,2002,57081
asm,2003,56988
asm,2004,56841
asm,2005,56638
asm,2006,56391
asm,2007,56134
asm,2008,55848
asm,2009,55542
asm,2010,55246
asm,2011,54917
asm,2012,54506
asm,2013,54026
asm,2014,53489
asm,2015,52896
asm,2016,52260
asm,2017,51605
asm,2018,50927
asm,2019,50230
asm,2020,49779
asm,2021,49249
asm,2022,48365
asm,2023,47544
atg,1800,37000
atg,1801,37000
atg,1802,37000
atg,1803,37000
atg,1804,37000
atg,1805,37000
atg,1806,37000
atg,1807,37000
atg,1808,37000
atg,1809,37000
atg,1810,37000
atg,1811,37000
atg,1812,37000
atg,1813,37000
atg,1814,37000
atg,1815,37000
atg,1816,37000
atg,1817,37000
atg,1818,37000
atg,1819,37000
atg,1820,37000
atg,1821,37000
atg,1822,37000
atg,1823,37000
atg,1824,37000
atg,1825,37000
atg,1826,37000
atg,1827,37000
atg,1828,37000
atg,1829,37000
atg,1830,37000
atg,1831,37000
atg,1832,37000
atg,1833,37000
atg,1834,37000
atg,1835,37000
atg,1836,37000
atg,1837,37000
atg,1838,37000
atg,1839,37000
atg,1840,37000
atg,1841,37000
atg,1842,37000
atg,1843,37000
atg,1844,37000
atg,1845,37000
atg,1846,37000
atg,1847,37000
atg,1848,37000
atg,1849,37000
atg,1850,37000
atg,1851,36992
atg,1852,36985
atg,1853,36977
atg,1854,36970
atg,1855,36962
atg,1856,36955
atg,1857,36947
atg,1858,36940
atg,1859,36891
atg,1860,36802
atg,1861,36673
atg,1862,36503
atg,1863,36293
atg,1864,36085
atg,1865,35877
atg,1866,35671
atg,1867,35466
atg,1868,35263
atg,1869,35099
atg,1870,34974
atg,1871,34889
atg,1872,34843
atg,1873,34836
atg,1874,34829
atg,1875,34822
atg,1876,34815
atg,1877,34808
atg,1878,34801
atg,1879,34832
atg,1880,34903
atg,1881,35013
atg,1882,35162
atg,1883,35351
atg,1884,35540
atg,1885,35731
atg,1886,35923
atg,1887,36116
atg,1888,36309
atg,1889,36423
atg,1890,36455
atg,1891,36408
atg,1892,36280
atg,1893,36071
atg,1894,35864
atg,1895,35658
atg,1896,35453
atg,1897,35249
atg,1898,35047
atg,1899,34822
atg,1900,34575
atg,1901,34307
atg,1902,34017
atg,1903,33707
atg,1904,33399
atg,1905,33095
atg,1906,32793
atg,1907,32493
atg,1908,32197
atg,1909,31919
atg,1910,31659
atg,1911,31417
atg,1912,31193
atg,1913,30985
atg,1914,30780
atg,1915,30575
atg,1916,30373
atg,1917,30171
atg,1918,29977
atg,1919,29841
atg,1920,29765
atg,1921,29746
atg,1922,29786
atg,1923,29884
atg,1924,29982
atg,1925,30081
atg,1926,30179
atg,1927,30279
atg,1928,30378
atg,1929,30646
atg,1930,31089
atg,1931,31712
atg,1932,32522
atg,1933,33525
atg,1934,34559
atg,1935,35624
atg,1936,36723
atg,1937,37855
atg,1938,39022
atg,1939,40042
atg,1940,40909
atg,1941,41617
atg,1942,42158
atg,1943,42526
atg,1944,42897
atg,1945,43272
atg,1946,43650
atg,1947,44031
atg,1948,44416
atg,1949,44883
atg,1950,45462
atg,1951,46444
atg,1952,47416
atg,1953,48400
atg,1954,49392
atg,1955,50395
atg,1956,51400
atg,1957,52426
atg,1958,53473
atg,1959,54549
atg,1960,55621
atg,1961,56554
atg,1962,57351
atg,1963,58157
atg,1964,59035
atg,1965,59987
atg,1966,60911
atg,1967,61857
atg,1968,62832
atg,1969,63832
atg,1970,64549
atg,1971,64747
atg,1972,64631
atg,1973,64362
atg,1974,64074
atg,1975,63856
atg,1976,63779
atg,1977,63882
atg,1978,64055
atg,1979,64297
atg,1980,64531
atg,1981,64686
atg,1982,64802
atg,1983,64952
atg,1984,64899
atg,1985,64606
atg,1986,64292
atg,1987,63964
atg,1988,63641
atg,1989,63346
atg,1990,63087
atg,1991,63406
atg,1992,64422
atg,1993,65601
atg,1994,66860
atg,1995,68210
atg,1996,69629
atg,1997,71071
atg,1998,72430
atg,1999,73681
atg,2000,74929
atg,2001,76082
atg,2002,77049
atg,2003,77896
atg,2004,78734
atg,2005,79628
atg,2006,80619
atg,2007,81716
atg,2008,82926
atg,2009,84193
atg,2010,85337
atg,2011,86350
atg,2012,87275
atg,2013,88074
atg,2014,88784
atg,2015,89421
atg,2016,89980
atg,2017,90483
atg,2018,90942
atg,2019,91377
atg,2020,91864
atg,2021,92358
atg,2022,92850
atg,2023,93331
aus,1800,200000
aus,1801,205195
aus,1802,210524
aus,1803,215992
aus,1804,221602
aus,1805,227357
aus,1806,233263
aus,1807,239321
aus,1808,245537
aus,1809,251914
aus,1810,258627
aus,1811,265344
aus,1812,272236
aus,1813,279307
aus,1814,286561
aus,1815,294004
aus,1816,301640
aus,1817,309474
aus,1818,317512
aus,1819,323943
aus,1820,328728
aus,1821,331827
aus,1822,333197
aus,1823,332795
aus,1824,332395
aus,1825,331994
aus,1826,331595
aus,1827,331195
aus,1828,330797
aus,1829,332089
aus,1830,335111
aus,1831,339904
aus,1832,346508
aus,1833,354966
aus,1834,363631
aus,1835,372507
aus,1836,381599
aus,1837,390914
aus,1838,400456
aus,1839,411303
aus,1840,423526
aus,1841,437202
aus,1842,452407
aus,1843,469223
aus,1844,486665
aus,1845,504755
aus,1846,523518
aus,1847,542978
aus,1848,563161
aus,1849,589474
aus,1850,622584
aus,1851,663068
aus,1852,711848
aus,1853,769782
aus,1854,832431
aus,1855,900179
aus,1856,973440
aus,1857,1052664
aus,1858,1138335
aus,1859,1217207
aus,1860,1288324
aus,1861,1350642
aus,1862,1403020
aus,1863,1444212
aus,1864,1486613
aus,1865,1530259
aus,1866,1575186
aus,1867,1621432
aus,1868,1669036
aus,1869,1715197
aus,1870,1759814
aus,1871,1802779
aus,1872,1843982
aus,1873,1883307
aus,1874,1923471
aus,1875,1964491
aus,1876,2006386
aus,1877,2049174
aus,1878,2092875
aus,1879,2143490
aus,1880,2201376
aus,1881,2266902
aus,1882,2340455
aus,1883,2422437
aus,1884,2507291
aus,1885,2595117
aus,1886,2686019
aus,1887,2780105
aus,1888,2877486
aus,1889,2968103
aus,1890,3051532
aus,1891,3127332
aus,1892,3195043
aus,1893,3254185
aus,1894,3314421
aus,1895,3375772
aus,1896,3438259
aus,1897,3501902
aus,1898,3566723
aus,1899,3630550
aus,1900,3693331
aus,1901,3755013
aus,1902,3815541
aus,1903,3874858
aus,1904,3935097
aus,1905,3996273
aus,1906,4058399
aus,1907,4121490
aus,1908,4185562
aus,1909,4254685
aus,1910,4329018
aus,1911,4408726
aus,1912,4493975
aus,1913,4584938
aus,1914,4677743
aus,1915,4772426
aus,1916,4869025
aus,1917,4967579
aus,1918,5069291
aus,1919,5171552
aus,1920,5274343
aus,1921,5377647
aus,1922,5481442
aus,1923,5585709
aus,1924,5691958
aus,1925,5800229
aus,1926,5910560
aus,1927,6022989
aus,1928,6137556
aus,1929,6240926
aus,1930,6332771
aus,1931,6412756
aus,1932,6480541
aus,1933,6535776
aus,1934,6591481
aus,1935,6647662
aus,1936,6704321
aus,1937,6761463
aus,1938,6819092
aus,1939,6887821
aus,1940,6967916
aus,1941,7059648
aus,1942,7163293
aus,1943,7279134
aus,1944,7396847
aus,1945,7516465
aus,1946,7638016
aus,1947,7761534
aus,1948,7887049
aus,1949,8025441
aus,1950,8176751
aus,1951,8418616
aus,1952,8630707
aus,1953,8816085
aus,1954,8999384
aus,1955,9205189
aus,1956,9424660
aus,1957,9638773
aus,1958,9847636
aus,1959,10060033
aus,1960,10280815
aus,1961,10500441
aus,1962,10707235
aus,1963,10913270
aus,1964,11128257
aus,1965,11357479
aus,1966,11592485
aus,1967,11810521
aus,1968,12030009
aus,1969,12272387
aus,1970,12599414
aus,1971,12997963
aus,1972,13304897
aus,1973,13518689
aus,1974,13719499
aus,1975,13893988
aus,1976,14046758
aus,1977,14203511
aus,1978,14367099
aus,1979,14533034
aus,1980,14721345
aus,1981,14949210
aus,1982,15192484
aus,1983,15414891
aus,1984,15620653
aus,1985,15835743
aus,1986,16069631
aus,1987,16322272
aus,1988,16594104
aus,1989,16869362
aus,1990,17126304
aus,1991,17353191
aus,1992,17549286
aus,1993,17722905
aus,1994,17897433
aus,1995,18095340
aus,1996,18305305
aus,1997,18504911
aus,1998,18701710
aus,1999,18909980
aus,2000,19132472
aus,2001,19365438
aus,2002,19595356
aus,2003,19819449
aus,2004,20046679
aus,2005,20294490
aus,2006,20590566
aus,2007,20954545
aus,2008,21370595
aus,2009,21783014
aus,2010,22141583
aus,2011,22479779
aus,2012,22852648
aus,2013,23236271
aus,2014,23595599
aus,2015,23947997
aus,2016,24329963
aus,2017,24731044
aus,2018,25119700
aus,2019,25482714
aus,2020,25743787
aus,2021,25956417
aus,2022,26200987
aus,2023,26451126
aut,1800,3000000
aut,1801,3017451
aut,1802,3035004
aut,1803,3052658
aut,1804,3070416
aut,1805,3088277
aut,1806,3106241
aut,1807,3124310
aut,1808,3142485
aut,1809,3160765
aut,1810,3179258
aut,1811,3197752
aut,1812,3216353
aut,1813,3235063
aut,1814,3253881
aut,1815,3272809
aut,1816,3291847
aut,1817,3310996
aut,1818,3330256
aut,1819,3349015
aut,1820,3367266
aut,1821,3385004
aut,1822,3402223
aut,1823,3418916
aut,1824,3435691
aut,1825,3452549
aut,1826,3469489
aut,1827,3486512
aut,1828,3503619
aut,1829,3520820
aut,1830,3538115
aut,1831,3555505
aut,1832,3572991
aut,1833,3590572
aut,1834,3608240
aut,1835,3625995
aut,1836,3643838
aut,1837,3661768
aut,1838,3679786
aut,1839,3698789
aut,1840,3718786
aut,1841,3739787
aut,1842,3761804
aut,1843,3784847
aut,1844,3808031
aut,1845,3831357
aut,1846,3854826
aut,1847,3878438
aut,1848,3902195
aut,1849,3926782
aut,1850,3952208
aut,1851,3978557
aut,1852,4005766
aut,1853,4033846
aut,1854,4062123
aut,1855,4090598
aut,1856,4119272
aut,1857,4148148
aut,1858,4177226
aut,1859,4206120
aut,1860,4234828
aut,1861,4263344
aut,1862,4291666
aut,1863,4319789
aut,1864,4348096
aut,1865,4376588
aut,1866,4405267
aut,1867,4434134
aut,1868,4463191
aut,1869,4494618
aut,1870,4528451
aut,1871,4564726
aut,1872,4603478
aut,1873,4644744
aut,1874,4686380
aut,1875,4728390
aut,1876,4770776
aut,1877,4813542
aut,1878,4856691
aut,1879,4900094
aut,1880,4943751
aut,1881,4987664
aut,1882,5031834
aut,1883,5076261
aut,1884,5121081
aut,1885,5166297
aut,1886,5211912
aut,1887,5257929
aut,1888,5304353
aut,1889,5352739
aut,1890,5403121
aut,1891,5455531
aut,1892,5510005
aut,1893,5566578
aut,1894,5623731
aut,1895,5681470
aut,1896,5739803
aut,1897,5798734
aut,1898,5858271
aut,1899,5918416
aut,1900,5979176
aut,1901,6040557
aut,1902,6102565
aut,1903,6165207
aut,1904,6228492
aut,1905,6292427
aut,1906,6357018
aut,1907,6422272
aut,1908,6488195
aut,1909,6538009
aut,1910,6571587
aut,1911,6588803
aut,1912,6589530
aut,1913,6573637
aut,1914,6557782
aut,1915,6541966
aut,1916,6526188
aut,1917,6510448
aut,1918,6494625
aut,1919,6486496
aut,1920,6486069
aut,1921,6493353
aut,1922,6508355
aut,1923,6531083
aut,1924,6553892
aut,1925,6576779
aut,1926,6599747
aut,1927,6622795
aut,1928,6645923
aut,1929,6664878
aut,1930,6679644
aut,1931,6690204
aut,1932,6696542
aut,1933,6698643
aut,1934,6700745
aut,1935,6702847
aut,1936,6704950
aut,1937,6707053
aut,1938,6709158
aut,1939,6715380
aut,1940,6725734
aut,1941,6740236
aut,1942,6758902
aut,1943,6781747
aut,1944,6804668
aut,1945,6827667
aut,1946,6850744
aut,1947,6873899
aut,1948,6897132
aut,1949,6917983
aut,1950,6936455
aut,1951,6930487
aut,1952,6927254
aut,1953,6932083
aut,1954,6939893
aut,1955,6946659
aut,1956,6952266
aut,1957,6965838
aut,1958,6987345
aut,1959,7014270
aut,1960,7047274
aut,1961,7086060
aut,1962,7129581
aut,1963,7175502
aut,1964,7223392
aut,1965,7270413
aut,1966,7321524
aut,1967,7376293
aut,1968,7414627
aut,1969,7440306
aut,1970,7466320
aut,1971,7499635
aut,1972,7543263
aut,1973,7585107
aut,1974,7597963
aut,1975,7577833
aut,1976,7564457
aut,1977,7567332
aut,1978,7561203
aut,1979,7548345
aut,1980,7548407
aut,1981,7567550
aut,1982,7573078
aut,1983,7561166
aut,1984,7560715
aut,1985,7564310
aut,1986,7569397
aut,1987,7574314
aut,1988,7585346
aut,1989,7620405
aut,1990,7679627
aut,1991,7757140
aut,1992,7842715
aut,1993,7907492
aut,1994,7938157
aut,1995,7950322
aut,1996,7960917
aut,1997,7969804
aut,1998,7978465
aut,1999,7993894
aut,2000,8012929
aut,2001,8042233
aut,2002,8081640
aut,2003,8122604
aut,2004,8173496
aut,2005,8229204
aut,2006,8269901
aut,2007,8296948
aut,2008,8323250
aut,2009,8345073
aut,2010,8365087
aut,2011,8393272
aut,2012,8431599
aut,2013,8481411
aut,2014,8547812
aut,2015,8644037
aut,2016,8737920
aut,2017,8798779
aut,2018,8841653
aut,2019,8880876
aut,2020,8921402
aut,2021,8967053
aut,2022,9064678
aut,2023,9130434
aze,1800,879960
aze,1801,879960
aze,1802,879960
aze,1803,879960
aze,1804,879960
aze,1805,879960
aze,1806,879960
aze,1807,879960
aze,1808,879960
aze,1809,879960
aze,1810,879960
aze,1811,879960
aze,1812,879960
aze,1813,879960
aze,1814,879960
aze,1815,879960
aze,1816,879960
aze,1817,879960
aze,1818,879960
aze,1819,881575
aze,1820,884820
aze,1821,889709
aze,1822,896259
aze,1823,904484
aze,1824,912784
aze,1825,921160
aze,1826,929613
aze,1827,938144
aze,1828,946753
aze,1829,955441
aze,1830,964208
aze,1831,973057
aze,1832,981986
aze,1833,990997
aze,1834,1000091
aze,1835,1009269
aze,1836,1018530
aze,1837,1027877
aze,1838,1037309
aze,1839,1046828
aze,1840,1056435
aze,1841,1066129
aze,1842,1075913
aze,1843,1085786
aze,1844,1095750
aze,1845,1105805
aze,1846,1115953
aze,1847,1126193
aze,1848,1136528
aze,1849,1146957
aze,1850,1157483
aze,1851,1169516
aze,1852,1181674
aze,1853,1193956
aze,1854,1206363
aze,1855,1218898
aze,1856,1231562
aze,1857,1244355
aze,1858,1257279
aze,1859,1270336
aze,1860,1283526
aze,1861,1296852
aze,1862,1310314
aze,1863,1323914
aze,1864,1337653
aze,1865,1351533
aze,1866,1365555
aze,1867,1379721
aze,1868,1394031
aze,1869,1408488
aze,1870,1423093
aze,1871,1437847
aze,1872,1452753
aze,1873,1467810
aze,1874,1483022
aze,1875,1498389
aze,1876,1513914
aze,1877,1529597
aze,1878,1545441
aze,1879,1561446
aze,1880,1577616
aze,1881,1593950
aze,1882,1610451
aze,1883,1627121
aze,1884,1643962
aze,1885,1660974
aze,1886,1678160
aze,1887,1695522
aze,1888,1713061
aze,1889,1730779
aze,1890,1748679
aze,1891,1766760
aze,1892,1785027
aze,1893,1803480
aze,1894,1822121
aze,1895,1840953
aze,1896,1859976
aze,1897,1879194
aze,1898,1898608
aze,1899,1918220
aze,1900,1938032
aze,1901,1958047
aze,1902,1978265
aze,1903,1998689
aze,1904,2019322
aze,1905,2040165
aze,1906,2061221
aze,1907,2082491
aze,1908,2103978
aze,1909,2125684
aze,1910,2147611
aze,1911,2169762
aze,1912,2192138
aze,1913,2214742
aze,1914,2237577
aze,1915,2260644
aze,1916,2283946
aze,1917,2307485
aze,1918,2328660
aze,1919,2350030
aze,1920,2371595
aze,1921,2393358
aze,1922,2415321
aze,1923,2437485
aze,1924,2459853
aze,1925,2482426
aze,1926,2505207
aze,1927,2528196
aze,1928,2551396
aze,1929,2574809
aze,1930,2598437
aze,1931,2622282
aze,1932,2646346
aze,1933,2670630
aze,1934,2695138
aze,1935,2719870
aze,1936,2744829
aze,1937,2770017
aze,1938,2795437
aze,1939,2821089
aze,1940,2846977
aze,1941,2873103
aze,1942,2899468
aze,1943,2926076
aze,1944,2952927
aze,1945,2980025
aze,1946,3007371
aze,1947,3034969
aze,1948,3062820
aze,1949,3103980
aze,1950,3131979
aze,1951,3187157
aze,1952,3247007
aze,1953,3312610
aze,1954,3384707
aze,1955,3464090
aze,1956,3551389
aze,1957,3646865
aze,1958,3750701
aze,1959,3862828
aze,1960,3982711
aze,1961,4108981
aze,1962,4239411
aze,1963,4372047
aze,1964,4503659
aze,1965,4630315
aze,1966,4751910
aze,1967,4867309
aze,1968,4976488
aze,1969,5081769
aze,1970,5183827
aze,1971,5283502
aze,1972,5380920
aze,1973,5476614
aze,1974,5572229
aze,1975,5669260
aze,1976,5791042
aze,1977,5937643
aze,1978,6075081
aze,1979,6187137
aze,1980,6284707
aze,1981,6385607
aze,1982,6491433
aze,1983,6602330
aze,1984,6706289
aze,1985,6799823
aze,1986,6891349
aze,1987,6977658
aze,1988,7081404
aze,1989,7167583
aze,1990,7231084
aze,1991,7314317
aze,1992,7405781
aze,1993,7504119
aze,1994,7608894
aze,1995,7719283
aze,1996,7830981
aze,1997,7936220
aze,1998,8025808
aze,1999,8100472
aze,2000,8174784
aze,2001,8251776
aze,2002,8326141
aze,2003,8400528
aze,2004,8489874
aze,2005,8597248
aze,2006,8711380
aze,2007,8828313
aze,2008,8942637
aze,2009,9046336
aze,2010,9146852
aze,2011,9256156
aze,2012,9376179
aze,2013,9504417
aze,2014,9631136
aze,2015,9752859
aze,2016,9868434
aze,2017,9968510
aze,2018,10039782
aze,2019,10110483
aze,2020,10181736
aze,2021,10234372
aze,2022,10295307
aze,2023,10318209
bdi,1800,899097
bdi,1801,899097
bdi,1802,899097
bdi,1803,899097
bdi,1804,899097
bdi,1805,899097
bdi,1806,899097
bdi,1807,899097
bdi,1808,899097
bdi,1809,899097
bdi,1810,899097
bdi,1811,899097
bdi,1812,899097
bdi,1813,899097
bdi,1814,899097
bdi,1815,899097
bdi,1816,899097
bdi,1817,899097
bdi,1818,899097
bdi,1819,901814
bdi,1820,907290
bdi,1821,915566
bdi,1822,926684
bdi,1823,940688
bdi,1824,954903
bdi,1825,969334
bdi,1826,983982
bdi,1827,998851
bdi,1828,1013946
bdi,1829,1029268
bdi,1830,1044822
bdi,1831,1060611
bdi,1832,1076638
bdi,1833,1092908
bdi,1834,1109424
bdi,1835,1126189
bdi,1836,1143208
bdi,1837,1160483
bdi,1838,1178020
bdi,1839,1195822
bdi,1840,1213893
bdi,1841,1232237
bdi,1842,1250858
bdi,1843,1269760
bdi,1844,1288948
bdi,1845,1308426
bdi,1846,1328199
bdi,1847,1348270
bdi,1848,1368645
bdi,1849,1386758
bdi,1850,1402560
bdi,1851,1414254
bdi,1852,1423509
bdi,1853,1430281
bdi,1854,1437083
bdi,1855,1443915
bdi,1856,1450777
bdi,1857,1457669
bdi,1858,1464592
bdi,1859,1471546
bdi,1860,1478530
bdi,1861,1485545
bdi,1862,1492591
bdi,1863,1499668
bdi,1864,1506777
bdi,1865,1513916
bdi,1866,1521087
bdi,1867,1528290
bdi,1868,1535524
bdi,1869,1543100
bdi,1870,1551022
bdi,1871,1559292
bdi,1872,1567912
bdi,1873,1576888
bdi,1874,1585912
bdi,1875,1594985
bdi,1876,1604107
bdi,1877,1613279
bdi,1878,1622501
bdi,1879,1631773
bdi,1880,1641095
bdi,1881,1650468
bdi,1882,1659891
bdi,1883,1669366
bdi,1884,1678891
bdi,1885,1688469
bdi,1886,1698098
bdi,1887,1707779
bdi,1888,1717513
bdi,1889,1723125
bdi,1890,1724623
bdi,1891,1722016
bdi,1892,1715311
bdi,1893,1704516
bdi,1894,1693786
bdi,1895,1683121
bdi,1896,1672520
bdi,1897,1661983
bdi,1898,1651510
bdi,1899,1640120
bdi,1900,1627830
bdi,1901,1614655
bdi,1902,1600612
bdi,1903,1585716
bdi,1904,1570956
bdi,1905,1556331
bdi,1906,1541839
bdi,1907,1527479
bdi,1908,1513251
bdi,1909,1500342
bdi,1910,1488732
bdi,1911,1478402
bdi,1912,1469331
bdi,1913,1461501
bdi,1914,1453710
bdi,1915,1445958
bdi,1916,1438244
bdi,1917,1430569
bdi,1918,1424847
bdi,1919,1424519
bdi,1920,1429644
bdi,1921,1440281
bdi,1922,1456493
bdi,1923,1478340
bdi,1924,1500515
bdi,1925,1523023
bdi,1926,1545868
bdi,1927,1569056
bdi,1928,1592592
bdi,1929,1616153
bdi,1930,1639735
bdi,1931,1663333
bdi,1932,1686942
bdi,1933,1710560
bdi,1934,1734508
bdi,1935,1758791
bdi,1936,1783414
bdi,1937,1808382
bdi,1938,1833699
bdi,1939,1860879
bdi,1940,1889974
bdi,1941,1921040
bdi,1942,1954132
bdi,1943,1989306
bdi,1944,2025113
bdi,1945,2061566
bdi,1946,2098674
bdi,1947,2136450
bdi,1948,2174906
bdi,1949,2214122
bdi,1950,2254942
bdi,1951,2305749
bdi,1952,2355807
bdi,1953,2405189
bdi,1954,2454593
bdi,1955,2504658
bdi,1956,2555312
bdi,1957,2606484
bdi,1958,2657416
bdi,1959,2709604
bdi,1960,2764265
bdi,1961,2835122
bdi,1962,2907945
bdi,1963,2969844
bdi,1964,3055656
bdi,1965,3141371
bdi,1966,3217962
bdi,1967,3300699
bdi,1968,3380389
bdi,1969,3454598
bdi,1970,3530431
bdi,1971,3617295
bdi,1972,3617134
bdi,1973,3611994
bdi,1974,3703604
bdi,1975,3796617
bdi,1976,3882626
bdi,1977,3983585
bdi,1978,4100342
bdi,1979,4203533
bdi,1980,4383713
bdi,1981,4566017
bdi,1982,4681397
bdi,1983,4808530
bdi,1984,4926477
bdi,1985,5034043
bdi,1986,5129423
bdi,1987,5247790
bdi,1988,5365332
bdi,1989,5471706
bdi,1990,5587051
bdi,1991,5703860
bdi,1992,5858405
bdi,1993,5676847
bdi,1994,5713856
bdi,1995,6066319
bdi,1996,6070510
bdi,1997,6070038
bdi,1998,6187114
bdi,1999,6337155
bdi,2000,6470196
bdi,2001,6634368
bdi,2002,6824139
bdi,2003,7043158
bdi,2004,7310656
bdi,2005,7587303
bdi,2006,7865545
bdi,2007,8161879
bdi,2008,8505643
bdi,2009,8947653
bdi,2010,9376448
bdi,2011,9717980
bdi,2012,10071033
bdi,2013,10439346
bdi,2014,10799789
bdi,2015,11047581
bdi,2016,11239459
bdi,2017,11506764
bdi,2018,11859444
bdi,2019,12255339
bdi,2020,12617041
bdi,2021,12965487
bdi,2022,13321102
bdi,2023,13689455
bel,1800,3250000
bel,1801,3258961
bel,1802,3267947
bel,1803,3276958
bel,1804,3285994
bel,1805,3295054
bel,1806,3304140
bel,1807,3313251
bel,1808,3322386
bel,1809,3331547
bel,1810,3340759
bel,1811,3349970
bel,1812,3359207
bel,1813,3368470
bel,1814,3377758
bel,1815,3387071
bel,1816,3396411
bel,1817,3405776
bel,1818,3415167
bel,1819,3428762
bel,1820,3446611
bel,1821,3468762
bel,1822,3495265
bel,1823,3526170
bel,1824,3557348
bel,1825,3588801
bel,1826,3620533
bel,1827,3652545
bel,1828,3684841
bel,1829,3717143
bel,1830,3749449
bel,1831,3781756
bel,1832,3814064
bel,1833,3846368
bel,1834,3878946
bel,1835,3911800
bel,1836,3944932
bel,1837,3978344
bel,1838,4012040
bel,1839,4046206
bel,1840,4080847
bel,1841,4115969
bel,1842,4151578
bel,1843,4187679
bel,1844,4224094
bel,1845,4260826
bel,1846,4297878
bel,1847,4335251
bel,1848,4372950
bel,1849,4408894
bel,1850,4443056
bel,1851,4475157
bel,1852,4505413
bel,1853,4533797
bel,1854,4562359
bel,1855,4591101
bel,1856,4620024
bel,1857,4649129
bel,1858,4678418
bel,1859,4708755
bel,1860,4740154
bel,1861,4772628
bel,1862,4806190
bel,1863,4840852
bel,1864,4875764
bel,1865,4910928
bel,1866,4946346
bel,1867,4982019
bel,1868,5017949
bel,1869,5055298
bel,1870,5094086
bel,1871,5134332
bel,1872,5176056
bel,1873,5219281
bel,1874,5262866
bel,1875,5306815
bel,1876,5351131
bel,1877,5395817
bel,1878,5440877
bel,1879,5487623
bel,1880,5536082
bel,1881,5586281
bel,1882,5638248
bel,1883,5692009
bel,1884,5746284
bel,1885,5801075
bel,1886,5856389
bel,1887,5912231
bel,1888,5968605
bel,1889,6025743
bel,1890,6083656
bel,1891,6142352
bel,1892,6201841
bel,1893,6262134
bel,1894,6323013
bel,1895,6384484
bel,1896,6446552
bel,1897,6509224
bel,1898,6572505
bel,1899,6638079
bel,1900,6705987
bel,1901,6776269
bel,1902,6848968
bel,1903,6924126
bel,1904,7000108
bel,1905,7076924
bel,1906,7154584
bel,1907,7233095
bel,1908,7312468
bel,1909,7377299
bel,1910,7427418
bel,1911,7462655
bel,1912,7482838
bel,1913,7487791
bel,1914,7492747
bel,1915,7497707
bel,1916,7502669
bel,1917,7507636
bel,1918,7513025
bel,1919,7527467
bel,1920,7551028
bel,1921,7583777
bel,1922,7625781
bel,1923,7677110
bel,1924,7728784
bel,1925,7780807
bel,1926,7833179
bel,1927,7885904
bel,1928,7938984
bel,1929,7986890
bel,1930,8029570
bel,1931,8066970
bel,1932,8099037
bel,1933,8125715
bel,1934,8152481
bel,1935,8179335
bel,1936,8206277
bel,1937,8233309
bel,1938,8260429
bel,1939,8287916
bel,1940,8315772
bel,1941,8343998
bel,1942,8372598
bel,1943,8401573
bel,1944,8430648
bel,1945,8459824
bel,1946,8489101
bel,1947,8518479
bel,1948,8547959
bel,1949,8580904
bel,1950,8617442
bel,1951,8655755
bel,1952,8696639
bel,1953,8741858
bel,1954,8788383
bel,1955,8835492
bel,1956,8882161
bel,1957,8931862
bel,1958,8986120
bel,1959,9045745
bel,1960,9102172
bel,1961,9158208
bel,1962,9217669
bel,1963,9275198
bel,1964,9337681
bel,1965,9399851
bel,1966,9455000
bel,1967,9505919
bel,1968,9549702
bel,1969,9589190
bel,1970,9630508
bel,1971,9666524
bel,1972,9694853
bel,1973,9718032
bel,1974,9735809
bel,1975,9748472
bel,1976,9758905
bel,1977,9774018
bel,1978,9791812
bel,1979,9811367
bel,1980,9833093
bel,1981,9850674
bel,1982,9862329
bel,1983,9869136
bel,1984,9874586
bel,1985,9880338
bel,1986,9886981
bel,1987,9899150
bel,1988,9916566
bel,1989,9936575
bel,1990,9960968
bel,1991,9998962
bel,1992,10045988
bel,1993,10084932
bel,1994,10116005
bel,1995,10137264
bel,1996,10156972
bel,1997,10181465
bel,1998,10203185
bel,1999,10226681
bel,2000,10251719
bel,2001,10287005
bel,2002,10332975
bel,2003,10376262
bel,2004,10421298
bel,2005,10478883
bel,2006,10548445
bel,2007,10625488
bel,2008,10709711
bel,2009,10812936
bel,2010,10936619
bel,2011,11038624
bel,2012,11107522
bel,2013,11160277
bel,2014,11210113
bel,2015,11275332
bel,2016,11332707
bel,2017,11376583
bel,2018,11428608
bel,2019,11490623
bel,2020,11540102
bel,2021,11570843
bel,2022,11641814
bel,2023,11712891
ben,1800,636559
ben,1801,636559
ben,1802,636559
ben,1803,636559
ben,1804,636559
ben,1805,636559
ben,1806,636559
ben,1807,636559
ben,1808,636559
ben,1809,636559
ben,1810,636559
ben,1811,636559
ben,1812,636559
ben,1813,636559
ben,1814,636559
ben,1815,636559
ben,1816,636559
ben,1817,636559
ben,1818,636559
ben,1819,637485
ben,1820,639344
ben,1821,642142
ben,1822,645886
ben,1823,650584
ben,1824,655316
ben,1825,660082
ben,1826,664884
ben,1827,669719
ben,1828,674591
ben,1829,679497
ben,1830,684439
ben,1831,689417
ben,1832,694432
ben,1833,699483
ben,1834,704570
ben,1835,709695
ben,1836,714857
ben,1837,720056
ben,1838,725293
ben,1839,730569
ben,1840,735882
ben,1841,741235
ben,1842,746626
ben,1843,752057
ben,1844,757526
ben,1845,763036
ben,1846,768586
ben,1847,774176
ben,1848,779807
ben,1849,784933
ben,1850,789547
ben,1851,795201
ben,1852,800346
ben,1853,804973
ben,1854,809625
ben,1855,814299
ben,1856,818998
ben,1857,823721
ben,1858,828468
ben,1859,833930
ben,1860,840120
ben,1861,847051
ben,1862,854734
ben,1863,863183
ben,1864,871712
ben,1865,880323
ben,1866,889015
ben,1867,897789
ben,1868,906647
ben,1869,915682
ben,1870,924897
ben,1871,934295
ben,1872,943878
ben,1873,953650
ben,1874,963519
ben,1875,973488
ben,1876,983556
ben,1877,993724
ben,1878,1003995
ben,1879,1013854
ben,1880,1023293
ben,1881,1032302
ben,1882,1040872
ben,1883,1048993
ben,1884,1057174
ben,1885,1065415
ben,1886,1073717
ben,1887,1082080
ben,1888,1090504
ben,1889,1098781
ben,1890,1106908
ben,1891,1114882
ben,1892,1122700
ben,1893,1130358
ben,1894,1138065
ben,1895,1145820
ben,1896,1153625
ben,1897,1161479
ben,1898,1169383
ben,1899,1178059
ben,1900,1187522
ben,1901,1197783
ben,1902,1208859
ben,1903,1220763
ben,1904,1232779
ben,1905,1244910
ben,1906,1257157
ben,1907,1269520
ben,1908,1282001
ben,1909,1294402
ben,1910,1306722
ben,1911,1318957
ben,1912,1331103
ben,1913,1343159
ben,1914,1355319
ben,1915,1367585
ben,1916,1379959
ben,1917,1392440
ben,1918,1402597
ben,1919,1415022
ben,1920,1429764
ben,1921,1446872
ben,1922,1466398
ben,1923,1488394
ben,1924,1510720
ben,1925,1533380
ben,1926,1556381
ben,1927,1579727
ben,1928,1603423
ben,1929,1627144
ben,1930,1650885
ben,1931,1674644
ben,1932,1698414
ben,1933,1722192
ben,1934,1746303
ben,1935,1770751
ben,1936,1795542
ben,1937,1820679
ben,1938,1846169
ben,1939,1873533
ben,1940,1902827
ben,1941,1934104
ben,1942,1967420
ben,1943,2002834
ben,1944,2038885
ben,1945,2075585
ben,1946,2112945
ben,1947,2150978
ben,1948,2189696
ben,1949,2227533
ben,1950,2250476
ben,1951,2267310
ben,1952,2285780
ben,1953,2306205
ben,1954,2328786
ben,1955,2353653
ben,1956,2380894
ben,1957,2410774
ben,1958,2443431
ben,1959,2478921
ben,1960,2517289
ben,1961,2559229
ben,1962,2604667
ben,1963,2652911
ben,1964,2704005
ben,1965,2757936
ben,1966,2814321
ben,1967,2873000
ben,1968,2934261
ben,1969,2998230
ben,1970,3065061
ben,1971,3134768
ben,1972,3207549
ben,1973,3283500
ben,1974,3362629
ben,1975,3445406
ben,1976,3532198
ben,1977,3623200
ben,1978,3718308
ben,1979,3818536
ben,1980,3925258
ben,1981,4038308
ben,1982,4156593
ben,1983,4278981
ben,1984,4405902
ben,1985,4538017
ben,1986,4675421
ben,1987,4818487
ben,1988,4967343
ben,1989,5121659
ben,1990,5281482
ben,1991,5446935
ben,1992,5617847
ben,1993,5872707
ben,1994,6096510
ben,1995,6226775
ben,1996,6391861
ben,1997,6583375
ben,1998,6789492
ben,1999,7002818
ben,2000,7221618
ben,2001,7445599
ben,2002,7675430
ben,2003,7913074
ben,2004,8159098
ben,2005,8426145
ben,2006,8693243
ben,2007,8953973
ben,2008,9228468
ben,2009,9509431
ben,2010,9797488
ben,2011,10093626
ben,2012,10397659
ben,2013,10708831
ben,2014,11030008
ben,2015,11360681
ben,2016,11697845
ben,2017,12039777
ben,2018,12383349
ben,2019,12726760
ben,2020,13070169
ben,2021,13413423
ben,2022,13759507
ben,2023,14111035
bes,1950,7023
bes,1951,7052
bes,1952,7141
bes,1953,7249
bes,1954,7460
bes,1955,7628
bes,1956,7638
bes,1957,7653
bes,1958,7699
bes,1959,7761
bes,1960,7853
bes,1961,7983
bes,1962,8122
bes,1963,8286
bes,1964,8472
bes,1965,8677
bes,1966,8893
bes,1967,9129
bes,1968,9368
bes,1969,9625
bes,1970,9885
bes,1971,10148
bes,1972,10377
bes,1973,10558
bes,1974,10715
bes,1975,10878
bes,1976,11057
bes,1977,11242
bes,1978,11437
bes,1979,11621
bes,1980,11804
bes,1981,11962
bes,1982,12078
bes,1983,12177
bes,1984,12284
bes,1985,12391
bes,1986,12494
bes,1987,12601
bes,1988,12714
bes,1989,12830
bes,1990,12958
bes,1991,13070
bes,1992,13186
bes,1993,13297
bes,1994,13407
bes,1995,13531
bes,1996,13670
bes,1997,13812
bes,1998,13959
bes,1999,14101
bes,2000,14256
bes,2001,14526
bes,2002,15033
bes,2003,15666
bes,2004,16330
bes,2005,17002
bes,2006,17701
bes,2007,18408
bes,2008,19118
bes,2009,19847
bes,2010,20583
bes,2011,21650
bes,2012,22847
bes,2013,23835
bes,2014,24491
bes,2015,24638
bes,2016,24567
bes,2017,24821
bes,2018,25184
bes,2019,25652
bes,2020,26476
bes,2021,27347
bes,2022,28654
bes,2023,29920
bfa,1800,1665421
bfa,1801,1665421
bfa,1802,1665421
bfa,1803,1665421
bfa,1804,1665421
bfa,1805,1665421
bfa,1806,1665421
bfa,1807,1665421
bfa,1808,1665421
bfa,1809,1665421
bfa,1810,1665421
bfa,1811,1665421
bfa,1812,1665421
bfa,1813,1665421
bfa,1814,1665421
bfa,1815,1665421
bfa,1816,1665421
bfa,1817,1665421
bfa,1818,1665421
bfa,1819,1666600
bfa,1820,1668963
bfa,1821,1672513
bfa,1822,1677255
bfa,1823,1683193
bfa,1824,1689151
bfa,1825,1695131
bfa,1826,1701133
bfa,1827,1707155
bfa,1828,1713199
bfa,1829,1719264
bfa,1830,1725350
bfa,1831,1731459
bfa,1832,1737588
bfa,1833,1743740
bfa,1834,1749913
bfa,1835,1756108
bfa,1836,1762325
bfa,1837,1768564
bfa,1838,1774825
bfa,1839,1781108
bfa,1840,1787414
bfa,1841,1793742
bfa,1842,1800092
bfa,1843,1806465
bfa,1844,1812860
bfa,1845,1819278
bfa,1846,1825719
bfa,1847,1832182
bfa,1848,1838668
bfa,1849,1844607
bfa,1850,1849996
bfa,1851,1856468
bfa,1852,1862391
bfa,1853,1867760
bfa,1854,1873144
bfa,1855,1878541
bfa,1856,1883953
bfa,1857,1889379
bfa,1858,1894818
bfa,1859,1900272
bfa,1860,1905741
bfa,1861,1911223
bfa,1862,1916720
bfa,1863,1922232
bfa,1864,1927757
bfa,1865,1933297
bfa,1866,1938852
bfa,1867,1944421
bfa,1868,1950004
bfa,1869,1956386
bfa,1870,1963573
bfa,1871,1971572
bfa,1872,1980390
bfa,1873,1990034
bfa,1874,1999723
bfa,1875,2009458
bfa,1876,2019238
bfa,1877,2029065
bfa,1878,2038938
bfa,1879,2048857
bfa,1880,2058824
bfa,1881,2068837
bfa,1882,2078897
bfa,1883,2089005
bfa,1884,2099160
bfa,1885,2109363
bfa,1886,2119614
bfa,1887,2129914
bfa,1888,2140262
bfa,1889,2151090
bfa,1890,2162404
bfa,1891,2174209
bfa,1892,2186511
bfa,1893,2199314
bfa,1894,2212191
bfa,1895,2225141
bfa,1896,2238166
bfa,1897,2251265
bfa,1898,2264440
bfa,1899,2280436
bfa,1900,2299307
bfa,1901,2321103
bfa,1902,2345877
bfa,1903,2373684
bfa,1904,2401818
bfa,1905,2430284
bfa,1906,2459086
bfa,1907,2488228
bfa,1908,2517713
bfa,1909,2546000
bfa,1910,2573061
bfa,1911,2598865
bfa,1912,2623383
bfa,1913,2646584
bfa,1914,2669988
bfa,1915,2693597
bfa,1916,2717412
bfa,1917,2741437
bfa,1918,2763369
bfa,1919,2788283
bfa,1920,2816241
bfa,1921,2847304
bfa,1922,2881533
bfa,1923,2918993
bfa,1924,2956940
bfa,1925,2995380
bfa,1926,3034320
bfa,1927,3073766
bfa,1928,3113725
bfa,1929,3153564
bfa,1930,3193275
bfa,1931,3232848
bfa,1932,3272273
bfa,1933,3311540
bfa,1934,3351279
bfa,1935,3391494
bfa,1936,3432192
bfa,1937,3473378
bfa,1938,3515059
bfa,1939,3560119
bfa,1940,3608646
bfa,1941,3660727
bfa,1942,3716453
bfa,1943,3775917
bfa,1944,3836331
bfa,1945,3897713
bfa,1946,3960076
bfa,1947,4023437
bfa,1948,4087812
bfa,1949,4151266
bfa,1950,4213152
bfa,1951,4260391
bfa,1952,4310353
bfa,1953,4361322
bfa,1954,4413878
bfa,1955,4469051
bfa,1956,4526657
bfa,1957,4586570
bfa,1958,4647287
bfa,1959,4710848
bfa,1960,4778626
bfa,1961,4848222
bfa,1962,4919673
bfa,1963,4993619
bfa,1964,5071040
bfa,1965,5152834
bfa,1966,5237939
bfa,1967,5326349
bfa,1968,5418644
bfa,1969,5513179
bfa,1970,5610307
bfa,1971,5708002
bfa,1972,5807238
bfa,1973,5911926
bfa,1974,6024905
bfa,1975,6147575
bfa,1976,6280638
bfa,1977,6428739
bfa,1978,6590987
bfa,1979,6763902
bfa,1980,6947900
bfa,1981,7140270
bfa,1982,7340199
bfa,1983,7551136
bfa,1984,7772260
bfa,1985,7999935
bfa,1986,8228847
bfa,1987,8457112
bfa,1988,8687441
bfa,1989,8921178
bfa,1990,9159358
bfa,1991,9394631
bfa,1992,9629280
bfa,1993,9871715
bfa,1994,10123807
bfa,1995,10386723
bfa,1996,10655943
bfa,1997,10934222
bfa,1998,11240668
bfa,1999,11574930
bfa,2000,11925548
bfa,2001,12294996
bfa,2002,12680904
bfa,2003,13082530
bfa,2004,13500536
bfa,2005,13932127
bfa,2006,14373713
bfa,2007,14816313
bfa,2008,15258103
bfa,2009,15710067
bfa,2010,16176503
bfa,2011,16661907
bfa,2012,17172284
bfa,2013,17695411
bfa,2014,18229466
bfa,2015,18777488
bfa,2016,19334854
bfa,2017,19894413
bfa,2018,20438289
bfa,2019,20961956
bfa,2020,21478691
bfa,2021,21995249
bfa,2022,22509038
bfa,2023,23025777
bgd,1800,19191243
bgd,1801,19229085
bgd,1802,19267002
bgd,1803,19304993
bgd,1804,19343060
bgd,1805,19381202
bgd,1806,19419419
bgd,1807,19457711
bgd,1808,19496079
bgd,1809,19534522
bgd,1810,19574434
bgd,1811,19615194
bgd,1812,19658208
bgd,1813,19703488
bgd,1814,19751048
bgd,1815,19800902
bgd,1816,19853064
bgd,1817,19907548
bgd,1818,19964367
bgd,1819,20023536
bgd,1820,20085068
bgd,1821,20127784
bgd,1822,20170620
bgd,1823,20256293
bgd,1824,20342329
bgd,1825,20428732
bgd,1826,20515501
bgd,1827,20602639
bgd,1828,20690146
bgd,1829,20778026
bgd,1830,20866279
bgd,1831,20954906
bgd,1832,21043911
bgd,1833,21133293
bgd,1834,21223054
bgd,1835,21313197
bgd,1836,21403723
bgd,1837,21494634
bgd,1838,21585930
bgd,1839,21677615
bgd,1840,21769688
bgd,1841,21862153
bgd,1842,21955011
bgd,1843,22048263
bgd,1844,22141911
bgd,1845,22235957
bgd,1846,22330402
bgd,1847,22425248
bgd,1848,22520497
bgd,1849,22616151
bgd,1850,22712211
bgd,1851,22762811
bgd,1852,22813431
bgd,1853,22864071
bgd,1854,22914729
bgd,1855,22965405
bgd,1856,23016098
bgd,1857,23066807
bgd,1858,23117532
bgd,1859,23168272
bgd,1860,23219025
bgd,1861,23269792
bgd,1862,23320571
bgd,1863,23371362
bgd,1864,23422163
bgd,1865,23472974
bgd,1866,23523795
bgd,1867,23574624
bgd,1868,23625460
bgd,1869,23686083
bgd,1870,23756533
bgd,1871,23836851
bgd,1872,23927079
bgd,1873,24027256
bgd,1874,24127745
bgd,1875,24228546
bgd,1876,24329660
bgd,1877,24431085
bgd,1878,24532822
bgd,1879,24634871
bgd,1880,24737232
bgd,1881,24839904
bgd,1882,24942887
bgd,1883,25046182
bgd,1884,25149788
bgd,1885,25253705
bgd,1886,25357932
bgd,1887,25462470
bgd,1888,25567319
bgd,1889,25672477
bgd,1890,25777945
bgd,1891,25883723
bgd,1892,25989810
bgd,1893,26096205
bgd,1894,26202910
bgd,1895,26309922
bgd,1896,26417242
bgd,1897,26524870
bgd,1898,26632805
bgd,1899,26741047
bgd,1900,26849595
bgd,1901,26958449
bgd,1902,27067609
bgd,1903,27177073
bgd,1904,27286841
bgd,1905,27396914
bgd,1906,27507290
bgd,1907,27617969
bgd,1908,27728950
bgd,1909,27827316
bgd,1910,27913022
bgd,1911,27986023
bgd,1912,28046274
bgd,1913,28093731
bgd,1914,28141120
bgd,1915,28188438
bgd,1916,28235684
bgd,1917,28282858
bgd,1918,28395953
bgd,1919,28509501
bgd,1920,28623503
bgd,1921,28737961
bgd,1922,28852876
bgd,1923,28968251
bgd,1924,29084088
bgd,1925,29200387
bgd,1926,29317152
bgd,1927,29434383
bgd,1928,29552084
bgd,1929,29765580
bgd,1930,30077163
bgd,1931,30489169
bgd,1932,31003982
bgd,1933,31624037
bgd,1934,32256494
bgd,1935,32901598
bgd,1936,33559605
bgd,1937,34230771
bgd,1938,34915359
bgd,1939,35529699
bgd,1940,36071677
bgd,1941,36539131
bgd,1942,36929851
bgd,1943,37241574
bgd,1944,37555929
bgd,1945,37872937
bgd,1946,38192621
bgd,1947,38515003
bgd,1948,38840107
bgd,1949,39243938
bgd,1950,41206857
bgd,1951,42022311
bgd,1952,42893013
bgd,1953,43791390
bgd,1954,44741299
bgd,1955,45767686
bgd,1956,46854418
bgd,1957,48004664
bgd,1958,49184052
bgd,1959,50441766
bgd,1960,51828663
bgd,1961,53310344
bgd,1962,54881154
bgd,1963,56504406
bgd,1964,58178372
bgd,1965,59902522
bgd,1966,61669811
bgd,1967,63510933
bgd,1968,65408278
bgd,1969,67294130
bgd,1970,69058898
bgd,1971,70276757
bgd,1972,71641525
bgd,1973,73722297
bgd,1974,75839352
bgd,1975,77854352
bgd,1976,79855318
bgd,1977,81867267
bgd,1978,83889660
bgd,1979,85935070
bgd,1980,88016435
bgd,1981,90303104
bgd,1982,92814506
bgd,1983,95335162
bgd,1984,97814965
bgd,1985,100253825
bgd,1986,102635569
bgd,1987,104959291
bgd,1988,107216011
bgd,1989,109433805
bgd,1990,111633722
bgd,1991,113787112
bgd,1992,115952198
bgd,1993,118132363
bgd,1994,120343183
bgd,1995,122600372
bgd,1996,124862185
bgd,1997,127198070
bgd,1998,129622332
bgd,1999,132108065
bgd,2000,134544303
bgd,2001,136805810
bgd,2002,138933659
bgd,2003,140970355
bgd,2004,142902857
bgd,2005,144715789
bgd,2006,146405983
bgd,2007,147989282
bgd,2008,149474264
bgd,2009,150873716
bgd,2010,152201978
bgd,2011,153591074
bgd,2012,155070110
bgd,2013,156532134
bgd,2014,157964931
bgd,2015,159383179
bgd,2016,160811934
bgd,2017,162186146
bgd,2018,163523109
bgd,2019,164913060
bgd,2020,166298024
bgd,2021,167658855
bgd,2022,169384891
bgd,2023,171466986
bgr,1800,2250000
bgr,1801,2246807
bgr,1802,2243619
bgr,1803,2240436
bgr,1804,2237256
bgr,1805,2234082
bgr,1806,2230912
bgr,1807,2227746
bgr,1808,2224585
bgr,1809,2221428
bgr,1810,2218281
bgr,1811,2215133
bgr,1812,2211990
bgr,1813,2208851
bgr,1814,2205717
bgr,1815,2202587
bgr,1816,2199462
bgr,1817,2196341
bgr,1818,2193224
bgr,1819,2192687
bgr,1820,2194738
bgr,1821,2199384
bgr,1822,2206633
bgr,1823,2216494
bgr,1824,2226399
bgr,1825,2236347
bgr,1826,2246341
bgr,1827,2256379
bgr,1828,2266462
bgr,1829,2276590
bgr,1830,2286763
bgr,1831,2296982
bgr,1832,2307246
bgr,1833,2317556
bgr,1834,2327913
bgr,1835,2338315
bgr,1836,2348764
bgr,1837,2359260
bgr,1838,2369802
bgr,1839,2380392
bgr,1840,2391029
bgr,1841,2401714
bgr,1842,2412446
bgr,1843,2423227
bgr,1844,2434055
bgr,1845,2444932
bgr,1846,2455857
bgr,1847,2466832
bgr,1848,2477855
bgr,1849,2487540
bgr,1850,2495877
bgr,1851,2502383
bgr,1852,2507523
bgr,1853,2511290
bgr,1854,2515062
bgr,1855,2518839
bgr,1856,2522622
bgr,1857,2526411
bgr,1858,2530206
bgr,1859,2534005
bgr,1860,2537811
bgr,1861,2541622
bgr,1862,2545439
bgr,1863,2549261
bgr,1864,2553090
bgr,1865,2556923
bgr,1866,2560763
bgr,1867,2564608
bgr,1868,2568459
bgr,1869,2578886
bgr,1870,2595993
bgr,1871,2619883
bgr,1872,2650661
bgr,1873,2688433
bgr,1874,2726744
bgr,1875,2765601
bgr,1876,2805011
bgr,1877,2844983
bgr,1878,2885524
bgr,1879,2926643
bgr,1880,2968348
bgr,1881,3010647
bgr,1882,3053548
bgr,1883,3097061
bgr,1884,3141194
bgr,1885,3185955
bgr,1886,3231354
bgr,1887,3277401
bgr,1888,3324103
bgr,1889,3371884
bgr,1890,3420766
bgr,1891,3470771
bgr,1892,3521920
bgr,1893,3574237
bgr,1894,3627331
bgr,1895,3681214
bgr,1896,3735897
bgr,1897,3791392
bgr,1898,3847711
bgr,1899,3902685
bgr,1900,3956269
bgr,1901,4008414
bgr,1902,4059074
bgr,1903,4108198
bgr,1904,4157917
bgr,1905,4208238
bgr,1906,4259167
bgr,1907,4310713
bgr,1908,4362882
bgr,1909,4415050
bgr,1910,4467209
bgr,1911,4519353
bgr,1912,4571473
bgr,1913,4623562
bgr,1914,4676245
bgr,1915,4729527
bgr,1916,4783417
bgr,1917,4837920
bgr,1918,4893987
bgr,1919,4956524
bgr,1920,5025707
bgr,1921,5101718
bgr,1922,5184739
bgr,1923,5274959
bgr,1924,5366749
bgr,1925,5460137
bgr,1926,5555149
bgr,1927,5651814
bgr,1928,5750162
bgr,1929,5841566
bgr,1930,5925817
bgr,1931,6002703
bgr,1932,6072006
bgr,1933,6133503
bgr,1934,6195623
bgr,1935,6258372
bgr,1936,6321757
bgr,1937,6385784
bgr,1938,6450459
bgr,1939,6513568
bgr,1940,6575077
bgr,1941,6634949
bgr,1942,6693150
bgr,1943,6749643
bgr,1944,6806614
bgr,1945,6864065
bgr,1946,6922000
bgr,1947,6980425
bgr,1948,7039343
bgr,1949,7098413
bgr,1950,7248509
bgr,1951,7314426
bgr,1952,7361958
bgr,1953,7415922
bgr,1954,7476266
bgr,1955,7533657
bgr,1956,7587165
bgr,1957,7649543
bgr,1958,7724893
bgr,1959,7794176
bgr,1960,7862935
bgr,1961,7938308
bgr,1962,8008328
bgr,1963,8073731
bgr,1964,8140074
bgr,1965,8202417
bgr,1966,8258787
bgr,1967,8311127
bgr,1968,8370645
bgr,1969,8435273
bgr,1970,8490822
bgr,1971,8538900
bgr,1972,8579912
bgr,1973,8624799
bgr,1974,8682750
bgr,1975,8723145
bgr,1976,8759433
bgr,1977,8804690
bgr,1978,8813742
bgr,1979,8824994
bgr,1980,8859539
bgr,1981,8887803
bgr,1982,8912738
bgr,1983,8933328
bgr,1984,8952608
bgr,1985,8958855
bgr,1986,8963473
bgr,1987,8976206
bgr,1988,8985721
bgr,1989,8936386
bgr,1990,8822366
bgr,1991,8695798
bgr,1992,8559091
bgr,1993,8466533
bgr,1994,8416924
bgr,1995,8357576
bgr,1996,8291402
bgr,1997,8217101
bgr,1998,8138193
bgr,1999,8067464
bgr,2000,8000519
bgr,2001,7928455
bgr,2002,7861949
bgr,2003,7804405
bgr,2004,7749430
bgr,2005,7695047
bgr,2006,7640292
bgr,2007,7586896
bgr,2008,7535589
bgr,2009,7488016
bgr,2010,7437594
bgr,2011,7380023
bgr,2012,7317020
bgr,2013,7264605
bgr,2014,7223450
bgr,2015,7177515
bgr,2016,7127436
bgr,2017,7075642
bgr,2018,7024745
bgr,2019,6975466
bgr,2020,6933656
bgr,2021,6877222
bgr,2022,6825862
bgr,2023,6795805
bhr,1800,64474
bhr,1801,64474
bhr,1802,64474
bhr,1803,64474
bhr,1804,64474
bhr,1805,64474
bhr,1806,64474
bhr,1807,64474
bhr,1808,64474
bhr,1809,64474
bhr,1810,64474
bhr,1811,64474
bhr,1812,64474
bhr,1813,64474
bhr,1814,64474
bhr,1815,64474
bhr,1816,64474
bhr,1817,64474
bhr,1818,64474
bhr,1819,64474
bhr,1820,64474
bhr,1821,64474
bhr,1822,64474
bhr,1823,64474
bhr,1824,64474
bhr,1825,64474
bhr,1826,64474
bhr,1827,64474
bhr,1828,64474
bhr,1829,64474
bhr,1830,64474
bhr,1831,64474
bhr,1832,64474
bhr,1833,64474
bhr,1834,64474
bhr,1835,64474
bhr,1836,64474
bhr,1837,64474
bhr,1838,64474
bhr,1839,64474
bhr,1840,64474
bhr,1841,64474
bhr,1842,64474
bhr,1843,64474
bhr,1844,64474
bhr,1845,64474
bhr,1846,64474
bhr,1847,64474
bhr,1848,64474
bhr,1849,64474
bhr,1850,64474
bhr,1851,64472
bhr,1852,64471
bhr,1853,64469
bhr,1854,64468
bhr,1855,64466
bhr,1856,64465
bhr,1857,64463
bhr,1858,64461
bhr,1859,64460
bhr,1860,64458
bhr,1861,64457
bhr,1862,64455
bhr,1863,64454
bhr,1864,64452
bhr,1865,64451
bhr,1866,64449
bhr,1867,64447
bhr,1868,64446
bhr,1869,64522
bhr,1870,64675
bhr,1871,64906
bhr,1872,65217
bhr,1873,65606
bhr,1874,65998
bhr,1875,66391
bhr,1876,66788
bhr,1877,67186
bhr,1878,67587
bhr,1879,67991
bhr,1880,68397
bhr,1881,68805
bhr,1882,69216
bhr,1883,69629
bhr,1884,70044
bhr,1885,70462
bhr,1886,70883
bhr,1887,71306
bhr,1888,71732
bhr,1889,72160
bhr,1890,72591
bhr,1891,73024
bhr,1892,73460
bhr,1893,73898
bhr,1894,74339
bhr,1895,74783
bhr,1896,75229
bhr,1897,75679
bhr,1898,76130
bhr,1899,76585
bhr,1900,77042
bhr,1901,77502
bhr,1902,77964
bhr,1903,78430
bhr,1904,78898
bhr,1905,79369
bhr,1906,79842
bhr,1907,80319
bhr,1908,80798
bhr,1909,81820
bhr,1910,83407
bhr,1911,85586
bhr,1912,88383
bhr,1913,91824
bhr,1914,95399
bhr,1915,99114
bhr,1916,102973
bhr,1917,106982
bhr,1918,111150
bhr,1919,114547
bhr,1920,117143
bhr,1921,118907
bhr,1922,119805
bhr,1923,119805
bhr,1924,119805
bhr,1925,119805
bhr,1926,119805
bhr,1927,119805
bhr,1928,119805
bhr,1929,119805
bhr,1930,119805
bhr,1931,119805
bhr,1932,119805
bhr,1933,119805
bhr,1934,119805
bhr,1935,119805
bhr,1936,119805
bhr,1937,119805
bhr,1938,119805
bhr,1939,119700
bhr,1940,119490
bhr,1941,119176
bhr,1942,118759
bhr,1943,118238
bhr,1944,117720
bhr,1945,117203
bhr,1946,116689
bhr,1947,116178
bhr,1948,115668
bhr,1949,115984
bhr,1950,117275
bhr,1951,120764
bhr,1952,124466
bhr,1953,128386
bhr,1954,132575
bhr,1955,137080
bhr,1956,141931
bhr,1957,147163
bhr,1958,152823
bhr,1959,158935
bhr,1960,165490
bhr,1961,172358
bhr,1962,179361
bhr,1963,186512
bhr,1964,193830
bhr,1965,200877
bhr,1966,207550
bhr,1967,214198
bhr,1968,219347
bhr,1969,222480
bhr,1970,224817
bhr,1971,230744
bhr,1972,242129
bhr,1973,255334
bhr,1974,269047
bhr,1975,283251
bhr,1976,297871
bhr,1977,312825
bhr,1978,328059
bhr,1979,343461
bhr,1980,358990
bhr,1981,373534
bhr,1982,386992
bhr,1983,400721
bhr,1984,415164
bhr,1985,430365
bhr,1986,446290
bhr,1987,462862
bhr,1988,479931
bhr,1989,497329
bhr,1990,514799
bhr,1991,531883
bhr,1992,547753
bhr,1993,562820
bhr,1994,577960
bhr,1995,593230
bhr,1996,608593
bhr,1997,624019
bhr,1998,639391
bhr,1999,654622
bhr,2000,669589
bhr,2001,699964
bhr,2002,752205
bhr,2003,811276
bhr,2004,871446
bhr,2005,932618
bhr,2006,994626
bhr,2007,1057419
bhr,2008,1120718
bhr,2009,1183616
bhr,2010,1213248
bhr,2011,1206733
bhr,2012,1216307
bhr,2013,1257206
bhr,2014,1312857
bhr,2015,1369656
bhr,2016,1429609
bhr,2017,1482003
bhr,2018,1497634
bhr,2019,1485675
bhr,2020,1483081
bhr,2021,1501762
bhr,2022,1533460
bhr,2023,1569674
bhs,1800,27350
bhs,1801,27350
bhs,1802,27350
bhs,1803,27350
bhs,1804,27350
bhs,1805,27350
bhs,1806,27350
bhs,1807,27350
bhs,1808,27350
bhs,1809,27350
bhs,1810,27350
bhs,1811,27350
bhs,1812,27350
bhs,1813,27350
bhs,1814,27350
bhs,1815,27350
bhs,1816,27350
bhs,1817,27350
bhs,1818,27350
bhs,1819,27354
bhs,1820,27363
bhs,1821,27376
bhs,1822,27393
bhs,1823,27414
bhs,1824,27436
bhs,1825,27457
bhs,1826,27479
bhs,1827,27500
bhs,1828,27522
bhs,1829,27543
bhs,1830,27565
bhs,1831,27587
bhs,1832,27608
bhs,1833,27630
bhs,1834,27651
bhs,1835,27673
bhs,1836,27695
bhs,1837,27716
bhs,1838,27738
bhs,1839,27760
bhs,1840,27782
bhs,1841,27803
bhs,1842,27825
bhs,1843,27847
bhs,1844,27869
bhs,1845,27891
bhs,1846,27912
bhs,1847,27934
bhs,1848,27956
bhs,1849,28100
bhs,1850,28369
bhs,1851,28820
bhs,1852,29403
bhs,1853,30124
bhs,1854,30861
bhs,1855,31617
bhs,1856,32391
bhs,1857,33184
bhs,1858,33996
bhs,1859,34745
bhs,1860,35428
bhs,1861,36041
bhs,1862,36583
bhs,1863,37049
bhs,1864,37521
bhs,1865,38000
bhs,1866,38484
bhs,1867,38974
bhs,1868,39470
bhs,1869,39983
bhs,1870,40512
bhs,1871,41059
bhs,1872,41623
bhs,1873,42204
bhs,1874,42794
bhs,1875,43392
bhs,1876,43998
bhs,1877,44612
bhs,1878,45235
bhs,1879,45835
bhs,1880,46411
bhs,1881,46962
bhs,1882,47489
bhs,1883,47989
bhs,1884,48495
bhs,1885,49006
bhs,1886,49522
bhs,1887,50043
bhs,1888,50570
bhs,1889,51134
bhs,1890,51736
bhs,1891,52378
bhs,1892,53060
bhs,1893,53782
bhs,1894,54515
bhs,1895,55257
bhs,1896,56010
bhs,1897,56772
bhs,1898,57544
bhs,1899,58230
bhs,1900,58828
bhs,1901,59335
bhs,1902,59751
bhs,1903,60072
bhs,1904,60394
bhs,1905,60718
bhs,1906,61044
bhs,1907,61371
bhs,1908,61700
bhs,1909,61917
bhs,1910,62021
bhs,1911,62013
bhs,1912,61891
bhs,1913,61655
bhs,1914,61420
bhs,1915,61186
bhs,1916,60953
bhs,1917,60720
bhs,1918,60387
bhs,1919,60270
bhs,1920,60371
bhs,1921,60692
bhs,1922,61233
bhs,1923,61998
bhs,1924,62772
bhs,1925,63555
bhs,1926,64348
bhs,1927,65152
bhs,1928,65965
bhs,1929,66810
bhs,1930,67687
bhs,1931,68598
bhs,1932,69542
bhs,1933,70521
bhs,1934,71513
bhs,1935,72520
bhs,1936,73540
bhs,1937,74575
bhs,1938,75625
bhs,1939,76504
bhs,1940,77209
bhs,1941,77738
bhs,1942,78088
bhs,1943,78256
bhs,1944,78425
bhs,1945,78593
bhs,1946,78762
bhs,1947,78932
bhs,1948,79101
bhs,1949,79993
bhs,1950,83505
bhs,1951,84603
bhs,1952,86175
bhs,1953,88255
bhs,1954,90840
bhs,1955,93933
bhs,1956,97520
bhs,1957,101549
bhs,1958,106007
bhs,1959,110929
bhs,1960,116328
bhs,1961,122211
bhs,1962,128507
bhs,1963,135099
bhs,1964,141538
bhs,1965,147969
bhs,1966,154884
bhs,1967,162279
bhs,1968,170102
bhs,1969,177993
bhs,1970,184995
bhs,1971,190869
bhs,1972,196060
bhs,1973,200800
bhs,1974,205357
bhs,1975,209897
bhs,1976,214517
bhs,1977,219169
bhs,1978,223770
bhs,1979,228244
bhs,1980,232540
bhs,1981,236626
bhs,1982,240624
bhs,1983,244718
bhs,1984,248879
bhs,1985,253169
bhs,1986,257547
bhs,1987,261947
bhs,1988,266457
bhs,1989,271187
bhs,1990,275954
bhs,1991,280745
bhs,1992,285938
bhs,1993,291350
bhs,1994,296519
bhs,1995,301471
bhs,1996,306281
bhs,1997,310914
bhs,1998,315376
bhs,1999,319623
bhs,2000,323846
bhs,2001,327847
bhs,2002,331625
bhs,2003,335625
bhs,2004,339794
bhs,2005,343905
bhs,2006,348386
bhs,2007,353343
bhs,2008,358133
bhs,2009,362806
bhs,2010,367482
bhs,2011,371738
bhs,2012,375474
bhs,2013,378957
bhs,2014,382312
bhs,2015,385355
bhs,2016,388060
bhs,2017,390496
bhs,2018,392718
bhs,2019,394684
bhs,2020,395874
bhs,2021,396381
bhs,2022,397542
bhs,2023,399452
bih,1800,851806
bih,1801,851806
bih,1802,851806
bih,1803,851806
bih,1804,851806
bih,1805,851806
bih,1806,851806
bih,1807,851806
bih,1808,851806
bih,1809,851806
bih,1810,851806
bih,1811,851806
bih,1812,851806
bih,1813,851806
bih,1814,851806
bih,1815,851806
bih,1816,851806
bih,1817,851806
bih,1818,851806
bih,1819,852856
bih,1820,854961
bih,1821,858129
bih,1822,862366
bih,1823,867679
bih,1824,873025
bih,1825,878403
bih,1826,883815
bih,1827,889260
bih,1828,894738
bih,1829,900250
bih,1830,905797
bih,1831,911377
bih,1832,916992
bih,1833,922641
bih,1834,928325
bih,1835,934044
bih,1836,939799
bih,1837,945588
bih,1838,951414
bih,1839,957275
bih,1840,963173
bih,1841,969107
bih,1842,975077
bih,1843,981084
bih,1844,987128
bih,1845,993210
bih,1846,999329
bih,1847,1005485
bih,1848,1011680
bih,1849,1017912
bih,1850,1024184
bih,1851,1030556
bih,1852,1036968
bih,1853,1043420
bih,1854,1049911
bih,1855,1056444
bih,1856,1063017
bih,1857,1069631
bih,1858,1076286
bih,1859,1082982
bih,1860,1089720
bih,1861,1096500
bih,1862,1103322
bih,1863,1110187
bih,1864,1117094
bih,1865,1124044
bih,1866,1131038
bih,1867,1138075
bih,1868,1145156
bih,1869,1154610
bih,1870,1166492
bih,1871,1180854
bih,1872,1197751
bih,1873,1217239
bih,1874,1237044
bih,1875,1257172
bih,1876,1277627
bih,1877,1298414
bih,1878,1319540
bih,1879,1340499
bih,1880,1361280
bih,1881,1381873
bih,1882,1402268
bih,1883,1422454
bih,1884,1442930
bih,1885,1463700
bih,1886,1484770
bih,1887,1506143
bih,1888,1527824
bih,1889,1548935
bih,1890,1569458
bih,1891,1589373
bih,1892,1608663
bih,1893,1627307
bih,1894,1646166
bih,1895,1665245
bih,1896,1684544
bih,1897,1704067
bih,1898,1723817
bih,1899,1743795
bih,1900,1764005
bih,1901,1784449
bih,1902,1805130
bih,1903,1826050
bih,1904,1847213
bih,1905,1868622
bih,1906,1890278
bih,1907,1912185
bih,1908,1934347
bih,1909,1955182
bih,1910,1974663
bih,1911,1992763
bih,1912,2009453
bih,1913,2024705
bih,1914,2040072
bih,1915,2055556
bih,1916,2071157
bih,1917,2086877
bih,1918,2102589
bih,1919,2118419
bih,1920,2134369
bih,1921,2150438
bih,1922,2166629
bih,1923,2182941
bih,1924,2199376
bih,1925,2215935
bih,1926,2232619
bih,1927,2249428
bih,1928,2266364
bih,1929,2283427
bih,1930,2300619
bih,1931,2317940
bih,1932,2335392
bih,1933,2352975
bih,1934,2370690
bih,1935,2388539
bih,1936,2406522
bih,1937,2424641
bih,1938,2442896
bih,1939,2461288
bih,1940,2479819
bih,1941,2498489
bih,1942,2517300
bih,1943,2536253
bih,1944,2555348
bih,1945,2574587
bih,1946,2593971
bih,1947,2613501
bih,1948,2633178
bih,1949,2659586
bih,1950,2690407
bih,1951,2730245
bih,1952,2774688
bih,1953,2829229
bih,1954,2890205
bih,1955,2952172
bih,1956,3015555
bih,1957,3079942
bih,1958,3145429
bih,1959,3212369
bih,1960,3281387
bih,1961,3348038
bih,1962,3407536
bih,1963,3461941
bih,1964,3513443
bih,1965,3562844
bih,1966,3610570
bih,1967,3656227
bih,1968,3698804
bih,1969,3737769
bih,1970,3773248
bih,1971,3809388
bih,1972,3848278
bih,1973,3887374
bih,1974,3926471
bih,1975,3965749
bih,1976,4004560
bih,1977,4042136
bih,1978,4078246
bih,1979,4113302
bih,1980,4148427
bih,1981,4184220
bih,1982,4221104
bih,1983,4258736
bih,1984,4295538
bih,1985,4330362
bih,1986,4362114
bih,1987,4390248
bih,1988,4414409
bih,1989,4433985
bih,1990,4448658
bih,1991,4458350
bih,1992,4234620
bih,1993,3904484
bih,1994,3725412
bih,1995,3715565
bih,1996,3875246
bih,1997,4018228
bih,1998,4089357
bih,1999,4130312
bih,2000,4159785
bih,2001,4179446
bih,2002,4188006
bih,2003,4178523
bih,2004,4140990
bih,2005,4096493
bih,2006,4063269
bih,2007,4013420
bih,2008,3947545
bih,2009,3879798
bih,2010,3811480
bih,2011,3741799
bih,2012,3670109
bih,2013,3610857
bih,2014,3564831
bih,2015,3518541
bih,2016,3472997
bih,2017,3428684
bih,2018,3386999
bih,2019,3345532
bih,2020,3299352
bih,2021,3244912
bih,2022,3204802
bih,2023,3185072
blm,1800,2515
blm,1812,5482
blm,1885,2600
blm,1950,2024
blm,1951,2075
blm,1952,2096
blm,1953,2116
blm,1954,2141
blm,1955,2148
blm,1956,2143
blm,1957,2145
blm,1958,2162
blm,1959,2186
blm,1960,2212
blm,1961,2232
blm,1962,2255
blm,1963,2287
blm,1964,2324
blm,1965,2352
blm,1966,2387
blm,1967,2409
blm,1968,2414
blm,1969,2420
blm,1970,2428
blm,1971,2448
blm,1972,2471
blm,1973,2495
blm,1974,2528
blm,1975,2588
blm,1976,2653
blm,1977,2735
blm,1978,2834
blm,1979,2920
blm,1980,2991
blm,1981,3039
blm,1982,3207
blm,1983,3505
blm,1984,3793
blm,1985,4072
blm,1986,4344
blm,1987,4603
blm,1988,4843
blm,1989,5064
blm,1990,5269
blm,1991,5462
blm,1992,5648
blm,1993,5837
blm,1994,6023
blm,1995,6201
blm,1996,6383
blm,1997,6563
blm,1998,6740
blm,1999,6917
blm,2000,7103
blm,2001,7297
blm,2002,7489
blm,2003,7684
blm,2004,7869
blm,2005,8054
blm,2006,8245
blm,2007,8433
blm,2008,8627
blm,2009,8821
blm,2010,8989
blm,2011,9112
blm,2012,9227
blm,2013,9343
blm,2014,9471
blm,2015,9617
blm,2016,9776
blm,2017,9954
blm,2018,10135
blm,2019,10325
blm,2020,10566
blm,2021,10790
blm,2022,10948
blm,2023,11112
blr,1800,2355081
blr,1801,2355081
blr,1802,2355081
blr,1803,2355081
blr,1804,2355081
blr,1805,2355081
blr,1806,2355081
blr,1807,2355081
blr,1808,2355081
blr,1809,2355081
blr,1810,2355081
blr,1811,2355081
blr,1812,2355081
blr,1813,2355081
blr,1814,2355081
blr,1815,2355081
blr,1816,2355081
blr,1817,2355081
blr,1818,2355081
blr,1819,2359403
blr,1820,2368088
blr,1821,2381174
blr,1822,2398703
blr,1823,2420715
blr,1824,2442929
blr,1825,2465346
blr,1826,2487970
blr,1827,2510801
blr,1828,2533842
blr,1829,2557094
blr,1830,2580559
blr,1831,2604240
blr,1832,2628138
blr,1833,2652255
blr,1834,2676594
blr,1835,2701156
blr,1836,2725944
blr,1837,2750959
blr,1838,2776203
blr,1839,2801679
blr,1840,2827389
blr,1841,2853335
blr,1842,2879519
blr,1843,2905943
blr,1844,2932610
blr,1845,2959521
blr,1846,2986679
blr,1847,3014087
blr,1848,3041746
blr,1849,3069659
blr,1850,3097828
blr,1851,3127470
blr,1852,3157395
blr,1853,3187606
blr,1854,3218106
blr,1855,3248897
blr,1856,3279982
blr,1857,3311364
blr,1858,3343046
blr,1859,3375031
blr,1860,3407320
blr,1861,3439919
blr,1862,3472828
blr,1863,3506052
blr,1864,3539594
blr,1865,3573455
blr,1866,3607640
blr,1867,3642152
blr,1868,3676993
blr,1869,3712167
blr,1870,3747677
blr,1871,3783526
blr,1872,3819717
blr,1873,3856254
blr,1874,3893140
blr,1875,3930378
blr,1876,3967971
blr,1877,4005924
blr,1878,4044239
blr,1879,4082920
blr,1880,4121970
blr,1881,4161393
blr,1882,4201193
blr,1883,4241372
blr,1884,4281935
blr,1885,4322886
blr,1886,4364227
blr,1887,4405964
blr,1888,4448098
blr,1889,4490635
blr,1890,4533578
blr,1891,4576931
blr,1892,4620698
blr,1893,4664883
blr,1894,4709490
blr,1895,4754522
blr,1896,4799985
blr,1897,4845881
blr,1898,4892215
blr,1899,4938992
blr,1900,4986216
blr,1901,5033890
blr,1902,5082019
blr,1903,5130608
blr,1904,5179660
blr,1905,5229181
blr,1906,5279174
blr,1907,5329645
blr,1908,5380597
blr,1909,5432036
blr,1910,5483965
blr,1911,5536390
blr,1912,5589316
blr,1913,5642747
blr,1914,5696687
blr,1915,5751143
blr,1916,5806118
blr,1917,5861618
blr,1918,5915408
blr,1919,5969691
blr,1920,6024473
blr,1921,6079757
blr,1922,6135548
blr,1923,6191852
blr,1924,6248672
blr,1925,6306014
blr,1926,6363881
blr,1927,6422280
blr,1928,6481215
blr,1929,6540690
blr,1930,6600712
blr,1931,6661284
blr,1932,6722412
blr,1933,6784101
blr,1934,6846356
blr,1935,6909182
blr,1936,6972585
blr,1937,7036570
blr,1938,7101141
blr,1939,7166306
blr,1940,7232068
blr,1941,7298434
blr,1942,7365409
blr,1943,7432998
blr,1944,7501208
blr,1945,7570044
blr,1946,7639511
blr,1947,7709616
blr,1948,7780364
blr,1949,7846138
blr,1950,7127595
blr,1951,7189431
blr,1952,7264611
blr,1953,7350643
blr,1954,7448883
blr,1955,7560678
blr,1956,7682876
blr,1957,7811337
blr,1958,7944094
blr,1959,8081319
blr,1960,8208003
blr,1961,8320428
blr,1962,8424480
blr,1963,8517706
blr,1964,8602840
blr,1965,8679938
blr,1966,8752970
blr,1967,8823252
blr,1968,8891333
blr,1969,8954603
blr,1970,9014901
blr,1971,9079747
blr,1972,9144638
blr,1973,9205707
blr,1974,9265673
blr,1975,9324290
blr,1976,9380093
blr,1977,9434946
blr,1978,9485806
blr,1979,9537697
blr,1980,9603173
blr,1981,9678048
blr,1982,9748285
blr,1983,9815555
blr,1984,9881698
blr,1985,9944184
blr,1986,10004289
blr,1987,10057608
blr,1988,10107636
blr,1989,10158779
blr,1990,10186258
blr,1991,10193889
blr,1992,10217561
blr,1993,10241320
blr,1994,10230193
blr,1995,10197466
blr,1996,10164025
blr,1997,10122365
blr,1998,10080579
blr,1999,10039221
blr,2000,9991310
blr,2001,9938068
blr,2002,9873451
blr,2003,9803175
blr,2004,9735089
blr,2005,9667833
blr,2006,9608041
blr,2007,9563135
blr,2008,9529357
blr,2009,9507334
blr,2010,9490752
blr,2011,9472738
blr,2012,9463075
blr,2013,9464454
blr,2014,9472704
blr,2015,9487289
blr,2016,9499066
blr,2017,9495793
blr,2018,9480031
blr,2019,9435415
blr,2020,9350943
blr,2021,9251368
blr,2022,9173240
blr,2023,9115679
blz,1800,25526
blz,1801,25526
blz,1802,25526
blz,1803,25526
blz,1804,25526
blz,1805,25526
blz,1806,25526
blz,1807,25526
blz,1808,25526
blz,1809,25526
blz,1810,25526
blz,1811,25526
blz,1812,25526
blz,1813,25526
blz,1814,25526
blz,1815,25526
blz,1816,25526
blz,1817,25526
blz,1818,25526
blz,1819,25528
blz,1820,25533
blz,1821,25540
blz,1822,25549
blz,1823,25561
blz,1824,25573
blz,1825,25585
blz,1826,25597
blz,1827,25608
blz,1828,25620
blz,1829,25632
blz,1830,25644
blz,1831,25655
blz,1832,25667
blz,1833,25679
blz,1834,25691
blz,1835,25703
blz,1836,25715
blz,1837,25726
blz,1838,25738
blz,1839,25750
blz,1840,25762
blz,1841,25774
blz,1842,25786
blz,1843,25797
blz,1844,25809
blz,1845,25821
blz,1846,25833
blz,1847,25845
blz,1848,25857
blz,1849,25869
blz,1850,25881
blz,1851,25906
blz,1852,25932
blz,1853,25958
blz,1854,25984
blz,1855,26010
blz,1856,26035
blz,1857,26061
blz,1858,26087
blz,1859,26090
blz,1860,26071
blz,1861,26028
blz,1862,25963
blz,1863,25875
blz,1864,25787
blz,1865,25700
blz,1866,25613
blz,1867,25526
blz,1868,25440
blz,1869,25412
blz,1870,25444
blz,1871,25536
blz,1872,25688
blz,1873,25900
blz,1874,26114
blz,1875,26330
blz,1876,26547
blz,1877,26766
blz,1878,26987
blz,1879,27244
blz,1880,27537
blz,1881,27868
blz,1882,28237
blz,1883,28645
blz,1884,29058
blz,1885,29478
blz,1886,29904
blz,1887,30336
blz,1888,30774
blz,1889,31243
blz,1890,31745
blz,1891,32279
blz,1892,32848
blz,1893,33452
blz,1894,34067
blz,1895,34693
blz,1896,35331
blz,1897,35980
blz,1898,36642
blz,1899,37239
blz,1900,37771
blz,1901,38235
blz,1902,38629
blz,1903,38951
blz,1904,39277
blz,1905,39605
blz,1906,39935
blz,1907,40269
blz,1908,40605
blz,1909,40977
blz,1910,41386
blz,1911,41833
blz,1912,42317
blz,1913,42841
blz,1914,43371
blz,1915,43907
blz,1916,44450
blz,1917,45000
blz,1918,45533
blz,1919,46080
blz,1920,46640
blz,1921,47214
blz,1922,47801
blz,1923,48403
blz,1924,49013
blz,1925,49630
blz,1926,50255
blz,1927,50888
blz,1928,51529
blz,1929,52200
blz,1930,52902
blz,1931,53635
blz,1932,54401
blz,1933,55199
blz,1934,56010
blz,1935,56832
blz,1936,57666
blz,1937,58512
blz,1938,59371
blz,1939,60197
blz,1940,60990
blz,1941,61747
blz,1942,62469
blz,1943,63154
blz,1944,63846
blz,1945,64546
blz,1946,65254
blz,1947,65969
blz,1948,66692
blz,1949,67736
blz,1950,69085
blz,1951,71137
blz,1952,73364
blz,1953,75529
blz,1954,77691
blz,1955,79867
blz,1956,82089
blz,1957,84356
blz,1958,86672
blz,1959,89008
blz,1960,91330
blz,1961,93646
blz,1962,96060
blz,1963,98715
blz,1964,101619
blz,1965,104689
blz,1966,107916
blz,1967,111291
blz,1968,114731
blz,1969,118052
blz,1970,120746
blz,1971,122820
blz,1972,124688
blz,1973,126461
blz,1974,128200
blz,1975,130403
blz,1976,133117
blz,1977,135904
blz,1978,138721
blz,1979,141693
blz,1980,145072
blz,1981,148802
blz,1982,152561
blz,1983,156310
blz,1984,160060
blz,1985,163812
blz,1986,167568
blz,1987,171349
blz,1988,175195
blz,1989,179124
blz,1990,183090
blz,1991,187056
blz,1992,190995
blz,1993,194916
blz,1994,199101
blz,1995,204165
blz,1996,210321
blz,1997,217459
blz,1998,225186
blz,1999,233066
blz,2000,240809
blz,2001,248393
blz,2002,256019
blz,2003,263794
blz,2004,271695
blz,2005,279747
blz,2006,287889
blz,2007,296117
blz,2008,304373
blz,2009,312619
blz,2010,320256
blz,2011,327306
blz,2012,334421
blz,2013,341635
blz,2014,348934
blz,2015,356341
blz,2016,364717
blz,2017,373215
blz,2018,380232
blz,2019,385833
blz,2020,390819
blz,2021,395355
blz,2022,402741
blz,2023,411112
bmu,1800,9692
bmu,1822,10000
bmu,1833,9125
bmu,1834,8118
bmu,1843,10000
bmu,1851,11000
bmu,1861,12000
bmu,1871,12000
bmu,1881,14000
bmu,1891,15000
bmu,1901,18000
bmu,1911,19000
bmu,1921,20000
bmu,1931,28000
bmu,1939,31000
bmu,1950,37241
bmu,1951,37820
bmu,1952,38358
bmu,1953,38850
bmu,1954,39365
bmu,1955,39874
bmu,1956,40360
bmu,1957,40815
bmu,1958,41229
bmu,1959,41663
bmu,1960,42231
bmu,1961,43143
bmu,1962,44262
bmu,1963,45362
bmu,1964,46430
bmu,1965,47484
bmu,1966,48556
bmu,1967,49535
bmu,1968,50425
bmu,1969,51330
bmu,1970,52147
bmu,1971,52628
bmu,1972,52825
bmu,1973,52963
bmu,1974,53077
bmu,1975,53148
bmu,1976,53232
bmu,1977,53346
bmu,1978,53451
bmu,1979,53538
bmu,1980,53693
bmu,1981,54020
bmu,1982,54407
bmu,1983,54802
bmu,1984,55189
bmu,1985,55569
bmu,1986,55907
bmu,1987,56285
bmu,1988,56714
bmu,1989,57149
bmu,1990,57584
bmu,1991,58007
bmu,1992,58430
bmu,1993,58834
bmu,1994,59214
bmu,1995,59549
bmu,1996,59836
bmu,1997,60194
bmu,1998,60659
bmu,1999,61142
bmu,2000,61569
bmu,2001,61887
bmu,2002,62163
bmu,2003,62405
bmu,2004,62576
bmu,2005,62730
bmu,2006,62855
bmu,2007,63030
bmu,2008,63319
bmu,2009,63587
bmu,2010,63748
bmu,2011,63753
bmu,2012,63665
bmu,2013,63593
bmu,2014,63551
bmu,2015,63482
bmu,2016,63466
bmu,2017,63603
bmu,2018,63852
bmu,2019,64130
bmu,2020,64404
bmu,2021,64672
bmu,2022,64772
bmu,2023,64721
bol,1800,887000
bol,1801,896597
bol,1802,906297
bol,1803,916102
bol,1804,926014
bol,1805,936032
bol,1806,946159
bol,1807,956396
bol,1808,966743
bol,1809,977203
bol,1810,987890
bol,1811,998578
bol,1812,1009382
bol,1813,1020302
bol,1814,1031341
bol,1815,1042499
bol,1816,1053778
bol,1817,1065179
bol,1818,1076703
bol,1819,1087609
bol,1820,1097885
bol,1821,1107517
bol,1822,1116493
bol,1823,1124802
bol,1824,1133172
bol,1825,1141604
bol,1826,1150099
bol,1827,1158658
bol,1828,1167280
bol,1829,1175966
bol,1830,1184717
bol,1831,1193533
bol,1832,1202414
bol,1833,1211362
bol,1834,1220376
bol,1835,1229458
bol,1836,1238607
bol,1837,1247824
bol,1838,1257109
bol,1839,1266464
bol,1840,1275888
bol,1841,1285383
bol,1842,1294948
bol,1843,1304584
bol,1844,1314292
bol,1845,1324072
bol,1846,1333925
bol,1847,1343851
bol,1848,1353851
bol,1849,1363043
bol,1850,1371417
bol,1851,1381109
bol,1852,1389985
bol,1853,1398030
bol,1854,1406118
bol,1855,1414249
bol,1856,1422424
bol,1857,1430642
bol,1858,1438905
bol,1859,1447212
bol,1860,1455564
bol,1861,1463960
bol,1862,1472402
bol,1863,1480888
bol,1864,1489420
bol,1865,1497998
bol,1866,1506622
bol,1867,1515291
bol,1868,1524008
bol,1869,1522112
bol,1870,1509837
bol,1871,1487406
bol,1872,1455036
bol,1873,1412938
bol,1874,1372055
bol,1875,1332352
bol,1876,1293795
bol,1877,1256351
bol,1878,1219988
bol,1879,1196694
bol,1880,1186392
bol,1881,1189013
bol,1882,1204497
bol,1883,1232794
bol,1884,1261753
bol,1885,1291389
bol,1886,1321719
bol,1887,1352758
bol,1888,1384523
bol,1889,1417031
bol,1890,1450298
bol,1891,1484344
bol,1892,1519186
bol,1893,1554842
bol,1894,1591332
bol,1895,1628674
bol,1896,1666890
bol,1897,1705998
bol,1898,1746021
bol,1899,1781882
bol,1900,1813429
bol,1901,1840504
bol,1902,1862946
bol,1903,1880588
bol,1904,1898393
bol,1905,1916363
bol,1906,1934499
bol,1907,1952802
bol,1908,1971275
bol,1909,1992797
bol,1910,2017450
bol,1911,2045315
bol,1912,2076476
bol,1913,2111020
bol,1914,2146135
bol,1915,2181829
bol,1916,2218112
bol,1917,2254994
bol,1918,2289257
bol,1919,2322343
bol,1920,2354214
bol,1921,2384831
bol,1922,2414156
bol,1923,2442148
bol,1924,2470465
bol,1925,2499110
bol,1926,2528087
bol,1927,2557400
bol,1928,2587054
bol,1929,2617053
bol,1930,2647402
bol,1931,2678105
bol,1932,2709166
bol,1933,2740590
bol,1934,2772378
bol,1935,2804535
bol,1936,2837065
bol,1937,2869973
bol,1938,2903262
bol,1939,2931704
bol,1940,2955228
bol,1941,2973763
bol,1942,2987236
bol,1943,2995573
bol,1944,3003934
bol,1945,3012318
bol,1946,3020725
bol,1947,3029156
bol,1948,3037611
bol,1949,3057744
bol,1950,3089975
bol,1951,3137299
bol,1952,3187538
bol,1953,3240967
bol,1954,3297841
bol,1955,3358005
bol,1956,3421344
bol,1957,3487565
bol,1958,3556554
bol,1959,3628189
bol,1960,3702323
bol,1961,3778735
bol,1962,3857495
bol,1963,3938914
bol,1964,4023009
bol,1965,4109800
bol,1966,4199555
bol,1967,4292574
bol,1968,4388946
bol,1969,4488231
bol,1970,4590008
bol,1971,4694351
bol,1972,4800985
bol,1973,4910200
bol,1974,5022480
bol,1975,5137540
bol,1976,5256497
bol,1977,5379169
bol,1978,5504131
bol,1979,5630853
bol,1980,5758905
bol,1981,5888114
bol,1982,6018091
bol,1983,6149066
bol,1984,6281868
bol,1985,6416193
bol,1986,6552481
bol,1987,6692168
bol,1988,6835507
bol,1989,6981771
bol,1990,7130143
bol,1991,7280294
bol,1992,7430337
bol,1993,7579196
bol,1994,7727320
bol,1995,7874676
bol,1996,8021742
bol,1997,8167911
bol,1998,8313400
bol,1999,8459810
bol,2000,8606330
bol,2001,8752740
bol,2002,8900358
bol,2003,9050703
bol,2004,9204297
bol,2005,9360758
bol,2006,9521685
bol,2007,9685960
bol,2008,9850859
bol,2009,10016279
bol,2010,10182345
bol,2011,10348931
bol,2012,10515814
bol,2013,10682612
bol,2014,10848889
bol,2015,11014707
bol,2016,11180020
bol,2017,11344591
bol,2018,11508370
bol,2019,11671386
bol,2020,11816301
bol,2021,11937369
bol,2022,12077156
bol,2023,12244161
bra,1800,2500000
bra,1801,2574764
bra,1802,2651763
bra,1803,2731066
bra,1804,2812740
bra,1805,2896856
bra,1806,2983488
bra,1807,3072711
bra,1808,3164601
bra,1809,3259240
bra,1810,3359625
bra,1811,3460096
bra,1812,3563572
bra,1813,3670143
bra,1814,3779900
bra,1815,3892940
bra,1816,4009360
bra,1817,4129262
bra,1818,4252750
bra,1819,4367303
bra,1820,4472454
bra,1821,4567718
bra,1822,4652592
bra,1823,4726555
bra,1824,4801693
bra,1825,4878026
bra,1826,4955572
bra,1827,5034351
bra,1828,5114382
bra,1829,5195686
bra,1830,5278282
bra,1831,5362191
bra,1832,5447434
bra,1833,5534032
bra,1834,5622007
bra,1835,5711380
bra,1836,5802174
bra,1837,5894412
bra,1838,5988115
bra,1839,6083309
bra,1840,6180015
bra,1841,6278259
bra,1842,6378065
bra,1843,6479457
bra,1844,6582462
bra,1845,6687103
bra,1846,6793409
bra,1847,6901404
bra,1848,7011116
bra,1849,7121679
bra,1850,7233093
bra,1851,7346113
bra,1852,7460007
bra,1853,7574774
bra,1854,7691306
bra,1855,7809631
bra,1856,7929776
bra,1857,8051769
bra,1858,8175639
bra,1859,8301415
bra,1860,8429125
bra,1861,8558801
bra,1862,8690471
bra,1863,8824166
bra,1864,8959918
bra,1865,9097759
bra,1866,9237720
bra,1867,9379834
bra,1868,9524134
bra,1869,9677417
bra,1870,9839950
bra,1871,10012004
bra,1872,10193859
bra,1873,10385802
bra,1874,10581359
bra,1875,10780598
bra,1876,10983588
bra,1877,11190400
bra,1878,11401106
bra,1879,11615796
bra,1880,11834544
bra,1881,12057427
bra,1882,12284523
bra,1883,12515913
bra,1884,12751661
bra,1885,12991849
bra,1886,13236561
bra,1887,13485883
bra,1888,13739900
bra,1889,14013475
bra,1890,14307331
bra,1891,14622216
bra,1892,14958900
bra,1893,15318174
bra,1894,15686078
bra,1895,16062818
bra,1896,16448606
bra,1897,16843659
bra,1898,17248200
bra,1899,17653222
bra,1900,18058538
bra,1901,18463951
bra,1902,18869255
bra,1903,19274237
bra,1904,19687910
bra,1905,20110461
bra,1906,20542081
bra,1907,20982964
bra,1908,21433310
bra,1909,21892657
bra,1910,22361184
bra,1911,22839075
bra,1912,23326514
bra,1913,23823693
bra,1914,24331468
bra,1915,24850065
bra,1916,25379715
bra,1917,25920654
bra,1918,26470416
bra,1919,27027899
bra,1920,27593186
bra,1921,28166360
bra,1922,28747505
bra,1923,29336703
bra,1924,29937978
bra,1925,30551576
bra,1926,31177749
bra,1927,31816757
bra,1928,32468862
bra,1929,33134257
bra,1930,33813213
bra,1931,34506006
bra,1932,35212919
bra,1933,35934239
bra,1934,36670335
bra,1935,37421510
bra,1936,38188072
bra,1937,38970337
bra,1938,39768626
bra,1939,40633684
bra,1940,41568218
bra,1941,42575027
bra,1942,43657003
bra,1943,44817135
bra,1944,46008096
bra,1945,47230706
bra,1946,48485805
bra,1947,49774257
bra,1948,51096948
bra,1949,52489682
bra,1950,53408551
bra,1951,55018849
bra,1952,56694872
bra,1953,58433756
bra,1954,60235125
bra,1955,62101393
bra,1956,64033997
bra,1957,66031498
bra,1958,68092148
bra,1959,70214470
bra,1960,72388124
bra,1961,74605442
bra,1962,76865322
bra,1963,79164237
bra,1964,81488598
bra,1965,83817586
bra,1966,86139356
bra,1967,88446119
bra,1968,90741243
bra,1969,93045768
bra,1970,95375656
bra,1971,97739280
bra,1972,100146794
bra,1973,102600970
bra,1974,105089675
bra,1975,107619567
bra,1976,110213353
bra,1977,112875287
bra,1978,115600943
bra,1979,118380819
bra,1980,121207451
bra,1981,124063113
bra,1982,126923156
bra,1983,129790081
bra,1984,132658861
bra,1985,135515593
bra,1986,138336371
bra,1987,141104946
bra,1988,143826357
bra,1989,146502975
bra,1990,149143223
bra,1991,151724253
bra,1992,154275077
bra,1993,156794574
bra,1994,159265011
bra,1995,161735079
bra,1996,164202549
bra,1997,166661662
bra,1998,169159651
bra,1999,171641544
bra,2000,174018278
bra,2001,176301201
bra,2002,178503485
bra,2003,180622688
bra,2004,182675144
bra,2005,184688101
bra,2006,186653099
bra,2007,188552311
bra,2008,190367297
bra,2009,192079958
bra,2010,193701931
bra,2011,195284736
bra,2012,196876113
bra,2013,198478290
bra,2014,200085126
bra,2015,201675534
bra,2016,203218108
bra,2017,204703440
bra,2018,206107265
bra,2019,207455459
bra,2020,208660845
bra,2021,209550291
bra,2022,210306411
bra,2023,211140731
brb,1800,81729
brb,1801,81729
brb,1802,81729
brb,1803,81729
brb,1804,81729
brb,1805,81729
brb,1806,81729
brb,1807,81729
brb,1808,81729
brb,1809,81729
brb,1810,81729
brb,1811,81729
brb,1812,81729
brb,1813,81729
brb,1814,81729
brb,1815,81729
brb,1816,81729
brb,1817,81729
brb,1818,81729
brb,1819,82009
brb,1820,82573
brb,1821,83427
brb,1822,84576
brb,1823,86024
brb,1824,87496
brb,1825,88994
brb,1826,90518
brb,1827,92067
brb,1828,93644
brb,1829,95247
brb,1830,96877
brb,1831,98536
brb,1832,100223
brb,1833,101939
brb,1834,103684
brb,1835,105459
brb,1836,107264
brb,1837,109101
brb,1838,110968
brb,1839,112868
brb,1840,114800
brb,1841,116766
brb,1842,118765
brb,1843,120798
brb,1844,122866
brb,1845,124969
brb,1846,127109
brb,1847,129285
brb,1848,131498
brb,1849,133606
brb,1850,135605
brb,1851,137488
brb,1852,139255
brb,1853,140901
brb,1854,142567
brb,1855,144253
brb,1856,145959
brb,1857,147684
brb,1858,149431
brb,1859,151010
brb,1860,152421
brb,1861,153659
brb,1862,154721
brb,1863,155604
brb,1864,156492
brb,1865,157385
brb,1866,158284
brb,1867,159188
brb,1868,160096
brb,1869,161019
brb,1870,161956
brb,1871,162908
brb,1872,163874
brb,1873,164854
brb,1874,165841
brb,1875,166833
brb,1876,167832
brb,1877,168836
brb,1878,169846
brb,1879,170870
brb,1880,171907
brb,1881,172958
brb,1882,174022
brb,1883,175100
brb,1884,176185
brb,1885,177276
brb,1886,178374
brb,1887,179479
brb,1888,180591
brb,1889,181734
brb,1890,182909
brb,1891,184116
brb,1892,185355
brb,1893,186627
brb,1894,187908
brb,1895,189198
brb,1896,190496
brb,1897,191803
brb,1898,193120
brb,1899,193667
brb,1900,193451
brb,1901,192476
brb,1902,190746
brb,1903,188266
brb,1904,185818
brb,1905,183403
brb,1906,181018
brb,1907,178665
brb,1908,176343
brb,1909,174184
brb,1910,172186
brb,1911,170345
brb,1912,168658
brb,1913,167122
brb,1914,165600
brb,1915,164092
brb,1916,162598
brb,1917,161117
brb,1918,159654
brb,1919,158812
brb,1920,158593
brb,1921,158998
brb,1922,160027
brb,1923,161680
brb,1924,163351
brb,1925,165039
brb,1926,166745
brb,1927,168468
brb,1928,170209
brb,1929,171989
brb,1930,173809
brb,1931,175669
brb,1932,177569
brb,1933,179512
brb,1934,181476
brb,1935,183461
brb,1936,185468
brb,1937,187497
brb,1938,189548
brb,1939,191519
brb,1940,193407
brb,1941,195210
brb,1942,196928
brb,1943,198557
brb,1944,200201
brb,1945,201857
brb,1946,203528
brb,1947,205212
brb,1948,206911
brb,1949,208689
brb,1950,209928
brb,1951,213410
brb,1952,216517
brb,1953,219244
brb,1954,221568
brb,1955,223296
brb,1956,224519
brb,1957,225803
brb,1958,227266
brb,1959,228789
brb,1960,230901
brb,1961,233155
brb,1962,235236
brb,1963,237566
brb,1964,239969
brb,1965,242421
brb,1966,245010
brb,1967,247099
brb,1968,248554
brb,1969,249447
brb,1970,249398
brb,1971,249177
brb,1972,249666
brb,1973,250330
brb,1974,250786
brb,1975,251188
brb,1976,251454
brb,1977,251630
brb,1978,251566
brb,1979,251277
brb,1980,251533
brb,1981,252274
brb,1982,253098
brb,1983,253993
brb,1984,254930
brb,1985,255831
brb,1986,256628
brb,1987,257288
brb,1988,257768
brb,1989,258113
brb,1990,258583
brb,1991,259382
brb,1992,260272
brb,1993,261036
brb,1994,261625
brb,1995,262046
brb,1996,262290
brb,1997,262405
brb,1998,262434
brb,1999,262521
brb,2000,262071
brb,2001,262429
brb,2002,264155
brb,2003,265789
brb,2004,267297
brb,2005,268717
brb,2006,270011
brb,2007,271298
brb,2008,272719
brb,2009,274137
brb,2010,275251
brb,2011,276150
brb,2012,276949
brb,2013,277669
brb,2014,278355
brb,2015,278999
brb,2016,279604
brb,2017,280177
brb,2018,280719
brb,2019,281216
brb,2020,281706
brb,2021,282157
brb,2022,282324
brb,2023,282347
brn,1800,2258
brn,1801,2258
brn,1802,2258
brn,1803,2258
brn,1804,2258
brn,1805,2258
brn,1806,2258
brn,1807,2258
brn,1808,2258
brn,1809,2258
brn,1810,2258
brn,1811,2260
brn,1812,2264
brn,1813,2271
brn,1814,2280
brn,1815,2292
brn,1816,2306
brn,1817,2323
brn,1818,2342
brn,1819,2364
brn,1820,2388
brn,1821,2415
brn,1822,2445
brn,1823,2478
brn,1824,2514
brn,1825,2552
brn,1826,2594
brn,1827,2639
brn,1828,2687
brn,1829,2738
brn,1830,2793
brn,1831,2851
brn,1832,2910
brn,1833,2970
brn,1834,3031
brn,1835,3094
brn,1836,3158
brn,1837,3224
brn,1838,3290
brn,1839,3359
brn,1840,3428
brn,1841,3499
brn,1842,3572
brn,1843,3646
brn,1844,3721
brn,1845,3798
brn,1846,3877
brn,1847,3957
brn,1848,4039
brn,1849,4123
brn,1850,4208
brn,1851,4298
brn,1852,4389
brn,1853,4483
brn,1854,4578
brn,1855,4676
brn,1856,4775
brn,1857,4877
brn,1858,4981
brn,1859,5087
brn,1860,5195
brn,1861,5310
brn,1862,5430
brn,1863,5556
brn,1864,5690
brn,1865,5830
brn,1866,5977
brn,1867,6132
brn,1868,6295
brn,1869,6465
brn,1870,6644
brn,1871,6670
brn,1872,6865
brn,1873,7072
brn,1874,7293
brn,1875,7528
brn,1876,7777
brn,1877,8034
brn,1878,8299
brn,1879,8574
brn,1880,8857
brn,1881,9150
brn,1882,9453
brn,1883,9766
brn,1884,10089
brn,1885,10422
brn,1886,10767
brn,1887,11123
brn,1888,11491
brn,1889,11871
brn,1890,12263
brn,1891,12669
brn,1892,13088
brn,1893,13521
brn,1894,13968
brn,1895,14430
brn,1896,14907
brn,1897,15400
brn,1898,15909
brn,1899,16435
brn,1900,16978
brn,1901,17540
brn,1902,18120
brn,1903,18719
brn,1904,19338
brn,1905,19977
brn,1906,20638
brn,1907,21286
brn,1908,21921
brn,1909,22541
brn,1910,23145
brn,1911,23354
brn,1912,23566
brn,1913,23976
brn,1914,24393
brn,1915,24818
brn,1916,25250
brn,1917,25690
brn,1918,26123
brn,1919,26549
brn,1920,26970
brn,1921,27385
brn,1922,27792
brn,1923,28193
brn,1924,28599
brn,1925,29011
brn,1926,29429
brn,1927,29854
brn,1928,30284
brn,1929,30828
brn,1930,31492
brn,1931,32280
brn,1932,33198
brn,1933,34251
brn,1934,35338
brn,1935,36459
brn,1936,37616
brn,1937,38810
brn,1938,40041
brn,1939,41121
brn,1940,42042
brn,1941,42798
brn,1942,43382
brn,1943,43786
brn,1944,44193
brn,1945,44605
brn,1946,45021
brn,1947,45440
brn,1948,45863
brn,1949,46794
brn,1950,48316
brn,1951,51213
brn,1952,54252
brn,1953,57582
brn,1954,61227
brn,1955,65228
brn,1956,69568
brn,1957,74183
brn,1958,78989
brn,1959,83860
brn,1960,88359
brn,1961,92529
brn,1962,96737
brn,1963,101171
brn,1964,105936
brn,1965,110856
brn,1966,115890
brn,1967,121036
brn,1968,126237
brn,1969,131456
brn,1970,135157
brn,1971,137931
brn,1972,142197
brn,1973,147381
brn,1974,152669
brn,1975,158081
brn,1976,163621
brn,1977,169287
brn,1978,174902
brn,1979,180430
brn,1980,186121
brn,1981,191990
brn,1982,198177
brn,1983,204754
brn,1984,211673
brn,1985,218928
brn,1986,226510
brn,1987,233876
brn,1988,240928
brn,1989,248077
brn,1990,255307
brn,1991,262604
brn,1992,269848
brn,1993,276978
brn,1994,284098
brn,1995,291207
brn,1996,298283
brn,1997,305357
brn,1998,312398
brn,1999,319412
brn,2000,326429
brn,2001,333353
brn,2002,340108
brn,2003,346650
brn,2004,352921
brn,2005,358930
brn,2006,364670
brn,2007,370883
brn,2008,377800
brn,2009,384965
brn,2010,392340
brn,2011,399395
brn,2012,405564
brn,2013,411205
brn,2014,416757
brn,2015,422223
brn,2016,427571
brn,2017,432787
brn,2018,437811
brn,2019,442690
brn,2020,447411
brn,2021,451722
brn,2022,455374
brn,2023,458959
btn,1800,392287
btn,1801,392287
btn,1802,392287
btn,1803,392287
btn,1804,392287
btn,1805,392287
btn,1806,392287
btn,1807,392287
btn,1808,392287
btn,1809,392287
btn,1810,392287
btn,1811,392287
btn,1812,392287
btn,1813,392287
btn,1814,392287
btn,1815,392287
btn,1816,392287
btn,1817,392287
btn,1818,392287
btn,1819,391895
btn,1820,391114
btn,1821,389944
btn,1822,388389
btn,1823,386449
btn,1824,384520
btn,1825,382600
btn,1826,380689
btn,1827,378788
btn,1828,376897
btn,1829,375015
btn,1830,373142
btn,1831,371279
btn,1832,369425
btn,1833,367580
btn,1834,365745
btn,1835,363919
btn,1836,362101
btn,1837,360293
btn,1838,358494
btn,1839,356704
btn,1840,354923
btn,1841,353151
btn,1842,351387
btn,1843,349633
btn,1844,347887
btn,1845,346150
btn,1846,344421
btn,1847,342701
btn,1848,340990
btn,1849,339287
btn,1850,337593
btn,1851,336068
btn,1852,334550
btn,1853,333039
btn,1854,331535
btn,1855,330037
btn,1856,328546
btn,1857,327062
btn,1858,325584
btn,1859,324113
btn,1860,322649
btn,1861,321191
btn,1862,319739
btn,1863,318294
btn,1864,316856
btn,1865,315424
btn,1866,313998
btn,1867,312579
btn,1868,311166
btn,1869,309759
btn,1870,308359
btn,1871,306965
btn,1872,305577
btn,1873,304195
btn,1874,302820
btn,1875,301450
btn,1876,300087
btn,1877,298730
btn,1878,297379
btn,1879,296034
btn,1880,294695
btn,1881,293362
btn,1882,292035
btn,1883,290714
btn,1884,289399
btn,1885,288090
btn,1886,286786
btn,1887,285489
btn,1888,284197
btn,1889,282911
btn,1890,281631
btn,1891,280356
btn,1892,279087
btn,1893,277824
btn,1894,276567
btn,1895,275315
btn,1896,274069
btn,1897,272828
btn,1898,271593
btn,1899,270364
btn,1900,269139
btn,1901,267921
btn,1902,266708
btn,1903,265500
btn,1904,264298
btn,1905,263101
btn,1906,261910
btn,1907,260723
btn,1908,259543
btn,1909,258624
btn,1910,257966
btn,1911,257568
btn,1912,257430
btn,1913,257550
btn,1914,257670
btn,1915,257789
btn,1916,257909
btn,1917,258029
btn,1918,258029
btn,1919,258029
btn,1920,258029
btn,1921,258029
btn,1922,258029
btn,1923,258029
btn,1924,258029
btn,1925,258029
btn,1926,258029
btn,1927,258029
btn,1928,258029
btn,1929,258029
btn,1930,258029
btn,1931,258029
btn,1932,258029
btn,1933,258029
btn,1934,258029
btn,1935,258029
btn,1936,258029
btn,1937,258029
btn,1938,258029
btn,1939,255899
btn,1940,251726
btn,1941,245595
btn,1942,237586
btn,1943,227778
btn,1944,218374
btn,1945,209359
btn,1946,200716
btn,1947,192430
btn,1948,184486
btn,1949,179148
btn,1950,169991
btn,1951,174615
btn,1952,179392
btn,1953,184345
btn,1954,189467
btn,1955,194759
btn,1956,200245
btn,1957,205913
btn,1958,211766
btn,1959,217827
btn,1960,224098
btn,1961,230617
btn,1962,237648
btn,1963,245168
btn,1964,252997
btn,1965,261210
btn,1966,269830
btn,1967,278855
btn,1968,288320
btn,1969,298220
btn,1970,308536
btn,1971,319219
btn,1972,330265
btn,1973,341713
btn,1974,353548
btn,1975,365800
btn,1976,378499
btn,1977,391649
btn,1978,405256
btn,1979,419208
btn,1980,433412
btn,1981,447851
btn,1982,462495
btn,1983,477473
btn,1984,492794
btn,1985,508399
btn,1986,524327
btn,1987,540570
btn,1988,557002
btn,1989,573593
btn,1990,589295
btn,1991,599789
btn,1992,577780
btn,1993,554680
btn,1994,554509
btn,1995,547995
btn,1996,548792
btn,1997,558698
btn,1998,569439
btn,1999,582589
btn,2000,596871
btn,2001,610801
btn,2002,624417
btn,2003,637667
btn,2004,650559
btn,2005,661875
btn,2006,670803
btn,2007,678643
btn,2008,686359
btn,2009,693994
btn,2010,701638
btn,2011,709387
btn,2012,717288
btn,2013,725282
btn,2014,733151
btn,2015,740623
btn,2016,747878
btn,2017,754343
btn,2018,759766
btn,2019,764830
btn,2020,770013
btn,2021,775450
btn,2022,780921
btn,2023,786386
bwa,1800,121000
bwa,1801,120541
bwa,1802,120083
bwa,1803,119627
bwa,1804,119173
bwa,1805,118721
bwa,1806,118270
bwa,1807,117821
bwa,1808,117374
bwa,1809,116928
bwa,1810,116486
bwa,1811,116044
bwa,1812,115604
bwa,1813,115165
bwa,1814,114728
bwa,1815,114292
bwa,1816,113858
bwa,1817,113426
bwa,1818,112995
bwa,1819,112567
bwa,1820,112139
bwa,1821,111714
bwa,1822,111289
bwa,1823,110867
bwa,1824,110446
bwa,1825,110027
bwa,1826,109609
bwa,1827,109193
bwa,1828,108779
bwa,1829,108366
bwa,1830,107954
bwa,1831,107545
bwa,1832,107136
bwa,1833,106730
bwa,1834,106325
bwa,1835,105921
bwa,1836,105519
bwa,1837,105118
bwa,1838,104719
bwa,1839,104322
bwa,1840,103926
bwa,1841,103531
bwa,1842,103138
bwa,1843,102747
bwa,1844,102357
bwa,1845,101968
bwa,1846,101581
bwa,1847,101196
bwa,1848,100811
bwa,1849,100707
bwa,1850,100884
bwa,1851,101340
bwa,1852,102081
bwa,1853,103108
bwa,1854,104146
bwa,1855,105194
bwa,1856,106253
bwa,1857,107323
bwa,1858,108403
bwa,1859,109494
bwa,1860,110596
bwa,1861,111709
bwa,1862,112834
bwa,1863,113969
bwa,1864,115117
bwa,1865,116275
bwa,1866,117446
bwa,1867,118628
bwa,1868,119822
bwa,1869,121028
bwa,1870,122246
bwa,1871,123477
bwa,1872,124720
bwa,1873,125975
bwa,1874,127243
bwa,1875,128524
bwa,1876,129817
bwa,1877,131124
bwa,1878,132444
bwa,1879,133777
bwa,1880,135124
bwa,1881,136484
bwa,1882,137857
bwa,1883,139245
bwa,1884,140647
bwa,1885,142062
bwa,1886,143492
bwa,1887,144937
bwa,1888,146395
bwa,1889,147869
bwa,1890,149357
bwa,1891,150861
bwa,1892,152379
bwa,1893,153913
bwa,1894,155462
bwa,1895,157027
bwa,1896,158608
bwa,1897,160204
bwa,1898,161817
bwa,1899,163655
bwa,1900,165725
bwa,1901,168032
bwa,1902,170582
bwa,1903,173381
bwa,1904,176226
bwa,1905,179118
bwa,1906,182058
bwa,1907,185045
bwa,1908,188082
bwa,1909,191132
bwa,1910,194195
bwa,1911,197270
bwa,1912,200357
bwa,1913,203456
bwa,1914,206603
bwa,1915,209799
bwa,1916,213044
bwa,1917,216340
bwa,1918,219694
bwa,1919,223349
bwa,1920,227317
bwa,1921,231606
bwa,1922,236228
bwa,1923,241193
bwa,1924,246262
bwa,1925,251437
bwa,1926,256722
bwa,1927,262117
bwa,1928,267626
bwa,1929,273204
bwa,1930,278852
bwa,1931,284571
bwa,1932,290360
bwa,1933,296221
bwa,1934,302200
bwa,1935,308300
bwa,1936,314523
bwa,1937,320871
bwa,1938,327348
bwa,1939,333887
bwa,1940,340490
bwa,1941,347156
bwa,1942,353884
bwa,1943,360675
bwa,1944,367597
bwa,1945,374651
bwa,1946,381841
bwa,1947,389168
bwa,1948,396637
bwa,1949,404733
bwa,1950,413708
bwa,1951,423568
bwa,1952,433719
bwa,1953,443979
bwa,1954,454051
bwa,1955,463935
bwa,1956,473785
bwa,1957,483798
bwa,1958,494112
bwa,1959,504883
bwa,1960,516174
bwa,1961,527952
bwa,1962,540189
bwa,1963,552977
bwa,1964,566282
bwa,1965,574670
bwa,1966,577876
bwa,1967,580938
bwa,1968,583974
bwa,1969,587078
bwa,1970,590338
bwa,1971,600488
bwa,1972,622416
bwa,1973,652420
bwa,1974,685455
bwa,1975,720389
bwa,1976,758514
bwa,1977,799587
bwa,1978,849246
bwa,1979,901754
bwa,1980,937493
bwa,1981,970003
bwa,1982,1009273
bwa,1983,1046148
bwa,1984,1083665
bwa,1985,1121954
bwa,1986,1160655
bwa,1987,1199180
bwa,1988,1235488
bwa,1989,1270279
bwa,1990,1305699
bwa,1991,1341767
bwa,1992,1380038
bwa,1993,1420120
bwa,1994,1460030
bwa,1995,1498842
bwa,1996,1535917
bwa,1997,1571700
bwa,1998,1606906
bwa,1999,1642006
bwa,2000,1677384
bwa,2001,1712264
bwa,2002,1744765
bwa,2003,1775744
bwa,2004,1807153
bwa,2005,1839881
bwa,2006,1874526
bwa,2007,1911200
bwa,2008,1949973
bwa,2009,1990671
bwa,2010,2033110
bwa,2011,2073538
bwa,2012,2108617
bwa,2013,2140687
bwa,2014,2172053
bwa,2015,2203276
bwa,2016,2234784
bwa,2017,2266749
bwa,2018,2299149
bwa,2019,2332082
bwa,2020,2365895
bwa,2021,2401448
bwa,2022,2439895
bwa,2023,2480242
caf,1800,479444
caf,1801,479444
caf,1802,479444
caf,1803,479444
caf,1804,479444
caf,1805,479444
caf,1806,479444
caf,1807,479444
caf,1808,479444
caf,1809,479444
caf,1810,479444
caf,1811,479444
caf,1812,479444
caf,1813,479444
caf,1814,479444
caf,1815,479444
caf,1816,479444
caf,1817,479444
caf,1818,479444
caf,1819,481588
caf,1820,485925
caf,1821,492502
caf,1822,501371
caf,1823,512583
caf,1824,524045
caf,1825,535764
caf,1826,547745
caf,1827,559994
caf,1828,572516
caf,1829,585319
caf,1830,598407
caf,1831,611789
caf,1832,625470
caf,1833,639457
caf,1834,653756
caf,1835,668375
caf,1836,683321
caf,1837,698602
caf,1838,714224
caf,1839,730195
caf,1840,746524
caf,1841,763218
caf,1842,780285
caf,1843,797733
caf,1844,815572
caf,1845,833810
caf,1846,852456
caf,1847,871518
caf,1848,891007
caf,1849,906867
caf,1850,919016
caf,1851,928662
caf,1852,934435
caf,1853,936232
caf,1854,938031
caf,1855,939831
caf,1856,941633
caf,1857,943436
caf,1858,945241
caf,1859,947315
caf,1860,949659
caf,1861,952275
caf,1862,955165
caf,1863,958330
caf,1864,961505
caf,1865,964688
caf,1866,967879
caf,1867,971080
caf,1868,974289
caf,1869,977799
caf,1870,981611
caf,1871,985730
caf,1872,990157
caf,1873,994895
caf,1874,999655
caf,1875,1004435
caf,1876,1009236
caf,1877,1014059
caf,1878,1018903
caf,1879,1023772
caf,1880,1028668
caf,1881,1033590
caf,1882,1038538
caf,1883,1043512
caf,1884,1048509
caf,1885,1053528
caf,1886,1058568
caf,1887,1063631
caf,1888,1068717
caf,1889,1072104
caf,1890,1073789
caf,1891,1073766
caf,1892,1072031
caf,1893,1068578
caf,1894,1065134
caf,1895,1061700
caf,1896,1058275
caf,1897,1054860
caf,1898,1051453
caf,1899,1047750
caf,1900,1043751
caf,1901,1039460
caf,1902,1034877
caf,1903,1030006
caf,1904,1025156
caf,1905,1020327
caf,1906,1015519
caf,1907,1010732
caf,1908,1005966
caf,1909,1001418
caf,1910,997088
caf,1911,992974
caf,1912,989073
caf,1913,985386
caf,1914,981711
caf,1915,978048
caf,1916,974397
caf,1917,970758
caf,1918,965899
caf,1919,964507
caf,1920,966611
caf,1921,972238
caf,1922,981416
caf,1923,994175
caf,1924,1007099
caf,1925,1020191
caf,1926,1033454
caf,1927,1046889
caf,1928,1060498
caf,1929,1074067
caf,1930,1087592
caf,1931,1101070
caf,1932,1114498
caf,1933,1127872
caf,1934,1141406
caf,1935,1155103
caf,1936,1168964
caf,1937,1182992
caf,1938,1197188
caf,1939,1212535
caf,1940,1229063
caf,1941,1246801
caf,1942,1265781
caf,1943,1286033
caf,1944,1306610
caf,1945,1327515
caf,1946,1348756
caf,1947,1370336
caf,1948,1392261
caf,1949,1414346
caf,1950,1438062
caf,1951,1461255
caf,1952,1484828
caf,1953,1508951
caf,1954,1533762
caf,1955,1559371
caf,1956,1585850
caf,1957,1613283
caf,1958,1641677
caf,1959,1671336
caf,1960,1702346
caf,1961,1734583
caf,1962,1768124
caf,1963,1803067
caf,1964,1839582
caf,1965,1877856
caf,1966,1918087
caf,1967,1960450
caf,1968,2005104
caf,1969,2051517
caf,1970,2097513
caf,1971,2141455
caf,1972,2183773
caf,1973,2226007
caf,1974,2269345
caf,1975,2313925
caf,1976,2348567
caf,1977,2372932
caf,1978,2397963
caf,1979,2423800
caf,1980,2450537
caf,1981,2478413
caf,1982,2507374
caf,1983,2537407
caf,1984,2568610
caf,1985,2600939
caf,1986,2634262
caf,1987,2669154
caf,1988,2713967
caf,1989,2783977
caf,1990,2871915
caf,1991,2963195
caf,1992,3058837
caf,1993,3157842
caf,1994,3257956
caf,1995,3348062
caf,1996,3435973
caf,1997,3531700
caf,1998,3628833
caf,1999,3729452
caf,2000,3833421
caf,2001,3919498
caf,2002,4006079
caf,2003,4103092
caf,2004,4192828
caf,2005,4288814
caf,2006,4377582
caf,2007,4462777
caf,2008,4558989
caf,2009,4529051
caf,2010,4493003
caf,2011,4565023
caf,2012,4610848
caf,2013,4642423
caf,2014,4623187
caf,2015,4629322
caf,2016,4713663
caf,2017,4793512
caf,2018,4878663
caf,2019,4944708
caf,2020,5026629
caf,2021,5112103
caf,2022,5098038
caf,2023,5152415
can,1800,500000
can,1801,512396
can,1802,525100
can,1803,538119
can,1804,551460
can,1805,565132
can,1806,579143
can,1807,593502
can,1808,608216
can,1809,623296
can,1810,639132
can,1811,654978
can,1812,671216
can,1813,687858
can,1814,704911
can,1815,722388
can,1816,740298
can,1817,758652
can,1818,777461
can,1819,798664
can,1820,822390
can,1821,848776
can,1822,877963
can,1823,910099
can,1824,943411
can,1825,977943
can,1826,1013738
can,1827,1050844
can,1828,1089308
can,1829,1129501
can,1830,1171497
can,1831,1215377
can,1832,1261221
can,1833,1309115
can,1834,1358828
can,1835,1410429
can,1836,1463990
can,1837,1519584
can,1838,1577290
can,1839,1637493
can,1840,1700301
can,1841,1765826
can,1842,1834182
can,1843,1905491
can,1844,1979572
can,1845,2056533
can,1846,2136487
can,1847,2219548
can,1848,2305839
can,1849,2391522
can,1850,2476448
can,1851,2559525
can,1852,2641465
can,1853,2722093
can,1854,2805181
can,1855,2890805
can,1856,2979043
can,1857,3069973
can,1858,3163678
can,1859,3247283
can,1860,3320338
can,1861,3382380
can,1862,3432927
can,1863,3471484
can,1864,3510473
can,1865,3549900
can,1866,3589769
can,1867,3630086
can,1868,3670854
can,1869,3714561
can,1870,3761273
can,1871,3811061
can,1872,3863995
can,1873,3920147
can,1874,3977115
can,1875,4034909
can,1876,4093544
can,1877,4153029
can,1878,4213379
can,1879,4271701
can,1880,4327935
can,1881,4382020
can,1882,4433891
can,1883,4483484
can,1884,4533631
can,1885,4584338
can,1886,4635612
can,1887,4687459
can,1888,4739885
can,1889,4791824
can,1890,4843260
can,1891,4894177
can,1892,4944559
can,1893,4994388
can,1894,5044719
can,1895,5095557
can,1896,5146906
can,1897,5198771
can,1898,5251159
can,1899,5322809
can,1900,5414425
can,1901,5526732
can,1902,5660474
can,1903,5816421
can,1904,5976663
can,1905,6141319
can,1906,6310511
can,1907,6484363
can,1908,6663003
can,1909,6835990
can,1910,7002961
can,1911,7163537
can,1912,7317326
can,1913,7463921
can,1914,7613451
can,1915,7765975
can,1916,7921554
can,1917,8080249
can,1918,8245222
can,1919,8408944
can,1920,8571309
can,1921,8732206
can,1922,8891519
can,1923,9049130
can,1924,9209535
can,1925,9372783
can,1926,9538925
can,1927,9708012
can,1928,9880096
can,1929,10041248
can,1930,10191122
can,1931,10329362
can,1932,10455609
can,1933,10569491
can,1934,10684614
can,1935,10800991
can,1936,10918635
can,1937,11037560
can,1938,11157781
can,1939,11296195
can,1940,11453308
can,1941,11629639
can,1942,11825718
can,1943,12042086
can,1944,12262412
can,1945,12486770
can,1946,12715233
can,1947,12947875
can,1948,13184774
can,1949,13449459
can,1950,13741740
can,1951,14083298
can,1952,14482799
can,1953,14897877
can,1954,15318987
can,1955,15728281
can,1956,16159621
can,1957,16641329
can,1958,17104091
can,1959,17515522
can,1960,17898793
can,1961,18263078
can,1962,18613597
can,1963,18964258
can,1964,19321670
can,1965,19685517
can,1966,20053667
can,1967,20408776
can,1968,20734173
can,1969,21037620
can,1970,21440022
can,1971,21895694
can,1972,22230876
can,1973,22512229
can,1974,22824085
can,1975,23148981
can,1976,23455783
can,1977,23730341
can,1978,23978742
can,1979,24237173
can,1980,24533779
can,1981,24844977
can,1982,25140164
can,1983,25412605
can,1984,25670376
can,1985,25927463
can,1986,26211036
can,1987,26540913
can,1988,26927938
can,1989,27366046
can,1990,27789437
can,1991,28157154
can,1992,28500066
can,1993,28830635
can,1994,29147383
can,1995,29459138
can,1996,29767210
can,1997,30059088
can,1998,30329971
can,1999,30599458
can,2000,30891800
can,2001,31213578
can,2002,31535579
can,2003,31836483
can,2004,32132680
can,2005,32440172
can,2006,32759174
can,2007,33092171
can,2008,33449088
can,2009,33826370
can,2010,34196900
can,2011,34555449
can,2012,34922513
can,2013,35293421
can,2014,35634265
can,2015,35962236
can,2016,36353345
can,2017,36808498
can,2018,37294996
can,2019,37782934
can,2020,38171903
can,2021,38454058
can,2022,38821259
can,2023,39299098
che,1800,1750000
che,1801,1761104
che,1802,1772279
che,1803,1783525
che,1804,1794842
che,1805,1806231
che,1806,1817692
che,1807,1829226
che,1808,1840834
che,1809,1852514
che,1810,1864344
che,1811,1876174
che,1812,1888079
che,1813,1900060
che,1814,1912116
che,1815,1924249
che,1816,1936459
che,1817,1948747
che,1818,1961112
che,1819,1973259
che,1820,1985184
che,1821,1996884
che,1822,2008356
che,1823,2019597
che,1824,2030901
che,1825,2042268
che,1826,2053699
che,1827,2065194
che,1828,2076753
che,1829,2088366
che,1830,2100034
che,1831,2111757
che,1832,2123535
che,1833,2135368
che,1834,2147268
che,1835,2159233
che,1836,2171265
che,1837,2183365
che,1838,2195531
che,1839,2208374
che,1840,2221899
che,1841,2236117
che,1842,2251034
che,1843,2266659
che,1844,2282393
che,1845,2298235
che,1846,2314188
che,1847,2330251
che,1848,2346426
che,1849,2361968
che,1850,2376868
che,1851,2391043
che,1852,2404559
che,1853,2417406
che,1854,2430322
che,1855,2443307
che,1856,2456362
che,1857,2469486
che,1858,2482681
che,1859,2496075
che,1860,2509670
che,1861,2523469
che,1862,2537472
che,1863,2551683
che,1864,2565973
che,1865,2580343
che,1866,2594794
che,1867,2609325
che,1868,2623938
che,1869,2639212
che,1870,2655155
che,1871,2671773
che,1872,2689075
che,1873,2707069
che,1874,2725184
che,1875,2743419
che,1876,2761777
che,1877,2780257
che,1878,2798861
che,1879,2815975
che,1880,2831582
che,1881,2845667
che,1882,2858212
che,1883,2869202
che,1884,2880234
che,1885,2891309
che,1886,2902426
che,1887,2913586
che,1888,2924789
che,1889,2940376
che,1890,2960412
che,1891,2984963
che,1892,3014097
che,1893,3047881
che,1894,3082043
che,1895,3116589
che,1896,3151521
che,1897,3186846
che,1898,3222566
che,1899,3259490
che,1900,3297641
che,1901,3337042
che,1902,3377719
che,1903,3419696
che,1904,3462195
che,1905,3505221
che,1906,3548783
che,1907,3592885
che,1908,3637536
che,1909,3676239
che,1910,3708897
che,1911,3735410
che,1912,3755677
che,1913,3769598
che,1914,3783571
che,1915,3797595
che,1916,3811672
che,1917,3825800
che,1918,3840103
che,1919,3854970
che,1920,3870407
che,1921,3886419
che,1922,3903008
che,1923,3920181
che,1924,3937429
che,1925,3954753
che,1926,3972154
che,1927,3989631
che,1928,4007185
che,1929,4024685
che,1930,4042131
che,1931,4059522
che,1932,4076857
che,1933,4094135
che,1934,4111487
che,1935,4128912
che,1936,4146411
che,1937,4163985
che,1938,4181632
che,1939,4204685
che,1940,4233223
che,1941,4267324
che,1942,4307072
che,1943,4352547
che,1944,4398503
che,1945,4444943
che,1946,4491874
che,1947,4539301
che,1948,4587228
che,1949,4638318
che,1950,4692642
che,1951,4748090
che,1952,4811615
che,1953,4875654
che,1954,4938749
che,1955,5002118
che,1956,5065624
che,1957,5130171
che,1958,5196450
che,1959,5262809
che,1960,5327777
che,1961,5434125
che,1962,5573701
che,1963,5694163
che,1964,5789153
che,1965,5856414
che,1966,5917969
che,1967,5991733
che,1968,6067657
che,1969,6136353
che,1970,6180922
che,1971,6213536
che,1972,6261086
che,1973,6307408
che,1974,6341381
che,1975,6338600
che,1976,6302556
che,1977,6281365
che,1978,6282045
che,1979,6294719
che,1980,6319848
che,1981,6354561
che,1982,6391805
che,1983,6419309
che,1984,6442419
che,1985,6470959
che,1986,6504748
che,1987,6545771
che,1988,6594145
che,1989,6647787
che,1990,6713168
che,1991,6796942
che,1992,6875049
che,1993,6938106
che,1994,6993594
che,1995,7040481
che,1996,7071885
che,1997,7089161
che,1998,7110294
che,1999,7144119
che,2000,7184003
che,2001,7226391
che,2002,7278744
che,2003,7333451
che,2004,7384196
che,2005,7431824
che,2006,7478514
che,2007,7545386
che,2008,7641730
che,2009,7737644
che,2010,7825750
che,2011,7914379
che,2012,7998927
che,2013,8091199
che,2014,8190238
che,2015,8283940
che,2016,8374903
che,2017,8453630
che,2018,8516341
che,2019,8577525
che,2020,8640582
che,2021,8707019
che,2022,8792180
che,2023,8870564
chl,1800,771447
chl,1801,771447
chl,1802,771447
chl,1803,771447
chl,1804,771447
chl,1805,771447
chl,1806,771447
chl,1807,771447
chl,1808,771447
chl,1809,771447
chl,1810,771447
chl,1811,771447
chl,1812,771447
chl,1813,771447
chl,1814,771447
chl,1815,771447
chl,1816,771447
chl,1817,771447
chl,1818,771447
chl,1819,774943
chl,1820,782013
chl,1821,792740
chl,1822,807205
chl,1823,825494
chl,1824,844197
chl,1825,863324
chl,1826,882884
chl,1827,902887
chl,1828,923344
chl,1829,943821
chl,1830,964311
chl,1831,984805
chl,1832,1005294
chl,1833,1025767
chl,1834,1046657
chl,1835,1067973
chl,1836,1089722
chl,1837,1111915
chl,1838,1134559
chl,1839,1157081
chl,1840,1179467
chl,1841,1201704
chl,1842,1223779
chl,1843,1245676
chl,1844,1267965
chl,1845,1290653
chl,1846,1313747
chl,1847,1337254
chl,1848,1361181
chl,1849,1385146
chl,1850,1409141
chl,1851,1434977
chl,1852,1460892
chl,1853,1486881
chl,1854,1513329
chl,1855,1540246
chl,1856,1567639
chl,1857,1595516
chl,1858,1623887
chl,1859,1652559
chl,1860,1681533
chl,1861,1710812
chl,1862,1740397
chl,1863,1770288
chl,1864,1800691
chl,1865,1831612
chl,1866,1863062
chl,1867,1895049
chl,1868,1927582
chl,1869,1960439
chl,1870,1993622
chl,1871,2027132
chl,1872,2060971
chl,1873,2095139
chl,1874,2129870
chl,1875,2165173
chl,1876,2201059
chl,1877,2237535
chl,1878,2274613
chl,1879,2311789
chl,1880,2349056
chl,1881,2386406
chl,1882,2423833
chl,1883,2461328
chl,1884,2499399
chl,1885,2538055
chl,1886,2577306
chl,1887,2617159
chl,1888,2657625
chl,1889,2697881
chl,1890,2737912
chl,1891,2777700
chl,1892,2817229
chl,1893,2856482
chl,1894,2896278
chl,1895,2936624
chl,1896,2977527
chl,1897,3018997
chl,1898,3061039
chl,1899,3102893
chl,1900,3144546
chl,1901,3185985
chl,1902,3227194
chl,1903,3268159
chl,1904,3309640
chl,1905,3351643
chl,1906,3394174
chl,1907,3437240
chl,1908,3480848
chl,1909,3525079
chl,1910,3569943
chl,1911,3615449
chl,1912,3661606
chl,1913,3708422
chl,1914,3755832
chl,1915,3803843
chl,1916,3852462
chl,1917,3901698
chl,1918,3946949
chl,1919,3994434
chl,1920,4044201
chl,1921,4096300
chl,1922,4150784
chl,1923,4207703
chl,1924,4265403
chl,1925,4323894
chl,1926,4383188
chl,1927,4443294
chl,1928,4504225
chl,1929,4569171
chl,1930,4638243
chl,1931,4711552
chl,1932,4789213
chl,1933,4871343
chl,1934,4954882
chl,1935,5039853
chl,1936,5126282
chl,1937,5214192
chl,1938,5303610
chl,1939,5396359
chl,1940,5492530
chl,1941,5592215
chl,1942,5695510
chl,1943,5802513
chl,1944,5911526
chl,1945,6022587
chl,1946,6135735
chl,1947,6251009
chl,1948,6368448
chl,1949,6492585
chl,1950,6628577
chl,1951,6756666
chl,1952,6891992
chl,1953,7033534
chl,1954,7180570
chl,1955,7332311
chl,1956,7489537
chl,1957,7651307
chl,1958,7815995
chl,1959,7983432
chl,1960,8153356
chl,1961,8324802
chl,1962,8497068
chl,1963,8670148
chl,1964,8842536
chl,1965,9012944
chl,1966,9181729
chl,1967,9348941
chl,1968,9514712
chl,1969,9680281
chl,1970,9845347
chl,1971,10009698
chl,1972,10174678
chl,1973,10340367
chl,1974,10505817
chl,1975,10671567
chl,1976,10838255
chl,1977,11005518
chl,1978,11172698
chl,1979,11339778
chl,1980,11508553
chl,1981,11678714
chl,1982,11850214
chl,1983,12026139
chl,1984,12207731
chl,1985,12395277
chl,1986,12588923
chl,1987,12790156
chl,1988,12999426
chl,1989,13215015
chl,1990,13437181
chl,1991,13662482
chl,1992,13884579
chl,1993,14102276
chl,1994,14316263
chl,1995,14527382
chl,1996,14734049
chl,1997,14932436
chl,1998,15127799
chl,1999,15319311
chl,2000,15503638
chl,2001,15683852
chl,2002,15857926
chl,2003,16024755
chl,2004,16187324
chl,2005,16348780
chl,2006,16509195
chl,2007,16671571
chl,2008,16838987
chl,2009,17009730
chl,2010,17181463
chl,2011,17351810
chl,2012,17519116
chl,2013,17687006
chl,2014,17864192
chl,2015,18047630
chl,2016,18267225
chl,2017,18558868
chl,2018,18893185
chl,2019,19197748
chl,2020,19370621
chl,2021,19456323
chl,2022,19553033
chl,2023,19658833
chn,1800,330000000
chn,1801,331538997
chn,1802,333085172
chn,1803,334638557
chn,1804,336199187
chn,1805,337767094
chn,1806,339342314
chn,1807,340924881
chn,1808,342514827
chn,1809,344112189
chn,1810,346787806
chn,1811,349473695
chn,1812,352535289
chn,1813,355977887
chn,1814,359454102
chn,1815,362964264
chn,1816,366508704
chn,1817,370087755
chn,1818,373701758
chn,1819,377149238
chn,1820,380427133
chn,1821,383532342
chn,1822,386461720
chn,1823,389212084
chn,1824,391982022
chn,1825,394771673
chn,1826,397581178
chn,1827,400410677
chn,1828,403260312
chn,1829,405607878
chn,1830,407449420
chn,1831,408780953
chn,1832,409598466
chn,1833,409897918
chn,1834,410197589
chn,1835,410497479
chn,1836,410797588
chn,1837,411097916
chn,1838,411398464
chn,1839,411638991
chn,1840,411819451
chn,1841,411939802
chn,1842,412000000
chn,1843,412000000
chn,1844,412000000
chn,1845,412000000
chn,1846,412000000
chn,1847,412000000
chn,1848,412000000
chn,1849,411271706
chn,1850,409821554
chn,1851,407570489
chn,1852,404611476
chn,1853,400951224
chn,1854,397324067
chn,1855,393729705
chn,1856,390167842
chn,1857,386638184
chn,1858,383140440
chn,1859,379951320
chn,1860,377066487
chn,1861,374481652
chn,1862,372192573
chn,1863,370195055
chn,1864,368208241
chn,1865,366232074
chn,1866,364266496
chn,1867,362311453
chn,1868,360366885
chn,1869,358997315
chn,1870,358200976
chn,1871,357976114
chn,1872,358320988
chn,1873,359233870
chn,1874,360149061
chn,1875,361066568
chn,1876,361986396
chn,1877,362908552
chn,1878,363833040
chn,1879,364793166
chn,1880,365789113
chn,1881,366821065
chn,1882,367889208
chn,1883,368993727
chn,1884,370101546
chn,1885,371212674
chn,1886,372327121
chn,1887,373444898
chn,1888,374566013
chn,1889,375835848
chn,1890,377255533
chn,1891,378826208
chn,1892,380549019
chn,1893,382425118
chn,1894,384310450
chn,1895,386205058
chn,1896,388108990
chn,1897,390022290
chn,1898,391945005
chn,1899,393913912
chn,1900,395929430
chn,1901,397991980
chn,1902,400101986
chn,1903,402259874
chn,1904,404429383
chn,1905,406610574
chn,1906,408803510
chn,1907,411008255
chn,1908,413224872
chn,1909,415905832
chn,1910,419058430
chn,1911,422690056
chn,1912,426808190
chn,1913,431420404
chn,1914,436082439
chn,1915,440794834
chn,1916,445558131
chn,1917,450372881
chn,1918,455336427
chn,1919,459658818
chn,1920,463330522
chn,1921,466341893
chn,1922,468683169
chn,1923,470344471
chn,1924,472011663
chn,1925,473684764
chn,1926,475363795
chn,1927,477048778
chn,1928,478739734
chn,1929,480666438
chn,1930,482831090
chn,1931,485235901
chn,1932,487883101
chn,1933,490774936
chn,1934,493683911
chn,1935,496610129
chn,1936,499553692
chn,1937,502514702
chn,1938,505493263
chn,1939,508423146
chn,1940,511303712
chn,1941,514134316
chn,1942,516914309
chn,1943,519643036
chn,1944,522386167
chn,1945,525143778
chn,1946,527915947
chn,1947,530702750
chn,1948,533504263
chn,1949,537916245
chn,1950,544044355
chn,1951,553758251
chn,1952,565131435
chn,1953,577557140
chn,1954,590113859
chn,1955,603547014
chn,1956,616558585
chn,1957,630356210
chn,1958,644219478
chn,1959,652708211
chn,1960,654802068
chn,1961,655773484
chn,1962,665073690
chn,1963,684552646
chn,1964,704798263
chn,1965,723415737
chn,1966,742402206
chn,1967,761026025
chn,1968,781011030
chn,1969,802140341
chn,1970,823308964
chn,1971,844069870
chn,1972,863677810
chn,1973,882576945
chn,1974,900307580
chn,1975,916116796
chn,1976,930372293
chn,1977,943546374
chn,1978,956161482
chn,1979,969288071
chn,1980,983163540
chn,1981,997721072
chn,1982,1013588177
chn,1983,1029064952
chn,1984,1043849645
chn,1985,1059807818
chn,1986,1077233607
chn,1987,1096217445
chn,1988,1115244168
chn,1989,1133991006
chn,1990,1153582725
chn,1991,1170788533
chn,1992,1184574236
chn,1993,1197308574
chn,1994,1209003099
chn,1995,1220133929
chn,1996,1230944809
chn,1997,1241139623
chn,1998,1250847122
chn,1999,1260176650
chn,2000,1269581174
chn,2001,1278725061
chn,2002,1286866835
chn,2003,1294517323
chn,2004,1302100316
chn,2005,1310027135
chn,2006,1318054030
chn,2007,1325813576
chn,2008,1333821011
chn,2009,1342522717
chn,2010,1351561505
chn,2011,1360250658
chn,2012,1369520866
chn,2013,1379008040
chn,2014,1387951970
chn,2015,1396134171
chn,2016,1404052628
chn,2017,1412354730
chn,2018,1419008954
chn,2019,1423520357
chn,2020,1426106093
chn,2021,1426437269
chn,2022,1425179562
chn,2023,1422584930
civ,1800,1088530
civ,1801,1088530
civ,1802,1088530
civ,1803,1088530
civ,1804,1088530
civ,1805,1088530
civ,1806,1088530
civ,1807,1088530
civ,1808,1088530
civ,1809,1088530
civ,1810,1088530
civ,1811,1088530
civ,1812,1088530
civ,1813,1088530
civ,1814,1088530
civ,1815,1088530
civ,1816,1088530
civ,1817,1088530
civ,1818,1088530
civ,1819,1088156
civ,1820,1087409
civ,1821,1086290
civ,1822,1084798
civ,1823,1082935
civ,1824,1081076
civ,1825,1079219
civ,1826,1077366
civ,1827,1075516
civ,1828,1073669
civ,1829,1071826
civ,1830,1069985
civ,1831,1068148
civ,1832,1066314
civ,1833,1064483
civ,1834,1062655
civ,1835,1060830
civ,1836,1059009
civ,1837,1057190
civ,1838,1055375
civ,1839,1053562
civ,1840,1051753
civ,1841,1049947
civ,1842,1048144
civ,1843,1046345
civ,1844,1044548
civ,1845,1042754
civ,1846,1040964
civ,1847,1039176
civ,1848,1037392
civ,1849,1037413
civ,1850,1039249
civ,1851,1044163
civ,1852,1050925
civ,1853,1059551
civ,1854,1068246
civ,1855,1077011
civ,1856,1085847
civ,1857,1094753
civ,1858,1103731
civ,1859,1112556
civ,1860,1121227
civ,1861,1129739
civ,1862,1138090
civ,1863,1146275
civ,1864,1154518
civ,1865,1162819
civ,1866,1171177
civ,1867,1179594
civ,1868,1188070
civ,1869,1196846
civ,1870,1205926
civ,1871,1215315
civ,1872,1225018
civ,1873,1235038
civ,1874,1245139
civ,1875,1255320
civ,1876,1265583
civ,1877,1275928
civ,1878,1286356
civ,1879,1296345
civ,1880,1305888
civ,1881,1314976
civ,1882,1323604
civ,1883,1331762
civ,1884,1339969
civ,1885,1348225
civ,1886,1356529
civ,1887,1364883
civ,1888,1373287
civ,1889,1382296
civ,1890,1391919
civ,1891,1402165
civ,1892,1413044
civ,1893,1424564
civ,1894,1436176
civ,1895,1447881
civ,1896,1459679
civ,1897,1471572
civ,1898,1483559
civ,1899,1494739
civ,1900,1505099
civ,1901,1514625
civ,1902,1523307
civ,1903,1531131
civ,1904,1538993
civ,1905,1546894
civ,1906,1554833
civ,1907,1562811
civ,1908,1570828
civ,1909,1579518
civ,1910,1588890
civ,1911,1598952
civ,1912,1609714
civ,1913,1621185
civ,1914,1632735
civ,1915,1644365
civ,1916,1656077
civ,1917,1667869
civ,1918,1677876
civ,1919,1691000
civ,1920,1707305
civ,1921,1726856
civ,1922,1749721
civ,1923,1775966
civ,1924,1802606
civ,1925,1829645
civ,1926,1857089
civ,1927,1884946
civ,1928,1913220
civ,1929,1941524
civ,1930,1969853
civ,1931,1998202
civ,1932,2026565
civ,1933,2054937
civ,1934,2083706
civ,1935,2112878
civ,1936,2142458
civ,1937,2172453
civ,1938,2202867
civ,1939,2235519
civ,1940,2270472
civ,1941,2307792
civ,1942,2347546
civ,1943,2389801
civ,1944,2432818
civ,1945,2476609
civ,1946,2521188
civ,1947,2566569
civ,1948,2612767
civ,1949,2669371
civ,1950,2735187
civ,1951,2809368
civ,1952,2885718
civ,1953,2965133
civ,1954,3048539
civ,1955,3136631
civ,1956,3230013
civ,1957,3329283
civ,1958,3435088
civ,1959,3548954
civ,1960,3673672
civ,1961,3810152
civ,1962,3956950
civ,1963,4112070
civ,1964,4273955
civ,1965,4442384
civ,1966,4617522
civ,1967,4799743
civ,1968,4990023
civ,1969,5192227
civ,1970,5411573
civ,1971,5650875
civ,1972,5909721
civ,1973,6184949
civ,1974,6474062
civ,1975,6776303
civ,1976,7057963
civ,1977,7321955
civ,1978,7603134
civ,1979,7902266
civ,1980,8220717
civ,1981,8556600
civ,1982,8907942
civ,1983,9272742
civ,1984,9650523
civ,1985,10040486
civ,1986,10440924
civ,1987,10851481
civ,1988,11275194
civ,1989,11719774
civ,1990,12189780
civ,1991,12683875
civ,1992,13200313
civ,1993,13735955
civ,1994,14287211
civ,1995,14855566
civ,1996,15442322
civ,1997,16047178
civ,1998,16663948
civ,1999,17215937
civ,2000,17699007
civ,2001,18178920
civ,2002,18654772
civ,2003,19125546
civ,2004,19594997
civ,2005,20068468
civ,2006,20546808
civ,2007,21030558
civ,2008,21514446
civ,2009,21997936
civ,2010,22488068
civ,2011,22982003
civ,2012,23467083
civ,2013,23939775
civ,2014,24527393
civ,2015,25246347
civ,2016,25989404
civ,2017,26733376
civ,2018,27464175
civ,2019,28193014
civ,2020,28915452
civ,2021,29639737
civ,2022,30395004
civ,2023,31165653
cmr,1800,1860054
cmr,1801,1860054
cmr,1802,1860054
cmr,1803,1860054
cmr,1804,1860054
cmr,1805,1860054
cmr,1806,1860054
cmr,1807,1860054
cmr,1808,1860054
cmr,1809,1860054
cmr,1810,1860054
cmr,1811,1860054
cmr,1812,1860054
cmr,1813,1860054
cmr,1814,1860054
cmr,1815,1860054
cmr,1816,1860054
cmr,1817,1860054
cmr,1818,1860054
cmr,1819,1865014
cmr,1820,1875001
cmr,1821,1890080
cmr,1822,1910321
cmr,1823,1935792
cmr,1824,1961602
cmr,1825,1987757
cmr,1826,2014260
cmr,1827,2041117
cmr,1828,2068332
cmr,1829,2095910
cmr,1830,2123855
cmr,1831,2152173
cmr,1832,2180869
cmr,1833,2209947
cmr,1834,2239413
cmr,1835,2269272
cmr,1836,2299528
cmr,1837,2330189
cmr,1838,2361258
cmr,1839,2392741
cmr,1840,2424644
cmr,1841,2456973
cmr,1842,2489732
cmr,1843,2522929
cmr,1844,2556568
cmr,1845,2590655
cmr,1846,2625197
cmr,1847,2660200
cmr,1848,2695669
cmr,1849,2726839
cmr,1850,2753631
cmr,1851,2774499
cmr,1852,2790807
cmr,1853,2802478
cmr,1854,2814197
cmr,1855,2825965
cmr,1856,2837780
cmr,1857,2849645
cmr,1858,2861558
cmr,1859,2873719
cmr,1860,2886130
cmr,1861,2898794
cmr,1862,2911711
cmr,1863,2924883
cmr,1864,2938114
cmr,1865,2951404
cmr,1866,2964754
cmr,1867,2978163
cmr,1868,2991631
cmr,1869,3005776
cmr,1870,3020602
cmr,1871,3036117
cmr,1872,3052325
cmr,1873,3069234
cmr,1874,3086236
cmr,1875,3103332
cmr,1876,3120521
cmr,1877,3137804
cmr,1878,3155182
cmr,1879,3172668
cmr,1880,3190261
cmr,1881,3207964
cmr,1882,3225775
cmr,1883,3243697
cmr,1884,3261718
cmr,1885,3279837
cmr,1886,3298056
cmr,1887,3316376
cmr,1888,3334796
cmr,1889,3346584
cmr,1890,3351734
cmr,1891,3350244
cmr,1892,3342111
cmr,1893,3327329
cmr,1894,3312612
cmr,1895,3297958
cmr,1896,3283369
cmr,1897,3268844
cmr,1898,3254381
cmr,1899,3236979
cmr,1900,3216679
cmr,1901,3193523
cmr,1902,3167551
cmr,1903,3138804
cmr,1904,3110318
cmr,1905,3082089
cmr,1906,3054115
cmr,1907,3026394
cmr,1908,2998924
cmr,1909,2974195
cmr,1910,2952166
cmr,1911,2932802
cmr,1912,2916064
cmr,1913,2901916
cmr,1914,2887835
cmr,1915,2873822
cmr,1916,2859876
cmr,1917,2845996
cmr,1918,2833732
cmr,1919,2831409
cmr,1920,2839117
cmr,1921,2856945
cmr,1922,2884985
cmr,1923,2923328
cmr,1924,2962182
cmr,1925,3001552
cmr,1926,3041445
cmr,1927,3081868
cmr,1928,3122828
cmr,1929,3164073
cmr,1930,3205602
cmr,1931,3247416
cmr,1932,3289516
cmr,1933,3331901
cmr,1934,3374832
cmr,1935,3418317
cmr,1936,3462361
cmr,1937,3506974
cmr,1938,3552161
cmr,1939,3600852
cmr,1940,3653142
cmr,1941,3709128
cmr,1942,3768907
cmr,1943,3832582
cmr,1944,3897332
cmr,1945,3963176
cmr,1946,4030132
cmr,1947,4098220
cmr,1948,4167458
cmr,1949,4239958
cmr,1950,4330088
cmr,1951,4395365
cmr,1952,4464718
cmr,1953,4538446
cmr,1954,4616889
cmr,1955,4700267
cmr,1956,4788341
cmr,1957,4878935
cmr,1958,4972220
cmr,1959,5070072
cmr,1960,5159059
cmr,1961,5239281
cmr,1962,5338626
cmr,1963,5456615
cmr,1964,5578261
cmr,1965,5704688
cmr,1966,5837300
cmr,1967,5977315
cmr,1968,6125860
cmr,1969,6283470
cmr,1970,6449795
cmr,1971,6624415
cmr,1972,6806873
cmr,1973,6996661
cmr,1974,7193589
cmr,1975,7397126
cmr,1976,7597962
cmr,1977,7796510
cmr,1978,8011917
cmr,1979,8239642
cmr,1980,8512217
cmr,1981,8816377
cmr,1982,9028676
cmr,1983,9215395
cmr,1984,9475085
cmr,1985,9761728
cmr,1986,10060342
cmr,1987,10370753
cmr,1988,10684972
cmr,1989,11002749
cmr,1990,11331827
cmr,1991,11667186
cmr,1992,12006362
cmr,1993,12353131
cmr,1994,12704900
cmr,1995,13058517
cmr,1996,13414761
cmr,1997,13775216
cmr,1998,14144857
cmr,1999,14525145
cmr,2000,14912632
cmr,2001,15309489
cmr,2002,15725534
cmr,2003,16160340
cmr,2004,16610485
cmr,2005,17074599
cmr,2006,17550403
cmr,2007,18049897
cmr,2008,18574052
cmr,2009,19113978
cmr,2010,19668063
cmr,2011,20232312
cmr,2012,20809530
cmr,2013,21402379
cmr,2014,22059894
cmr,2015,22763418
cmr,2016,23454165
cmr,2017,24128609
cmr,2018,24806377
cmr,2019,25506095
cmr,2020,26210566
cmr,2021,26915765
cmr,2022,27632770
cmr,2023,28372690
cod,1800,5163819
cod,1801,5163819
cod,1802,5163819
cod,1803,5163819
cod,1804,5163819
cod,1805,5163819
cod,1806,5163819
cod,1807,5163819
cod,1808,5163819
cod,1809,5163819
cod,1810,5163819
cod,1811,5163819
cod,1812,5163819
cod,1813,5163819
cod,1814,5163819
cod,1815,5163819
cod,1816,5163819
cod,1817,5163819
cod,1818,5163819
cod,1819,5179959
cod,1820,5212490
cod,1821,5261670
cod,1822,5327758
cod,1823,5411019
cod,1824,5495580
cod,1825,5581464
cod,1826,5668689
cod,1827,5757277
cod,1828,5847250
cod,1829,5938629
cod,1830,6031436
cod,1831,6125694
cod,1832,6221424
cod,1833,6318651
cod,1834,6417396
cod,1835,6517686
cod,1836,6619542
cod,1837,6722990
cod,1838,6828055
cod,1839,6934761
cod,1840,7043136
cod,1841,7153204
cod,1842,7264992
cod,1843,7378527
cod,1844,7493836
cod,1845,7610947
cod,1846,7729889
cod,1847,7850689
cod,1848,7973377
cod,1849,8073221
cod,1850,8149850
cod,1851,8203394
cod,1852,8232967
cod,1853,8238175
cod,1854,8243387
cod,1855,8248602
cod,1856,8253820
cod,1857,8259041
cod,1858,8264265
cod,1859,8279072
cod,1860,8303530
cod,1861,8337707
cod,1862,8381672
cod,1863,8435495
cod,1864,8489664
cod,1865,8544180
cod,1866,8599047
cod,1867,8654266
cod,1868,8709839
cod,1869,8768035
cod,1870,8828887
cod,1871,8892430
cod,1872,8958700
cod,1873,9027732
cod,1874,9097296
cod,1875,9167396
cod,1876,9238036
cod,1877,9309221
cod,1878,9380954
cod,1879,9447355
cod,1880,9508357
cod,1881,9563890
cod,1882,9613884
cod,1883,9658268
cod,1884,9702857
cod,1885,9747652
cod,1886,9792654
cod,1887,9837863
cod,1888,9883281
cod,1889,9909558
cod,1890,9916704
cod,1891,9904725
cod,1892,9873631
cod,1893,9823429
cod,1894,9773482
cod,1895,9723789
cod,1896,9674349
cod,1897,9625160
cod,1898,9576221
cod,1899,9518329
cod,1900,9451620
cod,1901,9376230
cod,1902,9292290
cod,1903,9199934
cod,1904,9108496
cod,1905,9017966
cod,1906,8928336
cod,1907,8839597
cod,1908,8751740
cod,1909,8671803
cod,1910,8599666
cod,1911,8535211
cod,1912,8478321
cod,1913,8428883
cod,1914,8379733
cod,1915,8330869
cod,1916,8282290
cod,1917,8233995
cod,1918,8185477
cod,1919,8168162
cod,1920,8182274
cod,1921,8228044
cod,1922,8305702
cod,1923,8415487
cod,1924,8526723
cod,1925,8639430
cod,1926,8753626
cod,1927,8869332
cod,1928,8986567
cod,1929,9103514
cod,1930,9220147
cod,1931,9336439
cod,1932,9452362
cod,1933,9567888
cod,1934,9684826
cod,1935,9803193
cod,1936,9923007
cod,1937,10044285
cod,1938,10167045
cod,1939,10299646
cod,1940,10442344
cod,1941,10595400
cod,1942,10759079
cod,1943,10933654
cod,1944,11111061
cod,1945,11291347
cod,1946,11474559
cod,1947,11660743
cod,1948,11849948
cod,1949,12061342
cod,1950,12294293
cod,1951,12542651
cod,1952,12803638
cod,1953,13069453
cod,1954,13343040
cod,1955,13630350
cod,1956,13929950
cod,1957,14242284
cod,1958,14557795
cod,1959,14891587
cod,1960,15264853
cod,1961,15662373
cod,1962,16075729
cod,1963,16507610
cod,1964,16955329
cod,1965,17427807
cod,1966,17931933
cod,1967,18462787
cod,1968,19012194
cod,1969,19570447
cod,1970,20137442
cod,1971,20695568
cod,1972,21251166
cod,1973,21827663
cod,1974,22418883
cod,1975,23021102
cod,1976,23624035
cod,1977,24229060
cod,1978,24992694
cod,1979,25886782
cod,1980,26711098
cod,1981,27500518
cod,1982,28338193
cod,1983,29250969
cod,1984,30245088
cod,1985,31264819
cod,1986,32265200
cod,1987,33298910
cod,1988,34382756
cod,1989,35486863
cod,1990,36684065
cod,1991,37925828
cod,1992,39228908
cod,1993,40656338
cod,1994,42626873
cod,1995,44433718
cod,1996,45296125
cod,1997,46029907
cod,1998,47297595
cod,1999,48912972
cod,2000,50507445
cod,2001,52132646
cod,2002,53750529
cod,2003,55343873
cod,2004,56997740
cod,2005,58775726
cod,2006,60615909
cod,2007,62477753
cod,2008,64390658
cod,2009,66412038
cod,2010,68563038
cod,2011,70849311
cod,2012,73254623
cod,2013,75789397
cod,2014,78403248
cod,2015,81035532
cod,2016,83956416
cod,2017,87083400
cod,2018,90047647
cod,2019,92947450
cod,2020,95990000
cod,2021,99148930
cod,2022,102396974
cod,2023,105789733
cog,1800,314465
cog,1801,314465
cog,1802,314465
cog,1803,314465
cog,1804,314465
cog,1805,314465
cog,1806,314465
cog,1807,314465
cog,1808,314465
cog,1809,314465
cog,1810,314465
cog,1811,314465
cog,1812,314465
cog,1813,314465
cog,1814,314465
cog,1815,314465
cog,1816,314465
cog,1817,314465
cog,1818,314465
cog,1819,315477
cog,1820,317518
cog,1821,320603
cog,1822,324750
cog,1823,329976
cog,1824,335286
cog,1825,340682
cog,1826,346164
cog,1827,351735
cog,1828,357395
cog,1829,363146
cog,1830,368990
cog,1831,374928
cog,1832,380961
cog,1833,387092
cog,1834,393321
cog,1835,399651
cog,1836,406082
cog,1837,412617
cog,1838,419257
cog,1839,426003
cog,1840,432859
cog,1841,439825
cog,1842,446902
cog,1843,454094
cog,1844,461401
cog,1845,468826
cog,1846,476371
cog,1847,484037
cog,1848,491826
cog,1849,498107
cog,1850,502855
cog,1851,506278
cog,1852,508121
cog,1853,508354
cog,1854,508588
cog,1855,508821
cog,1856,509055
cog,1857,509289
cog,1858,509522
cog,1859,510368
cog,1860,511829
cog,1861,513912
cog,1862,516619
cog,1863,519957
cog,1864,523316
cog,1865,526697
cog,1866,530099
cog,1867,533523
cog,1868,536969
cog,1869,540655
cog,1870,544584
cog,1871,548760
cog,1872,553186
cog,1873,557865
cog,1874,562584
cog,1875,567343
cog,1876,572142
cog,1877,576981
cog,1878,581862
cog,1879,586665
cog,1880,591389
cog,1881,596033
cog,1882,600595
cog,1883,605074
cog,1884,609585
cog,1885,614131
cog,1886,618710
cog,1887,623323
cog,1888,627970
cog,1889,631123
cog,1890,632776
cog,1891,632926
cog,1892,631566
cog,1893,628692
cog,1894,625831
cog,1895,622983
cog,1896,620147
cog,1897,617324
cog,1898,614515
cog,1899,611109
cog,1900,607115
cog,1901,602542
cog,1902,597397
cog,1903,591689
cog,1904,586035
cog,1905,580436
cog,1906,574889
cog,1907,569396
cog,1908,563954
cog,1909,559008
cog,1910,554548
cog,1911,550569
cog,1912,547063
cog,1913,544024
cog,1914,541001
cog,1915,537996
cog,1916,535007
cog,1917,532034
cog,1918,528842
cog,1919,527863
cog,1920,529118
cog,1921,532626
cog,1922,538408
cog,1923,546484
cog,1924,554681
cog,1925,563001
cog,1926,571446
cog,1927,580018
cog,1928,588718
cog,1929,597428
cog,1930,606145
cog,1931,614868
cog,1932,623596
cog,1933,632326
cog,1934,641179
cog,1935,650155
cog,1936,659258
cog,1937,668487
cog,1938,677846
cog,1939,687893
cog,1940,698649
cog,1941,710132
cog,1942,722365
cog,1943,735368
cog,1944,748604
cog,1945,762079
cog,1946,775797
cog,1947,789761
cog,1948,803977
cog,1949,819090
cog,1950,835269
cog,1951,853643
cog,1952,872684
cog,1953,892461
cog,1954,913023
cog,1955,934435
cog,1956,956825
cog,1957,980204
cog,1958,1004629
cog,1959,1030164
cog,1960,1056738
cog,1961,1084392
cog,1962,1113180
cog,1963,1143269
cog,1964,1174823
cog,1965,1207886
cog,1966,1242544
cog,1967,1278697
cog,1968,1316525
cog,1969,1356188
cog,1970,1397640
cog,1971,1441047
cog,1972,1486478
cog,1973,1533685
cog,1974,1582304
cog,1975,1627033
cog,1976,1667233
cog,1977,1707572
cog,1978,1748098
cog,1979,1788523
cog,1980,1828991
cog,1981,1869764
cog,1982,1910429
cog,1983,1950328
cog,1984,1999533
cog,1985,2059317
cog,1986,2120604
cog,1987,2183478
cog,1988,2247653
cog,1989,2313562
cog,1990,2380562
cog,1991,2449235
cog,1992,2519467
cog,1993,2595127
cog,1994,2673147
cog,1995,2749464
cog,1996,2826786
cog,1997,2887862
cog,1998,2952062
cog,1999,3032876
cog,2000,3151349
cog,2001,3272542
cog,2002,3350770
cog,2003,3445758
cog,2004,3565565
cog,2005,3696399
cog,2006,3837411
cog,2007,3980430
cog,2008,4113514
cog,2009,4281218
cog,2010,4462304
cog,2011,4609728
cog,2012,4740457
cog,2013,4857104
cog,2014,4975887
cog,2015,5097583
cog,2016,5222545
cog,2017,5351013
cog,2018,5483128
cog,2019,5616656
cog,2020,5752792
cog,2021,5892187
cog,2022,6035104
cog,2023,6182890
cok,1800,16140
cok,1843,17000
cok,1850,16000
cok,1900,9000
cok,1902,8200
cok,1906,8500
cok,1911,8700
cok,1916,8800
cok,1921,9500
cok,1926,10000
cok,1936,12000
cok,1945,14000
cok,1950,14714
cok,1951,15075
cok,1952,15363
cok,1953,15631
cok,1954,15908
cok,1955,16189
cok,1956,16455
cok,1957,16710
cok,1958,16988
cok,1959,17315
cok,1960,17685
cok,1961,18060
cok,1962,18310
cok,1963,18445
cok,1964,18609
cok,1965,18804
cok,1966,19039
cok,1967,19348
cok,1968,19712
cok,1969,20100
cok,1970,20512
cok,1971,20889
cok,1972,20795
cok,1973,20211
cok,1974,19583
cok,1975,18920
cok,1976,18270
cok,1977,17933
cok,1978,17872
cok,1979,17799
cok,1980,17719
cok,1981,17623
cok,1982,17498
cok,1983,17304
cok,1984,17085
cok,1985,16853
cok,1986,16626
cok,1987,16601
cok,1988,16771
cok,1989,16958
cok,1990,17146
cok,1991,17329
cok,1992,17495
cok,1993,17615
cok,1994,17710
cok,1995,17801
cok,1996,17880
cok,1997,17648
cok,1998,17102
cok,1999,16508
cok,2000,15876
cok,2001,15259
cok,2002,14994
cok,2003,15049
cok,2004,15103
cok,2005,15153
cok,2006,15233
cok,2007,15519
cok,2008,16003
cok,2009,16497
cok,2010,17000
cok,2011,17480
cok,2012,17690
cok,2013,17629
cok,2014,17556
cok,2015,17471
cok,2016,17360
cok,2017,17066
cok,2018,16623
cok,2019,16151
cok,2020,15664
cok,2021,15205
cok,2022,14747
cok,2023,14244
col,1800,1206000
col,1801,1206000
col,1802,1206000
col,1803,1206000
col,1804,1206000
col,1805,1206000
col,1806,1206000
col,1807,1206000
col,1808,1206000
col,1809,1206000
col,1810,1206000
col,1811,1206000
col,1812,1206000
col,1813,1206000
col,1814,1206000
col,1815,1206000
col,1816,1206000
col,1817,1206000
col,1818,1206000
col,1819,1214218
col,1820,1230935
col,1821,1256439
col,1822,1291031
col,1823,1335020
col,1824,1380508
col,1825,1427545
col,1826,1476185
col,1827,1526483
col,1828,1578494
col,1829,1625412
col,1830,1666969
col,1831,1702888
col,1832,1732878
col,1833,1756641
col,1834,1780729
col,1835,1805148
col,1836,1829902
col,1837,1854995
col,1838,1880433
col,1839,1903501
col,1840,1924150
col,1841,1942328
col,1842,1957983
col,1843,1971062
col,1844,1984228
col,1845,1997482
col,1846,2010824
col,1847,2024256
col,1848,2037777
col,1849,2059759
col,1850,2090483
col,1851,2130539
col,1852,2179939
col,1853,2238994
col,1854,2299649
col,1855,2361947
col,1856,2425933
col,1857,2491651
col,1858,2559151
col,1859,2607565
col,1860,2636619
col,1861,2646027
col,1862,2635492
col,1863,2604707
col,1864,2574281
col,1865,2544211
col,1866,2514491
col,1867,2485119
col,1868,2456090
col,1869,2441355
col,1870,2440990
col,1871,2455078
col,1872,2483704
col,1873,2526955
col,1874,2570959
col,1875,2615730
col,1876,2661280
col,1877,2707623
col,1878,2754773
col,1879,2802744
col,1880,2851550
col,1881,2901207
col,1882,2951728
col,1883,3003128
col,1884,3055424
col,1885,3108630
col,1886,3162763
col,1887,3217838
col,1888,3273872
col,1889,3330878
col,1890,3388871
col,1891,3447870
col,1892,3507891
col,1893,3568953
col,1894,3631078
col,1895,3694283
col,1896,3758589
col,1897,3824015
col,1898,3890579
col,1899,3960780
col,1900,4034733
col,1901,4112556
col,1902,4194368
col,1903,4280293
col,1904,4367979
col,1905,4457462
col,1906,4548777
col,1907,4641963
col,1908,4737057
col,1909,4837936
col,1910,4944811
col,1911,5057903
col,1912,5177435
col,1913,5303643
col,1914,5432927
col,1915,5565363
col,1916,5701026
col,1917,5839997
col,1918,5981524
col,1919,6126807
col,1920,6275946
col,1921,6429040
col,1922,6586195
col,1923,6747518
col,1924,6912793
col,1925,7082116
col,1926,7255586
col,1927,7433305
col,1928,7615377
col,1929,7786555
col,1930,7946343
col,1931,8094230
col,1932,8229689
col,1933,8352177
col,1934,8476488
col,1935,8602649
col,1936,8730688
col,1937,8860633
col,1938,8992512
col,1939,9142620
col,1940,9311615
col,1941,9500171
col,1942,9708983
col,1943,9938765
col,1944,10173986
col,1945,10414773
col,1946,10661259
col,1947,10913579
col,1948,11171870
col,1949,11456827
col,1950,11766991
col,1951,12078813
col,1952,12405851
col,1953,12746037
col,1954,13100844
col,1955,13473060
col,1956,13861805
col,1957,14270276
col,1958,14693292
col,1959,15136219
col,1960,15606209
col,1961,16095207
col,1962,16599031
col,1963,17113824
col,1964,17637416
col,1965,18169053
col,1966,18702693
col,1967,19235624
col,1968,19766802
col,1969,20291937
col,1970,20811790
col,1971,21319099
col,1972,21819572
col,1973,22325375
col,1974,22833475
col,1975,23344650
col,1976,23858815
col,1977,24393499
col,1978,24950342
col,1979,25515627
col,1980,26104503
col,1981,26713267
col,1982,27338334
col,1983,27988176
col,1984,28642690
col,1985,29268470
col,1986,29879114
col,1987,30499471
col,1988,31130530
col,1989,31776280
col,1990,32440064
col,1991,33098373
col,1992,33760571
col,1993,34441479
col,1994,35127408
col,1995,35804670
col,1996,36462740
col,1997,37121155
col,1998,37792169
col,1999,38454861
col,2000,39089939
col,2001,39709263
col,2002,40324684
col,2003,40937426
col,2004,41543177
col,2005,42128978
col,2006,42691081
col,2007,43235374
col,2008,43758805
col,2009,44271543
col,2010,44777325
col,2011,45259614
col,2012,45715807
col,2013,46151583
col,2014,46565426
col,2015,46969938
col,2016,47437513
col,2017,48131076
col,2018,49024463
col,2019,49907987
col,2020,50629997
col,2021,51188174
col,2022,51737944
col,2023,52321152
com,1800,56346
com,1801,56346
com,1802,56346
com,1803,56346
com,1804,56346
com,1805,56346
com,1806,56346
com,1807,56346
com,1808,56346
com,1809,56346
com,1810,56346
com,1811,56346
com,1812,56346
com,1813,56346
com,1814,56346
com,1815,56346
com,1816,56346
com,1817,56346
com,1818,56346
com,1819,56370
com,1820,56417
com,1821,56488
com,1822,56583
com,1823,56701
com,1824,56820
com,1825,56939
com,1826,57059
com,1827,57178
com,1828,57298
com,1829,57418
com,1830,57539
com,1831,57659
com,1832,57780
com,1833,57902
com,1834,58023
com,1835,58145
com,1836,58266
com,1837,58389
com,1838,58511
com,1839,58634
com,1840,58757
com,1841,58880
com,1842,59003
com,1843,59127
com,1844,59251
com,1845,59375
com,1846,59500
com,1847,59624
com,1848,59749
com,1849,59919
com,1850,60133
com,1851,60467
com,1852,60848
com,1853,61275
com,1854,61705
com,1855,62138
com,1856,62574
com,1857,63013
com,1858,63454
com,1859,63899
com,1860,64347
com,1861,64798
com,1862,65252
com,1863,65709
com,1864,66169
com,1865,66633
com,1866,67099
com,1867,67569
com,1868,68041
com,1869,68517
com,1870,68997
com,1871,69479
com,1872,69965
com,1873,70454
com,1874,70946
com,1875,71442
com,1876,71941
com,1877,72443
com,1878,72949
com,1879,73458
com,1880,73971
com,1881,74487
com,1882,75007
com,1883,75530
com,1884,76057
com,1885,76587
com,1886,77121
com,1887,77659
com,1888,78200
com,1889,78744
com,1890,79293
com,1891,79845
com,1892,80401
com,1893,80961
com,1894,81524
com,1895,82091
com,1896,82662
com,1897,83237
com,1898,83816
com,1899,84649
com,1900,85742
com,1901,87104
com,1902,88743
com,1903,90667
com,1904,92632
com,1905,94639
com,1906,96690
com,1907,98785
com,1908,100925
com,1909,103112
com,1910,105346
com,1911,107628
com,1912,109959
com,1913,112341
com,1914,114774
com,1915,117260
com,1916,119799
com,1917,122394
com,1918,124900
com,1919,127108
com,1920,129010
com,1921,130595
com,1922,131856
com,1923,132782
com,1924,133715
com,1925,134655
com,1926,135602
com,1927,136555
com,1928,137514
com,1929,138481
com,1930,139454
com,1931,140434
com,1932,141421
com,1933,142415
com,1934,143416
com,1935,144424
com,1936,145439
com,1937,146461
com,1938,147490
com,1939,148527
com,1940,149571
com,1941,150622
com,1942,151681
com,1943,152747
com,1944,153820
com,1945,154901
com,1946,155990
com,1947,157086
com,1948,158190
com,1949,159762
com,1950,161951
com,1951,165543
com,1952,168983
com,1953,172609
com,1954,176152
com,1955,179597
com,1956,182966
com,1957,186578
com,1958,190577
com,1959,194298
com,1960,197710
com,1961,201210
com,1962,204712
com,1963,208199
com,1964,211651
com,1965,214981
com,1966,218670
com,1967,223869
com,1968,230258
com,1969,237008
com,1970,244196
com,1971,251878
com,1972,260085
com,1973,268827
com,1974,278084
com,1975,287702
com,1976,297547
com,1977,307588
com,1978,317695
com,1979,327805
com,1980,337728
com,1981,347393
com,1982,357150
com,1983,367241
com,1984,377644
com,1985,388357
com,1986,399328
com,1987,410445
com,1988,421697
com,1989,433110
com,1990,444601
com,1991,455563
com,1992,465118
com,1993,473681
com,1994,482148
com,1995,490594
com,1996,499113
com,1997,507779
com,1998,516606
com,1999,525894
com,2000,536084
com,2001,547221
com,2002,558927
com,2003,569808
com,2004,580711
com,2005,592679
com,2006,604752
com,2007,616935
com,2008,629314
com,2009,641949
com,2010,654846
com,2011,668064
com,2012,681637
com,2013,696203
com,2014,711512
com,2015,726685
com,2016,741745
com,2017,756672
com,2018,771597
com,2019,786582
com,2020,802172
com,2021,818178
com,2022,834191
com,2023,850390
cpv,1800,55716
cpv,1801,55716
cpv,1802,55716
cpv,1803,55716
cpv,1804,55716
cpv,1805,55716
cpv,1806,55716
cpv,1807,55716
cpv,1808,55716
cpv,1809,55716
cpv,1810,55716
cpv,1811,55716
cpv,1812,55716
cpv,1813,55716
cpv,1814,55716
cpv,1815,55716
cpv,1816,55716
cpv,1817,55716
cpv,1818,55716
cpv,1819,55834
cpv,1820,56072
cpv,1821,56430
cpv,1822,56910
cpv,1823,57514
cpv,1824,58124
cpv,1825,58741
cpv,1826,59364
cpv,1827,59993
cpv,1828,60630
cpv,1829,61273
cpv,1830,61923
cpv,1831,62579
cpv,1832,63243
cpv,1833,63914
cpv,1834,64592
cpv,1835,65277
cpv,1836,65969
cpv,1837,66669
cpv,1838,67376
cpv,1839,68091
cpv,1840,68813
cpv,1841,69543
cpv,1842,70280
cpv,1843,71026
cpv,1844,71779
cpv,1845,72540
cpv,1846,73310
cpv,1847,74087
cpv,1848,74873
cpv,1849,75667
cpv,1850,76470
cpv,1851,77540
cpv,1852,78625
cpv,1853,79724
cpv,1854,80838
cpv,1855,81966
cpv,1856,83109
cpv,1857,84267
cpv,1858,85440
cpv,1859,86629
cpv,1860,87833
cpv,1861,89053
cpv,1862,90289
cpv,1863,91541
cpv,1864,92810
cpv,1865,94095
cpv,1866,95398
cpv,1867,96717
cpv,1868,98053
cpv,1869,99407
cpv,1870,100779
cpv,1871,102168
cpv,1872,103576
cpv,1873,105002
cpv,1874,106446
cpv,1875,107910
cpv,1876,109392
cpv,1877,110894
cpv,1878,112415
cpv,1879,113956
cpv,1880,115517
cpv,1881,117099
cpv,1882,118701
cpv,1883,120324
cpv,1884,121968
cpv,1885,123633
cpv,1886,125320
cpv,1887,127029
cpv,1888,128759
cpv,1889,130513
cpv,1890,132289
cpv,1891,134088
cpv,1892,135910
cpv,1893,137756
cpv,1894,139625
cpv,1895,141519
cpv,1896,143438
cpv,1897,145381
cpv,1898,147349
cpv,1899,149343
cpv,1900,151362
cpv,1901,153407
cpv,1902,155479
cpv,1903,157577
cpv,1904,159703
cpv,1905,161856
cpv,1906,164036
cpv,1907,166245
cpv,1908,168481
cpv,1909,169950
cpv,1910,170646
cpv,1911,170564
cpv,1912,169700
cpv,1913,168047
cpv,1914,166409
cpv,1915,164786
cpv,1916,163178
cpv,1917,161584
cpv,1918,159566
cpv,1919,158400
cpv,1920,158084
cpv,1921,158622
cpv,1922,160013
cpv,1923,162259
cpv,1924,164538
cpv,1925,166848
cpv,1926,169190
cpv,1927,171565
cpv,1928,173974
cpv,1929,176712
cpv,1930,179789
cpv,1931,183218
cpv,1932,187010
cpv,1933,191177
cpv,1934,195438
cpv,1935,199793
cpv,1936,204245
cpv,1937,208797
cpv,1938,213450
cpv,1939,216253
cpv,1940,217206
cpv,1941,216311
cpv,1942,213565
cpv,1943,208967
cpv,1944,204468
cpv,1945,200066
cpv,1946,195759
cpv,1947,191544
cpv,1948,187421
cpv,1949,185234
cpv,1950,184986
cpv,1951,187208
cpv,1952,189445
cpv,1953,191560
cpv,1954,193557
cpv,1955,195622
cpv,1956,197856
cpv,1957,200300
cpv,1958,203100
cpv,1959,206367
cpv,1960,210034
cpv,1961,215095
cpv,1962,221930
cpv,1963,229386
cpv,1964,237017
cpv,1965,244868
cpv,1966,252989
cpv,1967,261409
cpv,1968,270172
cpv,1969,279254
cpv,1970,287895
cpv,1971,294052
cpv,1972,297388
cpv,1973,299890
cpv,1974,302578
cpv,1975,305853
cpv,1976,309462
cpv,1977,312843
cpv,1978,316163
cpv,1979,319485
cpv,1980,323310
cpv,1981,327859
cpv,1982,332729
cpv,1983,337661
cpv,1984,342511
cpv,1985,347370
cpv,1986,352321
cpv,1987,357308
cpv,1988,362339
cpv,1989,367820
cpv,1990,375437
cpv,1991,384603
cpv,1992,393426
cpv,1993,401977
cpv,1994,410230
cpv,1995,418116
cpv,1996,425592
cpv,1997,432803
cpv,1998,439789
cpv,1999,446528
cpv,2000,453335
cpv,2001,460300
cpv,2002,467056
cpv,2003,473384
cpv,2004,479377
cpv,2005,485128
cpv,2006,490728
cpv,2007,496196
cpv,2008,501362
cpv,2009,506148
cpv,2010,509793
cpv,2011,511453
cpv,2012,511966
cpv,2013,512231
cpv,2014,512334
cpv,2015,512405
cpv,2016,512556
cpv,2017,512899
cpv,2018,513418
cpv,2019,514116
cpv,2020,514683
cpv,2021,516655
cpv,2022,519750
cpv,2023,522335
cri,1800,53000
cri,1801,53460
cri,1802,53924
cri,1803,54392
cri,1804,54864
cri,1805,55340
cri,1806,55821
cri,1807,56305
cri,1808,56794
cri,1809,57287
cri,1810,57788
cri,1811,58290
cri,1812,58796
cri,1813,59306
cri,1814,59821
cri,1815,60340
cri,1816,60864
cri,1817,61392
cri,1818,61925
cri,1819,62625
cri,1820,63498
cri,1821,64547
cri,1822,65779
cri,1823,67199
cri,1824,68650
cri,1825,70132
cri,1826,71646
cri,1827,73192
cri,1828,74772
cri,1829,76344
cri,1830,77905
cri,1831,79455
cri,1832,80994
cri,1833,82519
cri,1834,84073
cri,1835,85657
cri,1836,87270
cri,1837,88914
cri,1838,90588
cri,1839,92076
cri,1840,93371
cri,1841,94469
cri,1842,95365
cri,1843,96052
cri,1844,96745
cri,1845,97442
cri,1846,98145
cri,1847,98852
cri,1848,99565
cri,1849,100488
cri,1850,101627
cri,1851,103127
cri,1852,104857
cri,1853,106824
cri,1854,108828
cri,1855,110870
cri,1856,112949
cri,1857,115067
cri,1858,117225
cri,1859,119325
cri,1860,121363
cri,1861,123339
cri,1862,125248
cri,1863,127087
cri,1864,128954
cri,1865,130847
cri,1866,132768
cri,1867,134718
cri,1868,136695
cri,1869,139136
cri,1870,142062
cri,1871,145492
cri,1872,149450
cri,1873,153958
cri,1874,158602
cri,1875,163385
cri,1876,168312
cri,1877,173388
cri,1878,178616
cri,1879,184022
cri,1880,189610
cri,1881,195387
cri,1882,201360
cri,1883,207534
cri,1884,213898
cri,1885,220456
cri,1886,227215
cri,1887,234180
cri,1888,241359
cri,1889,248294
cri,1890,254968
cri,1891,261360
cri,1892,267452
cri,1893,273223
cri,1894,279118
cri,1895,285140
cri,1896,291291
cri,1897,297574
cri,1898,303993
cri,1899,310549
cri,1900,317246
cri,1901,324088
cri,1902,331076
cri,1903,338214
cri,1904,345506
cri,1905,352954
cri,1906,360563
cri,1907,368334
cri,1908,376273
cri,1909,383945
cri,1910,391337
cri,1911,398435
cri,1912,405225
cri,1913,411692
cri,1914,418262
cri,1915,424936
cri,1916,431716
cri,1917,438604
cri,1918,445048
cri,1919,451852
cri,1920,459026
cri,1921,466580
cri,1922,474525
cri,1923,482871
cri,1924,491364
cri,1925,500006
cri,1926,508800
cri,1927,517749
cri,1928,526856
cri,1929,536575
cri,1930,546929
cri,1931,557938
cri,1932,569625
cri,1933,582011
cri,1934,594666
cri,1935,607597
cri,1936,620809
cri,1937,634307
cri,1938,648100
cri,1939,663863
cri,1940,681697
cri,1941,701706
cri,1942,723998
cri,1943,748685
cri,1944,774214
cri,1945,800613
cri,1946,827913
cri,1947,856143
cri,1948,885336
cri,1949,916093
cri,1950,926761
cri,1951,958418
cri,1952,991800
cri,1953,1027010
cri,1954,1064117
cri,1955,1103056
cri,1956,1143854
cri,1957,1186638
cri,1958,1231561
cri,1959,1278593
cri,1960,1327501
cri,1961,1377918
cri,1962,1429445
cri,1963,1481605
cri,1964,1533966
cri,1965,1586214
cri,1966,1638119
cri,1967,1689534
cri,1968,1739734
cri,1969,1789281
cri,1970,1838946
cri,1971,1888548
cri,1972,1938261
cri,1973,1988348
cri,1974,2039649
cri,1975,2092716
cri,1976,2147772
cri,1977,2205035
cri,1978,2264516
cri,1979,2326490
cri,1980,2390641
cri,1981,2456643
cri,1982,2524811
cri,1983,2595155
cri,1984,2667597
cri,1985,2741903
cri,1986,2817219
cri,1987,2892698
cri,1988,2968102
cri,1989,3043826
cri,1990,3121707
cri,1991,3202182
cri,1992,3284261
cri,1993,3367436
cri,1994,3451122
cri,1995,3535179
cri,1996,3619012
cri,1997,3701713
cri,1998,3782840
cri,1999,3862103
cri,2000,3937737
cri,2001,4008951
cri,2002,4075710
cri,2003,4138791
cri,2004,4200079
cri,2005,4261240
cri,2006,4321337
cri,2007,4380250
cri,2008,4440058
cri,2009,4499788
cri,2010,4555965
cri,2011,4609834
cri,2012,4663930
cri,2013,4716153
cri,2014,4767126
cri,2015,4818045
cri,2016,4867003
cri,2017,4913177
cri,2018,4957813
cri,2019,4999549
cri,2020,5034323
cri,2021,5059991
cri,2022,5081764
cri,2023,5105526
cub,1800,272000
cub,1801,292989
cub,1802,315598
cub,1803,339952
cub,1804,366184
cub,1805,394441
cub,1806,424879
cub,1807,457665
cub,1808,492981
cub,1809,531023
cub,1810,549935
cub,1811,567680
cub,1812,578471
cub,1813,581725
cub,1814,584997
cub,1815,588287
cub,1816,591596
cub,1817,594924
cub,1818,598270
cub,1819,607292
cub,1820,622317
cub,1821,643693
cub,1822,671781
cub,1823,706965
cub,1824,743993
cub,1825,782959
cub,1826,823967
cub,1827,867122
cub,1828,912537
cub,1829,949773
cub,1830,978399
cub,1831,997967
cub,1832,1008000
cub,1833,1008000
cub,1834,1008000
cub,1835,1008000
cub,1836,1008000
cub,1837,1008000
cub,1838,1008000
cub,1839,1011305
cub,1840,1017970
cub,1841,1028049
cub,1842,1041598
cub,1843,1058675
cub,1844,1076032
cub,1845,1093673
cub,1846,1111603
cub,1847,1129828
cub,1848,1148351
cub,1849,1167205
cub,1850,1186396
cub,1851,1206408
cub,1852,1226785
cub,1853,1247533
cub,1854,1268632
cub,1855,1290088
cub,1856,1311906
cub,1857,1334093
cub,1858,1356654
cub,1859,1373615
cub,1860,1384903
cub,1861,1390448
cub,1862,1390175
cub,1863,1384010
cub,1864,1377873
cub,1865,1371763
cub,1866,1365679
cub,1867,1359623
cub,1868,1353593
cub,1869,1352505
cub,1870,1356408
cub,1871,1365350
cub,1872,1379382
cub,1873,1398554
cub,1874,1417993
cub,1875,1437701
cub,1876,1457683
cub,1877,1477943
cub,1878,1498484
cub,1879,1517309
cub,1880,1534380
cub,1881,1549656
cub,1882,1563097
cub,1883,1574660
cub,1884,1586309
cub,1885,1598043
cub,1886,1609865
cub,1887,1621773
cub,1888,1633769
cub,1889,1644057
cub,1890,1652620
cub,1891,1659440
cub,1892,1664502
cub,1893,1667786
cub,1894,1671077
cub,1895,1674375
cub,1896,1677678
cub,1897,1680988
cub,1898,1684304
cub,1899,1697089
cub,1900,1719649
cub,1901,1752299
cub,1902,1795364
cub,1903,1849179
cub,1904,1904606
cub,1905,1961695
cub,1906,2020494
cub,1907,2081056
cub,1908,2143432
cub,1909,2208104
cub,1910,2275154
cub,1911,2344667
cub,1912,2416730
cub,1913,2491434
cub,1914,2568448
cub,1915,2647842
cub,1916,2729689
cub,1917,2814066
cub,1918,2899928
cub,1919,2985028
cub,1920,3069258
cub,1921,3152504
cub,1922,3234648
cub,1923,3315565
cub,1924,3398506
cub,1925,3483522
cub,1926,3570664
cub,1927,3659987
cub,1928,3751544
cub,1929,3839507
cub,1930,3923683
cub,1931,4003873
cub,1932,4079868
cub,1933,4151457
cub,1934,4224302
cub,1935,4298425
cub,1936,4373849
cub,1937,4450596
cub,1938,4528690
cub,1939,4614150
cub,1940,4707248
cub,1941,4808265
cub,1942,4917491
cub,1943,5035224
cub,1944,5155776
cub,1945,5279214
cub,1946,5405607
cub,1947,5535026
cub,1948,5667544
cub,1949,5798132
cub,1950,5924519
cub,1951,6042205
cub,1952,6162183
cub,1953,6285749
cub,1954,6412849
cub,1955,6543104
cub,1956,6676062
cub,1957,6811726
cub,1958,6950291
cub,1959,7092337
cub,1960,7238083
cub,1961,7387120
cub,1962,7541103
cub,1963,7701665
cub,1964,7866016
cub,1965,8030806
cub,1966,8193453
cub,1967,8352627
cub,1968,8509522
cub,1969,8666638
cub,1970,8824389
cub,1971,8979089
cub,1972,9123895
cub,1973,9255332
cub,1974,9374184
cub,1975,9479729
cub,1976,9571240
cub,1977,9648443
cub,1978,9711985
cub,1979,9763358
cub,1980,9804798
cub,1981,9849325
cub,1982,9912681
cub,1983,9991027
cub,1984,10073306
cub,1985,10157229
cub,1986,10244250
cub,1987,10335337
cub,1988,10432590
cub,1989,10533249
cub,1990,10631796
cub,1991,10717640
cub,1992,10785807
cub,1993,10841040
cub,1994,10886022
cub,1995,10925362
cub,1996,10962009
cub,1997,10997933
cub,1998,11034716
cub,1999,11072230
cub,2000,11109112
cub,2001,11144134
cub,2002,11177422
cub,2003,11209379
cub,2004,11238756
cub,2005,11262553
cub,2006,11278550
cub,2007,11287274
cub,2008,11291764
cub,2009,11294719
cub,2010,11297414
cub,2011,11301578
cub,2012,11303172
cub,2013,11298163
cub,2014,11285780
cub,2015,11275069
cub,2016,11265615
cub,2017,11247824
cub,2018,11227116
cub,2019,11202847
cub,2020,11176349
cub,2021,11122169
cub,2022,11059822
cub,2023,11019932
cuw,1950,101781
cuw,1951,104422
cuw,1952,107182
cuw,1953,110061
cuw,1954,113030
cuw,1955,116117
cuw,1956,119319
cuw,1957,122607
cuw,1958,125993
cuw,1959,129454
cuw,1960,132198
cuw,1961,134313
cuw,1962,136469
cuw,1963,138536
cuw,1964,140541
cuw,1965,142471
cuw,1966,144331
cuw,1967,146110
cuw,1968,147813
cuw,1969,149407
cuw,1970,150885
cuw,1971,152199
cuw,1972,153294
cuw,1973,154096
cuw,1974,154689
cuw,1975,155208
cuw,1976,155635
cuw,1977,155980
cuw,1978,156265
cuw,1979,156492
cuw,1980,156665
cuw,1981,156805
cuw,1982,156850
cuw,1983,156837
cuw,1984,156797
cuw,1985,156713
cuw,1986,156598
cuw,1987,156456
cuw,1988,156259
cuw,1989,156031
cuw,1990,155750
cuw,1991,155455
cuw,1992,155101
cuw,1993,154504
cuw,1994,153677
cuw,1995,152705
cuw,1996,151582
cuw,1997,150316
cuw,1998,148874
cuw,1999,147276
cuw,2000,145540
cuw,2001,144758
cuw,2002,145911
cuw,2003,147923
cuw,2004,149805
cuw,2005,151324
cuw,2006,152516
cuw,2007,153672
cuw,2008,154784
cuw,2009,155832
cuw,2010,156881
cuw,2011,158572
cuw,2012,160904
cuw,2013,163122
cuw,2014,165041
cuw,2015,166621
cuw,2016,167787
cuw,2017,168525
cuw,2018,181590
cuw,2019,189555
cuw,2020,185029
cuw,2021,185324
cuw,2022,185350
cuw,2023,185437
cym,1800,2439
cym,1820,2439
cym,1891,4300
cym,1911,5600
cym,1921,5300
cym,1943,6700
cym,1950,7022
cym,1951,7156
cym,1952,7281
cym,1953,7426
cym,1954,7574
cym,1955,7718
cym,1956,7865
cym,1957,8011
cym,1958,8155
cym,1959,8292
cym,1960,8449
cym,1961,8620
cym,1962,8802
cym,1963,8992
cym,1964,9190
cym,1965,9379
cym,1966,9585
cym,1967,9792
cym,1968,9993
cym,1969,10186
cym,1970,10541
cym,1971,11119
cym,1972,11786
cym,1973,12460
cym,1974,13135
cym,1975,13811
cym,1976,14477
cym,1977,15130
cym,1978,15746
cym,1979,16376
cym,1980,17102
cym,1981,17924
cym,1982,18776
cym,1983,19620
cym,1984,20480
cym,1985,21349
cym,1986,22221
cym,1987,23095
cym,1988,23969
cym,1989,24901
cym,1990,26023
cym,1991,27316
cym,1992,28642
cym,1993,29999
cym,1994,31379
cym,1995,32764
cym,1996,34168
cym,1997,35568
cym,1998,36949
cym,1999,38305
cym,2000,39699
cym,2001,41109
cym,2002,42534
cym,2003,43952
cym,2004,45372
cym,2005,46809
cym,2006,48252
cym,2007,49709
cym,2008,51175
cym,2009,52639
cym,2010,54120
cym,2011,55630
cym,2012,57155
cym,2013,58678
cym,2014,60179
cym,2015,61665
cym,2016,63121
cym,2017,64561
cym,2018,65962
cym,2019,67346
cym,2020,68703
cym,2021,70126
cym,2022,71610
cym,2023,73055
cyp,1800,184392
cyp,1801,184412
cyp,1802,184432
cyp,1803,184452
cyp,1804,184472
cyp,1805,184492
cyp,1806,184512
cyp,1807,184532
cyp,1808,184552
cyp,1809,184572
cyp,1810,184592
cyp,1811,184612
cyp,1812,184632
cyp,1813,184652
cyp,1814,184672
cyp,1815,184692
cyp,1816,184712
cyp,1817,184733
cyp,1818,184753
cyp,1819,184773
cyp,1820,184793
cyp,1821,184813
cyp,1822,184833
cyp,1823,184853
cyp,1824,184873
cyp,1825,184893
cyp,1826,184913
cyp,1827,184933
cyp,1828,184953
cyp,1829,184973
cyp,1830,184993
cyp,1831,185013
cyp,1832,185034
cyp,1833,185054
cyp,1834,185074
cyp,1835,185094
cyp,1836,185114
cyp,1837,185134
cyp,1838,185154
cyp,1839,185174
cyp,1840,185194
cyp,1841,185214
cyp,1842,185234
cyp,1843,185255
cyp,1844,185275
cyp,1845,185295
cyp,1846,185315
cyp,1847,185335
cyp,1848,185355
cyp,1849,185375
cyp,1850,185395
cyp,1851,185406
cyp,1852,185416
cyp,1853,185426
cyp,1854,185437
cyp,1855,185447
cyp,1856,185457
cyp,1857,185468
cyp,1858,185478
cyp,1859,185488
cyp,1860,185499
cyp,1861,185509
cyp,1862,185519
cyp,1863,185530
cyp,1864,185540
cyp,1865,185550
cyp,1866,185561
cyp,1867,185571
cyp,1868,185582
cyp,1869,185592
cyp,1870,185602
cyp,1871,185613
cyp,1872,185623
cyp,1873,185633
cyp,1874,185644
cyp,1875,185654
cyp,1876,185664
cyp,1877,185675
cyp,1878,185685
cyp,1879,186127
cyp,1880,187005
cyp,1881,188325
cyp,1882,190092
cyp,1883,192311
cyp,1884,194556
cyp,1885,196828
cyp,1886,199125
cyp,1887,201450
cyp,1888,203801
cyp,1889,206219
cyp,1890,208704
cyp,1891,211257
cyp,1892,213881
cyp,1893,216575
cyp,1894,219304
cyp,1895,222067
cyp,1896,224864
cyp,1897,227697
cyp,1898,230566
cyp,1899,233564
cyp,1900,236693
cyp,1901,239957
cyp,1902,243359
cyp,1903,246902
cyp,1904,250496
cyp,1905,254143
cyp,1906,257843
cyp,1907,261597
cyp,1908,265406
cyp,1909,269168
cyp,1910,272882
cyp,1911,276545
cyp,1912,280156
cyp,1913,283712
cyp,1914,287313
cyp,1915,290960
cyp,1916,294653
cyp,1917,298393
cyp,1918,302197
cyp,1919,305960
cyp,1920,309680
cyp,1921,313356
cyp,1922,316987
cyp,1923,320570
cyp,1924,324194
cyp,1925,327859
cyp,1926,331565
cyp,1927,335313
cyp,1928,339104
cyp,1929,343959
cyp,1930,349917
cyp,1931,357019
cyp,1932,365304
cyp,1933,374816
cyp,1934,384575
cyp,1935,394589
cyp,1936,404863
cyp,1937,415405
cyp,1938,426221
cyp,1939,435824
cyp,1940,444169
cyp,1941,451208
cyp,1942,456894
cyp,1943,461176
cyp,1944,465498
cyp,1945,469861
cyp,1946,474265
cyp,1947,478710
cyp,1948,483197
cyp,1949,488274
cyp,1950,493883
cyp,1951,501062
cyp,1952,508693
cyp,1953,516733
cyp,1954,525118
cyp,1955,533874
cyp,1956,543081
cyp,1957,552831
cyp,1958,563291
cyp,1959,574569
cyp,1960,586493
cyp,1961,595522
cyp,1962,601471
cyp,1963,607254
cyp,1964,612531
cyp,1965,617743
cyp,1966,623394
cyp,1967,629255
cyp,1968,635164
cyp,1969,641196
cyp,1970,647443
cyp,1971,654058
cyp,1972,661067
cyp,1973,665946
cyp,1974,663265
cyp,1975,659408
cyp,1976,662045
cyp,1977,667104
cyp,1978,672259
cyp,1979,677552
cyp,1980,683082
cyp,1981,688895
cyp,1982,696503
cyp,1983,707224
cyp,1984,719345
cyp,1985,731290
cyp,1986,743116
cyp,1987,754796
cyp,1988,766238
cyp,1989,777429
cyp,1990,788355
cyp,1991,798950
cyp,1992,810344
cyp,1993,826042
cyp,1994,844669
cyp,1995,862698
cyp,1996,880295
cyp,1997,897574
cyp,1998,914552
cyp,1999,931235
cyp,2000,947667
cyp,2001,964129
cyp,2002,981443
cyp,2003,999600
cyp,2004,1017875
cyp,2005,1036156
cyp,2006,1054424
cyp,2007,1072727
cyp,2008,1091029
cyp,2009,1109377
cyp,2010,1127826
cyp,2011,1146493
cyp,2012,1165403
cyp,2013,1183899
cyp,2014,1201806
cyp,2015,1219504
cyp,2016,1237114
cyp,2017,1254274
cyp,2018,1270743
cyp,2019,1286669
cyp,2020,1302250
cyp,2021,1317311
cyp,2022,1331376
cyp,2023,1344981
cze,1800,5516349
cze,1801,5516349
cze,1802,5516349
cze,1803,5516349
cze,1804,5516349
cze,1805,5516349
cze,1806,5516349
cze,1807,5516349
cze,1808,5516349
cze,1809,5516349
cze,1810,5516349
cze,1811,5516349
cze,1812,5516349
cze,1813,5516349
cze,1814,5516349
cze,1815,5516349
cze,1816,5516349
cze,1817,5516349
cze,1818,5516349
cze,1819,5520440
cze,1820,5528637
cze,1821,5540956
cze,1822,5557411
cze,1823,5578018
cze,1824,5598701
cze,1825,5623145
cze,1826,5695961
cze,1827,5769720
cze,1828,5844434
cze,1829,5920116
cze,1830,5996778
cze,1831,6033858
cze,1832,6071168
cze,1833,6108708
cze,1834,6146481
cze,1835,6184487
cze,1836,6222728
cze,1837,6261205
cze,1838,6299921
cze,1839,6338875
cze,1840,6378071
cze,1841,6421552
cze,1842,6465329
cze,1843,6509405
cze,1844,6553781
cze,1845,6598460
cze,1846,6643444
cze,1847,6688734
cze,1848,6734333
cze,1849,6780242
cze,1850,6826465
cze,1851,6870309
cze,1852,6914435
cze,1853,6958845
cze,1854,7003540
cze,1855,7048521
cze,1856,7093792
cze,1857,7139353
cze,1858,7185208
cze,1859,7231356
cze,1860,7277801
cze,1861,7318846
cze,1862,7360123
cze,1863,7401633
cze,1864,7443377
cze,1865,7485356
cze,1866,7527572
cze,1867,7570026
cze,1868,7612719
cze,1869,7655654
cze,1870,7698830
cze,1871,7747227
cze,1872,7795928
cze,1873,7844935
cze,1874,7894250
cze,1875,7943875
cze,1876,7993812
cze,1877,8044063
cze,1878,8094630
cze,1879,8145514
cze,1880,8196719
cze,1881,8246023
cze,1882,8295623
cze,1883,8345522
cze,1884,8395720
cze,1885,8446221
cze,1886,8497026
cze,1887,8548136
cze,1888,8599553
cze,1889,8651280
cze,1890,8703318
cze,1891,8764419
cze,1892,8825950
cze,1893,8887912
cze,1894,8950309
cze,1895,9013144
cze,1896,9076421
cze,1897,9140141
cze,1898,9204309
cze,1899,9268928
cze,1900,9334000
cze,1901,9405000
cze,1902,9475000
cze,1903,9545000
cze,1904,9615000
cze,1905,9685000
cze,1906,9754000
cze,1907,9825000
cze,1908,9895000
cze,1909,9965000
cze,1910,10036000
cze,1911,10099000
cze,1912,10157000
cze,1913,10221000
cze,1914,10283000
cze,1915,10286000
cze,1916,10222000
cze,1917,10128000
cze,1918,10004000
cze,1919,9922000
cze,1920,9978000
cze,1921,10002000
cze,1922,10113000
cze,1923,10198000
cze,1924,10278000
cze,1925,10370000
cze,1926,10443000
cze,1927,10496000
cze,1928,10549000
cze,1929,10598000
cze,1930,10648000
cze,1931,10702000
cze,1932,10750000
cze,1933,10791000
cze,1934,10826000
cze,1935,10853000
cze,1936,10873000
cze,1937,10889000
cze,1938,10877000
cze,1939,11106000
cze,1940,11160000
cze,1941,11129000
cze,1942,11054000
cze,1943,11035000
cze,1944,11109000
cze,1945,10693000
cze,1946,9523000
cze,1947,8765000
cze,1948,8828360
cze,1949,8868627
cze,1950,8916715
cze,1951,8997247
cze,1952,9077207
cze,1953,9152603
cze,1954,9221188
cze,1955,9289429
cze,1956,9358023
cze,1957,9418969
cze,1958,9469710
cze,1959,9508387
cze,1960,9541605
cze,1961,9573386
cze,1962,9597463
cze,1963,9627331
cze,1964,9668745
cze,1965,9706844
cze,1966,9736244
cze,1967,9758984
cze,1968,9775112
cze,1969,9787790
cze,1970,9801253
cze,1971,9822783
cze,1972,9858071
cze,1973,9906214
cze,1974,9965950
cze,1975,10030787
cze,1976,10092941
cze,1977,10149369
cze,1978,10200753
cze,1979,10246154
cze,1980,10275404
cze,1981,10289518
cze,1982,10299006
cze,1983,10302947
cze,1984,10303816
cze,1985,10305141
cze,1986,10304374
cze,1987,10303422
cze,1988,10305448
cze,1989,10305609
cze,1990,10301989
cze,1991,10304420
cze,1992,10312449
cze,1993,10320404
cze,1994,10322332
cze,1995,10312041
cze,1996,10296140
cze,1997,10280049
cze,1998,10265430
cze,1999,10251385
cze,2000,10236809
cze,2001,10231942
cze,2002,10239474
cze,2003,10248907
cze,2004,10261453
cze,2005,10280155
cze,2006,10304592
cze,2007,10337539
cze,2008,10378298
cze,2009,10420985
cze,2010,10464035
cze,2011,10495508
cze,2012,10507339
cze,2013,10511164
cze,2014,10517223
cze,2015,10524418
cze,2016,10531946
cze,2017,10541343
cze,2018,10548934
cze,2019,10554872
cze,2020,10550129
cze,2021,10530683
cze,2022,10673216
cze,2023,10809722
deu,1800,18000000
deu,1801,18294612
deu,1802,18594046
deu,1803,18898381
deu,1804,19207698
deu,1805,19522077
deu,1806,19841601
deu,1807,20166356
deu,1808,20496425
deu,1809,20831897
deu,1810,21178441
deu,1811,21525076
deu,1812,21877384
deu,1813,22235459
deu,1814,22599394
deu,1815,22969286
deu,1816,23345232
deu,1817,23727332
deu,1818,24115685
deu,1819,24488367
deu,1820,24844857
deu,1821,25184625
deu,1822,25507128
deu,1823,25811809
deu,1824,26120130
deu,1825,26432134
deu,1826,26747865
deu,1827,27067367
deu,1828,27390685
deu,1829,27709637
deu,1830,28024082
deu,1831,28333882
deu,1832,28638891
deu,1833,28938965
deu,1834,29242182
deu,1835,29548576
deu,1836,29858181
deu,1837,30171030
deu,1838,30487157
deu,1839,30791884
deu,1840,31084973
deu,1841,31366182
deu,1842,31635265
deu,1843,31891972
deu,1844,32150762
deu,1845,32411652
deu,1846,32674660
deu,1847,32939801
deu,1848,33207094
deu,1849,33466493
deu,1850,33717866
deu,1851,33977773
deu,1852,34229621
deu,1853,34473260
deu,1854,34718626
deu,1855,34965729
deu,1856,35214583
deu,1857,35465199
deu,1858,35717590
deu,1859,35985319
deu,1860,36268623
deu,1861,36567743
deu,1862,36882921
deu,1863,37214403
deu,1864,37548856
deu,1865,37886306
deu,1866,38226779
deu,1867,38570302
deu,1868,38916904
deu,1869,39281564
deu,1870,39664615
deu,1871,40066395
deu,1872,40487243
deu,1873,40927508
deu,1874,41372550
deu,1875,41822422
deu,1876,42277176
deu,1877,42736865
deu,1878,43201541
deu,1879,43659611
deu,1880,44110884
deu,1881,44555169
deu,1882,44992270
deu,1883,45421989
deu,1884,45855801
deu,1885,46293746
deu,1886,46735862
deu,1887,47182190
deu,1888,47632769
deu,1889,48129782
deu,1890,48674276
deu,1891,49267320
deu,1892,49910000
deu,1893,50603420
deu,1894,51306462
deu,1895,52019260
deu,1896,52741949
deu,1897,53474665
deu,1898,54217548
deu,1899,54984276
deu,1900,55775391
deu,1901,56591445
deu,1902,57433002
deu,1903,58300637
deu,1904,59181365
deu,1905,60075384
deu,1906,60982895
deu,1907,61904101
deu,1908,62839208
deu,1909,63557664
deu,1910,64056716
deu,1911,64333569
deu,1912,64385385
deu,1913,64209282
deu,1914,64033646
deu,1915,63858476
deu,1916,63683770
deu,1917,63509528
deu,1918,63305628
deu,1919,63226761
deu,1920,63273356
deu,1921,63445847
deu,1922,63744670
deu,1923,64170268
deu,1924,64598707
deu,1925,65030007
deu,1926,65464186
deu,1927,65901264
deu,1928,66341260
deu,1929,66789491
deu,1930,67246048
deu,1931,67711026
deu,1932,68184518
deu,1933,68666619
deu,1934,69152129
deu,1935,69641071
deu,1936,70133471
deu,1937,70629352
deu,1938,71128740
deu,1939,71499194
deu,1940,71740083
deu,1941,71850770
deu,1942,71830612
deu,1943,71678963
deu,1944,71527635
deu,1945,71376625
deu,1946,71225935
deu,1947,71075562
deu,1948,70925507
deu,1949,70888212
deu,1950,69847778
deu,1951,69782050
deu,1952,69826948
deu,1953,69935116
deu,1954,70104621
deu,1955,70334149
deu,1956,70613897
deu,1957,71088145
deu,1958,71694674
deu,1959,72241718
deu,1960,72811635
deu,1961,73376114
deu,1962,73997000
deu,1963,74698003
deu,1964,75313480
deu,1965,75966968
deu,1966,76611025
deu,1967,76970794
deu,1968,77321280
deu,1969,77944022
deu,1970,78205103
deu,1971,78345876
deu,1972,78719924
deu,1973,78966975
deu,1974,78996691
deu,1975,78701861
deu,1976,78364503
deu,1977,78185560
deu,1978,78115357
deu,1979,78147898
deu,1980,78315373
deu,1981,78448044
deu,1982,78393670
deu,1983,78224137
deu,1984,77998197
deu,1985,77863423
deu,1986,77923806
deu,1987,78062321
deu,1988,78385992
deu,1989,79007062
deu,1990,79707963
deu,1991,80303190
deu,1992,80934901
deu,1993,81486771
deu,1994,81773613
deu,1995,82019890
deu,1996,82263195
deu,1997,82389631
deu,1998,82011933
deu,1999,81678279
deu,2000,81797255
deu,2001,81933882
deu,2002,82068328
deu,2003,82111619
deu,2004,82092706
deu,2005,82046733
deu,2006,81701971
deu,2007,81298546
deu,2008,81110780
deu,2009,80935276
deu,2010,80830916
deu,2011,80857877
deu,2012,80916391
deu,2013,81041581
deu,2014,81376078
deu,2015,82077546
deu,2016,82760102
deu,2017,83104010
deu,2018,83368507
deu,2019,83559184
deu,2020,83628711
deu,2021,83697080
deu,2022,84086227
deu,2023,84548233
dji,1800,22848
dji,1801,22848
dji,1802,22848
dji,1803,22848
dji,1804,22848
dji,1805,22848
dji,1806,22848
dji,1807,22848
dji,1808,22848
dji,1809,22848
dji,1810,22848
dji,1811,22848
dji,1812,22848
dji,1813,22848
dji,1814,22848
dji,1815,22848
dji,1816,22848
dji,1817,22848
dji,1818,22848
dji,1819,22936
dji,1820,23113
dji,1821,23381
dji,1822,23742
dji,1823,24198
dji,1824,24662
dji,1825,25135
dji,1826,25618
dji,1827,26110
dji,1828,26611
dji,1829,27121
dji,1830,27642
dji,1831,28172
dji,1832,28713
dji,1833,29264
dji,1834,29826
dji,1835,30398
dji,1836,30982
dji,1837,31576
dji,1838,32182
dji,1839,32800
dji,1840,33429
dji,1841,34071
dji,1842,34725
dji,1843,35391
dji,1844,36071
dji,1845,36763
dji,1846,37469
dji,1847,38188
dji,1848,38921
dji,1849,39512
dji,1850,39961
dji,1851,40259
dji,1852,40408
dji,1853,40405
dji,1854,40402
dji,1855,40399
dji,1856,40396
dji,1857,40392
dji,1858,40389
dji,1859,40386
dji,1860,40383
dji,1861,40380
dji,1862,40377
dji,1863,40374
dji,1864,40371
dji,1865,40367
dji,1866,40364
dji,1867,40361
dji,1868,40358
dji,1869,40363
dji,1870,40376
dji,1871,40397
dji,1872,40426
dji,1873,40464
dji,1874,40501
dji,1875,40538
dji,1876,40576
dji,1877,40613
dji,1878,40651
dji,1879,40688
dji,1880,40726
dji,1881,40763
dji,1882,40801
dji,1883,40839
dji,1884,40876
dji,1885,40914
dji,1886,40952
dji,1887,40989
dji,1888,41027
dji,1889,41082
dji,1890,41152
dji,1891,41240
dji,1892,41344
dji,1893,41465
dji,1894,41586
dji,1895,41707
dji,1896,41829
dji,1897,41952
dji,1898,42074
dji,1899,42197
dji,1900,42320
dji,1901,42444
dji,1902,42568
dji,1903,42692
dji,1904,42817
dji,1905,42942
dji,1906,43068
dji,1907,43194
dji,1908,43320
dji,1909,43438
dji,1910,43547
dji,1911,43648
dji,1912,43741
dji,1913,43825
dji,1914,43909
dji,1915,43994
dji,1916,44078
dji,1917,44163
dji,1918,44251
dji,1919,44411
dji,1920,44643
dji,1921,44947
dji,1922,45326
dji,1923,45779
dji,1924,46237
dji,1925,46699
dji,1926,47166
dji,1927,47638
dji,1928,48114
dji,1929,48576
dji,1930,49022
dji,1931,49453
dji,1932,49868
dji,1933,50267
dji,1934,50669
dji,1935,51074
dji,1936,51483
dji,1937,51895
dji,1938,52310
dji,1939,52803
dji,1940,53375
dji,1941,54029
dji,1942,54766
dji,1943,55587
dji,1944,56421
dji,1945,57267
dji,1946,58126
dji,1947,58998
dji,1948,59883
dji,1949,60992
dji,1950,62349
dji,1951,64326
dji,1952,66371
dji,1953,68501
dji,1954,70723
dji,1955,73023
dji,1956,75403
dji,1957,77884
dji,1958,80457
dji,1959,83102
dji,1960,86040
dji,1961,89407
dji,1962,93305
dji,1963,97887
dji,1964,103214
dji,1965,109108
dji,1966,115284
dji,1967,121659
dji,1968,128264
dji,1969,136090
dji,1970,145188
dji,1971,155152
dji,1972,166268
dji,1973,178460
dji,1974,192622
dji,1975,209922
dji,1976,230747
dji,1977,254629
dji,1978,280042
dji,1979,304525
dji,1980,325822
dji,1981,343056
dji,1982,356887
dji,1983,369558
dji,1984,384072
dji,1985,402691
dji,1986,426345
dji,1987,454409
dji,1988,484531
dji,1989,523362
dji,1990,579544
dji,1991,631096
dji,1992,626016
dji,1993,614247
dji,1994,626717
dji,1995,633075
dji,1996,648354
dji,1997,671826
dji,1998,699355
dji,1999,724228
dji,2000,747326
dji,2001,771311
dji,2002,795576
dji,2003,813528
dji,2004,826133
dji,2005,839174
dji,2006,855767
dji,2007,874530
dji,2008,892739
dji,2009,911524
dji,2010,930252
dji,2011,948565
dji,2012,966754
dji,2013,984833
dji,2014,1002720
dji,2015,1020316
dji,2016,1037660
dji,2017,1054844
dji,2018,1071886
dji,2019,1088710
dji,2020,1105193
dji,2021,1121251
dji,2022,1137101
dji,2023,1152951
dma,1800,19950
dma,1801,19950
dma,1802,19950
dma,1803,19950
dma,1804,19950
dma,1805,19950
dma,1806,19950
dma,1807,19950
dma,1808,19950
dma,1809,19950
dma,1810,19950
dma,1811,19950
dma,1812,19950
dma,1813,19950
dma,1814,19950
dma,1815,19950
dma,1816,19950
dma,1817,19950
dma,1818,19950
dma,1819,19970
dma,1820,20009
dma,1821,20068
dma,1822,20147
dma,1823,20245
dma,1824,20345
dma,1825,20444
dma,1826,20545
dma,1827,20645
dma,1828,20747
dma,1829,20848
dma,1830,20950
dma,1831,21053
dma,1832,21156
dma,1833,21260
dma,1834,21364
dma,1835,21469
dma,1836,21574
dma,1837,21680
dma,1838,21786
dma,1839,21900
dma,1840,22021
dma,1841,22149
dma,1842,22284
dma,1843,22427
dma,1844,22571
dma,1845,22715
dma,1846,22861
dma,1847,23008
dma,1848,23155
dma,1849,23304
dma,1850,23453
dma,1851,23593
dma,1852,23734
dma,1853,23876
dma,1854,24018
dma,1855,24162
dma,1856,24306
dma,1857,24451
dma,1858,24597
dma,1859,24750
dma,1860,24911
dma,1861,25080
dma,1862,25256
dma,1863,25440
dma,1864,25625
dma,1865,25811
dma,1866,25999
dma,1867,26189
dma,1868,26379
dma,1869,26549
dma,1870,26699
dma,1871,26828
dma,1872,26935
dma,1873,27021
dma,1874,27108
dma,1875,27194
dma,1876,27281
dma,1877,27369
dma,1878,27456
dma,1879,27504
dma,1880,27511
dma,1881,27479
dma,1882,27407
dma,1883,27296
dma,1884,27185
dma,1885,27074
dma,1886,26963
dma,1887,26854
dma,1888,26744
dma,1889,26693
dma,1890,26699
dma,1891,26763
dma,1892,26886
dma,1893,27066
dma,1894,27248
dma,1895,27431
dma,1896,27616
dma,1897,27801
dma,1898,27988
dma,1899,28227
dma,1900,28518
dma,1901,28862
dma,1902,29262
dma,1903,29718
dma,1904,30181
dma,1905,30651
dma,1906,31128
dma,1907,31613
dma,1908,32106
dma,1909,32556
dma,1910,32963
dma,1911,33325
dma,1912,33642
dma,1913,33912
dma,1914,34185
dma,1915,34460
dma,1916,34737
dma,1917,35016
dma,1918,35313
dma,1919,35661
dma,1920,36060
dma,1921,36512
dma,1922,37017
dma,1923,37578
dma,1924,38146
dma,1925,38724
dma,1926,39310
dma,1927,39906
dma,1928,40510
dma,1929,41089
dma,1930,41643
dma,1931,42170
dma,1932,42670
dma,1933,43142
dma,1934,43619
dma,1935,44102
dma,1936,44590
dma,1937,45083
dma,1938,45581
dma,1939,46047
dma,1940,46479
dma,1941,46876
dma,1942,47238
dma,1943,47565
dma,1944,47893
dma,1945,48225
dma,1946,48558
dma,1947,48894
dma,1948,49231
dma,1949,49662
dma,1950,50219
dma,1951,50464
dma,1952,50862
dma,1953,51401
dma,1954,52103
dma,1955,52974
dma,1956,54006
dma,1957,55216
dma,1958,56606
dma,1959,58123
dma,1960,59386
dma,1961,60230
dma,1962,60969
dma,1963,61759
dma,1964,62602
dma,1965,63522
dma,1966,64522
dma,1967,65598
dma,1968,66751
dma,1969,67956
dma,1970,68927
dma,1971,69548
dma,1972,70072
dma,1973,70603
dma,1974,71106
dma,1975,71589
dma,1976,72036
dma,1977,72424
dma,1978,72741
dma,1979,72978
dma,1980,73102
dma,1981,73004
dma,1982,72704
dma,1983,72385
dma,1984,72075
dma,1985,71768
dma,1986,71426
dma,1987,71044
dma,1988,70628
dma,1989,70171
dma,1990,69644
dma,1991,69321
dma,1992,69344
dma,1993,69453
dma,1994,69493
dma,1995,69490
dma,1996,69422
dma,1997,69315
dma,1998,69144
dma,1999,68883
dma,2000,68527
dma,2001,68299
dma,2002,68385
dma,2003,68552
dma,2004,68664
dma,2005,68750
dma,2006,68823
dma,2007,68862
dma,2008,68866
dma,2009,68879
dma,2010,68872
dma,2011,69073
dma,2012,69138
dma,2013,69733
dma,2014,70387
dma,2015,70429
dma,2016,69627
dma,2017,68514
dma,2018,68195
dma,2019,67901
dma,2020,67588
dma,2021,67222
dma,2022,66847
dma,2023,66531
dnk,1800,1000000
dnk,1801,1007231
dnk,1802,1014514
dnk,1803,1021850
dnk,1804,1029239
dnk,1805,1036682
dnk,1806,1044178
dnk,1807,1051729
dnk,1808,1059334
dnk,1809,1066994
dnk,1810,1074765
dnk,1811,1082537
dnk,1812,1090365
dnk,1813,1098249
dnk,1814,1106191
dnk,1815,1114189
dnk,1816,1122246
dnk,1817,1130361
dnk,1818,1138535
dnk,1819,1147355
dnk,1820,1156833
dnk,1821,1166978
dnk,1822,1177802
dnk,1823,1189315
dnk,1824,1200941
dnk,1825,1212680
dnk,1826,1224534
dnk,1827,1236504
dnk,1828,1248591
dnk,1829,1259939
dnk,1830,1270537
dnk,1831,1280370
dnk,1832,1289426
dnk,1833,1297692
dnk,1834,1306011
dnk,1835,1314383
dnk,1836,1322809
dnk,1837,1331288
dnk,1838,1339823
dnk,1839,1349386
dnk,1840,1359996
dnk,1841,1371667
dnk,1842,1384418
dnk,1843,1398265
dnk,1844,1412250
dnk,1845,1426375
dnk,1846,1440642
dnk,1847,1455051
dnk,1848,1469604
dnk,1849,1485029
dnk,1850,1501343
dnk,1851,1518598
dnk,1852,1536779
dnk,1853,1555906
dnk,1854,1575270
dnk,1855,1594876
dnk,1856,1614726
dnk,1857,1634822
dnk,1858,1655169
dnk,1859,1675212
dnk,1860,1694942
dnk,1861,1714348
dnk,1862,1733420
dnk,1863,1752148
dnk,1864,1771078
dnk,1865,1790213
dnk,1866,1809555
dnk,1867,1829106
dnk,1868,1848868
dnk,1869,1868465
dnk,1870,1887891
dnk,1871,1907142
dnk,1872,1926211
dnk,1873,1945092
dnk,1874,1964159
dnk,1875,1983412
dnk,1876,2002855
dnk,1877,2022487
dnk,1878,2042313
dnk,1879,2062337
dnk,1880,2082563
dnk,1881,2102992
dnk,1882,2123627
dnk,1883,2144469
dnk,1884,2165515
dnk,1885,2186768
dnk,1886,2208230
dnk,1887,2229902
dnk,1888,2251787
dnk,1889,2274474
dnk,1890,2297977
dnk,1891,2322311
dnk,1892,2347490
dnk,1893,2373530
dnk,1894,2399859
dnk,1895,2426480
dnk,1896,2453397
dnk,1897,2480612
dnk,1898,2508128
dnk,1899,2536365
dnk,1900,2565333
dnk,1901,2595047
dnk,1902,2625520
dnk,1903,2656765
dnk,1904,2688382
dnk,1905,2720375
dnk,1906,2752749
dnk,1907,2785508
dnk,1908,2818657
dnk,1909,2852179
dnk,1910,2886076
dnk,1911,2920355
dnk,1912,2955018
dnk,1913,2990070
dnk,1914,3025539
dnk,1915,3061428
dnk,1916,3097742
dnk,1917,3134488
dnk,1918,3171600
dnk,1919,3207237
dnk,1920,3241362
dnk,1921,3273940
dnk,1922,3304937
dnk,1923,3334316
dnk,1924,3363956
dnk,1925,3393860
dnk,1926,3424029
dnk,1927,3454467
dnk,1928,3485175
dnk,1929,3515454
dnk,1930,3545296
dnk,1931,3574690
dnk,1932,3603628
dnk,1933,3632099
dnk,1934,3660794
dnk,1935,3689717
dnk,1936,3718868
dnk,1937,3748249
dnk,1938,3777862
dnk,1939,3810015
dnk,1940,3844754
dnk,1941,3882124
dnk,1942,3922171
dnk,1943,3964943
dnk,1944,4008181
dnk,1945,4051891
dnk,1946,4096077
dnk,1947,4140745
dnk,1948,4185901
dnk,1949,4228235
dnk,1950,4268408
dnk,1951,4300262
dnk,1952,4332237
dnk,1953,4369107
dnk,1954,4406404
dnk,1955,4438843
dnk,1956,4466342
dnk,1957,4489659
dnk,1958,4516072
dnk,1959,4548480
dnk,1960,4579347
dnk,1961,4611358
dnk,1962,4647466
dnk,1963,4684268
dnk,1964,4721889
dnk,1965,4758837
dnk,1966,4797199
dnk,1967,4835223
dnk,1968,4864801
dnk,1969,4891798
dnk,1970,4928674
dnk,1971,4963064
dnk,1972,4991569
dnk,1973,5021765
dnk,1974,5045639
dnk,1975,5060403
dnk,1976,5072803
dnk,1977,5088571
dnk,1978,5104341
dnk,1979,5116862
dnk,1980,5123079
dnk,1981,5121628
dnk,1982,5117897
dnk,1983,5114468
dnk,1984,5111831
dnk,1985,5113878
dnk,1986,5120691
dnk,1987,5127134
dnk,1988,5129650
dnk,1989,5132717
dnk,1990,5141024
dnk,1991,5154346
dnk,1992,5171372
dnk,1993,5188638
dnk,1994,5206188
dnk,1995,5233364
dnk,1996,5263071
dnk,1997,5285041
dnk,1998,5304263
dnk,1999,5321814
dnk,2000,5339659
dnk,2001,5358825
dnk,2002,5375967
dnk,2003,5390621
dnk,2004,5404594
dnk,2005,5419550
dnk,2006,5437425
dnk,2007,5461604
dnk,2008,5493762
dnk,2009,5523169
dnk,2010,5547865
dnk,2011,5570848
dnk,2012,5591911
dnk,2013,5615333
dnk,2014,5643795
dnk,2015,5683698
dnk,2016,5728196
dnk,2017,5765164
dnk,2018,5793824
dnk,2019,5814618
dnk,2020,5831529
dnk,2021,5856774
dnk,2022,5902901
dnk,2023,5948134
dom,1800,150000
dom,1801,146136
dom,1802,142371
dom,1803,138703
dom,1804,135130
dom,1805,131649
dom,1806,128257
dom,1807,124953
dom,1808,121734
dom,1809,118598
dom,1810,115621
dom,1811,112642
dom,1812,109740
dom,1813,106913
dom,1814,104159
dom,1815,101475
dom,1816,98861
dom,1817,96314
dom,1818,93833
dom,1819,92170
dom,1820,91318
dom,1821,91267
dom,1822,92011
dom,1823,93542
dom,1824,95098
dom,1825,96680
dom,1826,98288
dom,1827,99923
dom,1828,101585
dom,1829,103275
dom,1830,104994
dom,1831,106740
dom,1832,108516
dom,1833,110321
dom,1834,112156
dom,1835,114022
dom,1836,115919
dom,1837,117848
dom,1838,119808
dom,1839,121801
dom,1840,123827
dom,1841,125887
dom,1842,127982
dom,1843,130111
dom,1844,132275
dom,1845,134476
dom,1846,136713
dom,1847,138987
dom,1848,141299
dom,1849,143911
dom,1850,146835
dom,1851,150110
dom,1852,153723
dom,1853,157686
dom,1854,161751
dom,1855,165921
dom,1856,170199
dom,1857,174587
dom,1858,179087
dom,1859,183704
dom,1860,188440
dom,1861,193298
dom,1862,198281
dom,1863,203393
dom,1864,208637
dom,1865,214015
dom,1866,219533
dom,1867,225192
dom,1868,230998
dom,1869,236948
dom,1870,243047
dom,1871,249299
dom,1872,255706
dom,1873,262274
dom,1874,269011
dom,1875,275920
dom,1876,283007
dom,1877,290276
dom,1878,297732
dom,1879,305379
dom,1880,313223
dom,1881,321268
dom,1882,329520
dom,1883,337983
dom,1884,346664
dom,1885,355568
dom,1886,364701
dom,1887,374068
dom,1888,383676
dom,1889,393530
dom,1890,403638
dom,1891,414005
dom,1892,424638
dom,1893,435545
dom,1894,446732
dom,1895,458206
dom,1896,469974
dom,1897,482045
dom,1898,494426
dom,1899,507530
dom,1900,521386
dom,1901,536027
dom,1902,551487
dom,1903,567798
dom,1904,584591
dom,1905,601881
dom,1906,619683
dom,1907,638011
dom,1908,656881
dom,1909,675671
dom,1910,694364
dom,1911,712939
dom,1912,731376
dom,1913,749655
dom,1914,768390
dom,1915,787593
dom,1916,807277
dom,1917,827452
dom,1918,847974
dom,1919,871059
dom,1920,896843
dom,1921,925472
dom,1922,957096
dom,1923,991872
dom,1924,1027911
dom,1925,1065260
dom,1926,1103966
dom,1927,1144078
dom,1928,1185648
dom,1929,1226900
dom,1930,1267768
dom,1931,1308185
dom,1932,1348076
dom,1933,1387366
dom,1934,1427801
dom,1935,1469414
dom,1936,1512240
dom,1937,1556315
dom,1938,1601674
dom,1939,1650215
dom,1940,1702095
dom,1941,1757479
dom,1942,1816537
dom,1943,1879448
dom,1944,1944537
dom,1945,2011881
dom,1946,2081558
dom,1947,2153647
dom,1948,2228233
dom,1949,2304259
dom,1950,2379896
dom,1951,2450150
dom,1952,2525056
dom,1953,2604818
dom,1954,2689101
dom,1955,2777636
dom,1956,2870034
dom,1957,2965778
dom,1958,3064350
dom,1959,3165304
dom,1960,3268341
dom,1961,3373237
dom,1962,3479940
dom,1963,3588293
dom,1964,3698563
dom,1965,3808965
dom,1966,3921849
dom,1967,4038932
dom,1968,4157191
dom,1969,4277039
dom,1970,4399294
dom,1971,4524238
dom,1972,4651892
dom,1973,4782235
dom,1974,4914198
dom,1975,5046783
dom,1976,5180404
dom,1977,5315446
dom,1978,5451891
dom,1979,5589694
dom,1980,5729043
dom,1981,5868459
dom,1982,6007115
dom,1983,6147244
dom,1984,6289048
dom,1985,6430404
dom,1986,6571213
dom,1987,6712519
dom,1988,6855737
dom,1989,7002300
dom,1990,7151165
dom,1991,7299849
dom,1992,7447476
dom,1993,7594567
dom,1994,7741694
dom,1995,7888120
dom,1996,8032895
dom,1997,8174081
dom,1998,8310369
dom,1999,8446207
dom,2000,8584196
dom,2001,8720287
dom,2002,8852231
dom,2003,8980626
dom,2004,9104889
dom,2005,9225035
dom,2006,9341187
dom,2007,9455663
dom,2008,9573135
dom,2009,9695270
dom,2010,9820180
dom,2011,9945623
dom,2012,10070409
dom,2013,10193838
dom,2014,10315523
dom,2015,10434826
dom,2016,10551430
dom,2017,10666846
dom,2018,10782048
dom,2019,10894043
dom,2020,11008298
dom,2021,11123480
dom,2022,11230734
dom,2023,11331269
dza,1800,2500000
dza,1801,2509126
dza,1802,2518286
dza,1803,2527479
dza,1804,2536706
dza,1805,2545967
dza,1806,2555261
dza,1807,2564589
dza,1808,2573951
dza,1809,2583348
dza,1810,2592813
dza,1811,2602278
dza,1812,2611778
dza,1813,2621312
dza,1814,2630882
dza,1815,2640486
dza,1816,2650125
dza,1817,2659800
dza,1818,2669510
dza,1819,2678262
dza,1820,2686052
dza,1821,2692874
dza,1822,2698723
dza,1823,2703593
dza,1824,2708472
dza,1825,2713360
dza,1826,2718256
dza,1827,2723162
dza,1828,2728076
dza,1829,2732999
dza,1830,2737931
dza,1831,2742872
dza,1832,2747822
dza,1833,2752781
dza,1834,2757748
dza,1835,2762725
dza,1836,2767711
dza,1837,2772705
dza,1838,2777709
dza,1839,2782722
dza,1840,2787744
dza,1841,2792774
dza,1842,2797814
dza,1843,2802863
dza,1844,2807921
dza,1845,2812989
dza,1846,2818065
dza,1847,2823150
dza,1848,2828245
dza,1849,2838059
dza,1850,2852648
dza,1851,2872405
dza,1852,2897058
dza,1853,2926664
dza,1854,2956573
dza,1855,2986788
dza,1856,3017311
dza,1857,3048147
dza,1858,3079297
dza,1859,3110766
dza,1860,3142556
dza,1861,3174671
dza,1862,3207115
dza,1863,3239889
dza,1864,3272999
dza,1865,3306447
dza,1866,3340237
dza,1867,3374372
dza,1868,3408856
dza,1869,3443692
dza,1870,3478884
dza,1871,3514436
dza,1872,3550350
dza,1873,3586632
dza,1874,3623285
dza,1875,3660312
dza,1876,3697718
dza,1877,3735505
dza,1878,3773679
dza,1879,3812243
dza,1880,3851201
dza,1881,3890557
dza,1882,3930315
dza,1883,3970479
dza,1884,4011054
dza,1885,4052043
dza,1886,4093452
dza,1887,4135283
dza,1888,4177542
dza,1889,4219933
dza,1890,4262454
dza,1891,4305104
dza,1892,4347882
dza,1893,4390784
dza,1894,4434110
dza,1895,4477863
dza,1896,4522048
dza,1897,4566669
dza,1898,4611731
dza,1899,4663386
dza,1900,4721802
dza,1901,4787149
dza,1902,4859600
dza,1903,4939332
dza,1904,5020372
dza,1905,5102742
dza,1906,5186463
dza,1907,5271557
dza,1908,5358048
dza,1909,5433528
dza,1910,5497750
dza,1911,5550464
dza,1912,5591415
dza,1913,5620343
dza,1914,5649420
dza,1915,5678648
dza,1916,5708027
dza,1917,5737558
dza,1918,5766569
dza,1919,5802743
dza,1920,5846192
dza,1921,5897033
dza,1922,5955381
dza,1923,6021355
dza,1924,6088060
dza,1925,6155505
dza,1926,6223696
dza,1927,6292643
dza,1928,6362353
dza,1929,6441431
dza,1930,6530132
dza,1931,6628718
dza,1932,6737455
dza,1933,6856617
dza,1934,6977885
dza,1935,7101299
dza,1936,7226895
dza,1937,7354713
dza,1938,7484792
dza,1939,7613042
dza,1940,7739370
dza,1941,7863680
dza,1942,7985870
dza,1943,8105839
dza,1944,8227611
dza,1945,8351211
dza,1946,8476669
dza,1947,8604011
dza,1948,8733267
dza,1949,8871792
dza,1950,9018423
dza,1951,9269870
dza,1952,9521212
dza,1953,9772644
dza,1954,10014393
dza,1955,10247429
dza,1956,10482183
dza,1957,10717503
dza,1958,10953641
dza,1959,11189621
dza,1960,11424930
dza,1961,11628877
dza,1962,11800768
dza,1963,11982121
dza,1964,12179807
dza,1965,12365979
dza,1966,12590068
dza,1967,12876115
dza,1968,13172615
dza,1969,13475959
dza,1970,13783722
dza,1971,14098937
dza,1972,14427075
dza,1973,14771150
dza,1974,15133508
dza,1975,15678603
dza,1976,16409171
dza,1977,17015988
dza,1978,17506977
dza,1979,18036655
dza,1980,18607175
dza,1981,19220708
dza,1982,19872353
dza,1983,20558120
dza,1984,21271969
dza,1985,22008542
dza,1986,22745501
dza,1987,23443627
dza,1988,24109538
dza,1989,24754488
dza,1990,25375815
dza,1991,25987937
dza,1992,26628570
dza,1993,27277042
dza,1994,27887277
dza,1995,28470194
dza,1996,29033045
dza,1997,29579299
dza,1998,30054135
dza,1999,30474360
dza,2000,30903894
dza,2001,31331226
dza,2002,31750832
dza,2003,32175813
dza,2004,32628286
dza,2005,33109258
dza,2006,33623505
dza,2007,34189420
dza,2008,34816963
dza,2009,35490442
dza,2010,36188237
dza,2011,36903374
dza,2012,37646165
dza,2013,38414176
dza,2014,39205035
dza,2015,40019528
dza,2016,40850719
dza,2017,41689302
dza,2018,42505033
dza,2019,43294551
dza,2020,44042094
dza,2021,44761099
dza,2022,45477391
dza,2023,46164222
ecu,1800,500000
ecu,1801,500000
ecu,1802,500000
ecu,1803,500000
ecu,1804,500000
ecu,1805,500000
ecu,1806,500000
ecu,1807,500000
ecu,1808,500000
ecu,1809,500000
ecu,1810,500000
ecu,1811,500000
ecu,1812,500000
ecu,1813,500000
ecu,1814,500000
ecu,1815,500000
ecu,1816,500000
ecu,1817,500000
ecu,1818,500000
ecu,1819,501646
ecu,1820,504965
ecu,1821,509985
ecu,1822,516734
ecu,1823,525240
ecu,1824,533886
ecu,1825,542674
ecu,1826,551607
ecu,1827,560687
ecu,1828,569916
ecu,1829,579298
ecu,1830,588833
ecu,1831,598526
ecu,1832,608378
ecu,1833,618393
ecu,1834,628572
ecu,1835,638919
ecu,1836,649436
ecu,1837,660127
ecu,1838,670993
ecu,1839,682038
ecu,1840,693265
ecu,1841,704677
ecu,1842,716276
ecu,1843,728067
ecu,1844,740051
ecu,1845,752233
ecu,1846,764616
ecu,1847,777202
ecu,1848,789995
ecu,1849,802087
ecu,1850,813456
ecu,1851,824644
ecu,1852,835079
ecu,1853,844735
ecu,1854,854502
ecu,1855,864382
ecu,1856,874375
ecu,1857,884484
ecu,1858,894709
ecu,1859,905052
ecu,1860,915515
ecu,1861,926097
ecu,1862,936802
ecu,1863,947630
ecu,1864,958582
ecu,1865,969661
ecu,1866,980867
ecu,1867,992202
ecu,1868,1003668
ecu,1869,1015261
ecu,1870,1026980
ecu,1871,1038829
ecu,1872,1050809
ecu,1873,1062920
ecu,1874,1075170
ecu,1875,1087561
ecu,1876,1100095
ecu,1877,1112772
ecu,1878,1125595
ecu,1879,1138565
ecu,1880,1151684
ecu,1881,1164954
ecu,1882,1178376
ecu,1883,1191953
ecu,1884,1205685
ecu,1885,1219574
ecu,1886,1233624
ecu,1887,1247834
ecu,1888,1262208
ecu,1889,1276746
ecu,1890,1291452
ecu,1891,1306326
ecu,1892,1321371
ecu,1893,1336589
ecu,1894,1351981
ecu,1895,1367550
ecu,1896,1383298
ecu,1897,1399226
ecu,1898,1415338
ecu,1899,1432696
ecu,1900,1451333
ecu,1901,1471280
ecu,1902,1492569
ecu,1903,1515235
ecu,1904,1538243
ecu,1905,1561601
ecu,1906,1585312
ecu,1907,1609383
ecu,1908,1633819
ecu,1909,1657178
ecu,1910,1679429
ecu,1911,1700537
ecu,1912,1720468
ecu,1913,1739186
ecu,1914,1758108
ecu,1915,1777234
ecu,1916,1796568
ecu,1917,1816111
ecu,1918,1834665
ecu,1919,1852686
ecu,1920,1870163
ecu,1921,1887084
ecu,1922,1903438
ecu,1923,1919212
ecu,1924,1935118
ecu,1925,1951155
ecu,1926,1967325
ecu,1927,1983629
ecu,1928,2000068
ecu,1929,2023061
ecu,1930,2052817
ecu,1931,2089550
ecu,1932,2133481
ecu,1933,2184834
ecu,1934,2237423
ecu,1935,2291278
ecu,1936,2346429
ecu,1937,2402908
ecu,1938,2460746
ecu,1939,2523924
ecu,1940,2592696
ecu,1941,2667325
ecu,1942,2748086
ecu,1943,2835263
ecu,1944,2925206
ecu,1945,3018002
ecu,1946,3113742
ecu,1947,3212519
ecu,1948,3314430
ecu,1949,3416527
ecu,1950,3516791
ecu,1951,3607837
ecu,1952,3702403
ecu,1953,3800296
ecu,1954,3901514
ecu,1955,4006189
ecu,1956,4114537
ecu,1957,4226856
ecu,1958,4343499
ecu,1959,4464761
ecu,1960,4590893
ecu,1961,4722334
ecu,1962,4859272
ecu,1963,5001721
ecu,1964,5149925
ecu,1965,5303960
ecu,1966,5463749
ecu,1967,5629060
ecu,1968,5799683
ecu,1969,5975234
ecu,1970,6155392
ecu,1971,6340056
ecu,1972,6529040
ecu,1973,6722036
ecu,1974,6918571
ecu,1975,7118258
ecu,1976,7320913
ecu,1977,7526826
ecu,1978,7736176
ecu,1979,7948871
ecu,1980,8165882
ecu,1981,8386913
ecu,1982,8611296
ecu,1983,8840424
ecu,1984,9074783
ecu,1985,9311152
ecu,1986,9545999
ecu,1987,9779290
ecu,1988,10010804
ecu,1989,10241859
ecu,1990,10473674
ecu,1991,10702377
ecu,1992,10930128
ecu,1993,11154283
ecu,1994,11372197
ecu,1995,11590519
ecu,1996,11810954
ecu,1997,12031129
ecu,1998,12251188
ecu,1999,12470800
ecu,2000,12689215
ecu,2001,12910736
ecu,2002,13138473
ecu,2003,13372304
ecu,2004,13608700
ecu,2005,13846162
ecu,2006,14086138
ecu,2007,14328783
ecu,2008,14575201
ecu,2009,14825960
ecu,2010,15076697
ecu,2011,15326232
ecu,2012,15572195
ecu,2013,15807132
ecu,2014,16035127
ecu,2015,16266229
ecu,2016,16505142
ecu,2017,16759515
ecu,2018,17049542
ecu,2019,17340017
ecu,2020,17546058
ecu,2021,17682454
ecu,2022,17823900
ecu,2023,17980079
egy,1800,3500000
egy,1801,3531800
egy,1802,3563888
egy,1803,3596268
egy,1804,3628943
egy,1805,3661914
egy,1806,3695185
egy,1807,3728758
egy,1808,3762636
egy,1809,3796822
egy,1810,3831632
egy,1811,3866445
egy,1812,3901574
egy,1813,3937022
egy,1814,3972792
egy,1815,4008887
egy,1816,4045311
egy,1817,4082065
egy,1818,4119153
egy,1819,4151691
egy,1820,4179621
egy,1821,4202885
egy,1822,4221426
egy,1823,4235184
egy,1824,4248987
egy,1825,4262834
egy,1826,4276727
egy,1827,4290665
egy,1828,4304648
egy,1829,4318677
egy,1830,4332752
egy,1831,4346873
egy,1832,4361039
egy,1833,4375252
egy,1834,4389511
egy,1835,4403817
egy,1836,4418169
egy,1837,4432568
egy,1838,4447014
egy,1839,4480233
egy,1840,4532740
egy,1841,4605060
egy,1842,4697733
egy,1843,4811313
egy,1844,4927638
egy,1845,5046776
egy,1846,5168794
egy,1847,5293763
egy,1848,5421753
egy,1849,5536835
egy,1850,5638537
egy,1851,5723732
egy,1852,5794492
egy,1853,5850322
egy,1854,5906690
egy,1855,5963599
egy,1856,6021055
egy,1857,6079064
egy,1858,6137630
egy,1859,6196759
egy,1860,6256456
egy,1861,6316727
egy,1862,6377577
egy,1863,6439012
egy,1864,6501037
egy,1865,6563659
egy,1866,6626882
egy,1867,6690713
egy,1868,6755157
egy,1869,6820220
egy,1870,6885909
egy,1871,6952229
egy,1872,7019186
egy,1873,7086786
egy,1874,7155036
egy,1875,7223941
egy,1876,7293509
egy,1877,7363745
egy,1878,7434655
egy,1879,7511621
egy,1880,7594768
egy,1881,7684226
egy,1882,7780124
egy,1883,7882597
egy,1884,7986417
egy,1885,8091603
egy,1886,8198173
egy,1887,8306144
egy,1888,8415536
egy,1889,8528095
egy,1890,8643889
egy,1891,8762982
egy,1892,8885443
egy,1893,9011340
egy,1894,9139020
egy,1895,9268507
egy,1896,9399826
egy,1897,9533003
egy,1898,9668066
egy,1899,9803830
egy,1900,9940289
egy,1901,10077437
egy,1902,10215268
egy,1903,10353774
egy,1904,10494157
egy,1905,10636440
egy,1906,10780650
egy,1907,10926812
egy,1908,11074954
egy,1909,11219744
egy,1910,11361079
egy,1911,11498855
egy,1912,11632963
egy,1913,11763295
egy,1914,11895084
egy,1915,12028348
egy,1916,12163101
egy,1917,12299362
egy,1918,12443062
egy,1919,12587076
egy,1920,12731391
egy,1921,12875995
egy,1922,13020877
egy,1923,13166025
egy,1924,13312790
egy,1925,13461191
egy,1926,13611246
egy,1927,13762974
egy,1928,13916394
egy,1929,14078659
egy,1930,14249967
egy,1931,14430516
egy,1932,14620510
egy,1933,14820156
egy,1934,15022528
egy,1935,15227663
egy,1936,15435599
egy,1937,15646375
egy,1938,15860029
egy,1939,16118395
egy,1940,16423191
egy,1941,16776186
egy,1942,17179205
egy,1943,17634128
egy,1944,18101098
egy,1945,18580434
egy,1946,19072463
egy,1947,19577521
egy,1948,20095954
egy,1949,20620147
egy,1950,21148168
egy,1951,21605922
egy,1952,22104946
egy,1953,22644148
egy,1954,23212564
egy,1955,23795234
egy,1956,24387350
egy,1957,24994417
egy,1958,25600327
egy,1959,26226866
egy,1960,26896480
egy,1961,27600903
egy,1962,28337017
egy,1963,29091868
egy,1964,29858925
egy,1965,30629174
egy,1966,31406543
egy,1967,32196366
egy,1968,32998322
egy,1969,33811619
egy,1970,34623990
egy,1971,35433370
egy,1972,36258327
egy,1973,37102044
egy,1974,37969667
egy,1975,38875326
egy,1976,39795558
egy,1977,40748878
egy,1978,41761437
egy,1979,42818635
egy,1980,43950413
egy,1981,45147226
egy,1982,46407612
egy,1983,47786401
egy,1984,49247336
egy,1985,50734974
egy,1986,52206296
egy,1987,53674436
egy,1988,55187680
egy,1989,56710641
egy,1990,58396625
egy,1991,60029001
egy,1992,61480663
egy,1993,62915681
egy,1994,64285596
egy,1995,65652621
egy,1996,67028045
egy,1997,68431738
egy,1998,69943297
egy,1999,71520953
egy,2000,73083287
egy,2001,74652035
egy,2002,76239140
egy,2003,77853548
egy,2004,79477441
egy,2005,81101012
egy,2006,82700404
egy,2007,84276224
egy,2008,85864791
egy,2009,87501635
egy,2010,89196073
egy,2011,91093066
egy,2012,93161000
egy,2013,95333551
egy,2014,97528655
egy,2015,99597334
egy,2016,101644583
egy,2017,103696055
egy,2018,105682092
egy,2019,107553159
egy,2020,109315118
egy,2021,110957005
egy,2022,112618252
egy,2023,114535772
eri,1800,205010
eri,1801,205010
eri,1802,205010
eri,1803,205010
eri,1804,205010
eri,1805,205010
eri,1806,205010
eri,1807,205010
eri,1808,205010
eri,1809,205010
eri,1810,205010
eri,1811,205010
eri,1812,205010
eri,1813,205010
eri,1814,205010
eri,1815,205010
eri,1816,205010
eri,1817,205010
eri,1818,205010
eri,1819,206725
eri,1820,210225
eri,1821,215587
eri,1822,222888
eri,1823,232208
eri,1824,241918
eri,1825,252034
eri,1826,262573
eri,1827,273553
eri,1828,284992
eri,1829,296909
eri,1830,309325
eri,1831,322260
eri,1832,335736
eri,1833,349775
eri,1834,364401
eri,1835,379639
eri,1836,395514
eri,1837,412053
eri,1838,429283
eri,1839,447235
eri,1840,465936
eri,1841,485420
eri,1842,505718
eri,1843,526866
eri,1844,548897
eri,1845,571850
eri,1846,595763
eri,1847,620675
eri,1848,646630
eri,1849,667809
eri,1850,684015
eri,1851,692108
eri,1852,694755
eri,1853,691802
eri,1854,688848
eri,1855,685894
eri,1856,682940
eri,1857,679986
eri,1858,677032
eri,1859,674078
eri,1860,671124
eri,1861,668171
eri,1862,665217
eri,1863,662263
eri,1864,659309
eri,1865,656355
eri,1866,653401
eri,1867,650447
eri,1868,647493
eri,1869,644668
eri,1870,641971
eri,1871,639399
eri,1872,636951
eri,1873,634625
eri,1874,632294
eri,1875,629957
eri,1876,627616
eri,1877,625269
eri,1878,622916
eri,1879,620559
eri,1880,618196
eri,1881,615827
eri,1882,613454
eri,1883,611074
eri,1884,608690
eri,1885,606300
eri,1886,603905
eri,1887,601504
eri,1888,599098
eri,1889,596687
eri,1890,594270
eri,1891,591848
eri,1892,589420
eri,1893,586987
eri,1894,584548
eri,1895,582104
eri,1896,579655
eri,1897,577200
eri,1898,574739
eri,1899,572961
eri,1900,571858
eri,1901,571427
eri,1902,571661
eri,1903,572554
eri,1904,573432
eri,1905,574294
eri,1906,575140
eri,1907,575970
eri,1908,576783
eri,1909,577463
eri,1910,578010
eri,1911,578424
eri,1912,578706
eri,1913,578855
eri,1914,578986
eri,1915,579097
eri,1916,579188
eri,1917,579260
eri,1918,582735
eri,1919,586704
eri,1920,591172
eri,1921,596149
eri,1922,601641
eri,1923,607658
eri,1924,613734
eri,1925,619871
eri,1926,626070
eri,1927,632331
eri,1928,638654
eri,1929,644780
eri,1930,650705
eri,1931,656424
eri,1932,661933
eri,1933,667229
eri,1934,672566
eri,1935,677947
eri,1936,683371
eri,1937,688838
eri,1938,694348
eri,1939,700891
eri,1940,708488
eri,1941,717163
eri,1942,726941
eri,1943,737845
eri,1944,748913
eri,1945,760147
eri,1946,771549
eri,1947,783122
eri,1948,794869
eri,1949,808004
eri,1950,814880
eri,1951,827035
eri,1952,840352
eri,1953,854708
eri,1954,870030
eri,1955,886245
eri,1956,903421
eri,1957,918807
eri,1958,932595
eri,1959,950562
eri,1960,972558
eri,1961,995576
eri,1962,1019789
eri,1963,1045096
eri,1964,1071293
eri,1965,1098337
eri,1966,1124959
eri,1967,1152345
eri,1968,1181742
eri,1969,1212005
eri,1970,1243457
eri,1971,1276160
eri,1972,1309248
eri,1973,1342677
eri,1974,1375687
eri,1975,1408218
eri,1976,1443811
eri,1977,1482567
eri,1978,1522382
eri,1979,1563332
eri,1980,1605800
eri,1981,1649946
eri,1982,1695465
eri,1983,1736163
eri,1984,1771736
eri,1985,1807812
eri,1986,1845169
eri,1987,1888672
eri,1988,1938264
eri,1989,1987021
eri,1990,2032749
eri,1991,1919575
eri,1992,1798750
eri,1993,1856017
eri,1994,1913919
eri,1995,2025273
eri,1996,2128464
eri,1997,2152146
eri,1998,2180423
eri,1999,2212785
eri,2000,2247036
eri,2001,2312083
eri,2002,2392981
eri,2003,2493906
eri,2004,2598288
eri,2005,2661215
eri,2006,2703501
eri,2007,2743226
eri,2008,2816331
eri,2009,2887887
eri,2010,2945184
eri,2011,2998493
eri,2012,3036998
eri,2013,3074367
eri,2014,3095168
eri,2015,3105554
eri,2016,3124700
eri,2017,3150350
eri,2018,3192763
eri,2019,3240194
eri,2020,3291277
eri,2021,3350185
eri,2022,3409450
eri,2023,3470391
esh,1800,743
esh,1810,745
esh,1820,752
esh,1830,758
esh,1840,764
esh,1850,771
esh,1860,777
esh,1870,793
esh,1880,809
esh,1890,826
esh,1900,843
esh,1910,860
esh,1920,1720
esh,1930,3441
esh,1940,6883
esh,1950,12981
esh,1951,14226
esh,1952,15559
esh,1953,16990
esh,1954,18553
esh,1955,20230
esh,1956,22024
esh,1957,23920
esh,1958,25937
esh,1959,28084
esh,1960,30344
esh,1961,32743
esh,1962,35270
esh,1963,37914
esh,1964,40679
esh,1965,43550
esh,1966,46543
esh,1967,50647
esh,1968,56002
esh,1969,61663
esh,1970,71745
esh,1971,78738
esh,1972,78269
esh,1973,77665
esh,1974,76496
esh,1975,66911
esh,1976,64509
esh,1977,77407
esh,1978,90904
esh,1979,104999
esh,1980,117389
esh,1981,126906
esh,1982,134496
esh,1983,140600
esh,1984,146165
esh,1985,151772
esh,1986,157376
esh,1987,162892
esh,1988,168420
esh,1989,173937
esh,1990,179553
esh,1991,185312
esh,1992,190948
esh,1993,196484
esh,1994,201927
esh,1995,209941
esh,1996,221402
esh,1997,233786
esh,1998,246315
esh,1999,258979
esh,2000,271946
esh,2001,285197
esh,2002,298468
esh,2003,311791
esh,2004,325197
esh,2005,338704
esh,2006,352658
esh,2007,366874
esh,2008,380834
esh,2009,394959
esh,2010,409722
esh,2011,425093
esh,2012,441033
esh,2013,457436
esh,2014,472591
esh,2015,486232
esh,2016,499658
esh,2017,512851
esh,2018,525790
esh,2019,538450
esh,2020,549374
esh,2021,558625
esh,2022,568746
esh,2023,579734
esp,1800,11500000
esp,1801,11534168
esp,1802,11568438
esp,1803,11602809
esp,1804,11637283
esp,1805,11671859
esp,1806,11706538
esp,1807,11741320
esp,1808,11776205
esp,1809,11811194
esp,1810,11846391
esp,1811,11881588
esp,1812,11916890
esp,1813,11952297
esp,1814,11987809
esp,1815,12023426
esp,1816,12059150
esp,1817,12094979
esp,1818,12130915
esp,1819,12175970
esp,1820,12230231
esp,1821,12293786
esp,1822,12366723
esp,1823,12449131
esp,1824,12532089
esp,1825,12615600
esp,1826,12699667
esp,1827,12784295
esp,1828,12869486
esp,1829,12955253
esp,1830,13041601
esp,1831,13128533
esp,1832,13216052
esp,1833,13304164
esp,1834,13392863
esp,1835,13482154
esp,1836,13572039
esp,1837,13662525
esp,1838,13753613
esp,1839,13845298
esp,1840,13937584
esp,1841,14030474
esp,1842,14123973
esp,1843,14218084
esp,1844,14312822
esp,1845,14408192
esp,1846,14504197
esp,1847,14600842
esp,1848,14698130
esp,1849,14790851
esp,1850,14878948
esp,1851,14962372
esp,1852,15041059
esp,1853,15114951
esp,1854,15189206
esp,1855,15263826
esp,1856,15338812
esp,1857,15414166
esp,1858,15489891
esp,1859,15561625
esp,1860,15629333
esp,1861,15692979
esp,1862,15752530
esp,1863,15807948
esp,1864,15863561
esp,1865,15919369
esp,1866,15975374
esp,1867,16031576
esp,1868,16087976
esp,1869,16146102
esp,1870,16205967
esp,1871,16267583
esp,1872,16330962
esp,1873,16396117
esp,1874,16461531
esp,1875,16527207
esp,1876,16593144
esp,1877,16659345
esp,1878,16725809
esp,1879,16796632
esp,1880,16871852
esp,1881,16951508
esp,1882,17035639
esp,1883,17124285
esp,1884,17213392
esp,1885,17302962
esp,1886,17392999
esp,1887,17483504
esp,1888,17574480
esp,1889,17663309
esp,1890,17749968
esp,1891,17834434
esp,1892,17916684
esp,1893,17996694
esp,1894,18077062
esp,1895,18157788
esp,1896,18238875
esp,1897,18320325
esp,1898,18402137
esp,1899,18492800
esp,1900,18592411
esp,1901,18701066
esp,1902,18818864
esp,1903,18945905
esp,1904,19073803
esp,1905,19202565
esp,1906,19332196
esp,1907,19462702
esp,1908,19594089
esp,1909,19726214
esp,1910,19859082
esp,1911,19992695
esp,1912,20127058
esp,1913,20262175
esp,1914,20398200
esp,1915,20535137
esp,1916,20672994
esp,1917,20811776
esp,1918,20951479
esp,1919,21105927
esp,1920,21275357
esp,1921,21460007
esp,1922,21660122
esp,1923,21875945
esp,1924,22093919
esp,1925,22314065
esp,1926,22536404
esp,1927,22760959
esp,1928,22987751
esp,1929,23214389
esp,1930,23440849
esp,1931,23667105
esp,1932,23893132
esp,1933,24118905
esp,1934,24346811
esp,1935,24576871
esp,1936,24809105
esp,1937,25043533
esp,1938,25280177
esp,1939,25514739
esp,1940,25747164
esp,1941,25977393
esp,1942,26205369
esp,1943,26431030
esp,1944,26658635
esp,1945,26888200
esp,1946,27119742
esp,1947,27353278
esp,1948,27588824
esp,1949,27827617
esp,1950,28077048
esp,1951,28214862
esp,1952,28406044
esp,1953,28632701
esp,1954,28857828
esp,1955,29089774
esp,1956,29323672
esp,1957,29569970
esp,1958,29849658
esp,1959,30140710
esp,1960,30404938
esp,1961,30699568
esp,1962,31040106
esp,1963,31379831
esp,1964,31741586
esp,1965,32110669
esp,1966,32465887
esp,1967,32820751
esp,1968,33170121
esp,1969,33496941
esp,1970,33812720
esp,1971,34157447
esp,1972,34539861
esp,1973,34926521
esp,1974,35361763
esp,1975,35795771
esp,1976,36176273
esp,1977,36551267
esp,1978,36904970
esp,1979,37230370
esp,1980,37537560
esp,1981,37812708
esp,1982,38047097
esp,1983,38253247
esp,1984,38437483
esp,1985,38601315
esp,1986,38735706
esp,1987,38852007
esp,1988,38952258
esp,1989,39029557
esp,1990,39084975
esp,1991,39201750
esp,1992,39420344
esp,1993,39651627
esp,1994,39858721
esp,1995,40052733
esp,1996,40237375
esp,1997,40423823
esp,1998,40617436
esp,1999,40812855
esp,2000,41019772
esp,2001,41245602
esp,2002,41755703
esp,2003,42506540
esp,2004,43234562
esp,2005,43958883
esp,2006,44695446
esp,2007,45516501
esp,2008,46235055
esp,2009,46635182
esp,2010,46840469
esp,2011,46998040
esp,2012,47018323
esp,2013,46860394
esp,2014,46720187
esp,2015,46683683
esp,2016,46732768
esp,2017,46868594
esp,2018,47092817
esp,2019,47435121
esp,2020,47679482
esp,2021,47735670
esp,2022,47828386
esp,2023,47911583
est,1800,334136
est,1801,334136
est,1802,334136
est,1803,334136
est,1804,334136
est,1805,334136
est,1806,334136
est,1807,334136
est,1808,334136
est,1809,334136
est,1810,334136
est,1811,334136
est,1812,334136
est,1813,334136
est,1814,334136
est,1815,334136
est,1816,334136
est,1817,334136
est,1818,334136
est,1819,334944
est,1820,336571
est,1821,339025
est,1822,342318
est,1823,346458
est,1824,350649
est,1825,354891
est,1826,359183
est,1827,363528
est,1828,367925
est,1829,372376
est,1830,376880
est,1831,381439
est,1832,386053
est,1833,390722
est,1834,395449
est,1835,400232
est,1836,405073
est,1837,409973
est,1838,414932
est,1839,419951
est,1840,425031
est,1841,430172
est,1842,435375
est,1843,440641
est,1844,445971
est,1845,451366
est,1846,456826
est,1847,462351
est,1848,467944
est,1849,473604
est,1850,479333
est,1851,485120
est,1852,490976
est,1853,496904
est,1854,502902
est,1855,508974
est,1856,515118
est,1857,521337
est,1858,527631
est,1859,534001
est,1860,540447
est,1861,546972
est,1862,553575
est,1863,560258
est,1864,567022
est,1865,573867
est,1866,580795
est,1867,587807
est,1868,594903
est,1869,602085
est,1870,609354
est,1871,616710
est,1872,624156
est,1873,631691
est,1874,639317
est,1875,647035
est,1876,654846
est,1877,662752
est,1878,670753
est,1879,678850
est,1880,687046
est,1881,695340
est,1882,703735
est,1883,712230
est,1884,720829
est,1885,729531
est,1886,738338
est,1887,747252
est,1888,756273
est,1889,765403
est,1890,774643
est,1891,783995
est,1892,793460
est,1893,803039
est,1894,812734
est,1895,822545
est,1896,832475
est,1897,842525
est,1898,852697
est,1899,862991
est,1900,873409
est,1901,883954
est,1902,894625
est,1903,905425
est,1904,916356
est,1905,927419
est,1906,938615
est,1907,949946
est,1908,961415
est,1909,973075
est,1910,984932
est,1911,996987
est,1912,1009244
est,1913,1021706
est,1914,1034322
est,1915,1047093
est,1916,1060022
est,1917,1073111
est,1918,1086387
est,1919,1097251
est,1920,1105673
est,1921,1111619
est,1922,1115057
est,1923,1115953
est,1924,1116851
est,1925,1117749
est,1926,1118648
est,1927,1119548
est,1928,1120448
est,1929,1121129
est,1930,1121590
est,1931,1121830
est,1932,1121851
est,1933,1121651
est,1934,1121451
est,1935,1121252
est,1936,1121052
est,1937,1120852
est,1938,1120653
est,1939,1119960
est,1940,1118777
est,1941,1117103
est,1942,1114940
est,1943,1112289
est,1944,1109645
est,1945,1107007
est,1946,1104375
est,1947,1101750
est,1948,1099131
est,1949,1099233
est,1950,1102046
est,1951,1116196
est,1952,1129878
est,1953,1142644
est,1954,1154811
est,1955,1166878
est,1956,1178166
est,1957,1188785
est,1958,1200410
est,1959,1209942
est,1960,1220464
est,1961,1235168
est,1962,1249633
est,1963,1263754
est,1964,1278341
est,1965,1292807
est,1966,1306445
est,1967,1320059
est,1968,1334308
est,1969,1348696
est,1970,1361872
est,1971,1374523
est,1972,1387217
est,1973,1399344
est,1974,1411552
est,1975,1423506
est,1976,1434868
est,1977,1446571
est,1978,1458228
est,1979,1468020
est,1980,1476465
est,1981,1485343
est,1982,1494911
est,1983,1505247
est,1984,1515613
est,1985,1525281
est,1986,1535594
est,1987,1547258
est,1988,1559101
est,1989,1567590
est,1990,1570309
est,1991,1565380
est,1992,1540214
est,1993,1504344
est,1994,1475716
est,1995,1452774
est,1996,1434655
est,1997,1421494
est,1998,1411206
est,1999,1403578
est,2000,1397001
est,2001,1388174
est,2002,1379438
est,2003,1370849
est,2004,1362682
est,2005,1354847
est,2006,1346885
est,2007,1340709
est,2008,1337078
est,2009,1334528
est,2010,1331450
est,2011,1327366
est,2012,1322615
est,2013,1317920
est,2014,1314457
est,2015,1314580
est,2016,1315850
est,2017,1317430
est,2018,1321972
est,2019,1326822
est,2020,1329675
est,2021,1331750
est,2022,1350093
est,2023,1367195
eth,1800,12032589
eth,1801,12032589
eth,1802,12032589
eth,1803,12032589
eth,1804,12032589
eth,1805,12032589
eth,1806,12032589
eth,1807,12032589
eth,1808,12032589
eth,1809,12032589
eth,1810,12032589
eth,1811,12040724
eth,1812,12057110
eth,1813,12081863
eth,1814,12115103
eth,1815,12156949
eth,1816,12207525
eth,1817,12266954
eth,1818,12335362
eth,1819,12412876
eth,1820,12499625
eth,1821,12595741
eth,1822,12701357
eth,1823,12816607
eth,1824,12941629
eth,1825,13076561
eth,1826,13221543
eth,1827,13376719
eth,1828,13542234
eth,1829,13718233
eth,1830,13904865
eth,1831,14102283
eth,1832,14302504
eth,1833,14505567
eth,1834,14711513
eth,1835,14920384
eth,1836,15132219
eth,1837,15347063
eth,1838,15564956
eth,1839,15785944
eth,1840,16010068
eth,1841,16237375
eth,1842,16467910
eth,1843,16701717
eth,1844,16938843
eth,1845,17179337
eth,1846,17423244
eth,1847,17670615
eth,1848,17921498
eth,1849,18175943
eth,1850,18434000
eth,1851,18419706
eth,1852,18405412
eth,1853,18391118
eth,1854,18376825
eth,1855,18362531
eth,1856,18348237
eth,1857,18333943
eth,1858,18319649
eth,1859,18305355
eth,1860,18291062
eth,1861,18276768
eth,1862,18262474
eth,1863,18248180
eth,1864,18233886
eth,1865,18219592
eth,1866,18205299
eth,1867,18191005
eth,1868,18176711
eth,1869,18162417
eth,1870,18148123
eth,1871,18133829
eth,1872,18119536
eth,1873,18105242
eth,1874,18090948
eth,1875,18076654
eth,1876,18062360
eth,1877,18048066
eth,1878,18033773
eth,1879,18019479
eth,1880,18005185
eth,1881,17990891
eth,1882,17976597
eth,1883,17962303
eth,1884,17948010
eth,1885,17933716
eth,1886,17919422
eth,1887,17905128
eth,1888,17890834
eth,1889,17876540
eth,1890,17862247
eth,1891,17847953
eth,1892,17833659
eth,1893,17819365
eth,1894,17805071
eth,1895,17790777
eth,1896,17776484
eth,1897,17762190
eth,1898,17747896
eth,1899,17733602
eth,1900,17719308
eth,1901,17705014
eth,1902,17690721
eth,1903,17676427
eth,1904,17662133
eth,1905,17647839
eth,1906,17633545
eth,1907,17619251
eth,1908,17604958
eth,1909,17590664
eth,1910,17576370
eth,1911,17562076
eth,1912,17547782
eth,1913,17533488
eth,1914,17519195
eth,1915,17504901
eth,1916,17490607
eth,1917,17476313
eth,1918,17476313
eth,1919,17476313
eth,1920,17476313
eth,1921,17476313
eth,1922,17476313
eth,1923,17476313
eth,1924,17476313
eth,1925,17476313
eth,1926,17476313
eth,1927,17476313
eth,1928,17476313
eth,1929,17476313
eth,1930,17476313
eth,1931,17476313
eth,1932,17476313
eth,1933,17476313
eth,1934,17476313
eth,1935,17476313
eth,1936,17476313
eth,1937,17476313
eth,1938,17476313
eth,1939,17476313
eth,1940,17476313
eth,1941,17476313
eth,1942,17476313
eth,1943,17476313
eth,1944,17476313
eth,1945,17476313
eth,1946,17476313
eth,1947,17476313
eth,1948,17476313
eth,1949,17553622
eth,1950,17670418
eth,1951,17989060
eth,1952,18326176
eth,1953,18674772
eth,1954,19038036
eth,1955,19419768
eth,1956,19818886
eth,1957,20173747
eth,1958,20480281
eth,1959,20878098
eth,1960,21376688
eth,1961,21906102
eth,1962,22465125
eth,1963,23051639
eth,1964,23666547
eth,1965,24310615
eth,1966,24952691
eth,1967,25620283
eth,1968,26337933
eth,1969,27072575
eth,1970,27829135
eth,1971,28600114
eth,1972,29374611
eth,1973,30166789
eth,1974,30957277
eth,1975,31723255
eth,1976,32534428
eth,1977,33167276
eth,1978,33734601
eth,1979,34238655
eth,1980,34428515
eth,1981,35304010
eth,1982,36701293
eth,1983,37740821
eth,1984,38735728
eth,1985,39842136
eth,1986,41037658
eth,1987,42460039
eth,1988,44150834
eth,1989,45879686
eth,1990,47609760
eth,1991,49717203
eth,1992,51853756
eth,1993,53708892
eth,1994,55611514
eth,1995,57537340
eth,1996,59467640
eth,1997,61404541
eth,1998,63363523
eth,1999,65374561
eth,2000,67411496
eth,2001,69487767
eth,2002,71635521
eth,2003,73832664
eth,2004,76077211
eth,2005,78367476
eth,2006,80703495
eth,2007,83103218
eth,2008,85543670
eth,2009,88007641
eth,2010,90538518
eth,2011,93149977
eth,2012,95798771
eth,2013,98438752
eth,2014,101115615
eth,2015,103867140
eth,2016,106718163
eth,2017,109666482
eth,2018,112664157
eth,2019,115737384
eth,2020,118917670
eth,2021,122138588
eth,2022,125384285
eth,2023,128691695
fin,1800,800000
fin,1801,815316
fin,1802,830926
fin,1803,846835
fin,1804,863048
fin,1805,879571
fin,1806,896411
fin,1807,913574
fin,1808,931065
fin,1809,948890
fin,1810,967405
fin,1811,985927
fin,1812,1004803
fin,1813,1024040
fin,1814,1043646
fin,1815,1063628
fin,1816,1083991
fin,1817,1104745
fin,1818,1125896
fin,1819,1146610
fin,1820,1166867
fin,1821,1186644
fin,1822,1205918
fin,1823,1224666
fin,1824,1243706
fin,1825,1263042
fin,1826,1282678
fin,1827,1302620
fin,1828,1322872
fin,1829,1340699
fin,1830,1356050
fin,1831,1368870
fin,1832,1379105
fin,1833,1386699
fin,1834,1394336
fin,1835,1402014
fin,1836,1409734
fin,1837,1417497
fin,1838,1425303
fin,1839,1435103
fin,1840,1446931
fin,1841,1460824
fin,1842,1476817
fin,1843,1494947
fin,1844,1513299
fin,1845,1531877
fin,1846,1550683
fin,1847,1569719
fin,1848,1588989
fin,1849,1606635
fin,1850,1622623
fin,1851,1636889
fin,1852,1649431
fin,1853,1660217
fin,1854,1671073
fin,1855,1682000
fin,1856,1692999
fin,1857,1704069
fin,1858,1715212
fin,1859,1724467
fin,1860,1731819
fin,1861,1737255
fin,1862,1740760
fin,1863,1742320
fin,1864,1743882
fin,1865,1745445
fin,1866,1747009
fin,1867,1748575
fin,1868,1750142
fin,1869,1756848
fin,1870,1768777
fin,1871,1786015
fin,1872,1808650
fin,1873,1836768
fin,1874,1865324
fin,1875,1894323
fin,1876,1923774
fin,1877,1953682
fin,1878,1984055
fin,1879,2014465
fin,1880,2044905
fin,1881,2075370
fin,1882,2105853
fin,1883,2136348
fin,1884,2167285
fin,1885,2198670
fin,1886,2230510
fin,1887,2262810
fin,1888,2295579
fin,1889,2327324
fin,1890,2358016
fin,1891,2387621
fin,1892,2416106
fin,1893,2443438
fin,1894,2471079
fin,1895,2499032
fin,1896,2527302
fin,1897,2555892
fin,1898,2584805
fin,1899,2613453
fin,1900,2641827
fin,1901,2669917
fin,1902,2697715
fin,1903,2725211
fin,1904,2752987
fin,1905,2781046
fin,1906,2809391
fin,1907,2838025
fin,1908,2866950
fin,1909,2894148
fin,1910,2919587
fin,1911,2943234
fin,1912,2965059
fin,1913,2985029
fin,1914,3005133
fin,1915,3025373
fin,1916,3045749
fin,1917,3066262
fin,1918,3086976
fin,1919,3109646
fin,1920,3134300
fin,1921,3160971
fin,1922,3189690
fin,1923,3220489
fin,1924,3251585
fin,1925,3282981
fin,1926,3314680
fin,1927,3346685
fin,1928,3379000
fin,1929,3409794
fin,1930,3439039
fin,1931,3466709
fin,1932,3492774
fin,1933,3517206
fin,1934,3541810
fin,1935,3566585
fin,1936,3591534
fin,1937,3616657
fin,1938,3641956
fin,1939,3668252
fin,1940,3695558
fin,1941,3723889
fin,1942,3753257
fin,1943,3783678
fin,1944,3814345
fin,1945,3845261
fin,1946,3876427
fin,1947,3907846
fin,1948,3939520
fin,1949,3972991
fin,1950,4008410
fin,1951,4047646
fin,1952,4090839
fin,1953,4139764
fin,1954,4187256
fin,1955,4235197
fin,1956,4281930
fin,1957,4324192
fin,1958,4359882
fin,1959,4394750
fin,1960,4429631
fin,1961,4460998
fin,1962,4491739
fin,1963,4523897
fin,1964,4549092
fin,1965,4564150
fin,1966,4581446
fin,1967,4606642
fin,1968,4627352
fin,1969,4624083
fin,1970,4606308
fin,1971,4612135
fin,1972,4639548
fin,1973,4665909
fin,1974,4690366
fin,1975,4711172
fin,1976,4725340
fin,1977,4738581
fin,1978,4752243
fin,1979,4764437
fin,1980,4779358
fin,1981,4799849
fin,1982,4826884
fin,1983,4855791
fin,1984,4881827
fin,1985,4902262
fin,1986,4918256
fin,1987,4932257
fin,1988,4946629
fin,1989,4964525
fin,1990,4986576
fin,1991,5013889
fin,1992,5042145
fin,1993,5066594
fin,1994,5088454
fin,1995,5107919
fin,1996,5124715
fin,1997,5139927
fin,1998,5153545
fin,1999,5165516
fin,2000,5176197
fin,2001,5187970
fin,2002,5200548
fin,2003,5212958
fin,2004,5228147
fin,2005,5246078
fin,2006,5266248
fin,2007,5288715
fin,2008,5313379
fin,2009,5338854
fin,2010,5363347
fin,2011,5388236
fin,2012,5413978
fin,2013,5439057
fin,2014,5461686
fin,2015,5479719
fin,2016,5495468
fin,2017,5508398
fin,2018,5515730
fin,2019,5521754
fin,2020,5529616
fin,2021,5541069
fin,2022,5569300
fin,2023,5601185
fji,1800,130533
fji,1801,130762
fji,1802,130991
fji,1803,131220
fji,1804,131450
fji,1805,131680
fji,1806,131911
fji,1807,132142
fji,1808,132374
fji,1809,132606
fji,1810,132838
fji,1811,133071
fji,1812,133304
fji,1813,133538
fji,1814,133772
fji,1815,134006
fji,1816,134241
fji,1817,134476
fji,1818,134712
fji,1819,134948
fji,1820,135184
fji,1821,135421
fji,1822,135658
fji,1823,135896
fji,1824,136134
fji,1825,136372
fji,1826,136611
fji,1827,136851
fji,1828,137090
fji,1829,137331
fji,1830,137571
fji,1831,137812
fji,1832,138054
fji,1833,138295
fji,1834,138538
fji,1835,138780
fji,1836,139024
fji,1837,139267
fji,1838,139511
fji,1839,139646
fji,1840,139672
fji,1841,139588
fji,1842,139395
fji,1843,139094
fji,1844,138793
fji,1845,138493
fji,1846,138193
fji,1847,137894
fji,1848,137595
fji,1849,137288
fji,1850,136971
fji,1851,136765
fji,1852,136549
fji,1853,136324
fji,1854,136099
fji,1855,135874
fji,1856,135650
fji,1857,135426
fji,1858,135202
fji,1859,134978
fji,1860,134755
fji,1861,134531
fji,1862,134309
fji,1863,134086
fji,1864,133864
fji,1865,133641
fji,1866,133420
fji,1867,133198
fji,1868,132977
fji,1869,132756
fji,1870,132535
fji,1871,132315
fji,1872,132094
fji,1873,131875
fji,1874,131655
fji,1875,131435
fji,1876,131216
fji,1877,130997
fji,1878,130779
fji,1879,130501
fji,1880,130163
fji,1881,129766
fji,1882,129310
fji,1883,128795
fji,1884,128283
fji,1885,127772
fji,1886,127263
fji,1887,126757
fji,1888,126252
fji,1889,125849
fji,1890,125548
fji,1891,125348
fji,1892,125249
fji,1893,125251
fji,1894,125253
fji,1895,125255
fji,1896,125257
fji,1897,125258
fji,1898,125260
fji,1899,125671
fji,1900,126498
fji,1901,127750
fji,1902,129432
fji,1903,131553
fji,1904,133709
fji,1905,135900
fji,1906,138126
fji,1907,140389
fji,1908,142689
fji,1909,144909
fji,1910,147045
fji,1911,149095
fji,1912,151055
fji,1913,152924
fji,1914,154815
fji,1915,156729
fji,1916,158667
fji,1917,160629
fji,1918,162481
fji,1919,164751
fji,1920,167453
fji,1921,170603
fji,1922,174215
fji,1923,178305
fji,1924,182490
fji,1925,186774
fji,1926,191158
fji,1927,195645
fji,1928,200237
fji,1929,205111
fji,1930,210278
fji,1931,215750
fji,1932,221538
fji,1933,227656
fji,1934,233943
fji,1935,240404
fji,1936,247043
fji,1937,253865
fji,1938,260876
fji,1939,267113
fji,1940,272546
fji,1941,277142
fji,1942,280869
fji,1943,283692
fji,1944,286543
fji,1945,289423
fji,1946,292332
fji,1947,295271
fji,1948,298239
fji,1949,302566
fji,1950,309525
fji,1951,316137
fji,1952,323374
fji,1953,331225
fji,1954,339754
fji,1955,349084
fji,1956,359218
fji,1957,369923
fji,1958,381079
fji,1959,392770
fji,1960,404901
fji,1961,417418
fji,1962,430550
fji,1963,444288
fji,1964,458333
fji,1965,472583
fji,1966,486493
fji,1967,498881
fji,1968,510008
fji,1969,520805
fji,1970,531198
fji,1971,541132
fji,1972,550508
fji,1973,559232
fji,1974,567498
fji,1975,575919
fji,1976,585544
fji,1977,597811
fji,1978,612101
fji,1979,626876
fji,1980,641985
fji,1981,657473
fji,1982,673422
fji,1983,689845
fji,1984,706722
fji,1985,723767
fji,1986,739320
fji,1987,750551
fji,1988,758707
fji,1989,766331
fji,1990,773325
fji,1991,779666
fji,1992,785349
fji,1993,790380
fji,1994,794779
fji,1995,798750
fji,1996,803788
fji,1997,812145
fji,1998,822259
fji,1999,831835
fji,2000,840913
fji,2001,849606
fji,2002,858057
fji,2003,866297
fji,2004,874369
fji,2005,882384
fji,2006,890370
fji,2007,897843
fji,2008,903403
fji,2009,907248
fji,2010,910427
fji,2011,912991
fji,2012,914920
fji,2013,916359
fji,2014,917589
fji,2015,918585
fji,2016,919167
fji,2017,918762
fji,2018,917185
fji,2019,914906
fji,2020,914971
fji,2021,916718
fji,2022,919428
fji,2023,924150
flk,1800,1510
flk,1810,1634
flk,1820,1689
flk,1830,1745
flk,1840,1803
flk,1850,1863
flk,1860,1925
flk,1870,1992
flk,1880,2061
flk,1890,2132
flk,1900,2205
flk,1910,2281
flk,1920,2286
flk,1930,2290
flk,1940,2295
flk,1950,2214
flk,1951,2231
flk,1952,2234
flk,1953,2232
flk,1954,2206
flk,1955,2206
flk,1956,2210
flk,1957,2221
flk,1958,2236
flk,1959,2263
flk,1960,2284
flk,1961,2309
flk,1962,2330
flk,1963,2325
flk,1964,2322
flk,1965,2315
flk,1966,2316
flk,1967,2308
flk,1968,2300
flk,1969,2299
flk,1970,2298
flk,1971,2295
flk,1972,2298
flk,1973,2302
flk,1974,2309
flk,1975,2316
flk,1976,2320
flk,1977,2314
flk,1978,2304
flk,1979,2284
flk,1980,2271
flk,1981,2268
flk,1982,2270
flk,1983,2268
flk,1984,2265
flk,1985,2259
flk,1986,2261
flk,1987,2280
flk,1988,2308
flk,1989,2339
flk,1990,2368
flk,1991,2417
flk,1992,2503
flk,1993,2596
flk,1994,2687
flk,1995,2789
flk,1996,2871
flk,1997,2929
flk,1998,2995
flk,1999,3055
flk,2000,3119
flk,2001,3167
flk,2002,3193
flk,2003,3212
flk,2004,3230
flk,2005,3242
flk,2006,3254
flk,2007,3249
flk,2008,3244
flk,2009,3233
flk,2010,3218
flk,2011,3205
flk,2012,3223
flk,2013,3291
flk,2014,3362
flk,2015,3432
flk,2016,3499
flk,2017,3541
flk,2018,3549
flk,2019,3541
flk,2020,3537
flk,2021,3524
flk,2022,3515
flk,2023,3498
fra,1800,29000000
fra,1801,29108552
fra,1802,29217510
fra,1803,29326876
fra,1804,29436651
fra,1805,29546838
fra,1806,29657436
fra,1807,29768449
fra,1808,29879877
fra,1809,29991722
fra,1810,30104407
fra,1811,30217092
fra,1812,30330200
fra,1813,30443731
fra,1814,30557687
fra,1815,30672069
fra,1816,30786880
fra,1817,30902120
fra,1818,31017792
fra,1819,31150340
fra,1820,31299931
fra,1821,31466736
fra,1822,31650924
fra,1823,31852668
fra,1824,32055698
fra,1825,32260022
fra,1826,32465648
fra,1827,32672585
fra,1828,32880842
fra,1829,33079302
fra,1830,33267853
fra,1831,33446379
fra,1832,33614762
fra,1833,33772885
fra,1834,33931751
fra,1835,34091365
fra,1836,34251730
fra,1837,34412849
fra,1838,34574726
fra,1839,34733003
fra,1840,34887644
fra,1841,35038615
fra,1842,35185880
fra,1843,35329405
fra,1844,35473515
fra,1845,35618212
fra,1846,35763500
fra,1847,35909381
fra,1848,36055856
fra,1849,36192055
fra,1850,36317907
fra,1851,36422915
fra,1852,36517375
fra,1853,36601225
fra,1854,36685264
fra,1855,36769494
fra,1856,36853914
fra,1857,36938524
fra,1858,37023326
fra,1859,37111533
fra,1860,37203159
fra,1861,37298222
fra,1862,37396737
fra,1863,37498719
fra,1864,37600976
fra,1865,37703510
fra,1866,37806319
fra,1867,37909406
fra,1868,38012770
fra,1869,38105310
fra,1870,38186983
fra,1871,38257751
fra,1872,38317571
fra,1873,38366403
fra,1874,38415294
fra,1875,38464245
fra,1876,38513254
fra,1877,38562323
fra,1878,38611451
fra,1879,38667543
fra,1880,38730622
fra,1881,38800708
fra,1882,38877824
fra,1883,38961992
fra,1884,39046339
fra,1885,39130866
fra,1886,39215572
fra,1887,39300458
fra,1888,39385524
fra,1889,39462823
fra,1890,39532330
fra,1891,39594021
fra,1892,39647872
fra,1893,39693861
fra,1894,39739899
fra,1895,39785987
fra,1896,39832125
fra,1897,39878314
fra,1898,39924553
fra,1899,39971493
fra,1900,40019136
fra,1901,40067484
fra,1902,40116538
fra,1903,40166299
fra,1904,40216118
fra,1905,40265996
fra,1906,40315932
fra,1907,40365927
fra,1908,40415980
fra,1909,40408851
fra,1910,40344819
fra,1911,40224160
fra,1912,40047151
fra,1913,39814066
fra,1914,39582334
fra,1915,39351947
fra,1916,39122898
fra,1917,38895178
fra,1918,38680067
fra,1919,38558175
fra,1920,38529587
fra,1921,38594388
fra,1922,38752667
fra,1923,39004517
fra,1924,39258004
fra,1925,39513139
fra,1926,39769931
fra,1927,40028393
fra,1928,40288534
fra,1929,40485273
fra,1930,40618294
fra,1931,40687278
fra,1932,40691906
fra,1933,40631855
fra,1934,40571892
fra,1935,40512018
fra,1936,40452232
fra,1937,40392535
fra,1938,40332925
fra,1939,40314566
fra,1940,40337546
fra,1941,40401955
fra,1942,40507882
fra,1943,40655418
fra,1944,40803492
fra,1945,40952105
fra,1946,41101259
fra,1947,41250956
fra,1948,41401199
fra,1949,41598134
fra,1950,41883122
fra,1951,42333662
fra,1952,42780274
fra,1953,43227873
fra,1954,43676898
fra,1955,44136093
fra,1956,44588525
fra,1957,45036374
fra,1958,45493502
fra,1959,45963766
fra,1960,46428136
fra,1961,46893841
fra,1962,47352626
fra,1963,47817823
fra,1964,48319087
fra,1965,48772824
fra,1966,49184651
fra,1967,49574907
fra,1968,49947252
fra,1969,50355300
fra,1970,50813071
fra,1971,51293056
fra,1972,51743877
fra,1973,52162210
fra,1974,52504744
fra,1975,52746324
fra,1976,52959120
fra,1977,53197133
fra,1978,53429668
fra,1979,53660898
fra,1980,53941061
fra,1981,54255004
fra,1982,54582405
fra,1983,54889407
fra,1984,55176626
fra,1985,55467153
fra,1986,55752833
fra,1987,56048366
fra,1988,56361846
fra,1989,56685081
fra,1990,56990239
fra,1991,57271564
fra,1992,57554867
fra,1993,57801261
fra,1994,57999868
fra,1995,58192207
fra,1996,58380638
fra,1997,58568662
fra,1998,58778817
fra,1999,59084209
fra,2000,59483716
fra,2001,59905131
fra,2002,60327247
fra,2003,60741119
fra,2004,61175244
fra,2005,61625031
fra,2006,62049831
fra,2007,62432438
fra,2008,62780187
fra,2009,63106460
fra,2010,63417366
fra,2011,63733776
fra,2012,64058465
fra,2013,64387736
fra,2014,64692495
fra,2015,64916337
fra,2016,65086853
fra,2017,65284775
fra,2018,65519537
fra,2019,65729460
fra,2020,65905273
fra,2021,66083547
fra,2022,66277412
fra,2023,66438828
fro,1800,1586
fro,1810,1982
fro,1820,2478
fro,1830,3098
fro,1840,3872
fro,1850,4840
fro,1860,6051
fro,1870,7563
fro,1880,9454
fro,1890,11818
fro,1900,14773
fro,1910,18466
fro,1920,21104
fro,1930,24119
fro,1940,27565
fro,1950,31690
fro,1951,31929
fro,1952,32038
fro,1953,32065
fro,1954,32094
fro,1955,32137
fro,1956,32349
fro,1957,32750
fro,1958,33195
fro,1959,33677
fro,1960,34150
fro,1961,34580
fro,1962,34988
fro,1963,35413
fro,1964,35866
fro,1965,36372
fro,1966,36840
fro,1967,37226
fro,1968,37586
fro,1969,37929
fro,1970,38294
fro,1971,38723
fro,1972,39199
fro,1973,39659
fro,1974,40134
fro,1975,40591
fro,1976,41045
fro,1977,41487
fro,1978,41989
fro,1979,42544
fro,1980,43092
fro,1981,43653
fro,1982,44193
fro,1983,44696
fro,1984,45168
fro,1985,45599
fro,1986,46028
fro,1987,46486
fro,1988,46981
fro,1989,47536
fro,1990,47525
fro,1991,46839
fro,1992,46043
fro,1993,45160
fro,1994,44195
fro,1995,43863
fro,1996,44203
fro,1997,44568
fro,1998,44920
fro,1999,45242
fro,2000,45687
fro,2001,46262
fro,2002,46852
fro,2003,47448
fro,2004,48041
fro,2005,48386
fro,2006,48456
fro,2007,48498
fro,2008,48528
fro,2009,48512
fro,2010,48191
fro,2011,47957
fro,2012,48113
fro,2013,48297
fro,2014,48515
fro,2015,48916
fro,2016,49554
fro,2017,50268
fro,2018,51062
fro,2019,51868
fro,2020,52615
fro,2021,53324
fro,2022,54039
fro,2023,54738
fsm,1800,16416
fsm,1801,16416
fsm,1802,16416
fsm,1803,16416
fsm,1804,16416
fsm,1805,16416
fsm,1806,16416
fsm,1807,16416
fsm,1808,16416
fsm,1809,16416
fsm,1810,16416
fsm,1811,16416
fsm,1812,16416
fsm,1813,16416
fsm,1814,16416
fsm,1815,16416
fsm,1816,16416
fsm,1817,16416
fsm,1818,16416
fsm,1819,16432
fsm,1820,16464
fsm,1821,16511
fsm,1822,16575
fsm,1823,16655
fsm,1824,16736
fsm,1825,16817
fsm,1826,16898
fsm,1827,16980
fsm,1828,17062
fsm,1829,17144
fsm,1830,17227
fsm,1831,17310
fsm,1832,17394
fsm,1833,17478
fsm,1834,17562
fsm,1835,17647
fsm,1836,17732
fsm,1837,17818
fsm,1838,17904
fsm,1839,17991
fsm,1840,18077
fsm,1841,18165
fsm,1842,18252
fsm,1843,18341
fsm,1844,18429
fsm,1845,18518
fsm,1846,18608
fsm,1847,18698
fsm,1848,18788
fsm,1849,18879
fsm,1850,18970
fsm,1851,19068
fsm,1852,19166
fsm,1853,19266
fsm,1854,19365
fsm,1855,19465
fsm,1856,19566
fsm,1857,19667
fsm,1858,19768
fsm,1859,19870
fsm,1860,19973
fsm,1861,20076
fsm,1862,20180
fsm,1863,20284
fsm,1864,20389
fsm,1865,20494
fsm,1866,20600
fsm,1867,20707
fsm,1868,20814
fsm,1869,20921
fsm,1870,21029
fsm,1871,21138
fsm,1872,21247
fsm,1873,21357
fsm,1874,21467
fsm,1875,21578
fsm,1876,21689
fsm,1877,21801
fsm,1878,21914
fsm,1879,22027
fsm,1880,22141
fsm,1881,22255
fsm,1882,22370
fsm,1883,22486
fsm,1884,22602
fsm,1885,22718
fsm,1886,22836
fsm,1887,22954
fsm,1888,23072
fsm,1889,23191
fsm,1890,23311
fsm,1891,23431
fsm,1892,23552
fsm,1893,23674
fsm,1894,23796
fsm,1895,23919
fsm,1896,24042
fsm,1897,24166
fsm,1898,24291
fsm,1899,24417
fsm,1900,24543
fsm,1901,24669
fsm,1902,24797
fsm,1903,24925
fsm,1904,25053
fsm,1905,25183
fsm,1906,25312
fsm,1907,25443
fsm,1908,25574
fsm,1909,25706
fsm,1910,25839
fsm,1911,25972
fsm,1912,26106
fsm,1913,26241
fsm,1914,26377
fsm,1915,26513
fsm,1916,26649
fsm,1917,26787
fsm,1918,26916
fsm,1919,27046
fsm,1920,27177
fsm,1921,27308
fsm,1922,27440
fsm,1923,27573
fsm,1924,27706
fsm,1925,27840
fsm,1926,27974
fsm,1927,28110
fsm,1928,28245
fsm,1929,28382
fsm,1930,28519
fsm,1931,28657
fsm,1932,28795
fsm,1933,28934
fsm,1934,29074
fsm,1935,29214
fsm,1936,29356
fsm,1937,29497
fsm,1938,29640
fsm,1939,29783
fsm,1940,29927
fsm,1941,30071
fsm,1942,30217
fsm,1943,30363
fsm,1944,30509
fsm,1945,30657
fsm,1946,30805
fsm,1947,30954
fsm,1948,31103
fsm,1949,31419
fsm,1950,32128
fsm,1951,33025
fsm,1952,33953
fsm,1953,34935
fsm,1954,35943
fsm,1955,36998
fsm,1956,38101
fsm,1957,39240
fsm,1958,40425
fsm,1959,41683
fsm,1960,43081
fsm,1961,44628
fsm,1962,46239
fsm,1963,47762
fsm,1964,49198
fsm,1965,50701
fsm,1966,52276
fsm,1967,53865
fsm,1968,55480
fsm,1969,57162
fsm,1970,58943
fsm,1971,60655
fsm,1972,62293
fsm,1973,64000
fsm,1974,65763
fsm,1975,67445
fsm,1976,69067
fsm,1977,70774
fsm,1978,72772
fsm,1979,75070
fsm,1980,77421
fsm,1981,79810
fsm,1982,82236
fsm,1983,84698
fsm,1984,87196
fsm,1985,89721
fsm,1986,92275
fsm,1987,94860
fsm,1988,97110
fsm,1989,99018
fsm,1990,100904
fsm,1991,102764
fsm,1992,104823
fsm,1993,107082
fsm,1994,109090
fsm,1995,110244
fsm,1996,110723
fsm,1997,111088
fsm,1998,111394
fsm,1999,111693
fsm,2000,112067
fsm,2001,112378
fsm,2002,112464
fsm,2003,112298
fsm,2004,111939
fsm,2005,111420
fsm,2006,110739
fsm,2007,109896
fsm,2008,108947
fsm,2009,107968
fsm,2010,107559
fsm,2011,107712
fsm,2012,107908
fsm,2013,108133
fsm,2014,108407
fsm,2015,108727
fsm,2016,109088
fsm,2017,109495
fsm,2018,109925
fsm,2019,110293
fsm,2020,110930
fsm,2021,111635
fsm,2022,112122
fsm,2023,112646
gab,1800,158227
gab,1801,158227
gab,1802,158227
gab,1803,158227
gab,1804,158227
gab,1805,158227
gab,1806,158227
gab,1807,158227
gab,1808,158227
gab,1809,158227
gab,1810,158227
gab,1811,158227
gab,1812,158227
gab,1813,158227
gab,1814,158227
gab,1815,158227
gab,1816,158227
gab,1817,158227
gab,1818,158227
gab,1819,158900
gab,1820,160259
gab,1821,162321
gab,1822,165099
gab,1823,168608
gab,1824,172192
gab,1825,175853
gab,1826,179591
gab,1827,183409
gab,1828,187308
gab,1829,191289
gab,1830,195356
gab,1831,199508
gab,1832,203750
gab,1833,208081
gab,1834,212504
gab,1835,217021
gab,1836,221635
gab,1837,226346
gab,1838,231158
gab,1839,236072
gab,1840,241090
gab,1841,246215
gab,1842,251449
gab,1843,256794
gab,1844,262253
gab,1845,267828
gab,1846,273521
gab,1847,279336
gab,1848,285274
gab,1849,290431
gab,1850,294784
gab,1851,298381
gab,1852,301131
gab,1853,303009
gab,1854,304898
gab,1855,306799
gab,1856,308712
gab,1857,310637
gab,1858,312574
gab,1859,314523
gab,1860,316484
gab,1861,318458
gab,1862,320443
gab,1863,322441
gab,1864,324452
gab,1865,326475
gab,1866,328510
gab,1867,330558
gab,1868,332619
gab,1869,334760
gab,1870,336983
gab,1871,339287
gab,1872,341675
gab,1873,344147
gab,1874,346636
gab,1875,349144
gab,1876,351670
gab,1877,354214
gab,1878,356777
gab,1879,359358
gab,1880,361958
gab,1881,364576
gab,1882,367214
gab,1883,369870
gab,1884,372546
gab,1885,375241
gab,1886,377955
gab,1887,380689
gab,1888,383443
gab,1889,385284
gab,1890,386208
gab,1891,386214
gab,1892,385300
gab,1893,383463
gab,1894,381634
gab,1895,379814
gab,1896,378002
gab,1897,376199
gab,1898,374405
gab,1899,372249
gab,1900,369735
gab,1901,366870
gab,1902,363658
gab,1903,360105
gab,1904,356586
gab,1905,353102
gab,1906,349652
gab,1907,346236
gab,1908,342853
gab,1909,339771
gab,1910,336988
gab,1911,334497
gab,1912,332295
gab,1913,330377
gab,1914,328471
gab,1915,326576
gab,1916,324691
gab,1917,322817
gab,1918,320880
gab,1919,320160
gab,1920,320664
gab,1921,322401
gab,1922,325381
gab,1923,329610
gab,1924,333895
gab,1925,338236
gab,1926,342633
gab,1927,347087
gab,1928,351599
gab,1929,356098
gab,1930,360582
gab,1931,365051
gab,1932,369503
gab,1933,373937
gab,1934,378424
gab,1935,382965
gab,1936,387561
gab,1937,392211
gab,1938,396918
gab,1939,402006
gab,1940,407486
gab,1941,413366
gab,1942,419659
gab,1943,426374
gab,1944,433196
gab,1945,440127
gab,1946,447169
gab,1947,454323
gab,1948,461593
gab,1949,467794
gab,1950,472843
gab,1951,475640
gab,1952,478588
gab,1953,481760
gab,1954,485163
gab,1955,488818
gab,1956,492790
gab,1957,497074
gab,1958,501738
gab,1959,506813
gab,1960,512324
gab,1961,518275
gab,1962,524656
gab,1963,531459
gab,1964,538665
gab,1965,546320
gab,1966,554471
gab,1967,563114
gab,1968,572267
gab,1969,583284
gab,1970,595856
gab,1971,608355
gab,1972,620968
gab,1973,634003
gab,1974,647699
gab,1975,662205
gab,1976,677631
gab,1977,693994
gab,1978,711250
gab,1979,729380
gab,1980,748395
gab,1981,768394
gab,1982,789291
gab,1983,811007
gab,1984,833501
gab,1985,856737
gab,1986,880706
gab,1987,905481
gab,1988,931023
gab,1989,957147
gab,1990,983740
gab,1991,1010821
gab,1992,1038386
gab,1993,1066404
gab,1994,1094724
gab,1995,1123212
gab,1996,1152018
gab,1997,1181445
gab,1998,1211744
gab,1999,1243023
gab,2000,1275578
gab,2001,1309594
gab,2002,1345142
gab,2003,1382354
gab,2004,1421620
gab,2005,1463503
gab,2006,1508338
gab,2007,1556242
gab,2008,1607182
gab,2009,1661567
gab,2010,1719883
gab,2011,1781987
gab,2012,1846893
gab,2013,1913061
gab,2014,1978400
gab,2015,2040990
gab,2016,2100310
gab,2017,2156902
gab,2018,2212320
gab,2019,2267711
gab,2020,2322538
gab,2021,2376729
gab,2022,2430750
gab,2023,2484790
gbr,1800,10750000
gbr,1801,10866183
gbr,1802,10983623
gbr,1803,11102331
gbr,1804,11222322
gbr,1805,11343611
gbr,1806,11466210
gbr,1807,11590134
gbr,1808,11715397
gbr,1809,11842014
gbr,1810,12325700
gbr,1811,12826009
gbr,1812,13468809
gbr,1813,14263733
gbr,1814,15105572
gbr,1815,15997097
gbr,1816,16941239
gbr,1817,17941104
gbr,1818,18999980
gbr,1819,19925365
gbr,1820,20706854
gbr,1821,21333398
gbr,1822,21793262
gbr,1823,22073986
gbr,1824,22358326
gbr,1825,22646329
gbr,1826,22938041
gbr,1827,23233511
gbr,1828,23532788
gbr,1829,23823479
gbr,1830,24105348
gbr,1831,24378150
gbr,1832,24641639
gbr,1833,24895561
gbr,1834,25152100
gbr,1835,25411282
gbr,1836,25673136
gbr,1837,25937687
gbr,1838,26204965
gbr,1839,26428534
gbr,1840,26607869
gbr,1841,26742439
gbr,1842,26831707
gbr,1843,26875131
gbr,1844,26918625
gbr,1845,26962189
gbr,1846,27005824
gbr,1847,27049530
gbr,1848,27093306
gbr,1849,27161567
gbr,1850,27254502
gbr,1851,27371581
gbr,1852,27513708
gbr,1853,27681073
gbr,1854,27849455
gbr,1855,28018862
gbr,1856,28189300
gbr,1857,28360774
gbr,1858,28533291
gbr,1859,28719933
gbr,1860,28920894
gbr,1861,29136372
gbr,1862,29366564
gbr,1863,29611672
gbr,1864,29858827
gbr,1865,30108044
gbr,1866,30359341
gbr,1867,30612735
gbr,1868,30868245
gbr,1869,31134963
gbr,1870,31413071
gbr,1871,31702755
gbr,1872,32004200
gbr,1873,32317597
gbr,1874,32634063
gbr,1875,32953628
gbr,1876,33276322
gbr,1877,33602176
gbr,1878,33931221
gbr,1879,34250722
gbr,1880,34560483
gbr,1881,34860309
gbr,1882,35149998
gbr,1883,35429349
gbr,1884,35710919
gbr,1885,35994727
gbr,1886,36280791
gbr,1887,36569128
gbr,1888,36859757
gbr,1889,37163257
gbr,1890,37479831
gbr,1891,37809681
gbr,1892,38153013
gbr,1893,38510036
gbr,1894,38870400
gbr,1895,39234136
gbr,1896,39601276
gbr,1897,39971851
gbr,1898,40345894
gbr,1899,40718496
gbr,1900,41089602
gbr,1901,41459153
gbr,1902,41827091
gbr,1903,42193357
gbr,1904,42562831
gbr,1905,42935539
gbr,1906,43311511
gbr,1907,43690776
gbr,1908,44073361
gbr,1909,44417852
gbr,1910,44723743
gbr,1911,44990527
gbr,1912,45217688
gbr,1913,45404707
gbr,1914,45592500
gbr,1915,45781070
gbr,1916,45970420
gbr,1917,46160552
gbr,1918,46352692
gbr,1919,46487478
gbr,1920,46564792
gbr,1921,46584515
gbr,1922,46546526
gbr,1923,46450703
gbr,1924,46355077
gbr,1925,46259648
gbr,1926,46164416
gbr,1927,46069379
gbr,1928,45974538
gbr,1929,45944804
gbr,1930,45980369
gbr,1931,46081427
gbr,1932,46248173
gbr,1933,46480802
gbr,1934,46714602
gbr,1935,46949578
gbr,1936,47185735
gbr,1937,47423081
gbr,1938,47661620
gbr,1939,47890226
gbr,1940,48108804
gbr,1941,48317261
gbr,1942,48515502
gbr,1943,48703433
gbr,1944,48892093
gbr,1945,49081483
gbr,1946,49271606
gbr,1947,49462466
gbr,1948,49654066
gbr,1949,49851583
gbr,1950,50121020
gbr,1951,50346821
gbr,1952,50496231
gbr,1953,50727035
gbr,1954,50958246
gbr,1955,51176749
gbr,1956,51400458
gbr,1957,51655911
gbr,1958,51935640
gbr,1959,52226466
gbr,1960,52538548
gbr,1961,52884952
gbr,1962,53272836
gbr,1963,53652939
gbr,1964,54009130
gbr,1965,54359022
gbr,1966,54676346
gbr,1967,54973661
gbr,1968,55240654
gbr,1969,55456208
gbr,1970,55663801
gbr,1971,55890372
gbr,1972,56079239
gbr,1973,56188787
gbr,1974,56224550
gbr,1975,56220139
gbr,1976,56201143
gbr,1977,56175829
gbr,1978,56175553
gbr,1979,56218759
gbr,1980,56282102
gbr,1981,56304590
gbr,1982,56292761
gbr,1983,56332060
gbr,1984,56451312
gbr,1985,56606416
gbr,1986,56751926
gbr,1987,56886021
gbr,1988,57026539
gbr,1989,57182137
gbr,1990,57367867
gbr,1991,57555199
gbr,1992,57719273
gbr,1993,57861037
gbr,1994,58003200
gbr,1995,58154632
gbr,1996,58298563
gbr,1997,58447091
gbr,1998,58626822
gbr,1999,58838663
gbr,2000,59057333
gbr,2001,59288095
gbr,2002,59540764
gbr,2003,59820385
gbr,2004,60169964
gbr,2005,60596107
gbr,2006,61051093
gbr,2007,61535859
gbr,2008,62027303
gbr,2009,62506222
gbr,2010,63006482
gbr,2011,63509285
gbr,2012,63960488
gbr,2013,64389386
gbr,2014,64865914
gbr,2015,65382107
gbr,2016,65893359
gbr,2017,66354473
gbr,2018,66752473
gbr,2019,67110958
gbr,2020,67351860
gbr,2021,67668788
gbr,2022,68179315
gbr,2023,68682965
geo,1800,1072178
geo,1801,1072178
geo,1802,1072178
geo,1803,1072178
geo,1804,1072178
geo,1805,1072178
geo,1806,1072178
geo,1807,1072178
geo,1808,1072178
geo,1809,1072178
geo,1810,1072178
geo,1811,1072178
geo,1812,1072178
geo,1813,1072178
geo,1814,1072178
geo,1815,1072178
geo,1816,1072178
geo,1817,1072178
geo,1818,1072178
geo,1819,1074146
geo,1820,1078099
geo,1821,1084057
geo,1822,1092037
geo,1823,1102059
geo,1824,1112172
geo,1825,1122378
geo,1826,1132677
geo,1827,1143071
geo,1828,1153561
geo,1829,1164147
geo,1830,1174830
geo,1831,1185611
geo,1832,1196490
geo,1833,1207470
geo,1834,1218551
geo,1835,1229733
geo,1836,1241018
geo,1837,1252406
geo,1838,1263899
geo,1839,1275497
geo,1840,1287202
geo,1841,1299014
geo,1842,1310934
geo,1843,1322964
geo,1844,1335105
geo,1845,1347356
geo,1846,1359721
geo,1847,1372198
geo,1848,1384790
geo,1849,1397498
geo,1850,1410322
geo,1851,1423177
geo,1852,1436149
geo,1853,1449239
geo,1854,1462448
geo,1855,1475778
geo,1856,1489229
geo,1857,1502803
geo,1858,1516501
geo,1859,1530323
geo,1860,1544271
geo,1861,1558347
geo,1862,1572551
geo,1863,1586884
geo,1864,1601348
geo,1865,1615943
geo,1866,1630672
geo,1867,1645535
geo,1868,1660534
geo,1869,1675669
geo,1870,1690942
geo,1871,1706354
geo,1872,1721907
geo,1873,1737601
geo,1874,1753439
geo,1875,1769421
geo,1876,1785548
geo,1877,1801823
geo,1878,1818246
geo,1879,1834818
geo,1880,1851542
geo,1881,1868418
geo,1882,1885448
geo,1883,1902633
geo,1884,1919974
geo,1885,1937474
geo,1886,1955133
geo,1887,1972954
geo,1888,1990936
geo,1889,2009083
geo,1890,2027394
geo,1891,2045873
geo,1892,2064520
geo,1893,2083338
geo,1894,2102326
geo,1895,2121488
geo,1896,2140824
geo,1897,2160337
geo,1898,2180027
geo,1899,2199897
geo,1900,2219948
geo,1901,2240182
geo,1902,2260600
geo,1903,2281204
geo,1904,2301996
geo,1905,2322978
geo,1906,2344150
geo,1907,2365516
geo,1908,2387076
geo,1909,2408833
geo,1910,2430789
geo,1911,2452944
geo,1912,2475301
geo,1913,2497862
geo,1914,2520629
geo,1915,2543603
geo,1916,2566787
geo,1917,2590181
geo,1918,2613950
geo,1919,2637938
geo,1920,2662145
geo,1921,2686574
geo,1922,2711228
geo,1923,2736108
geo,1924,2761216
geo,1925,2786555
geo,1926,2812126
geo,1927,2837932
geo,1928,2863974
geo,1929,2890256
geo,1930,2916778
geo,1931,2943545
geo,1932,2970556
geo,1933,2997816
geo,1934,3025326
geo,1935,3053088
geo,1936,3081105
geo,1937,3109379
geo,1938,3137913
geo,1939,3166708
geo,1940,3195768
geo,1941,3225094
geo,1942,3254689
geo,1943,3284556
geo,1944,3314698
geo,1945,3345115
geo,1946,3375812
geo,1947,3406791
geo,1948,3438053
geo,1949,3474832
geo,1950,3497447
geo,1951,3541240
geo,1952,3586787
geo,1953,3633971
geo,1954,3682725
geo,1955,3734031
geo,1956,3789583
geo,1957,3849537
geo,1958,3913631
geo,1959,3981697
geo,1960,4053800
geo,1961,4129030
geo,1962,4205705
geo,1963,4282796
geo,1964,4358325
geo,1965,4429323
geo,1966,4503023
geo,1967,4582954
geo,1968,4663584
geo,1969,4743027
geo,1970,4804060
geo,1971,4843142
geo,1972,4877271
geo,1973,4911012
geo,1974,4944639
geo,1975,4979408
geo,1976,5015923
geo,1977,5053556
geo,1978,5091795
geo,1979,5128680
geo,1980,5165546
geo,1981,5205035
geo,1982,5246476
geo,1983,5290185
geo,1984,5334255
geo,1985,5376897
geo,1986,5419131
geo,1987,5461017
geo,1988,5500241
geo,1989,5499644
geo,1990,5448865
geo,1991,5379509
geo,1992,5294186
geo,1993,5178784
geo,1994,5046267
geo,1995,4925742
geo,1996,4812774
geo,1997,4695359
geo,1998,4576447
geo,1999,4455581
geo,2000,4328361
geo,2001,4209641
geo,2002,4127854
geo,2003,4085489
geo,2004,4056076
geo,2005,4026135
geo,2006,3996584
geo,2007,3967592
geo,2008,3941192
geo,2009,3918935
geo,2010,3895932
geo,2011,3868724
geo,2012,3839208
geo,2013,3809128
geo,2014,3792921
geo,2015,3791570
geo,2016,3792061
geo,2017,3792860
geo,2018,3794881
geo,2019,3796722
geo,2020,3795680
geo,2021,3788450
geo,2022,3794782
geo,2023,3807494
ggy,1800,19490
ggy,1820,19490
ggy,1950,44969
ggy,1951,45850
ggy,1952,46117
ggy,1953,46231
ggy,1954,46335
ggy,1955,46418
ggy,1956,46517
ggy,1957,46683
ggy,1958,46843
ggy,1959,47005
ggy,1960,47191
ggy,1961,47502
ggy,1962,48016
ggy,1963,48644
ggy,1964,49312
ggy,1965,49996
ggy,1966,50676
ggy,1967,51387
ggy,1968,52137
ggy,1969,52884
ggy,1970,53658
ggy,1971,54181
ggy,1972,54307
ggy,1973,54329
ggy,1974,54351
ggy,1975,54297
ggy,1976,54218
ggy,1977,54163
ggy,1978,54110
ggy,1979,54045
ggy,1980,53956
ggy,1981,54055
ggy,1982,54374
ggy,1983,54778
ggy,1984,55238
ggy,1985,55724
ggy,1986,56265
ggy,1987,56873
ggy,1988,57523
ggy,1989,58212
ggy,1990,58921
ggy,1991,59404
ggy,1992,59534
ggy,1993,59524
ggy,1994,59487
ggy,1995,59403
ggy,1996,59415
ggy,1997,59580
ggy,1998,59802
ggy,1999,60048
ggy,2000,60295
ggy,2001,60484
ggy,2002,60611
ggy,2003,60704
ggy,2004,60806
ggy,2005,60897
ggy,2006,61015
ggy,2007,61126
ggy,2008,61255
ggy,2009,61390
ggy,2010,61539
ggy,2011,61699
ggy,2012,61881
ggy,2013,62045
ggy,2014,62188
ggy,2015,62259
ggy,2016,62216
ggy,2017,62214
ggy,2018,62458
ggy,2019,62808
ggy,2020,63128
ggy,2021,63436
ggy,2022,63750
ggy,2023,64043
gha,1800,2016034
gha,1801,2016034
gha,1802,2016034
gha,1803,2016034
gha,1804,2016034
gha,1805,2016034
gha,1806,2016034
gha,1807,2016034
gha,1808,2016034
gha,1809,2016034
gha,1810,2016034
gha,1811,2016034
gha,1812,2016034
gha,1813,2016034
gha,1814,2016034
gha,1815,2016034
gha,1816,2016034
gha,1817,2016034
gha,1818,2016034
gha,1819,2015799
gha,1820,2015328
gha,1821,2014623
gha,1822,2013683
gha,1823,2012508
gha,1824,2011334
gha,1825,2010161
gha,1826,2008988
gha,1827,2007816
gha,1828,2006645
gha,1829,2005474
gha,1830,2004304
gha,1831,2003135
gha,1832,2001966
gha,1833,2000798
gha,1834,1999631
gha,1835,1998465
gha,1836,1997299
gha,1837,1996134
gha,1838,1994969
gha,1839,1993805
gha,1840,1992642
gha,1841,1991480
gha,1842,1990318
gha,1843,1989157
gha,1844,1987996
gha,1845,1986836
gha,1846,1985677
gha,1847,1984519
gha,1848,1983361
gha,1849,1984621
gha,1850,1988311
gha,1851,1993265
gha,1852,2000662
gha,1853,2010511
gha,1854,2020407
gha,1855,2030351
gha,1856,2040344
gha,1857,2050385
gha,1858,2060475
gha,1859,2070617
gha,1860,2080811
gha,1861,2091057
gha,1862,2101356
gha,1863,2111709
gha,1864,2122111
gha,1865,2132564
gha,1866,2143067
gha,1867,2153622
gha,1868,2164228
gha,1869,2175427
gha,1870,2187227
gha,1871,2199633
gha,1872,2212651
gha,1873,2226287
gha,1874,2240006
gha,1875,2253809
gha,1876,2267696
gha,1877,2281667
gha,1878,2295724
gha,1879,2310492
gha,1880,2325978
gha,1881,2342192
gha,1882,2359143
gha,1883,2376839
gha,1884,2394667
gha,1885,2412628
gha,1886,2430722
gha,1887,2448952
gha,1888,2467317
gha,1889,2486169
gha,1890,2505515
gha,1891,2525359
gha,1892,2545710
gha,1893,2566573
gha,1894,2587606
gha,1895,2608810
gha,1896,2630187
gha,1897,2651739
gha,1898,2673465
gha,1899,2695371
gha,1900,2717458
gha,1901,2739726
gha,1902,2762177
gha,1903,2784813
gha,1904,2807634
gha,1905,2830640
gha,1906,2853834
gha,1907,2877217
gha,1908,2900791
gha,1909,2923698
gha,1910,2945929
gha,1911,2967472
gha,1912,2988317
gha,1913,3008451
gha,1914,3028721
gha,1915,3049125
gha,1916,3069666
gha,1917,3090344
gha,1918,3113075
gha,1919,3140802
gha,1920,3173635
gha,1921,3211686
gha,1922,3255066
gha,1923,3303892
gha,1924,3353451
gha,1925,3403752
gha,1926,3454809
gha,1927,3506631
gha,1928,3559230
gha,1929,3611885
gha,1930,3664587
gha,1931,3717325
gha,1932,3770090
gha,1933,3822871
gha,1934,3876392
gha,1935,3930661
gha,1936,3985690
gha,1937,4041490
gha,1938,4098071
gha,1939,4158814
gha,1940,4223839
gha,1941,4293266
gha,1942,4367222
gha,1943,4445832
gha,1944,4525856
gha,1945,4607322
gha,1946,4690254
gha,1947,4774678
gha,1948,4860622
gha,1949,4961368
gha,1950,5080664
gha,1951,5229134
gha,1952,5387494
gha,1953,5553969
gha,1954,5729430
gha,1955,5914933
gha,1956,6109604
gha,1957,6312498
gha,1958,6520157
gha,1959,6735545
gha,1960,6961216
gha,1961,7162672
gha,1962,7337378
gha,1963,7514721
gha,1964,7695744
gha,1965,7882609
gha,1966,8074529
gha,1967,8271924
gha,1968,8475734
gha,1969,8690384
gha,1970,8925813
gha,1971,9176264
gha,1972,9438189
gha,1973,9714615
gha,1974,10000528
gha,1975,10294312
gha,1976,10594918
gha,1977,10911869
gha,1978,11248453
gha,1979,11597251
gha,1980,11941451
gha,1981,12281722
gha,1982,12643820
gha,1983,13029841
gha,1984,13370591
gha,1985,13661237
gha,1986,13965221
gha,1987,14289110
gha,1988,14636577
gha,1989,15006814
gha,1990,15394650
gha,1991,15787495
gha,1992,16184863
gha,1993,16589521
gha,1994,16993190
gha,1995,17399023
gha,1996,17810184
gha,1997,18238961
gha,1998,18688041
gha,1999,19149875
gha,2000,19637085
gha,2001,20167073
gha,2002,20729392
gha,2003,21296710
gha,2004,21868298
gha,2005,22449446
gha,2006,23040704
gha,2007,23642284
gha,2008,24249945
gha,2009,24862667
gha,2010,25475000
gha,2011,26095091
gha,2012,26734273
gha,2013,27386193
gha,2014,28041592
gha,2015,28696071
gha,2016,29356736
gha,2017,30008364
gha,2018,30637592
gha,2019,31258943
gha,2020,31887802
gha,2021,32518662
gha,2022,33149152
gha,2023,33787916
gib,1800,9873
gib,1820,9873
gib,1950,21680
gib,1951,21487
gib,1952,21496
gib,1953,21624
gib,1954,21726
gib,1955,21808
gib,1956,21869
gib,1957,21908
gib,1958,21906
gib,1959,21891
gib,1960,21861
gib,1961,21895
gib,1962,22218
gib,1963,22772
gib,1964,23338
gib,1965,23897
gib,1966,24468
gib,1967,25042
gib,1968,25601
gib,1969,26145
gib,1970,26657
gib,1971,27044
gib,1972,27312
gib,1973,27559
gib,1974,27775
gib,1975,27973
gib,1976,28158
gib,1977,28323
gib,1978,28470
gib,1979,28599
gib,1980,28698
gib,1981,28764
gib,1982,28792
gib,1983,28754
gib,1984,28668
gib,1985,28538
gib,1986,28352
gib,1987,28116
gib,1988,27862
gib,1989,27568
gib,1990,27223
gib,1991,26921
gib,1992,26900
gib,1993,27098
gib,1994,27265
gib,1995,27402
gib,1996,27513
gib,1997,27611
gib,1998,27676
gib,1999,27719
gib,2000,27734
gib,2001,27685
gib,2002,27850
gib,2003,28301
gib,2004,28741
gib,2005,29191
gib,2006,29620
gib,2007,30032
gib,2008,30431
gib,2009,30847
gib,2010,31271
gib,2011,31685
gib,2012,32054
gib,2013,32429
gib,2014,32836
gib,2015,33214
gib,2016,33682
gib,2017,34267
gib,2018,34883
gib,2019,35518
gib,2020,36198
gib,2021,36881
gib,2022,37631
gib,2023,38493
gin,1800,983959
gin,1801,983959
gin,1802,983959
gin,1803,983959
gin,1804,983959
gin,1805,983959
gin,1806,983959
gin,1807,983959
gin,1808,983959
gin,1809,983959
gin,1810,983959
gin,1811,983959
gin,1812,983959
gin,1813,983959
gin,1814,983959
gin,1815,983959
gin,1816,983959
gin,1817,983959
gin,1818,983959
gin,1819,984251
gin,1820,984835
gin,1821,985711
gin,1822,986881
gin,1823,988344
gin,1824,989809
gin,1825,991277
gin,1826,992746
gin,1827,994218
gin,1828,995692
gin,1829,997168
gin,1830,998646
gin,1831,1000127
gin,1832,1001609
gin,1833,1003094
gin,1834,1004581
gin,1835,1006071
gin,1836,1007562
gin,1837,1009056
gin,1838,1010552
gin,1839,1012050
gin,1840,1013551
gin,1841,1015053
gin,1842,1016558
gin,1843,1018065
gin,1844,1019574
gin,1845,1021086
gin,1846,1022600
gin,1847,1024116
gin,1848,1025634
gin,1849,1027878
gin,1850,1030853
gin,1851,1036711
gin,1852,1043328
gin,1853,1050713
gin,1854,1058146
gin,1855,1065626
gin,1856,1073155
gin,1857,1080733
gin,1858,1088359
gin,1859,1096256
gin,1860,1104425
gin,1861,1112873
gin,1862,1121602
gin,1863,1130617
gin,1864,1139701
gin,1865,1148852
gin,1866,1158072
gin,1867,1167362
gin,1868,1176721
gin,1869,1186390
gin,1870,1196372
gin,1871,1206673
gin,1872,1217299
gin,1873,1228254
gin,1874,1239303
gin,1875,1250447
gin,1876,1261685
gin,1877,1273020
gin,1878,1284452
gin,1879,1295981
gin,1880,1307609
gin,1881,1319336
gin,1882,1331163
gin,1883,1343091
gin,1884,1355121
gin,1885,1367253
gin,1886,1379489
gin,1887,1391829
gin,1888,1404275
gin,1889,1416256
gin,1890,1427762
gin,1891,1438786
gin,1892,1449317
gin,1893,1459345
gin,1894,1469437
gin,1895,1479594
gin,1896,1489816
gin,1897,1500102
gin,1898,1510455
gin,1899,1521485
gin,1900,1533203
gin,1901,1545622
gin,1902,1558751
gin,1903,1572604
gin,1904,1586575
gin,1905,1600664
gin,1906,1614872
gin,1907,1629201
gin,1908,1643652
gin,1909,1658559
gin,1910,1673930
gin,1911,1689773
gin,1912,1706097
gin,1913,1722909
gin,1914,1739881
gin,1915,1757015
gin,1916,1774311
gin,1917,1791771
gin,1918,1806105
gin,1919,1823857
gin,1920,1845110
gin,1921,1869949
gin,1922,1898462
gin,1923,1930736
gin,1924,1963558
gin,1925,1996939
gin,1926,2030887
gin,1927,2065412
gin,1928,2100524
gin,1929,2134930
gin,1930,2168599
gin,1931,2201501
gin,1932,2233603
gin,1933,2264874
gin,1934,2296582
gin,1935,2328734
gin,1936,2361336
gin,1937,2394395
gin,1938,2427916
gin,1939,2463904
gin,1940,2502427
gin,1941,2543560
gin,1942,2587375
gin,1943,2633948
gin,1944,2681359
gin,1945,2729623
gin,1946,2778757
gin,1947,2828774
gin,1948,2879692
gin,1949,2931284
gin,1950,3013177
gin,1951,3061981
gin,1952,3111689
gin,1953,3162520
gin,1954,3214564
gin,1955,3267862
gin,1956,3322503
gin,1957,3378657
gin,1958,3436437
gin,1959,3495776
gin,1960,3556756
gin,1961,3619554
gin,1962,3684278
gin,1963,3750961
gin,1964,3819729
gin,1965,3890724
gin,1966,3964159
gin,1967,4040156
gin,1968,4118553
gin,1969,4198302
gin,1970,4277540
gin,1971,4355205
gin,1972,4431293
gin,1973,4506326
gin,1974,4580513
gin,1975,4653877
gin,1976,4727031
gin,1977,4801129
gin,1978,4877853
gin,1979,4959287
gin,1980,5047423
gin,1981,5143296
gin,1982,5247672
gin,1983,5359815
gin,1984,5480098
gin,1985,5610369
gin,1986,5750669
gin,1987,5900199
gin,1988,6056575
gin,1989,6215816
gin,1990,6434383
gin,1991,6697167
gin,1992,6914370
gin,1993,7128174
gin,1994,7345106
gin,1995,7553252
gin,1996,7770035
gin,1997,7931371
gin,1998,8081993
gin,1999,8265121
gin,2000,8428837
gin,2001,8539963
gin,2002,8674072
gin,2003,8870790
gin,2004,9062724
gin,2005,9245844
gin,2006,9441174
gin,2007,9662278
gin,2008,9898870
gin,2009,10143540
gin,2010,10396090
gin,2011,10656812
gin,2012,10921580
gin,2013,11191874
gin,2014,11472921
gin,2015,11767077
gin,2016,12073031
gin,2017,12385668
gin,2018,12704776
gin,2019,13034349
gin,2020,13371185
gin,2021,13710515
gin,2022,14055136
gin,2023,14405469
glp,1800,125723
glp,1810,136028
glp,1820,140562
glp,1830,145248
glp,1840,150089
glp,1850,155092
glp,1860,160262
glp,1870,165788
glp,1880,171505
glp,1890,177419
glp,1900,183537
glp,1910,189866
glp,1920,190246
glp,1930,190628
glp,1940,191010
glp,1950,215523
glp,1951,219574
glp,1952,225645
glp,1953,231981
glp,1954,238396
glp,1955,244795
glp,1956,251286
glp,1957,257978
glp,1958,264886
glp,1959,272044
glp,1960,279439
glp,1961,286403
glp,1962,292012
glp,1963,296544
glp,1964,300628
glp,1965,304581
glp,1966,308512
glp,1967,312159
glp,1968,314900
glp,1969,316750
glp,1970,318118
glp,1971,319086
glp,1972,319678
glp,1973,320008
glp,1974,320574
glp,1975,322469
glp,1976,325311
glp,1977,327718
glp,1978,329313
glp,1979,330398
glp,1980,331218
glp,1981,332515
glp,1982,335826
glp,1983,341393
glp,1984,347996
glp,1985,354895
glp,1986,361927
glp,1987,368959
glp,1988,376001
glp,1989,382812
glp,1990,388820
glp,1991,393787
glp,1992,398165
glp,1993,402324
glp,1994,406330
glp,1995,410191
glp,1996,413932
glp,1997,417595
glp,1998,420476
glp,1999,420943
glp,2000,419565
glp,2001,417844
glp,2002,415762
glp,2003,413418
glp,2004,410859
glp,2005,408085
glp,2006,407230
glp,2007,408303
glp,2008,408987
glp,2009,408998
glp,2010,408815
glp,2011,409063
glp,2012,409153
glp,2013,408367
glp,2014,406652
glp,2015,403950
glp,2016,404642
glp,2017,412701
glp,2018,415184
glp,2019,410266
glp,2020,407401
glp,2021,399157
glp,2022,384702
glp,2023,376518
gmb,1800,103274
gmb,1801,103274
gmb,1802,103274
gmb,1803,103274
gmb,1804,103274
gmb,1805,103274
gmb,1806,103274
gmb,1807,103274
gmb,1808,103274
gmb,1809,103274
gmb,1810,103274
gmb,1811,103274
gmb,1812,103274
gmb,1813,103274
gmb,1814,103274
gmb,1815,103274
gmb,1816,103274
gmb,1817,103274
gmb,1818,103274
gmb,1819,103330
gmb,1820,103443
gmb,1821,103613
gmb,1822,103839
gmb,1823,104122
gmb,1824,104406
gmb,1825,104691
gmb,1826,104976
gmb,1827,105263
gmb,1828,105550
gmb,1829,105838
gmb,1830,106126
gmb,1831,106416
gmb,1832,106706
gmb,1833,106997
gmb,1834,107289
gmb,1835,107581
gmb,1836,107875
gmb,1837,108169
gmb,1838,108464
gmb,1839,108760
gmb,1840,109057
gmb,1841,109354
gmb,1842,109652
gmb,1843,109951
gmb,1844,110251
gmb,1845,110552
gmb,1846,110853
gmb,1847,111156
gmb,1848,111459
gmb,1849,111836
gmb,1850,112288
gmb,1851,112886
gmb,1852,113561
gmb,1853,114313
gmb,1854,115070
gmb,1855,115832
gmb,1856,116599
gmb,1857,117371
gmb,1858,118148
gmb,1859,118931
gmb,1860,119718
gmb,1861,120511
gmb,1862,121309
gmb,1863,122112
gmb,1864,122920
gmb,1865,123733
gmb,1866,124552
gmb,1867,125377
gmb,1868,126206
gmb,1869,127118
gmb,1870,128114
gmb,1871,129194
gmb,1872,130360
gmb,1873,131614
gmb,1874,132880
gmb,1875,134157
gmb,1876,135448
gmb,1877,136750
gmb,1878,138065
gmb,1879,139393
gmb,1880,140733
gmb,1881,142086
gmb,1882,143452
gmb,1883,144831
gmb,1884,146224
gmb,1885,147629
gmb,1886,149049
gmb,1887,150481
gmb,1888,151928
gmb,1889,153326
gmb,1890,154676
gmb,1891,155975
gmb,1892,157223
gmb,1893,158420
gmb,1894,159625
gmb,1895,160839
gmb,1896,162063
gmb,1897,163296
gmb,1898,164538
gmb,1899,165790
gmb,1900,167051
gmb,1901,168322
gmb,1902,169602
gmb,1903,170892
gmb,1904,172191
gmb,1905,173501
gmb,1906,174820
gmb,1907,176150
gmb,1908,177489
gmb,1909,178802
gmb,1910,180090
gmb,1911,181350
gmb,1912,182583
gmb,1913,183788
gmb,1914,185001
gmb,1915,186222
gmb,1916,187452
gmb,1917,188689
gmb,1918,189821
gmb,1919,191306
gmb,1920,193150
gmb,1921,195362
gmb,1922,197949
gmb,1923,200918
gmb,1924,203932
gmb,1925,206991
gmb,1926,210096
gmb,1927,213247
gmb,1928,216446
gmb,1929,219648
gmb,1930,222853
gmb,1931,226060
gmb,1932,229269
gmb,1933,232478
gmb,1934,235733
gmb,1935,239033
gmb,1936,242380
gmb,1937,245773
gmb,1938,249214
gmb,1939,252908
gmb,1940,256862
gmb,1941,261084
gmb,1942,265582
gmb,1943,270362
gmb,1944,275229
gmb,1945,280183
gmb,1946,285226
gmb,1947,290360
gmb,1948,295587
gmb,1949,301058
gmb,1950,306745
gmb,1951,314501
gmb,1952,322644
gmb,1953,331095
gmb,1954,339818
gmb,1955,348799
gmb,1956,358040
gmb,1957,367552
gmb,1958,377378
gmb,1959,387547
gmb,1960,398071
gmb,1961,408937
gmb,1962,420171
gmb,1963,431766
gmb,1964,443693
gmb,1965,455960
gmb,1966,468524
gmb,1967,481598
gmb,1968,495278
gmb,1969,509443
gmb,1970,524115
gmb,1971,539394
gmb,1972,555380
gmb,1973,572006
gmb,1974,589093
gmb,1975,606829
gmb,1976,625678
gmb,1977,645781
gmb,1978,667107
gmb,1979,689783
gmb,1980,713921
gmb,1981,739132
gmb,1982,765759
gmb,1983,794528
gmb,1984,825634
gmb,1985,858879
gmb,1986,894019
gmb,1987,931102
gmb,1988,970162
gmb,1989,1011367
gmb,1990,1054703
gmb,1991,1099960
gmb,1992,1145583
gmb,1993,1188372
gmb,1994,1227233
gmb,1995,1264320
gmb,1996,1301421
gmb,1997,1338898
gmb,1998,1376994
gmb,1999,1415786
gmb,2000,1455095
gmb,2001,1495023
gmb,2002,1535700
gmb,2003,1577619
gmb,2004,1621309
gmb,2005,1667035
gmb,2006,1715285
gmb,2007,1765778
gmb,2008,1817859
gmb,2009,1871428
gmb,2010,1926634
gmb,2011,1983785
gmb,2012,2043097
gmb,2013,2103825
gmb,2014,2164535
gmb,2015,2224530
gmb,2016,2283775
gmb,2017,2342191
gmb,2018,2399633
gmb,2019,2456847
gmb,2020,2515744
gmb,2021,2576015
gmb,2022,2636472
gmb,2023,2697846
gnb,1800,218167
gnb,1801,218167
gnb,1802,218167
gnb,1803,218167
gnb,1804,218167
gnb,1805,218167
gnb,1806,218167
gnb,1807,218167
gnb,1808,218167
gnb,1809,218167
gnb,1810,218167
gnb,1811,218167
gnb,1812,218167
gnb,1813,218167
gnb,1814,218167
gnb,1815,218167
gnb,1816,218167
gnb,1817,218167
gnb,1818,218167
gnb,1819,218115
gnb,1820,218011
gnb,1821,217856
gnb,1822,217648
gnb,1823,217389
gnb,1824,217130
gnb,1825,216872
gnb,1826,216614
gnb,1827,216356
gnb,1828,216098
gnb,1829,215841
gnb,1830,215584
gnb,1831,215327
gnb,1832,215071
gnb,1833,214815
gnb,1834,214559
gnb,1835,214304
gnb,1836,214048
gnb,1837,213794
gnb,1838,213539
gnb,1839,213285
gnb,1840,213031
gnb,1841,212777
gnb,1842,212524
gnb,1843,212271
gnb,1844,212018
gnb,1845,211766
gnb,1846,211514
gnb,1847,211262
gnb,1848,211010
gnb,1849,210936
gnb,1850,211038
gnb,1851,211574
gnb,1852,212290
gnb,1853,213185
gnb,1854,214083
gnb,1855,214985
gnb,1856,215890
gnb,1857,216799
gnb,1858,217712
gnb,1859,218671
gnb,1860,219679
gnb,1861,220735
gnb,1862,221840
gnb,1863,222994
gnb,1864,224154
gnb,1865,225319
gnb,1866,226490
gnb,1867,227667
gnb,1868,228850
gnb,1869,230177
gnb,1870,231651
gnb,1871,233273
gnb,1872,235046
gnb,1873,236971
gnb,1874,238912
gnb,1875,240869
gnb,1876,242841
gnb,1877,244829
gnb,1878,246833
gnb,1879,248853
gnb,1880,250889
gnb,1881,252941
gnb,1882,255010
gnb,1883,257095
gnb,1884,259198
gnb,1885,261317
gnb,1886,263452
gnb,1887,265606
gnb,1888,267776
gnb,1889,269963
gnb,1890,272169
gnb,1891,274391
gnb,1892,276632
gnb,1893,278890
gnb,1894,281167
gnb,1895,283462
gnb,1896,285775
gnb,1897,288106
gnb,1898,290457
gnb,1899,292826
gnb,1900,295214
gnb,1901,297621
gnb,1902,300047
gnb,1903,302493
gnb,1904,304958
gnb,1905,307443
gnb,1906,309947
gnb,1907,312472
gnb,1908,315017
gnb,1909,317518
gnb,1910,319975
gnb,1911,322386
gnb,1912,324751
gnb,1913,327069
gnb,1914,329403
gnb,1915,331753
gnb,1916,334119
gnb,1917,336502
gnb,1918,338521
gnb,1919,341169
gnb,1920,344458
gnb,1921,348403
gnb,1922,353016
gnb,1923,358311
gnb,1924,363686
gnb,1925,369141
gnb,1926,374678
gnb,1927,380299
gnb,1928,386003
gnb,1929,391714
gnb,1930,397429
gnb,1931,403149
gnb,1932,408871
gnb,1933,414595
gnb,1934,420400
gnb,1935,426285
gnb,1936,432253
gnb,1937,438305
gnb,1938,444441
gnb,1939,451029
gnb,1940,458081
gnb,1941,465610
gnb,1942,473631
gnb,1943,482156
gnb,1944,490835
gnb,1945,499670
gnb,1946,508664
gnb,1947,517820
gnb,1948,527141
gnb,1949,535679
gnb,1950,543632
gnb,1951,549745
gnb,1952,553920
gnb,1953,557634
gnb,1954,560983
gnb,1955,564074
gnb,1956,566981
gnb,1957,569752
gnb,1958,572426
gnb,1959,575035
gnb,1960,577634
gnb,1961,582546
gnb,1962,589479
gnb,1963,594426
gnb,1964,588550
gnb,1965,575012
gnb,1966,566915
gnb,1967,569016
gnb,1968,578180
gnb,1969,581625
gnb,1970,584409
gnb,1971,586230
gnb,1972,586632
gnb,1973,592815
gnb,1974,613346
gnb,1975,650972
gnb,1976,694194
gnb,1977,741796
gnb,1978,791693
gnb,1979,819878
gnb,1980,829314
gnb,1981,842436
gnb,1982,855899
gnb,1983,869596
gnb,1984,883528
gnb,1985,897707
gnb,1986,912129
gnb,1987,926872
gnb,1988,942065
gnb,1989,957792
gnb,1990,973678
gnb,1991,994640
gnb,1992,1024365
gnb,1993,1058755
gnb,1994,1092037
gnb,1995,1119950
gnb,1996,1143544
gnb,1997,1165550
gnb,1998,1187478
gnb,1999,1210211
gnb,2000,1234747
gnb,2001,1261281
gnb,2002,1289317
gnb,2003,1318809
gnb,2004,1349569
gnb,2005,1381590
gnb,2006,1415315
gnb,2007,1450989
gnb,2008,1488059
gnb,2009,1526384
gnb,2010,1566352
gnb,2011,1608084
gnb,2012,1651425
gnb,2013,1695980
gnb,2014,1741126
gnb,2015,1786461
gnb,2016,1831898
gnb,2017,1877074
gnb,2018,1922167
gnb,2019,1967704
gnb,2020,2013259
gnb,2021,2058841
gnb,2022,2105535
gnb,2023,2153343
gnq,1800,80377
gnq,1801,80377
gnq,1802,80377
gnq,1803,80377
gnq,1804,80377
gnq,1805,80377
gnq,1806,80377
gnq,1807,80377
gnq,1808,80377
gnq,1809,80377
gnq,1810,80377
gnq,1811,80377
gnq,1812,80377
gnq,1813,80377
gnq,1814,80377
gnq,1815,80377
gnq,1816,80377
gnq,1817,80377
gnq,1818,80377
gnq,1819,80538
gnq,1820,80861
gnq,1821,81348
gnq,1822,82001
gnq,1823,82821
gnq,1824,83650
gnq,1825,84486
gnq,1826,85331
gnq,1827,86185
gnq,1828,87047
gnq,1829,87917
gnq,1830,88797
gnq,1831,89685
gnq,1832,90582
gnq,1833,91488
gnq,1834,92403
gnq,1835,93327
gnq,1836,94261
gnq,1837,95203
gnq,1838,96156
gnq,1839,97117
gnq,1840,98089
gnq,1841,99070
gnq,1842,100061
gnq,1843,101061
gnq,1844,102072
gnq,1845,103093
gnq,1846,104124
gnq,1847,105166
gnq,1848,106218
gnq,1849,107193
gnq,1850,108091
gnq,1851,108945
gnq,1852,109718
gnq,1853,110411
gnq,1854,111108
gnq,1855,111810
gnq,1856,112515
gnq,1857,113226
gnq,1858,113940
gnq,1859,114660
gnq,1860,115383
gnq,1861,116112
gnq,1862,116845
gnq,1863,117582
gnq,1864,118324
gnq,1865,119071
gnq,1866,119823
gnq,1867,120579
gnq,1868,121340
gnq,1869,122130
gnq,1870,122950
gnq,1871,123801
gnq,1872,124681
gnq,1873,125593
gnq,1874,126511
gnq,1875,127436
gnq,1876,128368
gnq,1877,129306
gnq,1878,130252
gnq,1879,131204
gnq,1880,132163
gnq,1881,133129
gnq,1882,134102
gnq,1883,135083
gnq,1884,136070
gnq,1885,137065
gnq,1886,138067
gnq,1887,139076
gnq,1888,140093
gnq,1889,140776
gnq,1890,141124
gnq,1891,141137
gnq,1892,140814
gnq,1893,140153
gnq,1894,139495
gnq,1895,138840
gnq,1896,138188
gnq,1897,137539
gnq,1898,136894
gnq,1899,136115
gnq,1900,135206
gnq,1901,134169
gnq,1902,133004
gnq,1903,131714
gnq,1904,130437
gnq,1905,129172
gnq,1906,127920
gnq,1907,126679
gnq,1908,125451
gnq,1909,124333
gnq,1910,123323
gnq,1911,122421
gnq,1912,121624
gnq,1913,120931
gnq,1914,120242
gnq,1915,119557
gnq,1916,118876
gnq,1917,118199
gnq,1918,117490
gnq,1919,117226
gnq,1920,117411
gnq,1921,118047
gnq,1922,119138
gnq,1923,120686
gnq,1924,122255
gnq,1925,123845
gnq,1926,125455
gnq,1927,127085
gnq,1928,128738
gnq,1929,130385
gnq,1930,132027
gnq,1931,133663
gnq,1932,135293
gnq,1933,136916
gnq,1934,138559
gnq,1935,140222
gnq,1936,141905
gnq,1937,143608
gnq,1938,145331
gnq,1939,148052
gnq,1940,151826
gnq,1941,156712
gnq,1942,162770
gnq,1943,170065
gnq,1944,177688
gnq,1945,185652
gnq,1946,193973
gnq,1947,202667
gnq,1948,211750
gnq,1949,219678
gnq,1950,226570
gnq,1951,230628
gnq,1952,234690
gnq,1953,238805
gnq,1954,242985
gnq,1955,247228
gnq,1956,251534
gnq,1957,255931
gnq,1958,260397
gnq,1959,265003
gnq,1960,269813
gnq,1961,274907
gnq,1962,280294
gnq,1963,285974
gnq,1964,291954
gnq,1965,298248
gnq,1966,304868
gnq,1967,311814
gnq,1968,318853
gnq,1969,322525
gnq,1970,320815
gnq,1971,315946
gnq,1972,309474
gnq,1973,302293
gnq,1974,294957
gnq,1975,287912
gnq,1976,281042
gnq,1977,276784
gnq,1978,276534
gnq,1979,279848
gnq,1980,288652
gnq,1981,303262
gnq,1982,322226
gnq,1983,343429
gnq,1984,364905
gnq,1985,385553
gnq,1986,404740
gnq,1987,422529
gnq,1988,439659
gnq,1989,456821
gnq,1990,474289
gnq,1991,492220
gnq,1992,510775
gnq,1993,530030
gnq,1994,550148
gnq,1995,571274
gnq,1996,593496
gnq,1997,616897
gnq,1998,641478
gnq,1999,667222
gnq,2000,703287
gnq,2001,749836
gnq,2002,797968
gnq,2003,847867
gnq,2004,899924
gnq,2005,947370
gnq,2006,990349
gnq,2007,1036053
gnq,2008,1084538
gnq,2009,1135683
gnq,2010,1189097
gnq,2011,1241843
gnq,2012,1293485
gnq,2013,1346220
gnq,2014,1399829
gnq,2015,1453925
gnq,2016,1508192
gnq,2017,1562401
gnq,2018,1616425
gnq,2019,1670184
gnq,2020,1716479
gnq,2021,1758796
gnq,2022,1803549
gnq,2023,1847556
grc,1800,2250000
grc,1801,2253060
grc,1802,2256124
grc,1803,2259193
grc,1804,2262266
grc,1805,2265342
grc,1806,2268423
grc,1807,2271509
grc,1808,2274598
grc,1809,2277692
grc,1810,2280794
grc,1811,2283896
grc,1812,2287002
grc,1813,2290112
grc,1814,2293227
grc,1815,2296346
grc,1816,2299469
grc,1817,2302596
grc,1818,2305728
grc,1819,2312494
grc,1820,2322933
grc,1821,2337084
grc,1822,2354985
grc,1823,2376676
grc,1824,2398567
grc,1825,2420660
grc,1826,2442956
grc,1827,2465457
grc,1828,2488166
grc,1829,2511078
grc,1830,2534195
grc,1831,2557520
grc,1832,2581053
grc,1833,2604797
grc,1834,2628759
grc,1835,2652941
grc,1836,2677347
grc,1837,2701976
grc,1838,2726832
grc,1839,2751930
grc,1840,2777272
grc,1841,2802859
grc,1842,2828696
grc,1843,2854783
grc,1844,2881111
grc,1845,2907682
grc,1846,2934497
grc,1847,2961561
grc,1848,2988873
grc,1849,3016425
grc,1850,3044219
grc,1851,3072720
grc,1852,3101474
grc,1853,3130486
grc,1854,3159768
grc,1855,3189325
grc,1856,3219158
grc,1857,3249270
grc,1858,3279663
grc,1859,3310359
grc,1860,3341361
grc,1861,3372671
grc,1862,3404292
grc,1863,3436229
grc,1864,3468464
grc,1865,3501002
grc,1866,3533846
grc,1867,3566997
grc,1868,3600459
grc,1869,3634972
grc,1870,3670555
grc,1871,3707223
grc,1872,3744997
grc,1873,3783894
grc,1874,3823195
grc,1875,3862904
grc,1876,3903025
grc,1877,3943563
grc,1878,3984522
grc,1879,4025888
grc,1880,4067664
grc,1881,4109855
grc,1882,4152465
grc,1883,4195498
grc,1884,4238976
grc,1885,4282905
grc,1886,4327290
grc,1887,4372134
grc,1888,4417442
grc,1889,4463233
grc,1890,4509512
grc,1891,4556282
grc,1892,4603551
grc,1893,4651322
grc,1894,4699590
grc,1895,4748357
grc,1896,4797631
grc,1897,4847416
grc,1898,4897718
grc,1899,4945307
grc,1900,4990133
grc,1901,5032141
grc,1902,5071280
grc,1903,5107496
grc,1904,5143970
grc,1905,5180704
grc,1906,5217700
grc,1907,5254961
grc,1908,5292488
grc,1909,5330209
grc,1910,5368127
grc,1911,5406242
grc,1912,5444555
grc,1913,5483067
grc,1914,5521851
grc,1915,5560909
grc,1916,5600243
grc,1917,5639856
grc,1918,5678901
grc,1919,5722766
grc,1920,5771532
grc,1921,5825284
grc,1922,5884107
grc,1923,5948086
grc,1924,6012762
grc,1925,6078140
grc,1926,6144230
grc,1927,6211038
grc,1928,6278572
grc,1929,6350526
grc,1930,6426998
grc,1931,6508088
grc,1932,6593900
grc,1933,6684536
grc,1934,6776418
grc,1935,6869563
grc,1936,6963989
grc,1937,7059712
grc,1938,7156751
grc,1939,7240587
grc,1940,7310983
grc,1941,7367696
grc,1942,7410484
grc,1943,7439097
grc,1944,7467821
grc,1945,7496655
grc,1946,7525601
grc,1947,7554659
grc,1948,7583829
grc,1949,7621936
grc,1950,7651080
grc,1951,7712877
grc,1952,7775541
grc,1953,7841269
grc,1954,7910864
grc,1955,7984712
grc,1956,8060991
grc,1957,8136981
grc,1958,8214992
grc,1959,8297715
grc,1960,8384484
grc,1961,8447008
grc,1962,8473374
grc,1963,8488371
grc,1964,8504000
grc,1965,8521368
grc,1966,8579991
grc,1967,8655153
grc,1968,8717916
grc,1969,8747069
grc,1970,8747778
grc,1971,8787031
grc,1972,8849379
grc,1973,8893404
grc,1974,8929111
grc,1975,9016969
grc,1976,9160211
grc,1977,9282025
grc,1978,9389966
grc,1979,9526008
grc,1980,9653419
grc,1981,9754398
grc,1982,9837470
grc,1983,9911493
grc,1984,9978779
grc,1985,10037038
grc,1986,10088766
grc,1987,10134533
grc,1988,10177007
grc,1989,10218041
grc,1990,10258494
grc,1991,10306645
grc,1992,10359895
grc,1993,10412752
grc,1994,10466266
grc,1995,10519233
grc,1996,10570083
grc,1997,10622327
grc,1998,10675411
grc,1999,10727953
grc,2000,10782638
grc,2001,10843166
grc,2002,10890287
grc,2003,10918467
grc,2004,10947369
grc,2005,10981340
grc,2006,11016107
grc,2007,11045737
grc,2008,11076874
grc,2009,11108067
grc,2010,11124666
grc,2011,11108838
grc,2012,11048291
grc,2013,10967534
grc,2014,10893169
grc,2015,10820902
grc,2016,10775506
grc,2017,10753532
grc,2018,10730846
grc,2019,10718581
grc,2020,10699370
grc,2021,10579561
grc,2022,10412481
grc,2023,10242910
grd,1800,29409
grd,1801,29409
grd,1802,29409
grd,1803,29409
grd,1804,29409
grd,1805,29409
grd,1806,29409
grd,1807,29409
grd,1808,29409
grd,1809,29409
grd,1810,29409
grd,1811,29409
grd,1812,29409
grd,1813,29409
grd,1814,29409
grd,1815,29409
grd,1816,29409
grd,1817,29409
grd,1818,29409
grd,1819,29432
grd,1820,29477
grd,1821,29545
grd,1822,29636
grd,1823,29750
grd,1824,29865
grd,1825,29980
grd,1826,30095
grd,1827,30211
grd,1828,30327
grd,1829,30444
grd,1830,30561
grd,1831,30678
grd,1832,30796
grd,1833,30915
grd,1834,31034
grd,1835,31153
grd,1836,31273
grd,1837,31393
grd,1838,31514
grd,1839,31635
grd,1840,31757
grd,1841,31879
grd,1842,32002
grd,1843,32125
grd,1844,32249
grd,1845,32373
grd,1846,32497
grd,1847,32622
grd,1848,32748
grd,1849,32828
grd,1850,32863
grd,1851,32851
grd,1852,32793
grd,1853,32690
grd,1854,32587
grd,1855,32485
grd,1856,32382
grd,1857,32281
grd,1858,32179
grd,1859,32208
grd,1860,32370
grd,1861,32667
grd,1862,33100
grd,1863,33671
grd,1864,34252
grd,1865,34843
grd,1866,35445
grd,1867,36057
grd,1868,36679
grd,1869,37257
grd,1870,37789
grd,1871,38274
grd,1872,38710
grd,1873,39097
grd,1874,39487
grd,1875,39881
grd,1876,40279
grd,1877,40682
grd,1878,41088
grd,1879,41611
grd,1880,42255
grd,1881,43024
grd,1882,43921
grd,1883,44952
grd,1884,46006
grd,1885,47086
grd,1886,48190
grd,1887,49321
grd,1888,50478
grd,1889,51598
grd,1890,52678
grd,1891,53717
grd,1892,54713
grd,1893,55663
grd,1894,56629
grd,1895,57612
grd,1896,58612
grd,1897,59630
grd,1898,60665
grd,1899,61577
grd,1900,62362
grd,1901,63018
grd,1902,63541
grd,1903,63929
grd,1904,64319
grd,1905,64712
grd,1906,65106
grd,1907,65504
grd,1908,65903
grd,1909,66203
grd,1910,66402
grd,1911,66500
grd,1912,66497
grd,1913,66393
grd,1914,66288
grd,1915,66184
grd,1916,66079
grd,1917,65975
grd,1918,65876
grd,1919,66035
grd,1920,66457
grd,1921,67145
grd,1922,68105
grd,1923,69340
grd,1924,70598
grd,1925,71879
grd,1926,73183
grd,1927,74511
grd,1928,75863
grd,1929,77160
grd,1930,78401
grd,1931,79583
grd,1932,80705
grd,1933,81764
grd,1934,82837
grd,1935,83924
grd,1936,85025
grd,1937,86141
grd,1938,87271
grd,1939,87876
grd,1940,87959
grd,1941,87521
grd,1942,86564
grd,1943,85091
grd,1944,83643
grd,1945,82220
grd,1946,80821
grd,1947,79446
grd,1948,78094
grd,1949,77285
grd,1950,77280
grd,1951,77952
grd,1952,78952
grd,1953,80229
grd,1954,81795
grd,1955,83657
grd,1956,85817
grd,1957,88168
grd,1958,90432
grd,1959,92449
grd,1960,94074
grd,1961,95347
grd,1962,96393
grd,1963,97212
grd,1964,97772
grd,1965,98081
grd,1966,98137
grd,1967,98079
grd,1968,98097
grd,1969,98220
grd,1970,98431
grd,1971,98659
grd,1972,98793
grd,1973,98723
grd,1974,98501
grd,1975,98144
grd,1976,97655
grd,1977,97031
grd,1978,96322
grd,1979,95507
grd,1980,94554
grd,1981,94066
grd,1982,94399
grd,1983,94963
grd,1984,95518
grd,1985,96124
grd,1986,96807
grd,1987,97537
grd,1988,98323
grd,1989,99133
grd,1990,99973
grd,1991,100806
grd,1992,101618
grd,1993,102398
grd,1994,103150
grd,1995,103890
grd,1996,104599
grd,1997,105309
grd,1998,106023
grd,1999,106744
grd,2000,107466
grd,2001,107998
grd,2002,108414
grd,2003,108895
grd,2004,109338
grd,2005,109744
grd,2006,110149
grd,2007,110532
grd,2008,110911
grd,2009,111266
grd,2010,111600
grd,2011,112093
grd,2012,112792
grd,2013,113499
grd,2014,114148
grd,2015,114691
grd,2016,115147
grd,2017,115448
grd,2018,115703
grd,2019,115995
grd,2020,116353
grd,2021,116696
grd,2022,116928
grd,2023,117094
grl,1800,3929
grl,1810,4420
grl,1820,4973
grl,1830,5595
grl,1840,6294
grl,1850,7081
grl,1860,7966
grl,1870,8962
grl,1880,10082
grl,1890,11343
grl,1900,12761
grl,1910,14356
grl,1920,16150
grl,1930,18169
grl,1940,20440
grl,1950,23231
grl,1951,23689
grl,1952,24194
grl,1953,24827
grl,1954,25518
grl,1955,26283
grl,1956,27199
grl,1957,28285
grl,1958,29457
grl,1959,30746
grl,1960,32123
grl,1961,33435
grl,1962,34667
grl,1963,35923
grl,1964,37225
grl,1965,38583
grl,1966,39990
grl,1967,41421
grl,1968,42801
grl,1969,44159
grl,1970,45485
grl,1971,46519
grl,1972,47279
grl,1973,48000
grl,1974,48647
grl,1975,49189
grl,1976,49612
grl,1977,49776
grl,1978,49771
grl,1979,49802
grl,1980,50130
grl,1981,50732
grl,1982,51354
grl,1983,51987
grl,1984,52632
grl,1985,53234
grl,1986,53759
grl,1987,54280
grl,1988,54819
grl,1989,55333
grl,1990,55650
grl,1991,55740
grl,1992,55769
grl,1993,55780
grl,1994,55766
grl,1995,55857
grl,1996,56020
grl,1997,56115
grl,1998,56175
grl,1999,56148
grl,2000,56228
grl,2001,56433
grl,2002,56617
grl,2003,56781
grl,2004,56926
grl,2005,56969
grl,2006,56901
grl,2007,56807
grl,2008,56683
grl,2009,56547
grl,2010,56634
grl,2011,56853
grl,2012,56797
grl,2013,56532
grl,2014,56195
grl,2015,56048
grl,2016,56082
grl,2017,56094
grl,2018,56100
grl,2019,56109
grl,2020,56105
grl,2021,56065
grl,2022,56014
grl,2023,55951
gtm,1800,462930
gtm,1801,468978
gtm,1802,475104
gtm,1803,481312
gtm,1804,487599
gtm,1805,493969
gtm,1806,500422
gtm,1807,506960
gtm,1808,513583
gtm,1809,520292
gtm,1810,528719
gtm,1811,535594
gtm,1812,542528
gtm,1813,549520
gtm,1814,556570
gtm,1815,563680
gtm,1816,570848
gtm,1817,578077
gtm,1818,585366
gtm,1819,592715
gtm,1820,600125
gtm,1821,602710
gtm,1822,605310
gtm,1823,610509
gtm,1824,615753
gtm,1825,621042
gtm,1826,626376
gtm,1827,631756
gtm,1828,637182
gtm,1829,642655
gtm,1830,648175
gtm,1831,653743
gtm,1832,659358
gtm,1833,665022
gtm,1834,670734
gtm,1835,676495
gtm,1836,682306
gtm,1837,688166
gtm,1838,694077
gtm,1839,701471
gtm,1840,710389
gtm,1841,720869
gtm,1842,732955
gtm,1843,746687
gtm,1844,760677
gtm,1845,774928
gtm,1846,789447
gtm,1847,804237
gtm,1848,819305
gtm,1849,833518
gtm,1850,846846
gtm,1851,859793
gtm,1852,871809
gtm,1853,882858
gtm,1854,894047
gtm,1855,905378
gtm,1856,916851
gtm,1857,928470
gtm,1858,940236
gtm,1859,952150
gtm,1860,964215
gtm,1861,976433
gtm,1862,988805
gtm,1863,1001333
gtm,1864,1014020
gtm,1865,1026867
gtm,1866,1039877
gtm,1867,1053051
gtm,1868,1066391
gtm,1869,1080038
gtm,1870,1093998
gtm,1871,1108275
gtm,1872,1122877
gtm,1873,1137810
gtm,1874,1152941
gtm,1875,1168272
gtm,1876,1183807
gtm,1877,1199548
gtm,1878,1215498
gtm,1879,1231193
gtm,1880,1246623
gtm,1881,1261780
gtm,1882,1276655
gtm,1883,1291237
gtm,1884,1305985
gtm,1885,1320900
gtm,1886,1335986
gtm,1887,1351244
gtm,1888,1366675
gtm,1889,1377923
gtm,1890,1384956
gtm,1891,1387741
gtm,1892,1386245
gtm,1893,1380434
gtm,1894,1374648
gtm,1895,1368885
gtm,1896,1363146
gtm,1897,1357430
gtm,1898,1351738
gtm,1899,1350127
gtm,1900,1352626
gtm,1901,1359267
gtm,1902,1370079
gtm,1903,1385093
gtm,1904,1400271
gtm,1905,1415615
gtm,1906,1431127
gtm,1907,1446808
gtm,1908,1462661
gtm,1909,1478681
gtm,1910,1494871
gtm,1911,1511231
gtm,1912,1527765
gtm,1913,1544473
gtm,1914,1561364
gtm,1915,1578439
gtm,1916,1595700
gtm,1917,1613149
gtm,1918,1629816
gtm,1919,1646676
gtm,1920,1663732
gtm,1921,1680986
gtm,1922,1698439
gtm,1923,1716095
gtm,1924,1733935
gtm,1925,1751960
gtm,1926,1770172
gtm,1927,1788574
gtm,1928,1807167
gtm,1929,1830208
gtm,1930,1857837
gtm,1931,1890197
gtm,1932,1927435
gtm,1933,1969700
gtm,1934,2012892
gtm,1935,2057031
gtm,1936,2102138
gtm,1937,2148235
gtm,1938,2195342
gtm,1939,2247378
gtm,1940,2304571
gtm,1941,2367154
gtm,1942,2435374
gtm,1943,2509481
gtm,1944,2585844
gtm,1945,2664531
gtm,1946,2745612
gtm,1947,2829160
gtm,1948,2915251
gtm,1949,3005430
gtm,1950,3097199
gtm,1951,3177369
gtm,1952,3261653
gtm,1953,3348816
gtm,1954,3439109
gtm,1955,3533311
gtm,1956,3631180
gtm,1957,3732743
gtm,1958,3837036
gtm,1959,3946497
gtm,1960,4063659
gtm,1961,4186205
gtm,1962,4312050
gtm,1963,4440271
gtm,1964,4571105
gtm,1965,4704973
gtm,1966,4840960
gtm,1967,4978867
gtm,1968,5118119
gtm,1969,5257088
gtm,1970,5396972
gtm,1971,5538359
gtm,1972,5682834
gtm,1973,5831640
gtm,1974,5981201
gtm,1975,6128733
gtm,1976,6262409
gtm,1977,6401516
gtm,1978,6561540
gtm,1979,6727798
gtm,1980,6900215
gtm,1981,7075648
gtm,1982,7240249
gtm,1983,7419642
gtm,1984,7630682
gtm,1985,7849691
gtm,1986,8070818
gtm,1987,8296488
gtm,1988,8532104
gtm,1989,8775549
gtm,1990,9024775
gtm,1991,9272592
gtm,1992,9522265
gtm,1993,9779760
gtm,1994,10043713
gtm,1995,10312999
gtm,1996,10583528
gtm,1997,10857754
gtm,1998,11139147
gtm,1999,11422977
gtm,2000,11697592
gtm,2001,11969423
gtm,2002,12246923
gtm,2003,12525843
gtm,2004,12807409
gtm,2005,13087637
gtm,2006,13367455
gtm,2007,13652042
gtm,2008,13935172
gtm,2009,14215614
gtm,2010,14500118
gtm,2011,14792123
gtm,2012,15089639
gtm,2013,15387339
gtm,2014,15681725
gtm,2015,15971745
gtm,2016,16268761
gtm,2017,16567363
gtm,2018,16845688
gtm,2019,17103803
gtm,2020,17357331
gtm,2021,17598652
gtm,2022,17847877
gtm,2023,18124841
guf,1800,5245
guf,1810,5828
guf,1820,6476
guf,1830,7196
guf,1840,7995
guf,1850,8883
guf,1860,9871
guf,1870,10967
guf,1880,12186
guf,1890,13540
guf,1900,15045
guf,1910,16716
guf,1920,18574
guf,1930,20637
guf,1940,22931
guf,1950,23418
guf,1951,23718
guf,1952,24022
guf,1953,24351
guf,1954,24747
guf,1955,25454
guf,1956,26479
guf,1957,27563
guf,1958,28692
guf,1959,29873
guf,1960,31105
guf,1961,32400
guf,1962,33798
guf,1963,35331
guf,1964,36967
guf,1965,38700
guf,1966,40492
guf,1967,42255
guf,1968,43704
guf,1969,44949
guf,1970,46298
guf,1971,47739
guf,1972,49242
guf,1973,50753
guf,1974,52426
guf,1975,54481
guf,1976,56742
guf,1977,59050
guf,1978,61419
guf,1979,63854
guf,1980,66366
guf,1981,68956
guf,1982,72287
guf,1983,76583
guf,1984,81259
guf,1985,86115
guf,1986,91170
guf,1987,96427
guf,1988,101883
guf,1989,107580
guf,1990,112699
guf,1991,116988
guf,1992,121257
guf,1993,125658
guf,1994,130128
guf,1995,134644
guf,1996,139180
guf,1997,143736
guf,1998,148390
guf,1999,153752
guf,2000,160633
guf,2001,168544
guf,2002,176719
guf,2003,185101
guf,2004,193656
guf,2005,202452
guf,2006,210976
guf,2007,219123
guf,2008,226106
guf,2009,230715
guf,2010,234578
guf,2011,239525
guf,2012,245784
guf,2013,253250
guf,2014,260564
guf,2015,266377
guf,2016,271278
guf,2017,276158
guf,2018,280972
guf,2019,285574
guf,2020,289063
guf,2021,293023
guf,2022,298319
guf,2023,303408
gum,1800,6053
gum,1850,34000
gum,1900,9678
gum,1901,10000
gum,1910,12000
gum,1920,14000
gum,1930,19000
gum,1940,22000
gum,1950,60796
gum,1951,61313
gum,1952,61896
gum,1953,62553
gum,1954,63286
gum,1955,64099
gum,1956,64985
gum,1957,65959
gum,1958,67006
gum,1959,68112
gum,1960,69543
gum,1961,71322
gum,1962,73211
gum,1963,75105
gum,1964,77021
gum,1965,78946
gum,1966,80860
gum,1967,82732
gum,1968,84580
gum,1969,86421
gum,1970,88380
gum,1971,90475
gum,1972,92630
gum,1973,94794
gum,1974,96952
gum,1975,99071
gum,1976,101177
gum,1977,103310
gum,1978,105439
gum,1979,107657
gum,1980,110154
gum,1981,112917
gum,1982,115729
gum,1983,118518
gum,1984,121316
gum,1985,124133
gum,1986,126981
gum,1987,129867
gum,1988,132816
gum,1989,135812
gum,1990,138623
gum,1991,141093
gum,1992,143400
gum,1993,145670
gum,1994,147882
gum,1995,150064
gum,1996,152178
gum,1997,154225
gum,1998,156244
gum,1999,158297
gum,2000,160078
gum,2001,161339
gum,2002,162326
gum,2003,163146
gum,2004,163815
gum,2005,164373
gum,2006,164848
gum,2007,165278
gum,2008,165704
gum,2009,166189
gum,2010,166533
gum,2011,166554
gum,2012,166348
gum,2013,165979
gum,2014,165492
gum,2015,164914
gum,2016,164240
gum,2017,163501
gum,2018,162689
gum,2019,161819
gum,2020,162167
gum,2021,163741
gum,2022,165193
gum,2023,166522
guy,1800,166034
guy,1801,166034
guy,1802,166034
guy,1803,166034
guy,1804,166034
guy,1805,166034
guy,1806,166034
guy,1807,166034
guy,1808,166034
guy,1809,166034
guy,1810,166034
guy,1811,166034
guy,1812,166034
guy,1813,166034
guy,1814,166034
guy,1815,166034
guy,1816,166034
guy,1817,166034
guy,1818,166034
guy,1819,165170
guy,1820,163465
guy,1821,160940
guy,1822,157617
guy,1823,153516
guy,1824,149522
guy,1825,145632
guy,1826,141843
guy,1827,138153
guy,1828,134558
guy,1829,131057
guy,1830,127648
guy,1831,124327
guy,1832,121092
guy,1833,117942
guy,1834,114873
guy,1835,111885
guy,1836,108974
guy,1837,106139
guy,1838,103377
guy,1839,101728
guy,1840,101190
guy,1841,101764
guy,1842,103450
guy,1843,106250
guy,1844,109126
guy,1845,112080
guy,1846,115113
guy,1847,118229
guy,1848,121429
guy,1849,124397
guy,1850,127122
guy,1851,129537
guy,1852,131684
guy,1853,133552
guy,1854,135446
guy,1855,137367
guy,1856,139315
guy,1857,141290
guy,1858,143294
guy,1859,145688
guy,1860,148488
guy,1861,151708
guy,1862,155365
guy,1863,159475
guy,1864,163693
guy,1865,168024
guy,1866,172469
guy,1867,177031
guy,1868,181714
guy,1869,186526
guy,1870,191470
guy,1871,196550
guy,1872,201770
guy,1873,207133
guy,1874,212639
guy,1875,218291
guy,1876,224093
guy,1877,230050
guy,1878,236165
guy,1879,241588
guy,1880,246293
guy,1881,250254
guy,1882,253442
guy,1883,255830
guy,1884,258241
guy,1885,260674
guy,1886,263130
guy,1887,265608
guy,1888,268111
guy,1889,270624
guy,1890,273149
guy,1891,275685
guy,1892,278232
guy,1893,280790
guy,1894,283372
guy,1895,285977
guy,1896,288607
guy,1897,291260
guy,1898,293938
guy,1899,296024
guy,1900,297513
guy,1901,298400
guy,1902,298682
guy,1903,298353
guy,1904,298025
guy,1905,297697
guy,1906,297369
guy,1907,297041
guy,1908,296714
guy,1909,296426
guy,1910,296177
guy,1911,295967
guy,1912,295796
guy,1913,295663
guy,1914,295531
guy,1915,295399
guy,1916,295266
guy,1917,295134
guy,1918,295134
guy,1919,295269
guy,1920,295538
guy,1921,295943
guy,1922,296483
guy,1923,297158
guy,1924,297836
guy,1925,298514
guy,1926,299195
guy,1927,299877
guy,1928,300560
guy,1929,301772
guy,1930,303521
guy,1931,305812
guy,1932,308654
guy,1933,312054
guy,1934,315490
guy,1935,318965
guy,1936,322478
guy,1937,326029
guy,1938,329620
guy,1939,333936
guy,1940,339001
guy,1941,344836
guy,1942,351466
guy,1943,358915
guy,1944,366522
guy,1945,374291
guy,1946,382223
guy,1947,390324
guy,1948,398597
guy,1949,407716
guy,1950,418045
guy,1951,429112
guy,1952,441249
guy,1953,454563
guy,1954,468986
guy,1955,484374
guy,1956,500583
guy,1957,517510
guy,1958,535076
guy,1959,553074
guy,1960,569156
guy,1961,582581
guy,1962,595468
guy,1963,608542
guy,1964,621774
guy,1965,635135
guy,1966,648654
guy,1967,662316
guy,1968,676171
guy,1969,690229
guy,1970,702714
guy,1971,712672
guy,1972,721630
guy,1973,730149
guy,1974,738063
guy,1975,745407
guy,1976,752258
guy,1977,758659
guy,1978,764594
guy,1979,770067
guy,1980,774372
guy,1981,776461
guy,1982,776718
guy,1983,775897
guy,1984,774119
guy,1985,771484
guy,1986,768104
guy,1987,764125
guy,1988,759674
guy,1989,754873
guy,1990,749891
guy,1991,747870
guy,1992,749919
guy,1993,752969
guy,1994,755821
guy,1995,758395
guy,1996,760535
guy,1997,762250
guy,1998,763596
guy,1999,764490
guy,2000,764836
guy,2001,764484
guy,2002,763657
guy,2003,763107
guy,2004,762424
guy,2005,760922
guy,2006,758976
guy,2007,756874
guy,2008,754614
guy,2009,752097
guy,2010,749259
guy,2011,746161
guy,2012,746296
guy,2013,750020
guy,2014,754231
guy,2015,758783
guy,2016,763553
guy,2017,768483
guy,2018,791563
guy,2019,807668
guy,2020,807486
guy,2021,815484
guy,2022,821638
guy,2023,826357
hkg,1800,20000
hkg,1801,20000
hkg,1802,20000
hkg,1803,20000
hkg,1804,20000
hkg,1805,20000
hkg,1806,20000
hkg,1807,20000
hkg,1808,20000
hkg,1809,20000
hkg,1810,20000
hkg,1811,20016
hkg,1812,20048
hkg,1813,20097
hkg,1814,20163
hkg,1815,20246
hkg,1816,20346
hkg,1817,20464
hkg,1818,20600
hkg,1819,20755
hkg,1820,20928
hkg,1821,21120
hkg,1822,21331
hkg,1823,21562
hkg,1824,21812
hkg,1825,22083
hkg,1826,22375
hkg,1827,22688
hkg,1828,23021
hkg,1829,23377
hkg,1830,23754
hkg,1831,24154
hkg,1832,24561
hkg,1833,24974
hkg,1834,25394
hkg,1835,25822
hkg,1836,26257
hkg,1837,26699
hkg,1838,27148
hkg,1839,27605
hkg,1840,28070
hkg,1841,28623
hkg,1842,29271
hkg,1843,30021
hkg,1844,30882
hkg,1845,31863
hkg,1846,32971
hkg,1847,34218
hkg,1848,35613
hkg,1849,37167
hkg,1850,38893
hkg,1851,40811
hkg,1852,42928
hkg,1853,45258
hkg,1854,47817
hkg,1855,50623
hkg,1856,53692
hkg,1857,57045
hkg,1858,60702
hkg,1859,64685
hkg,1860,69017
hkg,1861,73489
hkg,1862,78026
hkg,1863,82624
hkg,1864,87280
hkg,1865,91993
hkg,1866,96757
hkg,1867,101568
hkg,1868,106423
hkg,1869,111315
hkg,1870,116240
hkg,1871,123720
hkg,1872,128743
hkg,1873,133563
hkg,1874,138152
hkg,1875,142478
hkg,1876,146506
hkg,1877,150648
hkg,1878,154906
hkg,1879,159286
hkg,1880,163789
hkg,1881,168419
hkg,1882,173180
hkg,1883,178076
hkg,1884,183110
hkg,1885,188287
hkg,1886,193773
hkg,1887,199583
hkg,1888,205733
hkg,1889,212239
hkg,1890,219117
hkg,1891,226385
hkg,1892,234061
hkg,1893,242165
hkg,1894,250715
hkg,1895,259733
hkg,1896,269239
hkg,1897,279093
hkg,1898,289307
hkg,1899,299895
hkg,1900,310869
hkg,1901,322245
hkg,1902,334036
hkg,1903,346258
hkg,1904,358927
hkg,1905,372059
hkg,1906,385671
hkg,1907,399780
hkg,1908,414406
hkg,1909,429777
hkg,1910,445944
hkg,1911,458834
hkg,1912,475620
hkg,1913,493789
hkg,1914,513483
hkg,1915,534838
hkg,1916,557213
hkg,1917,580609
hkg,1918,604914
hkg,1919,630231
hkg,1920,639683
hkg,1921,645084
hkg,1922,651835
hkg,1923,675802
hkg,1924,705170
hkg,1925,719348
hkg,1926,729137
hkg,1927,738589
hkg,1928,763906
hkg,1929,796312
hkg,1930,825680
hkg,1931,864837
hkg,1932,899269
hkg,1933,934376
hkg,1934,956317
hkg,1935,978259
hkg,1936,1092355
hkg,1937,1265525
hkg,1938,1522749
hkg,1939,1692880
hkg,1940,1746891
hkg,1941,1703277
hkg,1942,1641437
hkg,1943,1623210
hkg,1944,1605186
hkg,1945,1587362
hkg,1946,1643058
hkg,1947,1721573
hkg,1948,1825205
hkg,1949,1900819
hkg,1950,1978347
hkg,1951,2069492
hkg,1952,2164804
hkg,1953,2264328
hkg,1954,2368614
hkg,1955,2478199
hkg,1956,2594259
hkg,1957,2717187
hkg,1958,2845505
hkg,1959,2974551
hkg,1960,3094853
hkg,1961,3076660
hkg,1962,2889091
hkg,1963,2662600
hkg,1964,3136041
hkg,1965,3855425
hkg,1966,4015304
hkg,1967,3474133
hkg,1968,3065330
hkg,1969,3395527
hkg,1970,3739916
hkg,1971,3989231
hkg,1972,4117125
hkg,1973,4223248
hkg,1974,4330727
hkg,1975,4438382
hkg,1976,4545134
hkg,1977,4650487
hkg,1978,4754069
hkg,1979,4857668
hkg,1980,4962488
hkg,1981,5060960
hkg,1982,5150097
hkg,1983,5235115
hkg,1984,5315980
hkg,1985,5393122
hkg,1986,5451437
hkg,1987,5486376
hkg,1988,5514904
hkg,1989,5540576
hkg,1990,5560599
hkg,1991,5628091
hkg,1992,5759558
hkg,1993,5902506
hkg,1994,6042259
hkg,1995,6177105
hkg,1996,6302469
hkg,1997,6416674
hkg,1998,6521331
hkg,1999,6616524
hkg,2000,6704665
hkg,2001,6774243
hkg,2002,6821412
hkg,2003,6858906
hkg,2004,6888164
hkg,2005,6908483
hkg,2006,6931089
hkg,2007,6971344
hkg,2008,7020689
hkg,2009,7064464
hkg,2010,7101614
hkg,2011,7142969
hkg,2012,7201059
hkg,2013,7264330
hkg,2014,7319502
hkg,2015,7366411
hkg,2016,7408006
hkg,2017,7444889
hkg,2018,7471190
hkg,2019,7485817
hkg,2020,7490240
hkg,2021,7484604
hkg,2022,7465913
hkg,2023,7442738
hnd,1800,130000
hnd,1801,130246
hnd,1802,130492
hnd,1803,130738
hnd,1804,130985
hnd,1805,131232
hnd,1806,131480
hnd,1807,131729
hnd,1808,131977
hnd,1809,132227
hnd,1810,132477
hnd,1811,132727
hnd,1812,132978
hnd,1813,133229
hnd,1814,133481
hnd,1815,133733
hnd,1816,133985
hnd,1817,134238
hnd,1818,134492
hnd,1819,135566
hnd,1820,137489
hnd,1821,140289
hnd,1822,143997
hnd,1823,148643
hnd,1824,153439
hnd,1825,158390
hnd,1826,163500
hnd,1827,168776
hnd,1828,174221
hnd,1829,179842
hnd,1830,185645
hnd,1831,191635
hnd,1832,197818
hnd,1833,204200
hnd,1834,210789
hnd,1835,217590
hnd,1836,224610
hnd,1837,231857
hnd,1838,239338
hnd,1839,247061
hnd,1840,255032
hnd,1841,263260
hnd,1842,271755
hnd,1843,280523
hnd,1844,289574
hnd,1845,298917
hnd,1846,308561
hnd,1847,318517
hnd,1848,328794
hnd,1849,337648
hnd,1850,345020
hnd,1851,351278
hnd,1852,355942
hnd,1853,358941
hnd,1854,361964
hnd,1855,365012
hnd,1856,368086
hnd,1857,371185
hnd,1858,374309
hnd,1859,377459
hnd,1860,380635
hnd,1861,383837
hnd,1862,387066
hnd,1863,390321
hnd,1864,393603
hnd,1865,396912
hnd,1866,400248
hnd,1867,403612
hnd,1868,407003
hnd,1869,407588
hnd,1870,405414
hnd,1871,400524
hnd,1872,392964
hnd,1873,382775
hnd,1874,372850
hnd,1875,363181
hnd,1876,353763
hnd,1877,344589
hnd,1878,335652
hnd,1879,330356
hnd,1880,328706
hnd,1881,330709
hnd,1882,336373
hnd,1883,345712
hnd,1884,355309
hnd,1885,365172
hnd,1886,375308
hnd,1887,385726
hnd,1888,396431
hnd,1889,407122
hnd,1890,417788
hnd,1891,428421
hnd,1892,439012
hnd,1893,449551
hnd,1894,460343
hnd,1895,471393
hnd,1896,482708
hnd,1897,494294
hnd,1898,506157
hnd,1899,518173
hnd,1900,530342
hnd,1901,542663
hnd,1902,555139
hnd,1903,567769
hnd,1904,580685
hnd,1905,593894
hnd,1906,607403
hnd,1907,621218
hnd,1908,635347
hnd,1909,648953
hnd,1910,662011
hnd,1911,674492
hnd,1912,686369
hnd,1913,697612
hnd,1914,709038
hnd,1915,720650
hnd,1916,732451
hnd,1917,744445
hnd,1918,755782
hnd,1919,769299
hnd,1920,785083
hnd,1921,803228
hnd,1922,823830
hnd,1923,846987
hnd,1924,870795
hnd,1925,895272
hnd,1926,920437
hnd,1927,946310
hnd,1928,972909
hnd,1929,998444
hnd,1930,1022849
hnd,1931,1046057
hnd,1932,1067998
hnd,1933,1088599
hnd,1934,1109597
hnd,1935,1131000
hnd,1936,1152816
hnd,1937,1175053
hnd,1938,1197719
hnd,1939,1221530
hnd,1940,1246523
hnd,1941,1272738
hnd,1942,1300214
hnd,1943,1328993
hnd,1944,1358408
hnd,1945,1388475
hnd,1946,1419207
hnd,1947,1450620
hnd,1948,1482727
hnd,1949,1518441
hnd,1950,1558941
hnd,1951,1601493
hnd,1952,1645832
hnd,1953,1691967
hnd,1954,1739823
hnd,1955,1789399
hnd,1956,1840670
hnd,1957,1893583
hnd,1958,1948157
hnd,1959,2004321
hnd,1960,2062067
hnd,1961,2121245
hnd,1962,2182064
hnd,1963,2244884
hnd,1964,2309861
hnd,1965,2377163
hnd,1966,2446752
hnd,1967,2518650
hnd,1968,2593057
hnd,1969,2670286
hnd,1970,2750721
hnd,1971,2834624
hnd,1972,2922075
hnd,1973,3011471
hnd,1974,3099844
hnd,1975,3193239
hnd,1976,3294460
hnd,1977,3398659
hnd,1978,3505466
hnd,1979,3614990
hnd,1980,3727179
hnd,1981,3841781
hnd,1982,3958735
hnd,1983,4078177
hnd,1984,4199855
hnd,1985,4323338
hnd,1986,4448905
hnd,1987,4576911
hnd,1988,4707683
hnd,1989,4841843
hnd,1990,4980493
hnd,1991,5123797
hnd,1992,5271437
hnd,1993,5423253
hnd,1994,5579247
hnd,1995,5739636
hnd,1996,5903962
hnd,1997,6071458
hnd,1998,6234436
hnd,1999,6400470
hnd,2000,6577781
hnd,2001,6757992
hnd,2002,6938866
hnd,2003,7119213
hnd,2004,7299003
hnd,2005,7478362
hnd,2006,7656832
hnd,2007,7834806
hnd,2008,8012590
hnd,2009,8189904
hnd,2010,8365881
hnd,2011,8540587
hnd,2012,8715081
hnd,2013,8889276
hnd,2014,9063127
hnd,2015,9237306
hnd,2016,9412380
hnd,2017,9588144
hnd,2018,9765209
hnd,2019,9943637
hnd,2020,10119638
hnd,2021,10289881
hnd,2022,10463880
hnd,2023,10644853
hrv,1800,1227886
hrv,1801,1227886
hrv,1802,1227886
hrv,1803,1227886
hrv,1804,1227886
hrv,1805,1227886
hrv,1806,1227886
hrv,1807,1227886
hrv,1808,1227886
hrv,1809,1227886
hrv,1810,1227886
hrv,1811,1227886
hrv,1812,1227886
hrv,1813,1227886
hrv,1814,1227886
hrv,1815,1227886
hrv,1816,1227886
hrv,1817,1227886
hrv,1818,1227886
hrv,1819,1230048
hrv,1820,1234391
hrv,1821,1240934
hrv,1822,1249697
hrv,1823,1260699
hrv,1824,1271798
hrv,1825,1282994
hrv,1826,1294290
hrv,1827,1305684
hrv,1828,1317179
hrv,1829,1328775
hrv,1830,1340473
hrv,1831,1352274
hrv,1832,1364179
hrv,1833,1376189
hrv,1834,1388305
hrv,1835,1400527
hrv,1836,1412857
hrv,1837,1425295
hrv,1838,1437843
hrv,1839,1450501
hrv,1840,1463271
hrv,1841,1476154
hrv,1842,1489149
hrv,1843,1502259
hrv,1844,1515485
hrv,1845,1528827
hrv,1846,1542286
hrv,1847,1555864
hrv,1848,1569561
hrv,1849,1583379
hrv,1850,1597319
hrv,1851,1611606
hrv,1852,1626020
hrv,1853,1640564
hrv,1854,1655237
hrv,1855,1670042
hrv,1856,1684979
hrv,1857,1700050
hrv,1858,1715255
hrv,1859,1730597
hrv,1860,1746076
hrv,1861,1761693
hrv,1862,1777449
hrv,1863,1793347
hrv,1864,1809387
hrv,1865,1825570
hrv,1866,1841898
hrv,1867,1858372
hrv,1868,1874993
hrv,1869,1891763
hrv,1870,1908682
hrv,1871,1925753
hrv,1872,1942977
hrv,1873,1960355
hrv,1874,1977888
hrv,1875,1995578
hrv,1876,2013426
hrv,1877,2031433
hrv,1878,2049602
hrv,1879,2067933
hrv,1880,2086428
hrv,1881,2105089
hrv,1882,2123916
hrv,1883,2142911
hrv,1884,2162077
hrv,1885,2181414
hrv,1886,2200923
hrv,1887,2220607
hrv,1888,2240468
hrv,1889,2260505
hrv,1890,2280722
hrv,1891,2301120
hrv,1892,2321700
hrv,1893,2342464
hrv,1894,2363414
hrv,1895,2384551
hrv,1896,2405877
hrv,1897,2427393
hrv,1898,2449102
hrv,1899,2471005
hrv,1900,2493105
hrv,1901,2515401
hrv,1902,2537897
hrv,1903,2560594
hrv,1904,2583494
hrv,1905,2606599
hrv,1906,2629910
hrv,1907,2653430
hrv,1908,2677160
hrv,1909,2701103
hrv,1910,2725259
hrv,1911,2749631
hrv,1912,2774221
hrv,1913,2799031
hrv,1914,2824063
hrv,1915,2849319
hrv,1916,2874801
hrv,1917,2900510
hrv,1918,2926045
hrv,1919,2951805
hrv,1920,2977792
hrv,1921,3004008
hrv,1922,3030454
hrv,1923,3057133
hrv,1924,3084048
hrv,1925,3111199
hrv,1926,3138589
hrv,1927,3166220
hrv,1928,3194094
hrv,1929,3222214
hrv,1930,3250582
hrv,1931,3279199
hrv,1932,3308068
hrv,1933,3337191
hrv,1934,3366571
hrv,1935,3396209
hrv,1936,3426109
hrv,1937,3456271
hrv,1938,3486699
hrv,1939,3517395
hrv,1940,3548361
hrv,1941,3579600
hrv,1942,3611114
hrv,1943,3642905
hrv,1944,3674976
hrv,1945,3707329
hrv,1946,3739968
hrv,1947,3772893
hrv,1948,3806109
hrv,1949,3836721
hrv,1950,3864992
hrv,1951,3911673
hrv,1952,3957409
hrv,1953,4006128
hrv,1954,4048121
hrv,1955,4080737
hrv,1956,4110129
hrv,1957,4136705
hrv,1958,4160698
hrv,1959,4182085
hrv,1960,4200272
hrv,1961,4223431
hrv,1962,4255020
hrv,1963,4287267
hrv,1964,4317755
hrv,1965,4346708
hrv,1966,4374307
hrv,1967,4400271
hrv,1968,4423830
hrv,1969,4444451
hrv,1970,4462673
hrv,1971,4480165
hrv,1972,4497888
hrv,1973,4515760
hrv,1974,4533946
hrv,1975,4552725
hrv,1976,4571754
hrv,1977,4590620
hrv,1978,4609021
hrv,1979,4626955
hrv,1980,4643900
hrv,1981,4664258
hrv,1982,4689152
hrv,1983,4712882
hrv,1984,4734489
hrv,1985,4754549
hrv,1986,4773054
hrv,1987,4790208
hrv,1988,4806029
hrv,1989,4820729
hrv,1990,4835067
hrv,1991,4825159
hrv,1992,4782235
hrv,1993,4729734
hrv,1994,4675517
hrv,1995,4619362
hrv,1996,4562290
hrv,1997,4504627
hrv,1998,4445669
hrv,1999,4385823
hrv,2000,4326105
hrv,2001,4301079
hrv,2002,4305783
hrv,2003,4306683
hrv,2004,4310050
hrv,2005,4313946
hrv,2006,4315802
hrv,2007,4315959
hrv,2008,4314635
hrv,2009,4310537
hrv,2010,4301150
hrv,2011,4280827
hrv,2012,4259233
hrv,2013,4242403
hrv,2014,4219485
hrv,2015,4183732
hrv,2016,4136438
hrv,2017,4079198
hrv,2018,4024868
hrv,2019,3986338
hrv,2020,3953956
hrv,2021,3924607
hrv,2022,3907031
hrv,2023,3896023
hti,1800,500000
hti,1801,509306
hti,1802,518784
hti,1803,528439
hti,1804,538274
hti,1805,548292
hti,1806,558497
hti,1807,568891
hti,1808,579478
hti,1809,590263
hti,1810,601453
hti,1811,612647
hti,1812,624049
hti,1813,635663
hti,1814,647494
hti,1815,659544
hti,1816,671819
hti,1817,684322
hti,1818,697058
hti,1819,708601
hti,1820,718914
hti,1821,727964
hti,1822,735713
hti,1823,742126
hti,1824,748594
hti,1825,755118
hti,1826,761700
hti,1827,768339
hti,1828,775035
hti,1829,781790
hti,1830,788604
hti,1831,795478
hti,1832,802411
hti,1833,809405
hti,1834,816459
hti,1835,823575
hti,1836,830753
hti,1837,837994
hti,1838,845298
hti,1839,852665
hti,1840,860097
hti,1841,867593
hti,1842,875155
hti,1843,882783
hti,1844,890477
hti,1845,898238
hti,1846,906067
hti,1847,913964
hti,1848,921930
hti,1849,930251
hti,1850,938934
hti,1851,948619
hti,1852,958690
hti,1853,969155
hti,1854,979734
hti,1855,990427
hti,1856,1001237
hti,1857,1012165
hti,1858,1023211
hti,1859,1034377
hti,1860,1045665
hti,1861,1057075
hti,1862,1068610
hti,1863,1080270
hti,1864,1092056
hti,1865,1103971
hti,1866,1116015
hti,1867,1128190
hti,1868,1140498
hti,1869,1152933
hti,1870,1165498
hti,1871,1178194
hti,1872,1191021
hti,1873,1203983
hti,1874,1217084
hti,1875,1230328
hti,1876,1243715
hti,1877,1257247
hti,1878,1270926
hti,1879,1284754
hti,1880,1298731
hti,1881,1312859
hti,1882,1327141
hti,1883,1341578
hti,1884,1356171
hti,1885,1370922
hti,1886,1385833
hti,1887,1400906
hti,1888,1416141
hti,1889,1431542
hti,1890,1447110
hti,1891,1462847
hti,1892,1478754
hti,1893,1494834
hti,1894,1511087
hti,1895,1527517
hti,1896,1544125
hti,1897,1560912
hti,1898,1577882
hti,1899,1596550
hti,1900,1616961
hti,1901,1639159
hti,1902,1663187
hti,1903,1689092
hti,1904,1715400
hti,1905,1742117
hti,1906,1769249
hti,1907,1796803
hti,1908,1824785
hti,1909,1853677
hti,1910,1883502
hti,1911,1914283
hti,1912,1946042
hti,1913,1978804
hti,1914,2012117
hti,1915,2045990
hti,1916,2080432
hti,1917,2115453
hti,1918,2149686
hti,1919,2183156
hti,1920,2215834
hti,1921,2247688
hti,1922,2278689
hti,1923,2308804
hti,1924,2339317
hti,1925,2370233
hti,1926,2401557
hti,1927,2433296
hti,1928,2465454
hti,1929,2497836
hti,1930,2530442
hti,1931,2563273
hti,1932,2596329
hti,1933,2629610
hti,1934,2663318
hti,1935,2697458
hti,1936,2732035
hti,1937,2767056
hti,1938,2802525
hti,1939,2837936
hti,1940,2873280
hti,1941,2908551
hti,1942,2943742
hti,1943,2978845
hti,1944,3014366
hti,1945,3050311
hti,1946,3086685
hti,1947,3123492
hti,1948,3160739
hti,1949,3201949
hti,1950,3265716
hti,1951,3314920
hti,1952,3366271
hti,1953,3419842
hti,1954,3475540
hti,1955,3533747
hti,1956,3594808
hti,1957,3657822
hti,1958,3722713
hti,1959,3789692
hti,1960,3858447
hti,1961,3929036
hti,1962,4001578
hti,1963,4073068
hti,1964,4146245
hti,1965,4223822
hti,1966,4302647
hti,1967,4383003
hti,1968,4465327
hti,1969,4549340
hti,1970,4635126
hti,1971,4723251
hti,1972,4813866
hti,1973,4906746
hti,1974,5001803
hti,1975,5099095
hti,1976,5198354
hti,1977,5299480
hti,1978,5402580
hti,1979,5507590
hti,1980,5614494
hti,1981,5723727
hti,1982,5835939
hti,1983,5951101
hti,1984,6069238
hti,1985,6190868
hti,1986,6316123
hti,1987,6445125
hti,1988,6578150
hti,1989,6714732
hti,1990,6854444
hti,1991,6995455
hti,1992,7136577
hti,1993,7278182
hti,1994,7419776
hti,1995,7562551
hti,1996,7707560
hti,1997,7854304
hti,1998,8002144
hti,1999,8151301
hti,2000,8303151
hti,2001,8455917
hti,2002,8607648
hti,2003,8759913
hti,2004,8910267
hti,2005,9061274
hti,2006,9216569
hti,2007,9373300
hti,2008,9530782
hti,2009,9689585
hti,2010,9803299
hti,2011,9914904
hti,2012,10069770
hti,2013,10222365
hti,2014,10373241
hti,2015,10523249
hti,2016,10671462
hti,2017,10817759
hti,2018,10962373
hti,2019,11105165
hti,2020,11243846
hti,2021,11374592
hti,2022,11503603
hti,2023,11637402
hun,1800,3250000
hun,1801,3289809
hun,1802,3330105
hun,1803,3370895
hun,1804,3412185
hun,1805,3453980
hun,1806,3496288
hun,1807,3539113
hun,1808,3582463
hun,1809,3626344
hun,1810,3671307
hun,1811,3716276
hun,1812,3761796
hun,1813,3807874
hun,1814,3854516
hun,1815,3901730
hun,1816,3949521
hun,1817,3997899
hun,1818,4046868
hun,1819,4092356
hun,1820,4134289
hun,1821,4172594
hun,1822,4207196
hun,1823,4238019
hun,1824,4269068
hun,1825,4300344
hun,1826,4331849
hun,1827,4363586
hun,1828,4395554
hun,1829,4427757
hun,1830,4460196
hun,1831,4492873
hun,1832,4525789
hun,1833,4558946
hun,1834,4592346
hun,1835,4625990
hun,1836,4659881
hun,1837,4694021
hun,1838,4728411
hun,1839,4763052
hun,1840,4797947
hun,1841,4833098
hun,1842,4868507
hun,1843,4904175
hun,1844,4940104
hun,1845,4976296
hun,1846,5012754
hun,1847,5049479
hun,1848,5086472
hun,1849,5123254
hun,1850,5159819
hun,1851,5195874
hun,1852,5231698
hun,1853,5267286
hun,1854,5303117
hun,1855,5339191
hun,1856,5375510
hun,1857,5412077
hun,1858,5448892
hun,1859,5485958
hun,1860,5523276
hun,1861,5560847
hun,1862,5598674
hun,1863,5636759
hun,1864,5675102
hun,1865,5713707
hun,1866,5752574
hun,1867,5791705
hun,1868,5831102
hun,1869,5869333
hun,1870,5906380
hun,1871,5942227
hun,1872,5976860
hun,1873,6010261
hun,1874,6043848
hun,1875,6077623
hun,1876,6111587
hun,1877,6145740
hun,1878,6180085
hun,1879,6214621
hun,1880,6249350
hun,1881,6284274
hun,1882,6319392
hun,1883,6354707
hun,1884,6390219
hun,1885,6425929
hun,1886,6461839
hun,1887,6497950
hun,1888,6534262
hun,1889,6573067
hun,1890,6614394
hun,1891,6658274
hun,1892,6704738
hun,1893,6753819
hun,1894,6803259
hun,1895,6853061
hun,1896,6903227
hun,1897,6953760
hun,1898,7004664
hun,1899,7055444
hun,1900,7106097
hun,1901,7156618
hun,1902,7207003
hun,1903,7257247
hun,1904,7307841
hun,1905,7358788
hun,1906,7410090
hun,1907,7461749
hun,1908,7513769
hun,1909,7561436
hun,1910,7604701
hun,1911,7643515
hun,1912,7677830
hun,1913,7707596
hun,1914,7737477
hun,1915,7767474
hun,1916,7797587
hun,1917,7827817
hun,1918,7858603
hun,1919,7896685
hun,1920,7942153
hun,1921,7995099
hun,1922,8055612
hun,1923,8123785
hun,1924,8192535
hun,1925,8261866
hun,1926,8331785
hun,1927,8402295
hun,1928,8473402
hun,1929,8542835
hun,1930,8610564
hun,1931,8676559
hun,1932,8740788
hun,1933,8803220
hun,1934,8866098
hun,1935,8929425
hun,1936,8993204
hun,1937,9057438
hun,1938,9122132
hun,1939,9175084
hun,1940,9216204
hun,1941,9245400
hun,1942,9262582
hun,1943,9267656
hun,1944,9272733
hun,1945,9277812
hun,1946,9282895
hun,1947,9287980
hun,1948,9293068
hun,1949,9309618
hun,1950,9337883
hun,1951,9423178
hun,1952,9503933
hun,1953,9594481
hun,1954,9704596
hun,1955,9823216
hun,1956,9853996
hun,1957,9837926
hun,1958,9880680
hun,1959,9936845
hun,1960,9983383
hun,1961,10026515
hun,1962,10058067
hun,1963,10083843
hun,1964,10114375
hun,1965,10141118
hun,1966,10170409
hun,1967,10206812
hun,1968,10244548
hun,1969,10281595
hun,1970,10315142
hun,1971,10343972
hun,1972,10374303
hun,1973,10407441
hun,1974,10453918
hun,1975,10515654
hun,1976,10573770
hun,1977,10623145
hun,1978,10660190
hun,1979,10688259
hun,1980,10695372
hun,1981,10679329
hun,1982,10656109
hun,1983,10622989
hun,1984,10584329
hun,1985,10547258
hun,1986,10511099
hun,1987,10475103
hun,1988,10440534
hun,1989,10403421
hun,1990,10381280
hun,1991,10378174
hun,1992,10371477
hun,1993,10356869
hun,1994,10339936
hun,1995,10322792
hun,1996,10302238
hun,1997,10278600
hun,1998,10251717
hun,1999,10219797
hun,2000,10190598
hun,2001,10166693
hun,2002,10138461
hun,2003,10108970
hun,2004,10085788
hun,2005,10065703
hun,2006,10049946
hun,2007,10034084
hun,2008,10016653
hun,2009,10001381
hun,2010,9979128
hun,2011,9946675
hun,2012,9916621
hun,2013,9889344
hun,2014,9862843
hun,2015,9839211
hun,2016,9810529
hun,2017,9785608
hun,2018,9774395
hun,2019,9770346
hun,2020,9749459
hun,2021,9707848
hun,2022,9684308
hun,2023,9686465
idn,1800,16108545
idn,1801,16150710
idn,1802,16192985
idn,1803,16235371
idn,1804,16277868
idn,1805,16320476
idn,1806,16363196
idn,1807,16406028
idn,1808,16448971
idn,1809,16492027
idn,1810,16537268
idn,1811,16585153
idn,1812,16637801
idn,1813,16695262
idn,1814,16757588
idn,1815,16824830
idn,1816,16897041
idn,1817,16974274
idn,1818,17056581
idn,1819,17144017
idn,1820,17236636
idn,1821,17334493
idn,1822,17437643
idn,1823,17546141
idn,1824,17660044
idn,1825,17779408
idn,1826,17904291
idn,1827,18034751
idn,1828,18170845
idn,1829,18312632
idn,1830,18460171
idn,1831,18613523
idn,1832,18768149
idn,1833,18924059
idn,1834,19081265
idn,1835,19239776
idn,1836,19399604
idn,1837,19560760
idn,1838,19723255
idn,1839,19887099
idn,1840,20052305
idn,1841,20222265
idn,1842,20397058
idn,1843,20576763
idn,1844,20761463
idn,1845,20951238
idn,1846,21146172
idn,1847,21346348
idn,1848,21551854
idn,1849,21762774
idn,1850,21979198
idn,1851,22178120
idn,1852,22382251
idn,1853,22591664
idn,1854,22806435
idn,1855,23026638
idn,1856,23252349
idn,1857,23483647
idn,1858,23720608
idn,1859,23963313
idn,1860,24211841
idn,1861,24475468
idn,1862,24753229
idn,1863,25040404
idn,1864,25332913
idn,1865,25622963
idn,1866,25908734
idn,1867,26196694
idn,1868,26484434
idn,1869,26770170
idn,1870,27068109
idn,1871,27359831
idn,1872,27677143
idn,1873,27991648
idn,1874,28299937
idn,1875,28628960
idn,1876,28957731
idn,1877,29255618
idn,1878,29538177
idn,1879,29807626
idn,1880,30094857
idn,1881,30412806
idn,1882,30754880
idn,1883,31104543
idn,1884,31455208
idn,1885,31859700
idn,1886,32232592
idn,1887,32617763
idn,1888,32984995
idn,1889,33359365
idn,1890,33761552
idn,1891,34148945
idn,1892,34541343
idn,1893,34949250
idn,1894,35377707
idn,1895,35838291
idn,1896,36265988
idn,1897,36719026
idn,1898,37174747
idn,1899,37676270
idn,1900,38179623
idn,1901,38668903
idn,1902,39163692
idn,1903,39646401
idn,1904,40116661
idn,1905,40574022
idn,1906,41018198
idn,1907,41465424
idn,1908,41914876
idn,1909,42366545
idn,1910,42820498
idn,1911,43254585
idn,1912,43716724
idn,1913,44180972
idn,1914,44647319
idn,1915,45118696
idn,1916,45528655
idn,1917,45837761
idn,1918,46225903
idn,1919,46707410
idn,1920,47304303
idn,1921,47889453
idn,1922,48464913
idn,1923,49048301
idn,1924,49640203
idn,1925,50240326
idn,1926,50849550
idn,1927,51467289
idn,1928,52094423
idn,1929,52730659
idn,1930,53422386
idn,1931,54167255
idn,1932,54965265
idn,1933,55772671
idn,1934,56592409
idn,1935,57426239
idn,1936,58274749
idn,1937,59137646
idn,1938,60015810
idn,1939,60908068
idn,1940,61843190
idn,1941,62820886
idn,1942,63742503
idn,1943,64402814
idn,1944,64654432
idn,1945,64894598
idn,1946,65358783
idn,1947,66226965
idn,1948,67261032
idn,1949,68405199
idn,1950,68799031
idn,1951,70286313
idn,1952,71876439
idn,1953,73569145
idn,1954,75367367
idn,1955,77273505
idn,1956,79282557
idn,1957,81390843
idn,1958,83592765
idn,1959,85892866
idn,1960,88296074
idn,1961,90791252
idn,1962,93375848
idn,1963,96051426
idn,1964,98833758
idn,1965,101365131
idn,1966,103792758
idn,1967,106526398
idn,1968,109450008
idn,1969,112517639
idn,1970,115657496
idn,1971,118833700
idn,1972,122039844
idn,1973,125288516
idn,1974,128555052
idn,1975,131843848
idn,1976,135173656
idn,1977,138533540
idn,1978,141953161
idn,1979,145434830
idn,1980,148950537
idn,1981,152485036
idn,1982,156052153
idn,1983,159651382
idn,1984,163251124
idn,1985,166776183
idn,1986,170175065
idn,1987,173511157
idn,1988,176855071
idn,1989,180201638
idn,1990,183501097
idn,1991,186778239
idn,1992,190043742
idn,1993,193305169
idn,1994,196591829
idn,1995,199888055
idn,1996,203204353
idn,1997,206536089
idn,1998,209826791
idn,1999,213004667
idn,2000,216077789
idn,2001,219097905
idn,2002,222088499
idn,2003,225048005
idn,2004,227926649
idn,2005,230871648
idn,2006,233951650
idn,2007,237062338
idn,2008,240157902
idn,2009,243220024
idn,2010,246305327
idn,2011,249470029
idn,2012,252698525
idn,2013,255852464
idn,2014,258877395
idn,2015,261799249
idn,2016,264627429
idn,2017,267346654
idn,2018,269951847
idn,2019,272489381
idn,2020,274814861
idn,2021,276758056
idn,2022,278830527
idn,2023,281190068
imn,1800,23530
imn,1820,23530
imn,1950,55115
imn,1951,55090
imn,1952,54666
imn,1953,54095
imn,1954,53469
imn,1955,52801
imn,1956,52086
imn,1957,51329
imn,1958,50547
imn,1959,49739
imn,1960,48887
imn,1961,48473
imn,1962,48713
imn,1963,49170
imn,1964,49650
imn,1965,50113
imn,1966,50775
imn,1967,51764
imn,1968,52916
imn,1969,54094
imn,1970,55323
imn,1971,56452
imn,1972,57393
imn,1973,58280
imn,1974,59165
imn,1975,59986
imn,1976,60773
imn,1977,61595
imn,1978,62424
imn,1979,63261
imn,1980,64103
imn,1981,64622
imn,1982,64710
imn,1983,64656
imn,1984,64552
imn,1985,64426
imn,1986,64723
imn,1987,65624
imn,1988,66703
imn,1989,67811
imn,1990,68943
imn,1991,69835
imn,1992,70378
imn,1993,70797
imn,1994,71187
imn,1995,71531
imn,1996,72066
imn,1997,72925
imn,1998,73880
imn,1999,74808
imn,2000,75679
imn,2001,76498
imn,2002,77294
imn,2003,78066
imn,2004,78807
imn,2005,79535
imn,2006,80310
imn,2007,81163
imn,2008,82045
imn,2009,82954
imn,2010,83884
imn,2011,84398
imn,2012,84354
imn,2013,84158
imn,2014,83912
imn,2015,83612
imn,2016,83484
imn,2017,83625
imn,2018,83812
imn,2019,83975
imn,2020,84078
imn,2021,84121
imn,2022,84148
imn,2023,84182
ind,1800,200733034
ind,1801,201128850
ind,1802,201525446
ind,1803,201922822
ind,1804,202320984
ind,1805,202719931
ind,1806,203119662
ind,1807,203520184
ind,1808,203921496
ind,1809,204323597
ind,1810,204741058
ind,1811,205163165
ind,1812,205604563
ind,1813,206065360
ind,1814,206545666
ind,1815,207045590
ind,1816,207565243
ind,1817,208104734
ind,1818,208664175
ind,1819,209243678
ind,1820,209843353
ind,1821,210266730
ind,1822,210691245
ind,1823,211540283
ind,1824,212392741
ind,1825,213248635
ind,1826,214107978
ind,1827,214970784
ind,1828,215837067
ind,1829,216706839
ind,1830,217580116
ind,1831,218456911
ind,1832,219337238
ind,1833,220221111
ind,1834,221108547
ind,1835,221999558
ind,1836,222894160
ind,1837,223792367
ind,1838,224694193
ind,1839,225599654
ind,1840,226508764
ind,1841,227421537
ind,1842,228337989
ind,1843,229258134
ind,1844,230181987
ind,1845,231109563
ind,1846,232040877
ind,1847,232975944
ind,1848,233914779
ind,1849,234833664
ind,1850,235732435
ind,1851,236535920
ind,1852,237318415
ind,1853,238079774
ind,1854,238843552
ind,1855,239609756
ind,1856,240378394
ind,1857,241149472
ind,1858,241923000
ind,1859,242698983
ind,1860,243477427
ind,1861,244258342
ind,1862,245041734
ind,1863,245827611
ind,1864,246615984
ind,1865,247406860
ind,1866,248200247
ind,1867,248996154
ind,1868,249794587
ind,1869,250501067
ind,1870,251115205
ind,1871,251636609
ind,1872,252064885
ind,1873,252399639
ind,1874,252734813
ind,1875,253070405
ind,1876,253406417
ind,1877,253742849
ind,1878,254079702
ind,1879,254760858
ind,1880,255789440
ind,1881,257168597
ind,1882,258901501
ind,1883,260991354
ind,1884,263098048
ind,1885,265221721
ind,1886,267362508
ind,1887,269520547
ind,1888,271695977
ind,1889,273520781
ind,1890,274991729
ind,1891,276105563
ind,1892,276859000
ind,1893,277248729
ind,1894,277638978
ind,1895,278029747
ind,1896,278421038
ind,1897,278812851
ind,1898,279205186
ind,1899,279838410
ind,1900,280714154
ind,1901,281834058
ind,1902,283199773
ind,1903,284812956
ind,1904,286435299
ind,1905,288066854
ind,1906,289707671
ind,1907,291357804
ind,1908,293017306
ind,1909,294397607
ind,1910,295496971
ind,1911,296313651
ind,1912,296845891
ind,1913,297091925
ind,1914,297338132
ind,1915,297584511
ind,1916,297831063
ind,1917,298077789
ind,1918,298421342
ind,1919,299273541
ind,1920,300639878
ind,1921,302525896
ind,1922,304937193
ind,1923,307879422
ind,1924,310850039
ind,1925,313849318
ind,1926,316877536
ind,1927,319934973
ind,1928,323021910
ind,1929,326429031
ind,1930,330163509
ind,1931,334232641
ind,1932,338643856
ind,1933,343404711
ind,1934,348232496
ind,1935,353128154
ind,1936,358092638
ind,1937,363126915
ind,1938,368231967
ind,1939,371781679
ind,1940,373766276
ind,1941,374175756
ind,1942,372999886
ind,1943,370228201
ind,1944,367477113
ind,1945,364746467
ind,1946,362036112
ind,1947,359345897
ind,1948,356675672
ind,1949,355893489
ind,1950,346278818
ind,1951,353870058
ind,1952,361874906
ind,1953,370104570
ind,1954,378687141
ind,1955,387700892
ind,1956,396988905
ind,1957,406253895
ind,1958,415777436
ind,1959,425780669
ind,1960,435990342
ind,1961,446564731
ind,1962,457283091
ind,1963,468138576
ind,1964,479229599
ind,1965,490140142
ind,1966,500740250
ind,1967,511606377
ind,1968,522716893
ind,1969,533880545
ind,1970,545864271
ind,1971,558096385
ind,1972,570482138
ind,1973,583465599
ind,1974,597041391
ind,1975,611309536
ind,1976,625861887
ind,1977,640801106
ind,1978,655728226
ind,1979,671155746
ind,1980,687354029
ind,1981,703696251
ind,1982,720313473
ind,1983,737372683
ind,1984,754875449
ind,1985,772647800
ind,1986,790689977
ind,1987,808931268
ind,1988,827342994
ind,1989,846039528
ind,1990,864972221
ind,1991,883927605
ind,1992,902957075
ind,1993,922118380
ind,1994,941163772
ind,1995,960301046
ind,1996,979678460
ind,1997,999133764
ind,1998,1018665080
ind,1999,1038225822
ind,2000,1057922731
ind,2001,1077898579
ind,2002,1097600380
ind,2003,1116803000
ind,2004,1135991509
ind,2005,1154676321
ind,2006,1172878888
ind,2007,1190676028
ind,2008,1207930960
ind,2009,1225524764
ind,2010,1243481565
ind,2011,1261224956
ind,2012,1278674501
ind,2013,1295829507
ind,2014,1312277184
ind,2015,1328024494
ind,2016,1343944296
ind,2017,1359657398
ind,2018,1374659067
ind,2019,1389030307
ind,2020,1402617694
ind,2021,1414203896
ind,2022,1425423209
ind,2023,1438069597
irl,1950,2912656
irl,1951,2936865
irl,1952,2941463
irl,1953,2929083
irl,1954,2915174
irl,1955,2899545
irl,1956,2883752
irl,1957,2869103
irl,1958,2854004
irl,1959,2839216
irl,1960,2827691
irl,1961,2824696
irl,1962,2831496
irl,1963,2843035
irl,1964,2857169
irl,1965,2873157
irl,1966,2888884
irl,1967,2905420
irl,1968,2922789
irl,1969,2940759
irl,1970,2961402
irl,1971,2993119
irl,1972,3037153
irl,1973,3084436
irl,1974,3132177
irl,1975,3180119
irl,1976,3228393
irl,1977,3277756
irl,1978,3329185
irl,1979,3375806
irl,1980,3415240
irl,1981,3448825
irl,1982,3475532
irl,1983,3497614
irl,1984,3515953
irl,1985,3531275
irl,1986,3541875
irl,1987,3540382
irl,1988,3525092
irl,1989,3511070
irl,1990,3514015
irl,1991,3534258
irl,1992,3558417
irl,1993,3576118
irl,1994,3590162
irl,1995,3610695
irl,1996,3638507
irl,1997,3672287
irl,1998,3711075
irl,1999,3752938
irl,2000,3802589
irl,2001,3862981
irl,2002,3928441
irl,2003,3992935
irl,2004,4066066
irl,2005,4155283
irl,2006,4268775
irl,2007,4393518
irl,2008,4485992
irl,2009,4533750
irl,2010,4559084
irl,2011,4579603
irl,2012,4600135
irl,2013,4624686
irl,2014,4658236
irl,2015,4702497
irl,2016,4753506
irl,2017,4810258
irl,2018,4872559
irl,2019,4933493
irl,2020,4982602
irl,2021,5028428
irl,2022,5110015
irl,2023,5196629
irn,1800,6000000
irn,1801,6026829
irn,1802,6053778
irn,1803,6080848
irn,1804,6108039
irn,1805,6135351
irn,1806,6162785
irn,1807,6190342
irn,1808,6218022
irn,1809,6245826
irn,1810,6273880
irn,1811,6301934
irn,1812,6330113
irn,1813,6358418
irn,1814,6386850
irn,1815,6415409
irn,1816,6444095
irn,1817,6472910
irn,1818,6501854
irn,1819,6530930
irn,1820,6560139
irn,1821,6589482
irn,1822,6618958
irn,1823,6648570
irn,1824,6678314
irn,1825,6708191
irn,1826,6738201
irn,1827,6768346
irn,1828,6798626
irn,1829,6829041
irn,1830,6859592
irn,1831,6890280
irn,1832,6921105
irn,1833,6952069
irn,1834,6983170
irn,1835,7014411
irn,1836,7045791
irn,1837,7077312
irn,1838,7108974
irn,1839,7140778
irn,1840,7172724
irn,1841,7204813
irn,1842,7237045
irn,1843,7269421
irn,1844,7301943
irn,1845,7334610
irn,1846,7367423
irn,1847,7400383
irn,1848,7433490
irn,1849,7468693
irn,1850,7506013
irn,1851,7547398
irn,1852,7590963
irn,1853,7636730
irn,1854,7682773
irn,1855,7729093
irn,1856,7775691
irn,1857,7822570
irn,1858,7869731
irn,1859,7917176
irn,1860,7964906
irn,1861,8012924
irn,1862,8061230
irn,1863,8109827
irn,1864,8158717
irn,1865,8207901
irn,1866,8257381
irn,1867,8307158
irn,1868,8357235
irn,1869,8403545
irn,1870,8446047
irn,1871,8484705
irn,1872,8519479
irn,1873,8550329
irn,1874,8581290
irn,1875,8612362
irn,1876,8643547
irn,1877,8674844
irn,1878,8706253
irn,1879,8737776
irn,1880,8769413
irn,1881,8801163
irn,1882,8833028
irn,1883,8865007
irn,1884,8897102
irn,1885,8929313
irn,1886,8961639
irn,1887,8994082
irn,1888,9026642
irn,1889,9072455
irn,1890,9131715
irn,1891,9204617
irn,1892,9291362
irn,1893,9392148
irn,1894,9494027
irn,1895,9597010
irn,1896,9701110
irn,1897,9806338
irn,1898,9912707
irn,1899,10018062
irn,1900,10122370
irn,1901,10225598
irn,1902,10327712
irn,1903,10428677
irn,1904,10530628
irn,1905,10633576
irn,1906,10737529
irn,1907,10842498
irn,1908,10948492
irn,1909,10990047
irn,1910,10967798
irn,1911,10882360
irn,1912,10734332
irn,1913,10524294
irn,1914,10318365
irn,1915,10116464
irn,1916,9918514
irn,1917,9724436
irn,1918,9531760
irn,1919,9441677
irn,1920,9455525
irn,1921,9574734
irn,1922,9800820
irn,1923,10135396
irn,1924,10481394
irn,1925,10839204
irn,1926,11209228
irn,1927,11591884
irn,1928,11987603
irn,1929,12354653
irn,1930,12691310
irn,1931,12995777
irn,1932,13266186
irn,1933,13500586
irn,1934,13739128
irn,1935,13981885
irn,1936,14228931
irn,1937,14480343
irn,1938,14736196
irn,1939,14969197
irn,1940,15178703
irn,1941,15364059
irn,1942,15524597
irn,1943,15659633
irn,1944,15795843
irn,1945,15933238
irn,1946,16071828
irn,1947,16211624
irn,1948,16352636
irn,1949,16558920
irn,1950,16510553
irn,1951,16921282
irn,1952,17344436
irn,1953,17778109
irn,1954,18226205
irn,1955,18700800
irn,1956,19204391
irn,1957,19726844
irn,1958,20266508
irn,1959,20846777
irn,1960,21470433
irn,1961,22125729
irn,1962,22807908
irn,1963,23519008
irn,1964,24262863
irn,1965,25036982
irn,1966,25829273
irn,1967,26628430
irn,1968,27437391
irn,1969,28273483
irn,1970,29145099
irn,1971,30029069
irn,1972,30921178
irn,1973,31839835
irn,1974,32796453
irn,1975,33802971
irn,1976,34837282
irn,1977,35933181
irn,1978,37126534
irn,1979,38424956
irn,1980,39842323
irn,1981,41989316
irn,1982,44272140
irn,1983,46029540
irn,1984,47793999
irn,1985,49582289
irn,1986,51446046
irn,1987,53323491
irn,1988,55072691
irn,1989,56704920
irn,1990,58380098
irn,1991,59986931
irn,1992,61184982
irn,1993,61403548
irn,1994,61520598
irn,1995,62205571
irn,1996,62881298
irn,1997,63639637
irn,1998,64519866
irn,1999,65445389
irn,2000,66418661
irn,2001,67452005
irn,2002,68011318
irn,2003,68769343
irn,2004,70256316
irn,2005,71828455
irn,2006,73392747
irn,2007,74602648
irn,2008,75514201
irn,2009,76457831
irn,2010,77420851
irn,2011,78383602
irn,2012,79370583
irn,2013,80414689
irn,2014,81502045
irn,2015,82619365
irn,2016,83812230
irn,2017,85026761
irn,2018,86117999
irn,2019,87051649
irn,2020,87723448
irn,2021,88455490
irn,2022,89524247
irn,2023,90608708
irq,1800,1000000
irq,1801,1004456
irq,1802,1008932
irq,1803,1013428
irq,1804,1017944
irq,1805,1022481
irq,1806,1027037
irq,1807,1031614
irq,1808,1036211
irq,1809,1040828
irq,1810,1045487
irq,1811,1050146
irq,1812,1054826
irq,1813,1059526
irq,1814,1064248
irq,1815,1068990
irq,1816,1073754
irq,1817,1078539
irq,1818,1083345
irq,1819,1088179
irq,1820,1093040
irq,1821,1097929
irq,1822,1102846
irq,1823,1107791
irq,1824,1112758
irq,1825,1117748
irq,1826,1122760
irq,1827,1127794
irq,1828,1132851
irq,1829,1137931
irq,1830,1143033
irq,1831,1148158
irq,1832,1153307
irq,1833,1158478
irq,1834,1163673
irq,1835,1168890
irq,1836,1174132
irq,1837,1179396
irq,1838,1184685
irq,1839,1189997
irq,1840,1195333
irq,1841,1200692
irq,1842,1206076
irq,1843,1211484
irq,1844,1216916
irq,1845,1222373
irq,1846,1227854
irq,1847,1233360
irq,1848,1238890
irq,1849,1244113
irq,1850,1249026
irq,1851,1255461
irq,1852,1261594
irq,1853,1267421
irq,1854,1273272
irq,1855,1279148
irq,1856,1285047
irq,1857,1290972
irq,1858,1296921
irq,1859,1307425
irq,1860,1322610
irq,1861,1342607
irq,1862,1367549
irq,1863,1397571
irq,1864,1428249
irq,1865,1459597
irq,1866,1491631
irq,1867,1524364
irq,1868,1557812
irq,1869,1586777
irq,1870,1611120
irq,1871,1630703
irq,1872,1645383
irq,1873,1655014
irq,1874,1664697
irq,1875,1674434
irq,1876,1684225
irq,1877,1694069
irq,1878,1703967
irq,1879,1713920
irq,1880,1723928
irq,1881,1733991
irq,1882,1744109
irq,1883,1754282
irq,1884,1764512
irq,1885,1774798
irq,1886,1785140
irq,1887,1795539
irq,1888,1805995
irq,1889,1824696
irq,1890,1851933
irq,1891,1888006
irq,1892,1933222
irq,1893,1987899
irq,1894,2044119
irq,1895,2101924
irq,1896,2161360
irq,1897,2222473
irq,1898,2285309
irq,1899,2344228
irq,1900,2399016
irq,1901,2449455
irq,1902,2495317
irq,1903,2536364
irq,1904,2578082
irq,1905,2620482
irq,1906,2663573
irq,1907,2707369
irq,1908,2751879
irq,1909,2799474
irq,1910,2850254
irq,1911,2904326
irq,1912,2961797
irq,1913,3022777
irq,1914,3085007
irq,1915,3148513
irq,1916,3213320
irq,1917,3279456
irq,1918,3342491
irq,1919,3402579
irq,1920,3459608
irq,1921,3513464
irq,1922,3564028
irq,1923,3611180
irq,1924,3658956
irq,1925,3707365
irq,1926,3756413
irq,1927,3806111
irq,1928,3856466
irq,1929,3899075
irq,1930,3933814
irq,1931,3960556
irq,1932,3979174
irq,1933,3989537
irq,1934,3999928
irq,1935,4010346
irq,1936,4020791
irq,1937,4031263
irq,1938,4041762
irq,1939,4077709
irq,1940,4140032
irq,1941,4229689
irq,1942,4347673
irq,1943,4495010
irq,1944,4647340
irq,1945,4804832
irq,1946,4967661
irq,1947,5136009
irq,1948,5310061
irq,1949,5483614
irq,1950,5653357
irq,1951,5774132
irq,1952,5913013
irq,1953,6064249
irq,1954,6219477
irq,1955,6366279
irq,1956,6507499
irq,1957,6633379
irq,1958,6741679
irq,1959,6870386
irq,1960,7022057
irq,1961,7194561
irq,1962,7413876
irq,1963,7667932
irq,1964,7929572
irq,1965,8202145
irq,1966,8485103
irq,1967,8778876
irq,1968,9085016
irq,1969,9403356
irq,1970,9735611
irq,1971,10077818
irq,1972,10430169
irq,1973,10795872
irq,1974,11167770
irq,1975,11543643
irq,1976,11927652
irq,1977,12331051
irq,1978,12753355
irq,1979,13170372
irq,1980,13591996
irq,1981,14006379
irq,1982,14406082
irq,1983,14840558
irq,1984,15310729
irq,1985,15683431
irq,1986,16074146
irq,1987,16521051
irq,1988,16908823
irq,1989,17364553
irq,1990,17581208
irq,1991,17767257
irq,1992,18300849
irq,1993,19201195
irq,1994,20139818
irq,1995,20825859
irq,1996,21501321
irq,1997,22176604
irq,1998,22884402
irq,1999,23636530
irq,2000,24424060
irq,2001,25197842
irq,2002,26006558
irq,2003,26802660
irq,2004,27577876
irq,2005,28407450
irq,2006,28616518
irq,2007,28391606
irq,2008,28971042
irq,2009,30058207
irq,2010,31045367
irq,2011,32161425
irq,2012,33654843
irq,2013,35281987
irq,2014,36550058
irq,2015,37560535
irq,2016,38469628
irq,2017,39337358
irq,2018,40265629
irq,2019,41192172
irq,2020,42116602
irq,2021,43071208
irq,2022,44070556
irq,2023,45074055
isl,1800,61428
isl,1801,61428
isl,1802,61428
isl,1803,61428
isl,1804,61428
isl,1805,61428
isl,1806,61428
isl,1807,61428
isl,1808,61428
isl,1809,61428
isl,1810,61428
isl,1811,61428
isl,1812,61428
isl,1813,61428
isl,1814,61428
isl,1815,61428
isl,1816,61428
isl,1817,61428
isl,1818,61428
isl,1819,61382
isl,1820,61291
isl,1821,61153
isl,1822,60971
isl,1823,60743
isl,1824,60517
isl,1825,60291
isl,1826,60065
isl,1827,59841
isl,1828,59618
isl,1829,59395
isl,1830,59173
isl,1831,58952
isl,1832,58732
isl,1833,58513
isl,1834,58295
isl,1835,58077
isl,1836,57860
isl,1837,57644
isl,1838,57429
isl,1839,57296
isl,1840,57247
isl,1841,57280
isl,1842,57395
isl,1843,57593
isl,1844,57792
isl,1845,57992
isl,1846,58192
isl,1847,58393
isl,1848,58595
isl,1849,58908
isl,1850,59333
isl,1851,59869
isl,1852,60521
isl,1853,61291
isl,1854,62071
isl,1855,62861
isl,1856,63660
isl,1857,64470
isl,1858,65291
isl,1859,66009
isl,1860,66623
isl,1861,67132
isl,1862,67533
isl,1863,67824
isl,1864,68117
isl,1865,68411
isl,1866,68707
isl,1867,69003
isl,1868,69301
isl,1869,69579
isl,1870,69835
isl,1871,70071
isl,1872,70285
isl,1873,70478
isl,1874,70672
isl,1875,70866
isl,1876,71061
isl,1877,71257
isl,1878,71453
isl,1879,71588
isl,1880,71664
isl,1881,71679
isl,1882,71635
isl,1883,71529
isl,1884,71424
isl,1885,71319
isl,1886,71214
isl,1887,71110
isl,1888,71005
isl,1889,71055
isl,1890,71259
isl,1891,71619
isl,1892,72137
isl,1893,72813
isl,1894,73496
isl,1895,74185
isl,1896,74880
isl,1897,75582
isl,1898,76291
isl,1899,77048
isl,1900,77854
isl,1901,78711
isl,1902,79619
isl,1903,80579
isl,1904,81551
isl,1905,82535
isl,1906,83531
isl,1907,84538
isl,1908,85558
isl,1909,86567
isl,1910,87565
isl,1911,88552
isl,1912,89526
isl,1913,90488
isl,1914,91461
isl,1915,92444
isl,1916,93438
isl,1917,94442
isl,1918,95464
isl,1919,96495
isl,1920,97534
isl,1921,98582
isl,1922,99639
isl,1923,100704
isl,1924,101781
isl,1925,102870
isl,1926,103970
isl,1927,105082
isl,1928,106206
isl,1929,107337
isl,1930,108477
isl,1931,109624
isl,1932,110779
isl,1933,111942
isl,1934,113117
isl,1935,114305
isl,1936,115505
isl,1937,116718
isl,1938,117943
isl,1939,119333
isl,1940,120892
isl,1941,122625
isl,1942,124535
isl,1943,126627
isl,1944,128755
isl,1945,130918
isl,1946,133118
isl,1947,135354
isl,1948,137628
isl,1949,140059
isl,1950,142684
isl,1951,145432
isl,1952,147778
isl,1953,150750
isl,1954,154272
isl,1955,157751
isl,1956,161091
isl,1957,164767
isl,1958,168490
isl,1959,172008
isl,1960,175572
isl,1961,179014
isl,1962,182360
isl,1963,185658
isl,1964,189043
isl,1965,192344
isl,1966,195604
isl,1967,198796
isl,1968,201519
isl,1969,203383
isl,1970,204489
isl,1971,206171
isl,1972,209209
isl,1973,212385
isl,1974,215273
isl,1975,218029
isl,1976,220196
isl,1977,221842
isl,1978,223580
isl,1979,225765
isl,1980,228147
isl,1981,230754
isl,1982,233852
isl,1983,236968
isl,1984,239513
isl,1985,241414
isl,1986,243195
isl,1987,245864
isl,1988,249734
isl,1989,252861
isl,1990,254842
isl,1991,257817
isl,1992,261087
isl,1993,263760
isl,1994,266063
isl,1995,267516
isl,1996,268967
isl,1997,271194
isl,1998,274121
isl,1999,277450
isl,2000,281293
isl,2001,285058
isl,2002,287609
isl,2003,289616
isl,2004,292172
isl,2005,296852
isl,2006,303883
isl,2007,311662
isl,2008,317519
isl,2009,318619
isl,2010,318163
isl,2011,319139
isl,2012,320851
isl,2013,323891
isl,2014,327517
isl,2015,330962
isl,2016,335571
isl,2017,343537
isl,2018,352860
isl,2019,360709
isl,2020,366626
isl,2021,372647
isl,2022,380368
isl,2023,387559
isr,1800,209954
isr,1801,209954
isr,1802,209954
isr,1803,209954
isr,1804,209954
isr,1805,209954
isr,1806,209954
isr,1807,209954
isr,1808,209954
isr,1809,209954
isr,1810,209954
isr,1811,209954
isr,1812,209954
isr,1813,209954
isr,1814,209954
isr,1815,209954
isr,1816,209954
isr,1817,209954
isr,1818,209954
isr,1819,209954
isr,1820,209954
isr,1821,209954
isr,1822,209954
isr,1823,209954
isr,1824,209954
isr,1825,209954
isr,1826,209954
isr,1827,209954
isr,1828,209954
isr,1829,209954
isr,1830,209954
isr,1831,209954
isr,1832,209954
isr,1833,209954
isr,1834,209954
isr,1835,209954
isr,1836,209954
isr,1837,209954
isr,1838,209954
isr,1839,209954
isr,1840,209954
isr,1841,209954
isr,1842,209954
isr,1843,209954
isr,1844,209954
isr,1845,209954
isr,1846,209954
isr,1847,209954
isr,1848,209954
isr,1849,210299
isr,1850,210992
isr,1851,211998
isr,1852,213358
isr,1853,215073
isr,1854,216802
isr,1855,218545
isr,1856,220302
isr,1857,222073
isr,1858,223858
isr,1859,226101
isr,1860,228812
isr,1861,232003
isr,1862,235687
isr,1863,239875
isr,1864,244137
isr,1865,248475
isr,1866,252890
isr,1867,257383
isr,1868,261956
isr,1869,265832
isr,1870,268994
isr,1871,271428
isr,1872,273119
isr,1873,274050
isr,1874,274985
isr,1875,275922
isr,1876,276863
isr,1877,277807
isr,1878,278754
isr,1879,280191
isr,1880,282126
isr,1881,284565
isr,1882,287517
isr,1883,290990
isr,1884,294504
isr,1885,298060
isr,1886,301660
isr,1887,305303
isr,1888,308990
isr,1889,312761
isr,1890,316617
isr,1891,320560
isr,1892,324591
isr,1893,328712
isr,1894,332885
isr,1895,337111
isr,1896,341391
isr,1897,345725
isr,1898,350114
isr,1899,354631
isr,1900,359278
isr,1901,364057
isr,1902,368972
isr,1903,374026
isr,1904,379148
isr,1905,384341
isr,1906,389605
isr,1907,394940
isr,1908,400349
isr,1909,405451
isr,1910,410239
isr,1911,414705
isr,1912,418840
isr,1913,422638
isr,1914,426470
isr,1915,430337
isr,1916,434239
isr,1917,438176
isr,1918,442229
isr,1919,447821
isr,1920,455007
isr,1921,463840
isr,1922,474377
isr,1923,486676
isr,1924,499294
isr,1925,512239
isr,1926,525520
isr,1927,539144
isr,1928,553123
isr,1929,569352
isr,1930,587972
isr,1931,609126
isr,1932,632966
isr,1933,659653
isr,1934,687466
isr,1935,716451
isr,1936,746658
isr,1937,778139
isr,1938,810947
isr,1939,844322
isr,1940,878256
isr,1941,912743
isr,1942,947772
isr,1943,983331
isr,1944,1020225
isr,1945,1058503
isr,1946,1098217
isr,1947,1139421
isr,1948,1182170
isr,1949,1230283
isr,1950,1289244
isr,1951,1351813
isr,1952,1414224
isr,1953,1476336
isr,1954,1538044
isr,1955,1599497
isr,1956,1660640
isr,1957,1720530
isr,1958,1779007
isr,1959,1836348
isr,1960,1891941
isr,1961,1956894
isr,1962,2040967
isr,1963,2135049
isr,1964,2231855
isr,1965,2331450
isr,1966,2433836
isr,1967,2538658
isr,1968,2645472
isr,1969,2754159
isr,1970,2864773
isr,1971,2977303
isr,1972,3079404
isr,1973,3163042
isr,1974,3239987
isr,1975,3318087
isr,1976,3398266
isr,1977,3479619
isr,1978,3560404
isr,1979,3640877
isr,1980,3721666
isr,1981,3802233
isr,1982,3883640
isr,1983,3959631
isr,1984,4033735
isr,1985,4105362
isr,1986,4168966
isr,1987,4236875
isr,1988,4307324
isr,1989,4381512
isr,1990,4544995
isr,1991,4779892
isr,1992,4957240
isr,1993,5086041
isr,1994,5216697
isr,1995,5354734
isr,1996,5499555
isr,1997,5646476
isr,1998,5790143
isr,1999,5946079
isr,2000,6111194
isr,2001,6259977
isr,2002,6387714
isr,2003,6502821
isr,2004,6615084
isr,2005,6728212
isr,2006,6844029
isr,2007,6962456
isr,2008,7082621
isr,2009,7206096
isr,2010,7336735
isr,2011,7471023
isr,2012,7607781
isr,2013,7749369
isr,2014,7897173
isr,2015,8052916
isr,2016,8210006
isr,2017,8361796
isr,2018,8510067
isr,2019,8657466
isr,2020,8800380
isr,2021,8942925
isr,2022,9103143
isr,2023,9256311
ita,1800,19000000
ita,1801,19057138
ita,1802,19114447
ita,1803,19171929
ita,1804,19229584
ita,1805,19287412
ita,1806,19345415
ita,1807,19403591
ita,1808,19461943
ita,1809,19520470
ita,1810,19579349
ita,1811,19638229
ita,1812,19697286
ita,1813,19756521
ita,1814,19815934
ita,1815,19875525
ita,1816,19935296
ita,1817,19995247
ita,1818,20055377
ita,1819,20129529
ita,1820,20217832
ita,1821,20320419
ita,1822,20437423
ita,1823,20568978
ita,1824,20701381
ita,1825,20834635
ita,1826,20968748
ita,1827,21103723
ita,1828,21239568
ita,1829,21376294
ita,1830,21513909
ita,1831,21652416
ita,1832,21791823
ita,1833,21932135
ita,1834,22073351
ita,1835,22215476
ita,1836,22358516
ita,1837,22502477
ita,1838,22647364
ita,1839,22793194
ita,1840,22939972
ita,1841,23087704
ita,1842,23236396
ita,1843,23386055
ita,1844,23536678
ita,1845,23688271
ita,1846,23840841
ita,1847,23994393
ita,1848,24148934
ita,1849,24304454
ita,1850,24460960
ita,1851,24612813
ita,1852,24765592
ita,1853,24919302
ita,1854,25073965
ita,1855,25229586
ita,1856,25386172
ita,1857,25543728
ita,1858,25702261
ita,1859,25863255
ita,1860,26026734
ita,1861,26192723
ita,1862,26361247
ita,1863,26532332
ita,1864,26704525
ita,1865,26877835
ita,1866,27052267
ita,1867,27227831
ita,1868,27404532
ita,1869,27576990
ita,1870,27745148
ita,1871,27908950
ita,1872,28068339
ita,1873,28223256
ita,1874,28379027
ita,1875,28535657
ita,1876,28693149
ita,1877,28851509
ita,1878,29010741
ita,1879,29178818
ita,1880,29355842
ita,1881,29541914
ita,1882,29737139
ita,1883,29941621
ita,1884,30147508
ita,1885,30354809
ita,1886,30563534
ita,1887,30773692
ita,1888,30985293
ita,1889,31191675
ita,1890,31392763
ita,1891,31588484
ita,1892,31778763
ita,1893,31963526
ita,1894,32149360
ita,1895,32336274
ita,1896,32524272
ita,1897,32713362
ita,1898,32903549
ita,1899,33109815
ita,1900,33332371
ita,1901,33571430
ita,1902,33827207
ita,1903,34099919
ita,1904,34374827
ita,1905,34651950
ita,1906,34931305
ita,1907,35212911
ita,1908,35496784
ita,1909,35739219
ita,1910,35939804
ita,1911,36098124
ita,1912,36213760
ita,1913,36286291
ita,1914,36358965
ita,1915,36431783
ita,1916,36504744
ita,1917,36577850
ita,1918,36659635
ita,1919,36789373
ita,1920,36967588
ita,1921,37194808
ita,1922,37471567
ita,1923,37798403
ita,1924,38128090
ita,1925,38460652
ita,1926,38796116
ita,1927,39134505
ita,1928,39475845
ita,1929,39817412
ita,1930,40159184
ita,1931,40501139
ita,1932,40843255
ita,1933,41185511
ita,1934,41530635
ita,1935,41878651
ita,1936,42229584
ita,1937,42583457
ita,1938,42940295
ita,1939,43279914
ita,1940,43602046
ita,1941,43906421
ita,1942,44192767
ita,1943,44460808
ita,1944,44730474
ita,1945,45001776
ita,1946,45274723
ita,1947,45549326
ita,1948,45825595
ita,1949,46106450
ita,1950,46391674
ita,1951,46751901
ita,1952,47018177
ita,1953,47410885
ita,1954,47832233
ita,1955,48130817
ita,1956,48401948
ita,1957,48657025
ita,1958,48927096
ita,1959,49219450
ita,1960,49514555
ita,1961,49815254
ita,1962,50170591
ita,1963,50570978
ita,1964,51019579
ita,1965,51480733
ita,1966,51919068
ita,1967,52338335
ita,1968,52712156
ita,1969,53060141
ita,1970,53390231
ita,1971,53707794
ita,1972,54067562
ita,1973,54450571
ita,1974,54821114
ita,1975,55166046
ita,1976,55459415
ita,1977,55714552
ita,1978,55938969
ita,1979,56132382
ita,1980,56412086
ita,1981,56646752
ita,1982,56719178
ita,1983,56766114
ita,1984,56810355
ita,1985,56855499
ita,1986,56875982
ita,1987,56891919
ita,1988,56928748
ita,1989,56976750
ita,1990,57031457
ita,1991,57075394
ita,1992,57124993
ita,1993,57170762
ita,1994,57420136
ita,1995,57403342
ita,1996,57162098
ita,1997,57189272
ita,1998,57215190
ita,1999,57240796
ita,2000,57272200
ita,2001,57305760
ita,2002,57420636
ita,2003,57739697
ita,2004,58176736
ita,2005,58519696
ita,2006,58754434
ita,2007,59108723
ita,2008,59561687
ita,2009,59904016
ita,2010,60164212
ita,2011,60367882
ita,2012,60531522
ita,2013,60653864
ita,2014,60664169
ita,2015,60575314
ita,2016,60478103
ita,2017,60390317
ita,2018,60277496
ita,2019,60130136
ita,2020,59912763
ita,2021,59729353
ita,2022,59619106
ita,2023,59499452
jam,1800,300000
jam,1801,304384
jam,1802,308833
jam,1803,313346
jam,1804,317926
jam,1805,322572
jam,1806,327287
jam,1807,332070
jam,1808,336923
jam,1809,341847
jam,1810,346916
jam,1811,351986
jam,1812,357130
jam,1813,362350
jam,1814,367645
jam,1815,373018
jam,1816,378470
jam,1817,384001
jam,1818,389613
jam,1819,393888
jam,1820,396810
jam,1821,398365
jam,1822,398537
jam,1823,397309
jam,1824,396085
jam,1825,394864
jam,1826,393648
jam,1827,392435
jam,1828,391226
jam,1829,390020
jam,1830,388819
jam,1831,387621
jam,1832,386426
jam,1833,385236
jam,1834,384049
jam,1835,382866
jam,1836,381686
jam,1837,380510
jam,1838,379338
jam,1839,378830
jam,1840,378989
jam,1841,379816
jam,1842,381313
jam,1843,383482
jam,1844,385663
jam,1845,387857
jam,1846,390063
jam,1847,392281
jam,1848,394512
jam,1849,397105
jam,1850,400065
jam,1851,403484
jam,1852,407283
jam,1853,411468
jam,1854,415697
jam,1855,419968
jam,1856,424284
jam,1857,428644
jam,1858,433048
jam,1859,437708
jam,1860,442628
jam,1861,447814
jam,1862,453271
jam,1863,459005
jam,1864,464812
jam,1865,470692
jam,1866,476646
jam,1867,482675
jam,1868,488781
jam,1869,495255
jam,1870,502105
jam,1871,509342
jam,1872,516974
jam,1873,525012
jam,1874,533175
jam,1875,541465
jam,1876,549884
jam,1877,558434
jam,1878,567117
jam,1879,575259
jam,1880,582848
jam,1881,589865
jam,1882,596297
jam,1883,602127
jam,1884,608014
jam,1885,613958
jam,1886,619961
jam,1887,626022
jam,1888,632142
jam,1889,638637
jam,1890,645515
jam,1891,652783
jam,1892,660449
jam,1893,668521
jam,1894,676692
jam,1895,684962
jam,1896,693334
jam,1897,701808
jam,1898,710385
jam,1899,719008
jam,1900,727676
jam,1901,736389
jam,1902,745147
jam,1903,753950
jam,1904,762856
jam,1905,771868
jam,1906,780986
jam,1907,790212
jam,1908,799547
jam,1909,808022
jam,1910,815621
jam,1911,822328
jam,1912,828126
jam,1913,832998
jam,1914,837899
jam,1915,842829
jam,1916,847788
jam,1917,852776
jam,1918,857611
jam,1919,864387
jam,1920,873146
jam,1921,883933
jam,1922,896791
jam,1923,911767
jam,1924,926993
jam,1925,942473
jam,1926,958212
jam,1927,974213
jam,1928,990482
jam,1929,1007391
jam,1930,1024958
jam,1931,1043200
jam,1932,1062137
jam,1933,1081787
jam,1934,1101800
jam,1935,1122184
jam,1936,1142945
jam,1937,1164089
jam,1938,1185625
jam,1939,1206305
jam,1940,1226097
jam,1941,1244966
jam,1942,1262880
jam,1943,1279801
jam,1944,1296950
jam,1945,1314328
jam,1946,1331939
jam,1947,1349786
jam,1948,1367872
jam,1949,1387090
jam,1950,1407214
jam,1951,1447471
jam,1952,1481349
jam,1953,1509742
jam,1954,1533451
jam,1955,1553716
jam,1956,1571975
jam,1957,1589680
jam,1958,1608269
jam,1959,1628236
jam,1960,1650009
jam,1961,1673267
jam,1962,1696935
jam,1963,1721105
jam,1964,1745574
jam,1965,1769206
jam,1966,1791477
jam,1967,1812870
jam,1968,1833769
jam,1969,1855132
jam,1970,1878191
jam,1971,1903734
jam,1972,1931552
jam,1973,1961225
jam,1974,1990904
jam,1975,2018985
jam,1976,2045578
jam,1977,2070657
jam,1978,2094848
jam,1979,2119492
jam,1980,2145661
jam,1981,2173823
jam,1982,2203895
jam,1983,2234834
jam,1984,2264563
jam,1985,2290657
jam,1986,2312124
jam,1987,2329816
jam,1988,2345786
jam,1989,2361923
jam,1990,2379880
jam,1991,2400873
jam,1992,2424698
jam,1993,2449913
jam,1994,2475225
jam,1995,2500152
jam,1996,2524470
jam,1997,2547853
jam,1998,2569740
jam,1999,2589796
jam,2000,2607827
jam,2001,2624410
jam,2002,2640582
jam,2003,2656629
jam,2004,2672227
jam,2005,2687070
jam,2006,2700973
jam,2007,2713808
jam,2008,2725633
jam,2009,2737001
jam,2010,2748573
jam,2011,2760493
jam,2012,2772432
jam,2013,2783689
jam,2014,2793756
jam,2015,2802536
jam,2016,2809919
jam,2017,2815765
jam,2018,2820103
jam,2019,2823275
jam,2020,2830745
jam,2021,2837680
jam,2022,2839150
jam,2023,2839785
jey,1800,24420
jey,1820,24420
jey,1950,57134
jey,1951,58040
jey,1952,58738
jey,1953,59385
jey,1954,60019
jey,1955,60631
jey,1956,61206
jey,1957,61782
jey,1958,62397
jey,1959,63024
jey,1960,63668
jey,1961,64320
jey,1962,64983
jey,1963,65640
jey,1964,66293
jey,1965,66936
jey,1966,67554
jey,1967,68160
jey,1968,68707
jey,1969,69204
jey,1970,69672
jey,1971,70418
jey,1972,71501
jey,1973,72578
jey,1974,73586
jey,1975,74526
jey,1976,75213
jey,1977,75603
jey,1978,75907
jey,1979,76227
jey,1980,76549
jey,1981,77067
jey,1982,77843
jey,1983,78681
jey,1984,79531
jey,1985,80393
jey,1986,81190
jey,1987,81916
jey,1988,82609
jey,1989,83331
jey,1990,84210
jey,1991,84906
jey,1992,85239
jey,1993,85501
jey,1994,85716
jey,1995,85887
jey,1996,86192
jey,1997,86676
jey,1998,87137
jey,1999,87545
jey,2000,87853
jey,2001,88401
jey,2002,89306
jey,2003,90297
jey,2004,91271
jey,2005,92267
jey,2006,93244
jey,2007,94227
jey,2008,95195
jey,2009,96156
jey,2010,97121
jey,2011,98038
jey,2012,98927
jey,2013,99759
jey,2014,100582
jey,2015,101224
jey,2016,101700
jey,2017,102130
jey,2018,102531
jey,2019,102866
jey,2020,103138
jey,2021,103339
jey,2022,103493
jey,2023,103680
jor,1800,200000
jor,1801,200817
jor,1802,201638
jor,1803,202462
jor,1804,203290
jor,1805,204121
jor,1806,204955
jor,1807,205793
jor,1808,206634
jor,1809,207479
jor,1810,208330
jor,1811,209182
jor,1812,210037
jor,1813,210895
jor,1814,211757
jor,1815,212623
jor,1816,213492
jor,1817,214364
jor,1818,215240
jor,1819,216414
jor,1820,217889
jor,1821,219670
jor,1822,221762
jor,1823,224169
jor,1824,226603
jor,1825,229062
jor,1826,231549
jor,1827,234062
jor,1828,236603
jor,1829,239171
jor,1830,241767
jor,1831,244392
jor,1832,247044
jor,1833,249726
jor,1834,252437
jor,1835,255177
jor,1836,257947
jor,1837,260747
jor,1838,263577
jor,1839,266438
jor,1840,269330
jor,1841,272253
jor,1842,275209
jor,1843,278196
jor,1844,281216
jor,1845,284268
jor,1846,287354
jor,1847,290473
jor,1848,293626
jor,1849,295802
jor,1850,296997
jor,1851,296270
jor,1852,294557
jor,1853,291862
jor,1854,289190
jor,1855,286539
jor,1856,283909
jor,1857,281301
jor,1858,278714
jor,1859,276148
jor,1860,273602
jor,1861,271077
jor,1862,268573
jor,1863,266088
jor,1864,263624
jor,1865,261180
jor,1866,258756
jor,1867,256351
jor,1868,253966
jor,1869,252101
jor,1870,250751
jor,1871,249908
jor,1872,249567
jor,1873,249722
jor,1874,249873
jor,1875,250023
jor,1876,250169
jor,1877,250312
jor,1878,250453
jor,1879,250591
jor,1880,250725
jor,1881,250857
jor,1882,250986
jor,1883,251112
jor,1884,251234
jor,1885,251354
jor,1886,251471
jor,1887,251584
jor,1888,251694
jor,1889,251802
jor,1890,251905
jor,1891,252006
jor,1892,252104
jor,1893,252198
jor,1894,252289
jor,1895,252376
jor,1896,252460
jor,1897,252541
jor,1898,252618
jor,1899,253247
jor,1900,254431
jor,1901,256176
jor,1902,258484
jor,1903,261361
jor,1904,264266
jor,1905,267200
jor,1906,270162
jor,1907,273153
jor,1908,276174
jor,1909,276309
jor,1910,273656
jor,1911,268306
jor,1912,260350
jor,1913,249872
jor,1914,239812
jor,1915,230154
jor,1916,220881
jor,1917,211978
jor,1918,204246
jor,1919,199033
jor,1920,196295
jor,1921,195996
jor,1922,198098
jor,1923,202568
jor,1924,207139
jor,1925,211813
jor,1926,216593
jor,1927,221480
jor,1928,226478
jor,1929,230520
jor,1930,233585
jor,1931,235652
jor,1932,236696
jor,1933,236696
jor,1934,236696
jor,1935,236696
jor,1936,236696
jor,1937,236696
jor,1938,236696
jor,1939,239756
jor,1940,246075
jor,1941,255861
jor,1942,269341
jor,1943,286751
jor,1944,305288
jor,1945,325022
jor,1946,346033
jor,1947,368401
jor,1948,392215
jor,1949,415581
jor,1950,438808
jor,1951,471160
jor,1952,506449
jor,1953,544109
jor,1954,583856
jor,1955,625572
jor,1956,669110
jor,1957,714362
jor,1958,760829
jor,1959,807612
jor,1960,853471
jor,1961,897599
jor,1962,940564
jor,1963,984720
jor,1964,1035644
jor,1965,1099446
jor,1966,1178371
jor,1967,1271186
jor,1968,1372468
jor,1969,1473101
jor,1970,1565172
jor,1971,1645148
jor,1972,1714562
jor,1973,1778096
jor,1974,1839191
jor,1975,1899059
jor,1976,1958181
jor,1977,2019008
jor,1978,2083604
jor,1979,2153891
jor,1980,2234192
jor,1981,2325528
jor,1982,2426933
jor,1983,2537307
jor,1984,2654689
jor,1985,2778819
jor,1986,2909896
jor,1987,3047634
jor,1988,3193044
jor,1989,3349638
jor,1990,3621915
jor,1991,3915152
jor,1992,4127699
jor,1993,4348018
jor,1994,4561409
jor,1995,4752097
jor,1996,4912518
jor,1997,5046287
jor,1998,5164290
jor,1999,5276450
jor,2000,5386945
jor,2001,5498900
jor,2002,5616077
jor,2003,5741837
jor,2004,5882066
jor,2005,6029597
jor,2006,6427377
jor,2007,6827235
jor,2008,6989874
jor,2009,7141763
jor,2010,7297046
jor,2011,7480431
jor,2012,7587133
jor,2013,7991812
jor,2014,8791715
jor,2015,9544730
jor,2016,10006369
jor,2017,10234227
jor,2018,10462310
jor,2019,10671893
jor,2020,10865232
jor,2021,11066356
jor,2022,11256269
jor,2023,11439220
jpn,1800,28000000
jpn,1801,28142859
jpn,1802,28286447
jpn,1803,28430767
jpn,1804,28575824
jpn,1805,28721621
jpn,1806,28868162
jpn,1807,29015450
jpn,1808,29163490
jpn,1809,29312285
jpn,1810,29462603
jpn,1811,29612924
jpn,1812,29764012
jpn,1813,29915872
jpn,1814,30068506
jpn,1815,30221918
jpn,1816,30376114
jpn,1817,30531096
jpn,1818,30686869
jpn,1819,30818368
jpn,1820,30925444
jpn,1821,31007944
jpn,1822,31065718
jpn,1823,31098612
jpn,1824,31131540
jpn,1825,31164504
jpn,1826,31197502
jpn,1827,31230535
jpn,1828,31263603
jpn,1829,31296707
jpn,1830,31329845
jpn,1831,31363019
jpn,1832,31396227
jpn,1833,31429471
jpn,1834,31462750
jpn,1835,31496064
jpn,1836,31529414
jpn,1837,31562799
jpn,1838,31596219
jpn,1839,31629675
jpn,1840,31663166
jpn,1841,31696692
jpn,1842,31730255
jpn,1843,31763853
jpn,1844,31797486
jpn,1845,31831155
jpn,1846,31864860
jpn,1847,31898600
jpn,1848,31932376
jpn,1849,31982941
jpn,1850,32050374
jpn,1851,32138471
jpn,1852,32243620
jpn,1853,32365906
jpn,1854,32488655
jpn,1855,32611870
jpn,1856,32735551
jpn,1857,32859701
jpn,1858,32984321
jpn,1859,33109414
jpn,1860,33234981
jpn,1861,33361024
jpn,1862,33487544
jpn,1863,33614544
jpn,1864,33742025
jpn,1865,33869990
jpn,1866,33998439
jpn,1867,34127374
jpn,1868,34256799
jpn,1869,34407430
jpn,1870,34579492
jpn,1871,34773210
jpn,1872,34988811
jpn,1873,35226524
jpn,1874,35465852
jpn,1875,35706805
jpn,1876,35949395
jpn,1877,36193632
jpn,1878,36439528
jpn,1879,36700906
jpn,1880,36977992
jpn,1881,37271015
jpn,1882,37580207
jpn,1883,37905801
jpn,1884,38234217
jpn,1885,38565477
jpn,1886,38899606
jpn,1887,39236630
jpn,1888,39576573
jpn,1889,39928082
jpn,1890,40291341
jpn,1891,40666539
jpn,1892,41053865
jpn,1893,41453511
jpn,1894,41857048
jpn,1895,42264512
jpn,1896,42675942
jpn,1897,43091376
jpn,1898,43510855
jpn,1899,43952420
jpn,1900,44416502
jpn,1901,44903535
jpn,1902,45413962
jpn,1903,45948233
jpn,1904,46488789
jpn,1905,47035703
jpn,1906,47589051
jpn,1907,48148908
jpn,1908,48715351
jpn,1909,49292444
jpn,1910,49880362
jpn,1911,50479280
jpn,1912,51089380
jpn,1913,51710843
jpn,1914,52339865
jpn,1915,52976538
jpn,1916,53620954
jpn,1917,54273209
jpn,1918,54927094
jpn,1919,55611871
jpn,1920,56328237
jpn,1921,57076902
jpn,1922,57858589
jpn,1923,58674033
jpn,1924,59500970
jpn,1925,60339562
jpn,1926,61189973
jpn,1927,62052369
jpn,1928,62926919
jpn,1929,63798063
jpn,1930,64665549
jpn,1931,65529121
jpn,1932,66388515
jpn,1933,67243463
jpn,1934,68109421
jpn,1935,68986531
jpn,1936,69874936
jpn,1937,70774782
jpn,1938,71686216
jpn,1939,72625078
jpn,1940,73591941
jpn,1941,74587386
jpn,1942,75612006
jpn,1943,76666406
jpn,1944,77735509
jpn,1945,78819521
jpn,1946,79918650
jpn,1947,81033105
jpn,1948,82163102
jpn,1949,83270008
jpn,1950,86443278
jpn,1951,87849929
jpn,1952,89135133
jpn,1953,90324185
jpn,1954,91407673
jpn,1955,92425476
jpn,1956,93342005
jpn,1957,94108980
jpn,1958,94846958
jpn,1959,95622973
jpn,1960,96399755
jpn,1961,97217594
jpn,1962,98076405
jpn,1963,98958230
jpn,1964,99890175
jpn,1965,100916018
jpn,1966,101887833
jpn,1967,102965530
jpn,1968,104237476
jpn,1969,105475169
jpn,1970,106712370
jpn,1971,107952031
jpn,1972,109238963
jpn,1973,110614742
jpn,1974,112009689
jpn,1975,113321197
jpn,1976,114502792
jpn,1977,115574278
jpn,1978,116576940
jpn,1979,117521561
jpn,1980,118358761
jpn,1981,118994054
jpn,1982,119485775
jpn,1983,119948943
jpn,1984,120384395
jpn,1985,120832158
jpn,1986,121366733
jpn,1987,121943588
jpn,1988,122476957
jpn,1989,122947411
jpn,1990,123399767
jpn,1991,123889870
jpn,1992,124383707
jpn,1993,124839955
jpn,1994,125286861
jpn,1995,125672659
jpn,1996,125975304
jpn,1997,126265926
jpn,1998,126549182
jpn,1999,126801566
jpn,2000,127027794
jpn,2001,127260144
jpn,2002,127484599
jpn,2003,127671254
jpn,2004,127815769
jpn,2005,127913331
jpn,2006,127997247
jpn,2007,128087683
jpn,2008,128155992
jpn,2009,128192471
jpn,2010,128185273
jpn,2011,128096430
jpn,2012,127928283
jpn,2013,127723642
jpn,2014,127486601
jpn,2015,127275868
jpn,2016,127159950
jpn,2017,127064686
jpn,2018,126913432
jpn,2019,126699421
jpn,2020,126304533
jpn,2021,125679342
jpn,2022,124997585
jpn,2023,124370947
kaz,1800,2041282
kaz,1801,2041282
kaz,1802,2041282
kaz,1803,2041282
kaz,1804,2041282
kaz,1805,2041282
kaz,1806,2041282
kaz,1807,2041282
kaz,1808,2041282
kaz,1809,2041282
kaz,1810,2041282
kaz,1811,2041282
kaz,1812,2041282
kaz,1813,2041282
kaz,1814,2041282
kaz,1815,2041282
kaz,1816,2041282
kaz,1817,2041282
kaz,1818,2041282
kaz,1819,2045028
kaz,1820,2052556
kaz,1821,2063898
kaz,1822,2079091
kaz,1823,2098170
kaz,1824,2117425
kaz,1825,2136855
kaz,1826,2156464
kaz,1827,2176253
kaz,1828,2196224
kaz,1829,2216378
kaz,1830,2236717
kaz,1831,2257242
kaz,1832,2277956
kaz,1833,2298860
kaz,1834,2319956
kaz,1835,2341245
kaz,1836,2362730
kaz,1837,2384412
kaz,1838,2406292
kaz,1839,2428374
kaz,1840,2450658
kaz,1841,2473147
kaz,1842,2495842
kaz,1843,2518745
kaz,1844,2541859
kaz,1845,2565185
kaz,1846,2588724
kaz,1847,2612480
kaz,1848,2636454
kaz,1849,2660647
kaz,1850,2685063
kaz,1851,2708712
kaz,1852,2732569
kaz,1853,2756636
kaz,1854,2780914
kaz,1855,2805406
kaz,1856,2830113
kaz,1857,2855037
kaz,1858,2880181
kaz,1859,2905545
kaz,1860,2931132
kaz,1861,2956945
kaz,1862,2982984
kaz,1863,3009252
kaz,1864,3035751
kaz,1865,3062483
kaz,1866,3089450
kaz,1867,3116654
kaz,1868,3144097
kaz,1869,3171782
kaz,1870,3199709
kaz,1871,3227883
kaz,1872,3256303
kaz,1873,3284974
kaz,1874,3313897
kaz,1875,3343073
kaz,1876,3372506
kaz,1877,3402198
kaz,1878,3432151
kaz,1879,3462367
kaz,1880,3492849
kaz,1881,3523598
kaz,1882,3554618
kaz,1883,3585910
kaz,1884,3617477
kaz,1885,3649322
kaz,1886,3681446
kaz,1887,3713853
kaz,1888,3746544
kaz,1889,3779523
kaz,1890,3812791
kaz,1891,3846352
kaz,1892,3880208
kaz,1893,3914361
kaz,1894,3948814
kaz,1895,3983570
kaz,1896,4018631
kaz,1897,4054000
kaz,1898,4089680
kaz,1899,4125674
kaz,1900,4161983
kaz,1901,4198612
kaz,1902,4235562
kaz,1903,4272837
kaz,1904,4310440
kaz,1905,4348372
kaz,1906,4386638
kaz,1907,4425240
kaz,1908,4464181
kaz,1909,4503465
kaz,1910,4543093
kaz,1911,4583069
kaz,1912,4623396
kaz,1913,4664078
kaz,1914,4705117
kaz,1915,4746516
kaz,1916,4788279
kaz,1917,4830409
kaz,1918,4874736
kaz,1919,4919469
kaz,1920,4964613
kaz,1921,5010172
kaz,1922,5056148
kaz,1923,5102546
kaz,1924,5149370
kaz,1925,5196624
kaz,1926,5244311
kaz,1927,5292436
kaz,1928,5341003
kaz,1929,5390015
kaz,1930,5439477
kaz,1931,5489393
kaz,1932,5539767
kaz,1933,5590604
kaz,1934,5641906
kaz,1935,5693680
kaz,1936,5745928
kaz,1937,5798657
kaz,1938,5851869
kaz,1939,5905569
kaz,1940,5959762
kaz,1941,6014452
kaz,1942,6069645
kaz,1943,6125343
kaz,1944,6181553
kaz,1945,6238279
kaz,1946,6295525
kaz,1947,6353297
kaz,1948,6411598
kaz,1949,6511702
kaz,1950,6787149
kaz,1951,7020910
kaz,1952,7258805
kaz,1953,7498485
kaz,1954,7742036
kaz,1955,7993636
kaz,1956,8256704
kaz,1957,8533907
kaz,1958,8822638
kaz,1959,9122174
kaz,1960,9429982
kaz,1961,9742081
kaz,1962,10058937
kaz,1963,10377471
kaz,1964,10690312
kaz,1965,10993195
kaz,1966,11288989
kaz,1967,11584428
kaz,1968,11879184
kaz,1969,12156219
kaz,1970,12419056
kaz,1971,12684817
kaz,1972,12951805
kaz,1973,13208122
kaz,1974,13454576
kaz,1975,13700850
kaz,1976,13998737
kaz,1977,14353262
kaz,1978,14711507
kaz,1979,14978703
kaz,1980,15152953
kaz,1981,15323086
kaz,1982,15492597
kaz,1983,15665554
kaz,1984,15844620
kaz,1985,16031087
kaz,1986,16262697
kaz,1987,16527717
kaz,1988,16781167
kaz,1989,16997012
kaz,1990,17154060
kaz,1991,17278604
kaz,1992,17332624
kaz,1993,17274487
kaz,1994,17043775
kaz,1995,16730541
kaz,1996,16416036
kaz,1997,16043250
kaz,1998,15647789
kaz,1999,15455877
kaz,2000,15501108
kaz,2001,15575550
kaz,2002,15656680
kaz,2003,15747377
kaz,2004,15850164
kaz,2005,15968118
kaz,2006,16103718
kaz,2007,16257212
kaz,2008,16426527
kaz,2009,16619851
kaz,2010,16836808
kaz,2011,17065996
kaz,2012,17306115
kaz,2013,17556502
kaz,2014,17816285
kaz,2015,18084175
kaz,2016,18363600
kaz,2017,18651931
kaz,2018,18932725
kaz,2019,19209556
kaz,2020,19482116
kaz,2021,19743607
kaz,2022,20034612
kaz,2023,20330109
ken,1800,2574000
ken,1801,2587646
ken,1802,2601363
ken,1803,2615154
ken,1804,2629018
ken,1805,2642955
ken,1806,2656966
ken,1807,2671051
ken,1808,2685211
ken,1809,2699446
ken,1810,2713833
ken,1811,2728219
ken,1812,2742683
ken,1813,2757222
ken,1814,2771839
ken,1815,2786533
ken,1816,2801306
ken,1817,2816156
ken,1818,2831085
ken,1819,2846094
ken,1820,2861182
ken,1821,2876350
ken,1822,2891598
ken,1823,2906927
ken,1824,2922338
ken,1825,2937830
ken,1826,2953404
ken,1827,2969061
ken,1828,2984801
ken,1829,3000624
ken,1830,3016531
ken,1831,3032523
ken,1832,3048599
ken,1833,3064761
ken,1834,3081008
ken,1835,3097341
ken,1836,3113761
ken,1837,3130268
ken,1838,3146862
ken,1839,3163545
ken,1840,3180316
ken,1841,3197175
ken,1842,3214125
ken,1843,3231164
ken,1844,3248293
ken,1845,3265513
ken,1846,3282824
ken,1847,3300228
ken,1848,3317723
ken,1849,3335780
ken,1850,3354404
ken,1851,3370747
ken,1852,3387635
ken,1853,3405073
ken,1854,3422599
ken,1855,3440212
ken,1856,3457913
ken,1857,3475703
ken,1858,3493582
ken,1859,3511551
ken,1860,3529609
ken,1861,3547757
ken,1862,3565996
ken,1863,3584327
ken,1864,3602749
ken,1865,3621263
ken,1866,3639869
ken,1867,3658569
ken,1868,3677361
ken,1869,3696992
ken,1870,3717467
ken,1871,3738797
ken,1872,3760989
ken,1873,3784052
ken,1874,3807253
ken,1875,3830593
ken,1876,3854074
ken,1877,3877696
ken,1878,3901460
ken,1879,3925366
ken,1880,3949416
ken,1881,3973610
ken,1882,3997950
ken,1883,4022435
ken,1884,4047067
ken,1885,4071848
ken,1886,4096776
ken,1887,4121855
ken,1888,4147083
ken,1889,4162379
ken,1890,4167751
ken,1891,4163204
ken,1892,4148745
ken,1893,4124381
ken,1894,4100157
ken,1895,4076072
ken,1896,4052125
ken,1897,4028316
ken,1898,4004644
ken,1899,3978731
ken,1900,3950614
ken,1901,3920328
ken,1902,3887910
ken,1903,3853394
ken,1904,3819182
ken,1905,3785270
ken,1906,3751657
ken,1907,3718339
ken,1908,3685314
ken,1909,3656927
ken,1910,3633121
ken,1911,3613839
ken,1912,3599023
ken,1913,3588619
ken,1914,3578242
ken,1915,3567892
ken,1916,3557569
ken,1917,3547273
ken,1918,3540178
ken,1919,3546497
ken,1920,3566429
ken,1921,3600180
ken,1922,3647958
ken,1923,3709973
ken,1924,3773042
ken,1925,3837184
ken,1926,3902416
ken,1927,3968757
ken,1928,4036226
ken,1929,4102338
ken,1930,4167035
ken,1931,4230257
ken,1932,4291942
ken,1933,4352030
ken,1934,4412958
ken,1935,4474739
ken,1936,4537386
ken,1937,4600909
ken,1938,4665322
ken,1939,4734473
ken,1940,4808498
ken,1941,4887536
ken,1942,4971728
ken,1943,5061219
ken,1944,5152321
ken,1945,5245063
ken,1946,5339474
ken,1947,5435584
ken,1948,5533425
ken,1949,5646031
ken,1950,5769190
ken,1951,5893576
ken,1952,6033296
ken,1953,6183900
ken,1954,6348143
ken,1955,6529301
ken,1956,6727685
ken,1957,6944873
ken,1958,7174794
ken,1959,7422742
ken,1960,7695310
ken,1961,7987768
ken,1962,8299311
ken,1963,8627972
ken,1964,8973539
ken,1965,9338084
ken,1966,9717825
ken,1967,10111061
ken,1968,10518828
ken,1969,10939697
ken,1970,11368806
ken,1971,11788906
ken,1972,12206063
ken,1973,12634841
ken,1974,13070078
ken,1975,13511672
ken,1976,13957620
ken,1977,14428824
ken,1978,14934127
ken,1979,15460668
ken,1980,16018465
ken,1981,16601510
ken,1982,17206177
ken,1983,17846374
ken,1984,18514908
ken,1985,19201772
ken,1986,19901643
ken,1987,20616091
ken,1988,21356222
ken,1989,22118437
ken,1990,22892655
ken,1991,23646514
ken,1992,24382466
ken,1993,25117192
ken,1994,25857136
ken,1995,26601753
ken,1996,27344211
ken,1997,28101762
ken,1998,28888063
ken,1999,29733413
ken,2000,30642893
ken,2001,31619170
ken,2002,32629809
ken,2003,33652233
ken,2004,34713453
ken,2005,35796485
ken,2006,36904010
ken,2007,38036354
ken,2008,39206349
ken,2009,40408887
ken,2010,41598570
ken,2011,42758467
ken,2012,43888306
ken,2013,44986794
ken,2014,46051441
ken,2015,47088528
ken,2016,48139683
ken,2017,49197757
ken,2018,50207109
ken,2019,51202829
ken,2020,52217327
ken,2021,53219167
ken,2022,54252458
ken,2023,55339007
kgz,1800,530343
kgz,1801,530343
kgz,1802,530343
kgz,1803,530343
kgz,1804,530343
kgz,1805,530343
kgz,1806,530343
kgz,1807,530343
kgz,1808,530343
kgz,1809,530343
kgz,1810,530343
kgz,1811,530343
kgz,1812,530343
kgz,1813,530343
kgz,1814,530343
kgz,1815,530343
kgz,1816,530343
kgz,1817,530343
kgz,1818,530343
kgz,1819,531316
kgz,1820,533272
kgz,1821,536219
kgz,1822,540166
kgz,1823,545123
kgz,1824,550126
kgz,1825,555174
kgz,1826,560268
kgz,1827,565410
kgz,1828,570598
kgz,1829,575834
kgz,1830,581119
kgz,1831,586451
kgz,1832,591833
kgz,1833,597264
kgz,1834,602745
kgz,1835,608276
kgz,1836,613858
kgz,1837,619491
kgz,1838,625176
kgz,1839,630913
kgz,1840,636703
kgz,1841,642545
kgz,1842,648442
kgz,1843,654392
kgz,1844,660397
kgz,1845,666458
kgz,1846,672573
kgz,1847,678745
kgz,1848,684974
kgz,1849,691260
kgz,1850,697603
kgz,1851,703993
kgz,1852,710442
kgz,1853,716950
kgz,1854,723518
kgz,1855,730146
kgz,1856,736834
kgz,1857,743584
kgz,1858,750396
kgz,1859,757270
kgz,1860,764206
kgz,1861,771207
kgz,1862,778272
kgz,1863,785401
kgz,1864,792596
kgz,1865,799856
kgz,1866,807183
kgz,1867,814577
kgz,1868,822039
kgz,1869,829570
kgz,1870,837169
kgz,1871,844838
kgz,1872,852577
kgz,1873,860387
kgz,1874,868268
kgz,1875,876222
kgz,1876,884249
kgz,1877,892349
kgz,1878,900523
kgz,1879,908772
kgz,1880,917097
kgz,1881,925498
kgz,1882,933976
kgz,1883,942532
kgz,1884,951166
kgz,1885,959879
kgz,1886,968672
kgz,1887,977545
kgz,1888,986500
kgz,1889,995537
kgz,1890,1004657
kgz,1891,1013860
kgz,1892,1023147
kgz,1893,1032520
kgz,1894,1041978
kgz,1895,1051523
kgz,1896,1061155
kgz,1897,1070876
kgz,1898,1080686
kgz,1899,1090585
kgz,1900,1100576
kgz,1901,1110658
kgz,1902,1120832
kgz,1903,1131099
kgz,1904,1141460
kgz,1905,1151917
kgz,1906,1162469
kgz,1907,1173118
kgz,1908,1183864
kgz,1909,1194709
kgz,1910,1205653
kgz,1911,1216697
kgz,1912,1227843
kgz,1913,1239090
kgz,1914,1250441
kgz,1915,1261895
kgz,1916,1273455
kgz,1917,1285120
kgz,1918,1296913
kgz,1919,1308815
kgz,1920,1320825
kgz,1921,1332946
kgz,1922,1345178
kgz,1923,1357522
kgz,1924,1369979
kgz,1925,1382551
kgz,1926,1395238
kgz,1927,1408042
kgz,1928,1420963
kgz,1929,1434003
kgz,1930,1447162
kgz,1931,1460442
kgz,1932,1473844
kgz,1933,1487369
kgz,1934,1501018
kgz,1935,1514792
kgz,1936,1528693
kgz,1937,1542721
kgz,1938,1556878
kgz,1939,1571165
kgz,1940,1585583
kgz,1941,1600133
kgz,1942,1614817
kgz,1943,1629635
kgz,1944,1644590
kgz,1945,1659682
kgz,1946,1674912
kgz,1947,1690282
kgz,1948,1705793
kgz,1949,1726058
kgz,1950,1751141
kgz,1951,1787518
kgz,1952,1824592
kgz,1953,1862537
kgz,1954,1902146
kgz,1955,1944409
kgz,1956,1989628
kgz,1957,2038322
kgz,1958,2090857
kgz,1959,2149301
kgz,1960,2215517
kgz,1961,2288672
kgz,1962,2367299
kgz,1963,2449247
kgz,1964,2532153
kgz,1965,2615065
kgz,1966,2697630
kgz,1967,2780172
kgz,1968,2862894
kgz,1969,2944842
kgz,1970,3025143
kgz,1971,3101444
kgz,1972,3173948
kgz,1973,3244873
kgz,1974,3314025
kgz,1975,3381368
kgz,1976,3447009
kgz,1977,3514133
kgz,1978,3584533
kgz,1979,3656193
kgz,1980,3729372
kgz,1981,3804455
kgz,1982,3882820
kgz,1983,3965765
kgz,1984,4039348
kgz,1985,4102389
kgz,1986,4168594
kgz,1987,4238467
kgz,1988,4308022
kgz,1989,4381999
kgz,1990,4459545
kgz,1991,4532124
kgz,1992,4600308
kgz,1993,4626809
kgz,1994,4649190
kgz,1995,4713641
kgz,1996,4782885
kgz,1997,4847998
kgz,1998,4907792
kgz,1999,4968593
kgz,2000,5025150
kgz,2001,5071960
kgz,2002,5116252
kgz,2003,5159422
kgz,2004,5203048
kgz,2005,5246337
kgz,2006,5282451
kgz,2007,5313376
kgz,2008,5342530
kgz,2009,5398013
kgz,2010,5491763
kgz,2011,5594537
kgz,2012,5696521
kgz,2013,5797294
kgz,2014,5898322
kgz,2015,6001876
kgz,2016,6108460
kgz,2017,6220148
kgz,2018,6341733
kgz,2019,6494036
kgz,2020,6664143
kgz,2021,6820483
kgz,2022,6955792
kgz,2023,7073523
khm,1800,2090000
khm,1801,2090000
khm,1802,2090000
khm,1803,2090000
khm,1804,2090000
khm,1805,2090000
khm,1806,2090000
khm,1807,2090000
khm,1808,2090000
khm,1809,2090000
khm,1810,2090000
khm,1811,2090000
khm,1812,2090000
khm,1813,2090000
khm,1814,2090000
khm,1815,2090000
khm,1816,2090000
khm,1817,2090000
khm,1818,2090000
khm,1819,2090946
khm,1820,2092839
khm,1821,2095682
khm,1822,2099478
khm,1823,2104227
khm,1824,2108988
khm,1825,2113759
khm,1826,2118541
khm,1827,2123334
khm,1828,2128137
khm,1829,2132952
khm,1830,2137777
khm,1831,2142613
khm,1832,2147461
khm,1833,2152319
khm,1834,2157188
khm,1835,2162068
khm,1836,2166959
khm,1837,2171862
khm,1838,2176775
khm,1839,2181700
khm,1840,2186635
khm,1841,2191582
khm,1842,2196540
khm,1843,2201509
khm,1844,2206490
khm,1845,2211481
khm,1846,2216484
khm,1847,2221499
khm,1848,2226524
khm,1849,2231561
khm,1850,2236610
khm,1851,2241214
khm,1852,2245827
khm,1853,2250450
khm,1854,2255082
khm,1855,2259724
khm,1856,2264375
khm,1857,2269036
khm,1858,2273706
khm,1859,2278385
khm,1860,2283075
khm,1861,2287773
khm,1862,2292482
khm,1863,2297199
khm,1864,2301927
khm,1865,2306664
khm,1866,2311411
khm,1867,2316167
khm,1868,2320933
khm,1869,2327830
khm,1870,2336875
khm,1871,2348086
khm,1872,2361482
khm,1873,2377081
khm,1874,2392783
khm,1875,2408589
khm,1876,2424499
khm,1877,2440513
khm,1878,2456634
khm,1879,2472861
khm,1880,2489195
khm,1881,2505637
khm,1882,2522187
khm,1883,2538846
khm,1884,2555616
khm,1885,2572496
khm,1886,2589487
khm,1887,2606591
khm,1888,2623807
khm,1889,2641137
khm,1890,2658582
khm,1891,2676141
khm,1892,2693817
khm,1893,2711609
khm,1894,2729518
khm,1895,2747546
khm,1896,2765692
khm,1897,2783958
khm,1898,2802345
khm,1899,2820853
khm,1900,2839483
khm,1901,2858237
khm,1902,2877113
khm,1903,2896115
khm,1904,2915242
khm,1905,2934495
khm,1906,2953875
khm,1907,2973382
khm,1908,2993019
khm,1909,3005932
khm,1910,3012110
khm,1911,3011543
khm,1912,3004219
khm,1913,2990127
khm,1914,2976101
khm,1915,2962140
khm,1916,2948245
khm,1917,2934415
khm,1918,2921252
khm,1919,2908148
khm,1920,2895102
khm,1921,2882116
khm,1922,2869187
khm,1923,2856316
khm,1924,2843504
khm,1925,2830748
khm,1926,2818050
khm,1927,2805409
khm,1928,2792824
khm,1929,2787341
khm,1930,2788985
khm,1931,2797784
khm,1932,2813763
khm,1933,2836950
khm,1934,2860329
khm,1935,2883900
khm,1936,2907665
khm,1937,2931626
khm,1938,2955785
khm,1939,2998703
khm,1940,3061261
khm,1941,3144376
khm,1942,3249001
khm,1943,3376129
khm,1944,3508231
khm,1945,3645501
khm,1946,3788143
khm,1947,3936366
khm,1948,4090389
khm,1949,4238572
khm,1950,4375252
khm,1951,4475694
khm,1952,4577965
khm,1953,4680458
khm,1954,4783832
khm,1955,4890375
khm,1956,4999483
khm,1957,5110435
khm,1958,5220837
khm,1959,5332933
khm,1960,5449964
khm,1961,5571174
khm,1962,5697559
khm,1963,5823012
khm,1964,5946186
khm,1965,6072288
khm,1966,6201235
khm,1967,6332946
khm,1968,6467323
khm,1969,6604731
khm,1970,6639187
khm,1971,6620880
khm,1972,6673890
khm,1973,6739737
khm,1974,6783251
khm,1975,6581373
khm,1976,6134989
khm,1977,5668561
khm,1978,5211654
khm,1979,5088812
khm,1980,5199874
khm,1981,5284493
khm,1982,5436436
khm,1983,5636206
khm,1984,5845115
khm,1985,6043782
khm,1986,6285699
khm,1987,6557971
khm,1988,6812012
khm,1989,7073472
khm,1990,7374754
khm,1991,7686857
khm,1992,8113085
khm,1993,8616383
khm,1994,9239160
khm,1995,10018500
khm,1996,10801268
khm,1997,11570986
khm,1998,12058180
khm,1999,12265734
khm,2000,12462343
khm,2001,12658486
khm,2002,12855249
khm,2003,13050977
khm,2004,13244737
khm,2005,13439203
khm,2006,13639032
khm,2007,13841773
khm,2008,14053479
khm,2009,14276819
khm,2010,14500730
khm,2011,14722587
khm,2012,14945090
khm,2013,15170210
khm,2014,15396771
khm,2015,15623253
khm,2016,15852802
khm,2017,16073374
khm,2018,16274522
khm,2019,16481305
khm,2020,16725484
khm,2021,16974309
khm,2022,17201721
khm,2023,17423884
kir,1800,17876
kir,1801,17876
kir,1802,17876
kir,1803,17876
kir,1804,17876
kir,1805,17876
kir,1806,17876
kir,1807,17876
kir,1808,17876
kir,1809,17876
kir,1810,17876
kir,1811,17876
kir,1812,17876
kir,1813,17876
kir,1814,17876
kir,1815,17876
kir,1816,17876
kir,1817,17876
kir,1818,17876
kir,1819,17893
kir,1820,17928
kir,1821,17980
kir,1822,18050
kir,1823,18137
kir,1824,18224
kir,1825,18312
kir,1826,18401
kir,1827,18490
kir,1828,18579
kir,1829,18669
kir,1830,18759
kir,1831,18850
kir,1832,18941
kir,1833,19032
kir,1834,19124
kir,1835,19217
kir,1836,19309
kir,1837,19403
kir,1838,19496
kir,1839,19591
kir,1840,19685
kir,1841,19780
kir,1842,19876
kir,1843,19972
kir,1844,20068
kir,1845,20165
kir,1846,20263
kir,1847,20361
kir,1848,20459
kir,1849,20558
kir,1850,20657
kir,1851,20795
kir,1852,20933
kir,1853,21072
kir,1854,21212
kir,1855,21353
kir,1856,21494
kir,1857,21637
kir,1858,21780
kir,1859,21924
kir,1860,22069
kir,1861,22216
kir,1862,22362
kir,1863,22510
kir,1864,22659
kir,1865,22809
kir,1866,22959
kir,1867,23111
kir,1868,23263
kir,1869,23417
kir,1870,23571
kir,1871,23726
kir,1872,23882
kir,1873,24039
kir,1874,24197
kir,1875,24357
kir,1876,24517
kir,1877,24678
kir,1878,24840
kir,1879,25003
kir,1880,25167
kir,1881,25332
kir,1882,25498
kir,1883,25665
kir,1884,25833
kir,1885,26002
kir,1886,26172
kir,1887,26343
kir,1888,26515
kir,1889,26688
kir,1890,26862
kir,1891,27038
kir,1892,27214
kir,1893,27392
kir,1894,27570
kir,1895,27750
kir,1896,27931
kir,1897,28112
kir,1898,28295
kir,1899,28479
kir,1900,28664
kir,1901,28851
kir,1902,29038
kir,1903,29227
kir,1904,29416
kir,1905,29607
kir,1906,29799
kir,1907,29992
kir,1908,30187
kir,1909,30382
kir,1910,30579
kir,1911,30777
kir,1912,30976
kir,1913,31176
kir,1914,31378
kir,1915,31580
kir,1916,31784
kir,1917,31990
kir,1918,32144
kir,1919,32299
kir,1920,32455
kir,1921,32612
kir,1922,32770
kir,1923,32928
kir,1924,33087
kir,1925,33247
kir,1926,33408
kir,1927,33569
kir,1928,33731
kir,1929,33894
kir,1930,34058
kir,1931,34222
kir,1932,34388
kir,1933,34554
kir,1934,34721
kir,1935,34889
kir,1936,35057
kir,1937,35227
kir,1938,35397
kir,1939,35568
kir,1940,35740
kir,1941,35912
kir,1942,36086
kir,1943,36260
kir,1944,36435
kir,1945,36611
kir,1946,36788
kir,1947,36966
kir,1948,37144
kir,1949,37437
kir,1950,37871
kir,1951,38644
kir,1952,39449
kir,1953,40285
kir,1954,41151
kir,1955,42062
kir,1956,43009
kir,1957,43992
kir,1958,45005
kir,1959,46061
kir,1960,47177
kir,1961,48347
kir,1962,49562
kir,1963,50812
kir,1964,52106
kir,1965,53452
kir,1966,54449
kir,1967,55016
kir,1968,55545
kir,1969,56380
kir,1970,57530
kir,1971,58672
kir,1972,59796
kir,1973,60839
kir,1974,61235
kir,1975,61011
kir,1976,60683
kir,1977,60285
kir,1978,59878
kir,1979,60192
kir,1980,61170
kir,1981,62137
kir,1982,63146
kir,1983,64183
kir,1984,65245
kir,1985,66510
kir,1986,68079
kir,1987,69749
kir,1988,71445
kir,1989,73164
kir,1990,74872
kir,1991,76385
kir,1992,77655
kir,1993,78853
kir,1994,80033
kir,1995,81251
kir,1996,82637
kir,1997,84161
kir,1998,85672
kir,1999,87139
kir,2000,88632
kir,2001,90350
kir,2002,92281
kir,2003,94189
kir,2004,96096
kir,2005,98045
kir,2006,100028
kir,2007,102081
kir,2008,104235
kir,2009,106479
kir,2010,108717
kir,2011,110660
kir,2012,112293
kir,2013,113847
kir,2014,115339
kir,2015,116826
kir,2016,118488
kir,2017,120288
kir,2018,122097
kir,2019,123928
kir,2020,126110
kir,2021,128387
kir,2022,130483
kir,2023,132540
kna,1800,17202
kna,1801,17202
kna,1802,17202
kna,1803,17202
kna,1804,17202
kna,1805,17202
kna,1806,17202
kna,1807,17202
kna,1808,17202
kna,1809,17202
kna,1810,17202
kna,1811,17202
kna,1812,17202
kna,1813,17202
kna,1814,17202
kna,1815,17202
kna,1816,17202
kna,1817,17202
kna,1818,17202
kna,1819,17261
kna,1820,17380
kna,1821,17561
kna,1822,17803
kna,1823,18109
kna,1824,18420
kna,1825,18737
kna,1826,19059
kna,1827,19386
kna,1828,19719
kna,1829,20058
kna,1830,20402
kna,1831,20753
kna,1832,21109
kna,1833,21472
kna,1834,21841
kna,1835,22216
kna,1836,22598
kna,1837,22986
kna,1838,23381
kna,1839,23782
kna,1840,24191
kna,1841,24607
kna,1842,25029
kna,1843,25459
kna,1844,25897
kna,1845,26342
kna,1846,26794
kna,1847,27254
kna,1848,27723
kna,1849,28199
kna,1850,28683
kna,1851,29205
kna,1852,29736
kna,1853,30277
kna,1854,30827
kna,1855,31388
kna,1856,31958
kna,1857,32539
kna,1858,33131
kna,1859,33728
kna,1860,34330
kna,1861,34937
kna,1862,35549
kna,1863,36167
kna,1864,36796
kna,1865,37435
kna,1866,38085
kna,1867,38747
kna,1868,39420
kna,1869,40050
kna,1870,40634
kna,1871,41171
kna,1872,41660
kna,1873,42100
kna,1874,42544
kna,1875,42993
kna,1876,43447
kna,1877,43905
kna,1878,44368
kna,1879,44829
kna,1880,45286
kna,1881,45741
kna,1882,46192
kna,1883,46641
kna,1884,47093
kna,1885,47550
kna,1886,48012
kna,1887,48478
kna,1888,48948
kna,1889,49293
kna,1890,49513
kna,1891,49605
kna,1892,49570
kna,1893,49407
kna,1894,49244
kna,1895,49081
kna,1896,48919
kna,1897,48757
kna,1898,48596
kna,1899,48411
kna,1900,48203
kna,1901,47973
kna,1902,47719
kna,1903,47443
kna,1904,47168
kna,1905,46895
kna,1906,46624
kna,1907,46354
kna,1908,46085
kna,1909,45744
kna,1910,45331
kna,1911,44847
kna,1912,44295
kna,1913,43675
kna,1914,43063
kna,1915,42460
kna,1916,41866
kna,1917,41280
kna,1918,40664
kna,1919,40153
kna,1920,39746
kna,1921,39441
kna,1922,39236
kna,1923,39128
kna,1924,39021
kna,1925,38914
kna,1926,38808
kna,1927,38702
kna,1928,38596
kna,1929,38553
kna,1930,38573
kna,1931,38656
kna,1932,38803
kna,1933,39014
kna,1934,39225
kna,1935,39438
kna,1936,39652
kna,1937,39866
kna,1938,40083
kna,1939,40382
kna,1940,40766
kna,1941,41238
kna,1942,41797
kna,1943,42447
kna,1944,43107
kna,1945,43778
kna,1946,44459
kna,1947,45150
kna,1948,45852
kna,1949,46554
kna,1950,47254
kna,1951,48327
kna,1952,49414
kna,1953,50469
kna,1954,51359
kna,1955,52155
kna,1956,52994
kna,1957,53843
kna,1958,54669
kna,1959,55492
kna,1960,55834
kna,1961,55352
kna,1962,54483
kna,1963,53461
kna,1964,52348
kna,1965,51163
kna,1966,49917
kna,1967,48626
kna,1968,47265
kna,1969,45750
kna,1970,44632
kna,1971,44228
kna,1972,44054
kna,1973,43897
kna,1974,43759
kna,1975,43628
kna,1976,43499
kna,1977,43377
kna,1978,43237
kna,1979,43053
kna,1980,42866
kna,1981,42721
kna,1982,42549
kna,1983,42355
kna,1984,42134
kna,1985,41894
kna,1986,41642
kna,1987,41368
kna,1988,41084
kna,1989,40777
kna,1990,40456
kna,1991,40382
kna,1992,40740
kna,1993,41266
kna,1994,41798
kna,1995,42347
kna,1996,42903
kna,1997,43453
kna,1998,44018
kna,1999,44625
kna,2000,45272
kna,2001,45785
kna,2002,46048
kna,2003,46200
kna,2004,46337
kna,2005,46459
kna,2006,46592
kna,2007,46734
kna,2008,46857
kna,2009,46941
kna,2010,46871
kna,2011,46917
kna,2012,47056
kna,2013,47092
kna,2014,47112
kna,2015,47108
kna,2016,47099
kna,2017,47075
kna,2018,47032
kna,2019,46976
kna,2020,46896
kna,2021,46786
kna,2022,46732
kna,2023,46783
kor,1800,9395000
kor,1801,9395000
kor,1802,9395000
kor,1803,9395000
kor,1804,9395000
kor,1805,9395000
kor,1806,9395000
kor,1807,9395000
kor,1808,9395000
kor,1809,9395000
kor,1810,9395000
kor,1811,9395000
kor,1812,9395000
kor,1813,9395000
kor,1814,9395000
kor,1815,9395000
kor,1816,9395000
kor,1817,9395000
kor,1818,9395000
kor,1819,9395992
kor,1820,9397978
kor,1821,9400956
kor,1822,9404929
kor,1823,9409896
kor,1824,9414866
kor,1825,9419838
kor,1826,9424813
kor,1827,9429790
kor,1828,9434771
kor,1829,9439753
kor,1830,9444739
kor,1831,9449727
kor,1832,9454718
kor,1833,9459711
kor,1834,9464707
kor,1835,9469706
kor,1836,9474707
kor,1837,9479711
kor,1838,9484717
kor,1839,9489727
kor,1840,9494738
kor,1841,9499753
kor,1842,9504770
kor,1843,9509790
kor,1844,9514812
kor,1845,9519837
kor,1846,9524865
kor,1847,9529896
kor,1848,9534929
kor,1849,9541015
kor,1850,9548156
kor,1851,9552157
kor,1852,9557208
kor,1853,9563310
kor,1854,9569414
kor,1855,9575520
kor,1856,9581627
kor,1857,9587737
kor,1858,9593849
kor,1859,9599963
kor,1860,9606079
kor,1861,9612197
kor,1862,9618317
kor,1863,9624439
kor,1864,9630563
kor,1865,9636689
kor,1866,9642817
kor,1867,9648947
kor,1868,9655079
kor,1869,9660065
kor,1870,9663904
kor,1871,9666596
kor,1872,9668141
kor,1873,9668539
kor,1874,9668935
kor,1875,9669329
kor,1876,9669721
kor,1877,9670111
kor,1878,9670499
kor,1879,9670886
kor,1880,9671270
kor,1881,9671653
kor,1882,9672033
kor,1883,9672412
kor,1884,9672789
kor,1885,9673164
kor,1886,9673537
kor,1887,9673908
kor,1888,9674277
kor,1889,9674647
kor,1890,9675019
kor,1891,9675391
kor,1892,9675765
kor,1893,9676139
kor,1894,9676512
kor,1895,9676883
kor,1896,9677252
kor,1897,9677619
kor,1898,9677984
kor,1899,9681284
kor,1900,9687522
kor,1901,9696702
kor,1902,9708827
kor,1903,9723900
kor,1904,9738995
kor,1905,9754112
kor,1906,9769249
kor,1907,9784409
kor,1908,9799590
kor,1909,9841836
kor,1910,9911592
kor,1911,10009308
kor,1912,10135440
kor,1913,10290453
kor,1914,10447834
kor,1915,10607621
kor,1916,10769848
kor,1917,10934555
kor,1918,11106804
kor,1919,11283431
kor,1920,11464533
kor,1921,11650208
kor,1922,11840557
kor,1923,12035681
kor,1924,12234022
kor,1925,12435630
kor,1926,12640561
kor,1927,12848870
kor,1928,13060611
kor,1929,13263161
kor,1930,13456220
kor,1931,13639481
kor,1932,13812628
kor,1933,13975340
kor,1934,14139969
kor,1935,14306538
kor,1936,14475069
kor,1937,14645585
kor,1938,14818109
kor,1939,15045613
kor,1940,15330291
kor,1941,15674410
kor,1942,16080309
kor,1943,16550405
kor,1944,17034244
kor,1945,17532227
kor,1946,18044769
kor,1947,18572294
kor,1948,19115242
kor,1949,19626401
kor,1950,19757319
kor,1951,19868990
kor,1952,20229880
kor,1953,20775325
kor,1954,21415578
kor,1955,22125104
kor,1956,22874441
kor,1957,23660791
kor,1958,24473927
kor,1959,25298234
kor,1960,26115388
kor,1961,26852962
kor,1962,27509235
kor,1963,28145547
kor,1964,28744980
kor,1965,29284343
kor,1966,29845941
kor,1967,30495725
kor,1968,31175295
kor,1969,31852769
kor,1970,32542203
kor,1971,33239859
kor,1972,33936470
kor,1973,34625848
kor,1974,35287834
kor,1975,35875741
kor,1976,36379928
kor,1977,36843638
kor,1978,37281935
kor,1979,37710898
kor,1980,38141109
kor,1981,38689192
kor,1982,39356159
kor,1983,40000945
kor,1984,40598302
kor,1985,41148956
kor,1986,41718508
kor,1987,42322092
kor,1988,42922980
kor,1989,43524765
kor,1990,44081425
kor,1991,44439146
kor,1992,44653699
kor,1993,44887721
kor,1994,45130842
kor,1995,45368425
kor,1996,45638701
kor,1997,45941541
kor,1998,46230885
kor,1999,46500382
kor,2000,46766660
kor,2001,47043467
kor,2002,47299118
kor,2003,47514158
kor,2004,47697076
kor,2005,47851646
kor,2006,48006518
kor,2007,48178122
kor,2008,48356485
kor,2009,48546690
kor,2010,48769329
kor,2011,49127640
kor,2012,49599580
kor,2013,50071168
kor,2014,50539055
kor,2015,50983909
kor,2016,51297836
kor,2017,51486268
kor,2018,51640894
kor,2019,51767844
kor,2020,51858481
kor,2021,51848401
kor,2022,51782515
kor,2023,51748744
kwt,1800,81280
kwt,1801,81280
kwt,1802,81280
kwt,1803,81280
kwt,1804,81280
kwt,1805,81280
kwt,1806,81280
kwt,1807,81280
kwt,1808,81280
kwt,1809,81280
kwt,1810,81280
kwt,1811,81280
kwt,1812,81280
kwt,1813,81280
kwt,1814,81280
kwt,1815,81280
kwt,1816,81280
kwt,1817,81280
kwt,1818,81280
kwt,1819,81280
kwt,1820,81280
kwt,1821,81280
kwt,1822,81280
kwt,1823,81280
kwt,1824,81280
kwt,1825,81280
kwt,1826,81280
kwt,1827,81280
kwt,1828,81280
kwt,1829,81280
kwt,1830,81280
kwt,1831,81280
kwt,1832,81280
kwt,1833,81280
kwt,1834,81280
kwt,1835,81280
kwt,1836,81280
kwt,1837,81280
kwt,1838,81280
kwt,1839,81280
kwt,1840,81280
kwt,1841,81280
kwt,1842,81280
kwt,1843,81280
kwt,1844,81280
kwt,1845,81280
kwt,1846,81280
kwt,1847,81280
kwt,1848,81280
kwt,1849,81280
kwt,1850,81280
kwt,1851,81306
kwt,1852,81332
kwt,1853,81358
kwt,1854,81384
kwt,1855,81410
kwt,1856,81436
kwt,1857,81462
kwt,1858,81488
kwt,1859,81514
kwt,1860,81539
kwt,1861,81565
kwt,1862,81591
kwt,1863,81617
kwt,1864,81643
kwt,1865,81669
kwt,1866,81695
kwt,1867,81721
kwt,1868,81747
kwt,1869,81871
kwt,1870,82094
kwt,1871,82416
kwt,1872,82838
kwt,1873,83361
kwt,1874,83887
kwt,1875,84417
kwt,1876,84949
kwt,1877,85486
kwt,1878,86025
kwt,1879,86568
kwt,1880,87114
kwt,1881,87664
kwt,1882,88218
kwt,1883,88774
kwt,1884,89335
kwt,1885,89898
kwt,1886,90466
kwt,1887,91037
kwt,1888,91611
kwt,1889,92189
kwt,1890,92771
kwt,1891,93357
kwt,1892,93946
kwt,1893,94539
kwt,1894,95135
kwt,1895,95735
kwt,1896,96340
kwt,1897,96947
kwt,1898,97559
kwt,1899,98175
kwt,1900,98794
kwt,1901,99418
kwt,1902,100045
kwt,1903,100676
kwt,1904,101311
kwt,1905,101950
kwt,1906,102594
kwt,1907,103241
kwt,1908,103892
kwt,1909,104600
kwt,1910,105366
kwt,1911,106189
kwt,1912,107072
kwt,1913,108016
kwt,1914,108967
kwt,1915,109927
kwt,1916,110895
kwt,1917,111872
kwt,1918,112822
kwt,1919,113780
kwt,1920,114746
kwt,1921,115720
kwt,1922,116703
kwt,1923,117694
kwt,1924,118694
kwt,1925,119702
kwt,1926,120718
kwt,1927,121743
kwt,1928,122777
kwt,1929,123820
kwt,1930,124871
kwt,1931,125932
kwt,1932,127001
kwt,1933,128080
kwt,1934,129167
kwt,1935,130264
kwt,1936,131371
kwt,1937,132486
kwt,1938,133611
kwt,1939,134746
kwt,1940,135890
kwt,1941,137044
kwt,1942,138208
kwt,1943,139382
kwt,1944,140565
kwt,1945,141759
kwt,1946,142963
kwt,1947,144177
kwt,1948,145401
kwt,1949,148537
kwt,1950,153973
kwt,1951,158462
kwt,1952,163169
kwt,1953,168102
kwt,1954,173256
kwt,1955,186125
kwt,1956,207222
kwt,1957,227052
kwt,1958,250216
kwt,1959,279532
kwt,1960,311066
kwt,1961,345953
kwt,1962,385005
kwt,1963,427702
kwt,1964,473122
kwt,1965,521180
kwt,1966,572597
kwt,1967,628104
kwt,1968,687726
kwt,1969,749460
kwt,1970,809118
kwt,1971,865079
kwt,1972,920358
kwt,1973,977665
kwt,1974,1038354
kwt,1975,1104869
kwt,1976,1178717
kwt,1977,1258029
kwt,1978,1340323
kwt,1979,1423523
kwt,1980,1504789
kwt,1981,1583428
kwt,1982,1662489
kwt,1983,1744302
kwt,1984,1820692
kwt,1985,1894255
kwt,1986,1972520
kwt,1987,2053007
kwt,1988,2134708
kwt,1989,2217470
kwt,1990,1684833
kwt,1991,1351403
kwt,1992,1634968
kwt,1993,1672158
kwt,1994,1664371
kwt,1995,1681518
kwt,1996,1730255
kwt,1997,1787692
kwt,1998,1844308
kwt,1999,1900035
kwt,2000,1954713
kwt,2001,2008127
kwt,2002,2059983
kwt,2003,2109886
kwt,2004,2157329
kwt,2005,2236797
kwt,2006,2364741
kwt,2007,2507890
kwt,2008,2651433
kwt,2009,2795489
kwt,2010,2943374
kwt,2011,3132815
kwt,2012,3337025
kwt,2013,3507755
kwt,2014,3665769
kwt,2015,3834465
kwt,2016,4003976
kwt,2017,4154686
kwt,2018,4323389
kwt,2019,4442201
kwt,2020,4400146
kwt,2021,4360748
kwt,2022,4589514
kwt,2023,4838781
lao,1800,470000
lao,1801,470000
lao,1802,470000
lao,1803,470000
lao,1804,470000
lao,1805,470000
lao,1806,470000
lao,1807,470000
lao,1808,470000
lao,1809,470000
lao,1810,470000
lao,1811,470000
lao,1812,470000
lao,1813,470000
lao,1814,470000
lao,1815,470000
lao,1816,470000
lao,1817,470000
lao,1818,470000
lao,1819,470895
lao,1820,472695
lao,1821,475406
lao,1822,479039
lao,1823,483602
lao,1824,488208
lao,1825,492858
lao,1826,497552
lao,1827,502291
lao,1828,507076
lao,1829,511905
lao,1830,516781
lao,1831,521703
lao,1832,526673
lao,1833,531689
lao,1834,536753
lao,1835,541866
lao,1836,547027
lao,1837,552237
lao,1838,557497
lao,1839,562807
lao,1840,568168
lao,1841,573579
lao,1842,579043
lao,1843,584558
lao,1844,590126
lao,1845,595746
lao,1846,601421
lao,1847,607149
lao,1848,612932
lao,1849,618770
lao,1850,624664
lao,1851,629808
lao,1852,634993
lao,1853,640221
lao,1854,645490
lao,1855,650801
lao,1856,656155
lao,1857,661552
lao,1858,666992
lao,1859,672476
lao,1860,678004
lao,1861,683576
lao,1862,689193
lao,1863,694854
lao,1864,700561
lao,1865,706314
lao,1866,712113
lao,1867,717958
lao,1868,723850
lao,1869,731796
lao,1870,741854
lao,1871,754084
lao,1872,768546
lao,1873,785302
lao,1874,802422
lao,1875,819914
lao,1876,837785
lao,1877,856045
lao,1878,874701
lao,1879,893762
lao,1880,913237
lao,1881,933135
lao,1882,953465
lao,1883,974235
lao,1884,995457
lao,1885,1017139
lao,1886,1039291
lao,1887,1061924
lao,1888,1085047
lao,1889,1108673
lao,1890,1132810
lao,1891,1157471
lao,1892,1182667
lao,1893,1208409
lao,1894,1234709
lao,1895,1261579
lao,1896,1289031
lao,1897,1317079
lao,1898,1345734
lao,1899,1366307
lao,1900,1378713
lao,1901,1382864
lao,1902,1378673
lao,1903,1366045
lao,1904,1353530
lao,1905,1341128
lao,1906,1328836
lao,1907,1316655
lao,1908,1304583
lao,1909,1289733
lao,1910,1272193
lao,1911,1252050
lao,1912,1229388
lao,1913,1204289
lao,1914,1179700
lao,1915,1155611
lao,1916,1132012
lao,1917,1108893
lao,1918,1087763
lao,1919,1067036
lao,1920,1046704
lao,1921,1026759
lao,1922,1007195
lao,1923,988003
lao,1924,969177
lao,1925,950709
lao,1926,932594
lao,1927,914823
lao,1928,897392
lao,1929,884787
lao,1930,876948
lao,1931,873816
lao,1932,875334
lao,1933,881443
lao,1934,887596
lao,1935,893791
lao,1936,900030
lao,1937,906312
lao,1938,912638
lao,1939,929604
lao,1940,957965
lao,1941,998524
lao,1942,1052137
lao,1943,1119717
lao,1944,1191637
lao,1945,1268177
lao,1946,1349632
lao,1947,1436320
lao,1948,1528576
lao,1949,1611660
lao,1950,1684556
lao,1951,1725246
lao,1952,1766187
lao,1953,1807820
lao,1954,1850134
lao,1955,1893226
lao,1956,1937237
lao,1957,1982140
lao,1958,2028028
lao,1959,2074484
lao,1960,2121517
lao,1961,2169800
lao,1962,2219918
lao,1963,2271068
lao,1964,2322828
lao,1965,2376200
lao,1966,2431088
lao,1967,2487719
lao,1968,2546381
lao,1969,2606965
lao,1970,2669703
lao,1971,2734637
lao,1972,2801657
lao,1973,2870578
lao,1974,2939759
lao,1975,3005524
lao,1976,3064882
lao,1977,3118926
lao,1978,3171753
lao,1979,3228198
lao,1980,3292575
lao,1981,3366638
lao,1982,3450022
lao,1983,3541003
lao,1984,3637845
lao,1985,3739985
lao,1986,3846720
lao,1987,3957624
lao,1988,4072608
lao,1989,4190972
lao,1990,4311960
lao,1991,4435121
lao,1992,4559650
lao,1993,4685064
lao,1994,4809223
lao,1995,4929410
lao,1996,5045686
lao,1997,5152015
lao,1998,5248273
lao,1999,5340784
lao,2000,5431213
lao,2001,5521481
lao,2002,5610888
lao,2003,5697944
lao,2004,5781627
lao,2005,5869531
lao,2006,5963199
lao,2007,6056237
lao,2008,6148974
lao,2009,6241649
lao,2010,6334198
lao,2011,6426592
lao,2012,6518981
lao,2013,6611385
lao,2014,6703170
lao,2015,6801647
lao,2016,6908800
lao,2017,7018150
lao,2018,7128043
lao,2019,7237635
lao,2020,7346534
lao,2021,7453192
lao,2022,7559008
lao,2023,7665001
lbn,1800,300000
lbn,1801,301524
lbn,1802,303056
lbn,1803,304596
lbn,1804,306143
lbn,1805,307699
lbn,1806,309262
lbn,1807,310833
lbn,1808,312412
lbn,1809,313999
lbn,1810,315603
lbn,1811,317206
lbn,1812,318818
lbn,1813,320438
lbn,1814,322065
lbn,1815,323702
lbn,1816,325346
lbn,1817,326999
lbn,1818,328661
lbn,1819,330473
lbn,1820,332439
lbn,1821,334559
lbn,1822,336837
lbn,1823,339273
lbn,1824,341726
lbn,1825,344197
lbn,1826,346686
lbn,1827,349194
lbn,1828,351719
lbn,1829,354262
lbn,1830,356824
lbn,1831,359405
lbn,1832,362004
lbn,1833,364622
lbn,1834,367259
lbn,1835,369914
lbn,1836,372590
lbn,1837,375284
lbn,1838,377998
lbn,1839,380731
lbn,1840,383485
lbn,1841,386258
lbn,1842,389051
lbn,1843,391865
lbn,1844,394699
lbn,1845,397553
lbn,1846,400428
lbn,1847,403324
lbn,1848,406240
lbn,1849,409178
lbn,1850,412137
lbn,1851,415018
lbn,1852,417919
lbn,1853,420840
lbn,1854,423782
lbn,1855,426744
lbn,1856,429727
lbn,1857,432731
lbn,1858,435755
lbn,1859,438801
lbn,1860,441868
lbn,1861,444956
lbn,1862,448066
lbn,1863,451198
lbn,1864,454351
lbn,1865,457527
lbn,1866,460725
lbn,1867,463945
lbn,1868,467187
lbn,1869,469923
lbn,1870,472147
lbn,1871,473855
lbn,1872,475044
lbn,1873,475709
lbn,1874,476374
lbn,1875,477041
lbn,1876,477708
lbn,1877,478377
lbn,1878,479046
lbn,1879,479716
lbn,1880,480387
lbn,1881,481059
lbn,1882,481732
lbn,1883,482406
lbn,1884,483081
lbn,1885,483757
lbn,1886,484433
lbn,1887,485111
lbn,1888,485789
lbn,1889,486469
lbn,1890,487149
lbn,1891,487830
lbn,1892,488512
lbn,1893,489195
lbn,1894,489879
lbn,1895,490564
lbn,1896,491250
lbn,1897,491937
lbn,1898,492624
lbn,1899,495762
lbn,1900,501417
lbn,1901,509659
lbn,1902,520556
lbn,1903,534182
lbn,1904,548165
lbn,1905,562514
lbn,1906,577238
lbn,1907,592348
lbn,1908,607853
lbn,1909,622781
lbn,1910,637099
lbn,1911,650771
lbn,1912,663764
lbn,1913,676040
lbn,1914,688543
lbn,1915,701277
lbn,1916,714247
lbn,1917,727457
lbn,1918,741091
lbn,1919,754981
lbn,1920,769131
lbn,1921,783547
lbn,1922,798233
lbn,1923,813194
lbn,1924,828435
lbn,1925,843962
lbn,1926,859780
lbn,1927,875895
lbn,1928,892311
lbn,1929,909036
lbn,1930,926073
lbn,1931,943430
lbn,1932,961113
lbn,1933,979126
lbn,1934,997478
lbn,1935,1016173
lbn,1936,1035219
lbn,1937,1054622
lbn,1938,1074388
lbn,1939,1094525
lbn,1940,1115039
lbn,1941,1135938
lbn,1942,1157228
lbn,1943,1178918
lbn,1944,1201014
lbn,1945,1223524
lbn,1946,1246456
lbn,1947,1269818
lbn,1948,1293618
lbn,1949,1320170
lbn,1950,1349351
lbn,1951,1387575
lbn,1952,1427087
lbn,1953,1468018
lbn,1954,1510417
lbn,1955,1554070
lbn,1956,1599146
lbn,1957,1645925
lbn,1958,1693554
lbn,1959,1742776
lbn,1960,1794411
lbn,1961,1850090
lbn,1962,1909583
lbn,1963,1970319
lbn,1964,2030547
lbn,1965,2088838
lbn,1966,2148255
lbn,1967,2206736
lbn,1968,2266376
lbn,1969,2328162
lbn,1970,2386119
lbn,1971,2446319
lbn,1972,2509730
lbn,1973,2572932
lbn,1974,2635185
lbn,1975,2693197
lbn,1976,2726474
lbn,1977,2762162
lbn,1978,2822681
lbn,1979,2882635
lbn,1980,2944765
lbn,1981,3008985
lbn,1982,3054932
lbn,1983,3095001
lbn,1984,3152742
lbn,1985,3217377
lbn,1986,3300373
lbn,1987,3385557
lbn,1988,3454647
lbn,1989,3525288
lbn,1990,3595175
lbn,1991,3668916
lbn,1992,3747375
lbn,1993,3820652
lbn,1994,3889802
lbn,1995,3960741
lbn,1996,4034782
lbn,1997,4108409
lbn,1998,4181287
lbn,1999,4255278
lbn,2000,4329345
lbn,2001,4401923
lbn,2002,4463505
lbn,2003,4525513
lbn,2004,4599285
lbn,2005,4671105
lbn,2006,4751146
lbn,2007,4844119
lbn,2008,4925359
lbn,2009,4992295
lbn,2010,5041290
lbn,2011,5096018
lbn,2012,5235742
lbn,2013,5743441
lbn,2014,6346993
lbn,2015,6472470
lbn,2016,6323061
lbn,2017,6160129
lbn,2018,5984120
lbn,2019,5794601
lbn,2020,5702400
lbn,2021,5718129
lbn,2022,5744492
lbn,2023,5773494
lbr,1800,313543
lbr,1801,313543
lbr,1802,313543
lbr,1803,313543
lbr,1804,313542
lbr,1805,313542
lbr,1806,313542
lbr,1807,313542
lbr,1808,313542
lbr,1809,313542
lbr,1810,313542
lbr,1811,313541
lbr,1812,313541
lbr,1813,313541
lbr,1814,313541
lbr,1815,313541
lbr,1816,313541
lbr,1817,313540
lbr,1818,313540
lbr,1819,313648
lbr,1820,313863
lbr,1821,314186
lbr,1822,314617
lbr,1823,315156
lbr,1824,315697
lbr,1825,316238
lbr,1826,316780
lbr,1827,317323
lbr,1828,317867
lbr,1829,318412
lbr,1830,318958
lbr,1831,319505
lbr,1832,320052
lbr,1833,320601
lbr,1834,321151
lbr,1835,321701
lbr,1836,322253
lbr,1837,322805
lbr,1838,323359
lbr,1839,323913
lbr,1840,324468
lbr,1841,325025
lbr,1842,325582
lbr,1843,326140
lbr,1844,326699
lbr,1845,327259
lbr,1846,327820
lbr,1847,328382
lbr,1848,328945
lbr,1849,329726
lbr,1850,330726
lbr,1851,332476
lbr,1852,334452
lbr,1853,336657
lbr,1854,338877
lbr,1855,341110
lbr,1856,343357
lbr,1857,345617
lbr,1858,347892
lbr,1859,350251
lbr,1860,352696
lbr,1861,355228
lbr,1862,357848
lbr,1863,360558
lbr,1864,363287
lbr,1865,366035
lbr,1866,368804
lbr,1867,371593
lbr,1868,374402
lbr,1869,377307
lbr,1870,380309
lbr,1871,383412
lbr,1872,386614
lbr,1873,389919
lbr,1874,393252
lbr,1875,396611
lbr,1876,399999
lbr,1877,403415
lbr,1878,406858
lbr,1879,410331
lbr,1880,413832
lbr,1881,417362
lbr,1882,420921
lbr,1883,424509
lbr,1884,428127
lbr,1885,431775
lbr,1886,435453
lbr,1887,439161
lbr,1888,442900
lbr,1889,446670
lbr,1890,450470
lbr,1891,454302
lbr,1892,458166
lbr,1893,462061
lbr,1894,465989
lbr,1895,469949
lbr,1896,473941
lbr,1897,477967
lbr,1898,482025
lbr,1899,486117
lbr,1900,490243
lbr,1901,494402
lbr,1902,498596
lbr,1903,502824
lbr,1904,507087
lbr,1905,511385
lbr,1906,515719
lbr,1907,520088
lbr,1908,524493
lbr,1909,528827
lbr,1910,533090
lbr,1911,537279
lbr,1912,541393
lbr,1913,545430
lbr,1914,549496
lbr,1915,553592
lbr,1916,557717
lbr,1917,561871
lbr,1918,565242
lbr,1919,569664
lbr,1920,575156
lbr,1921,581743
lbr,1922,589445
lbr,1923,598287
lbr,1924,607261
lbr,1925,616370
lbr,1926,625616
lbr,1927,635000
lbr,1928,644525
lbr,1929,654060
lbr,1930,663604
lbr,1931,673154
lbr,1932,682709
lbr,1933,692267
lbr,1934,701958
lbr,1935,711786
lbr,1936,721751
lbr,1937,731855
lbr,1938,742101
lbr,1939,753101
lbr,1940,764876
lbr,1941,777448
lbr,1942,790840
lbr,1943,805076
lbr,1944,819567
lbr,1945,834319
lbr,1946,849337
lbr,1947,864625
lbr,1948,880188
lbr,1949,897259
lbr,1950,918912
lbr,1951,936416
lbr,1952,954977
lbr,1953,974392
lbr,1954,994771
lbr,1955,1016396
lbr,1956,1039157
lbr,1957,1062947
lbr,1958,1087253
lbr,1959,1112560
lbr,1960,1139519
lbr,1961,1167721
lbr,1962,1197042
lbr,1963,1227417
lbr,1964,1258749
lbr,1965,1291155
lbr,1966,1324390
lbr,1967,1358439
lbr,1968,1393532
lbr,1969,1429612
lbr,1970,1466677
lbr,1971,1504082
lbr,1972,1542674
lbr,1973,1583590
lbr,1974,1626363
lbr,1975,1670914
lbr,1976,1717071
lbr,1977,1766028
lbr,1978,1818255
lbr,1979,1872714
lbr,1980,1929260
lbr,1981,1986864
lbr,1982,2045076
lbr,1983,2107114
lbr,1984,2173314
lbr,1985,2240549
lbr,1986,2308516
lbr,1987,2377233
lbr,1988,2446942
lbr,1989,2517864
lbr,1990,2223667
lbr,1991,1956523
lbr,1992,2072466
lbr,1993,2155135
lbr,1994,2149929
lbr,1995,2169167
lbr,1996,2232286
lbr,1997,2412995
lbr,1998,2670128
lbr,1999,2821689
lbr,2000,2928117
lbr,2001,3015343
lbr,2002,3094793
lbr,2003,3119534
lbr,2004,3156893
lbr,2005,3301016
lbr,2006,3490792
lbr,2007,3669050
lbr,2008,3821006
lbr,2009,3943035
lbr,2010,4058897
lbr,2011,4221177
lbr,2012,4373046
lbr,2013,4470246
lbr,2014,4564299
lbr,2015,4659436
lbr,2016,4755607
lbr,2017,4848927
lbr,2018,4944728
lbr,2019,5043719
lbr,2020,5149470
lbr,2021,5259327
lbr,2022,5373297
lbr,2023,5493035
lby,1800,230044
lby,1801,230184
lby,1802,230325
lby,1803,230465
lby,1804,230606
lby,1805,230747
lby,1806,230888
lby,1807,231029
lby,1808,231170
lby,1809,231311
lby,1810,231454
lby,1811,231644
lby,1812,231883
lby,1813,232171
lby,1814,232509
lby,1815,232897
lby,1816,233335
lby,1817,233824
lby,1818,234363
lby,1819,234953
lby,1820,235594
lby,1821,236287
lby,1822,237032
lby,1823,237829
lby,1824,238678
lby,1825,239580
lby,1826,240536
lby,1827,241544
lby,1828,242606
lby,1829,243722
lby,1830,244892
lby,1831,246117
lby,1832,247348
lby,1833,248585
lby,1834,249828
lby,1835,251077
lby,1836,252333
lby,1837,253595
lby,1838,254863
lby,1839,256137
lby,1840,257418
lby,1841,258706
lby,1842,259999
lby,1843,261300
lby,1844,262606
lby,1845,263920
lby,1846,265239
lby,1847,266566
lby,1848,267899
lby,1849,269239
lby,1850,270585
lby,1851,272352
lby,1852,274131
lby,1853,277302
lby,1854,280508
lby,1855,283751
lby,1856,287031
lby,1857,290349
lby,1858,293703
lby,1859,297097
lby,1860,300528
lby,1861,303999
lby,1862,307509
lby,1863,311059
lby,1864,314649
lby,1865,318281
lby,1866,321953
lby,1867,325667
lby,1868,329423
lby,1869,333222
lby,1870,337064
lby,1871,340950
lby,1872,344880
lby,1873,348854
lby,1874,352874
lby,1875,356939
lby,1876,361050
lby,1877,365208
lby,1878,369413
lby,1879,373934
lby,1880,378777
lby,1881,383952
lby,1882,389467
lby,1883,395329
lby,1884,401280
lby,1885,407319
lby,1886,413448
lby,1887,419668
lby,1888,425982
lby,1889,432477
lby,1890,439158
lby,1891,446030
lby,1892,453097
lby,1893,460362
lby,1894,467744
lby,1895,475243
lby,1896,482861
lby,1897,490601
lby,1898,498463
lby,1899,506389
lby,1900,514376
lby,1901,522427
lby,1902,530539
lby,1903,538714
lby,1904,547013
lby,1905,555440
lby,1906,563995
lby,1907,572681
lby,1908,581500
lby,1909,590172
lby,1910,598690
lby,1911,607048
lby,1912,615240
lby,1913,623258
lby,1914,631380
lby,1915,639607
lby,1916,647939
lby,1917,656379
lby,1918,664048
lby,1919,671733
lby,1920,679435
lby,1921,687152
lby,1922,694884
lby,1923,702630
lby,1924,710462
lby,1925,718382
lby,1926,726390
lby,1927,734487
lby,1928,742675
lby,1929,751334
lby,1930,760476
lby,1931,770112
lby,1932,780251
lby,1933,790906
lby,1934,801706
lby,1935,812653
lby,1936,823750
lby,1937,834999
lby,1938,846401
lby,1939,860189
lby,1940,876455
lby,1941,895293
lby,1942,916801
lby,1943,941079
lby,1944,965999
lby,1945,991580
lby,1946,1017838
lby,1947,1044792
lby,1948,1072459
lby,1949,1101077
lby,1950,1131471
lby,1951,1145389
lby,1952,1162480
lby,1953,1183300
lby,1954,1208183
lby,1955,1241389
lby,1956,1282962
lby,1957,1328858
lby,1958,1379206
lby,1959,1433965
lby,1960,1492890
lby,1961,1555703
lby,1962,1621960
lby,1963,1690458
lby,1964,1753692
lby,1965,1804016
lby,1966,1849066
lby,1967,1898203
lby,1968,1952789
lby,1969,2014294
lby,1970,2082597
lby,1971,2153537
lby,1972,2226105
lby,1973,2314200
lby,1974,2432218
lby,1975,2571563
lby,1976,2721246
lby,1977,2881540
lby,1978,3052532
lby,1979,3233849
lby,1980,3424375
lby,1981,3621488
lby,1982,3724772
lby,1983,3718966
lby,1984,3773639
lby,1985,3898746
lby,1986,4017403
lby,1987,4129743
lby,1988,4237757
lby,1989,4342927
lby,1990,4445243
lby,1991,4544404
lby,1992,4640360
lby,1993,4733053
lby,1994,4822039
lby,1995,4906851
lby,1996,4987402
lby,1997,5064642
lby,1998,5140711
lby,1999,5218039
lby,2000,5305020
lby,2001,5403639
lby,2002,5508412
lby,2003,5619405
lby,2004,5736696
lby,2005,5858793
lby,2006,5980212
lby,2007,6104381
lby,2008,6235433
lby,2009,6366689
lby,2010,6497837
lby,2011,6343210
lby,2012,6179327
lby,2013,6304636
lby,2014,6427260
lby,2015,6531825
lby,2016,6632130
lby,2017,6738771
lby,2018,6849058
lby,2019,6951040
lby,2020,7045403
lby,2021,7135179
lby,2022,7223804
lby,2023,7305659
lca,1800,24000
lca,1801,24000
lca,1802,24000
lca,1803,24000
lca,1804,24000
lca,1805,24000
lca,1806,24000
lca,1807,24000
lca,1808,24000
lca,1809,24000
lca,1810,24000
lca,1811,24000
lca,1812,24000
lca,1813,24000
lca,1814,24000
lca,1815,24000
lca,1816,24000
lca,1817,24000
lca,1818,24000
lca,1819,24000
lca,1820,24000
lca,1821,24000
lca,1822,24000
lca,1823,24000
lca,1824,24000
lca,1825,24000
lca,1826,24000
lca,1827,24000
lca,1828,24000
lca,1829,24000
lca,1830,24000
lca,1831,24000
lca,1832,24000
lca,1833,24000
lca,1834,24000
lca,1835,24000
lca,1836,24000
lca,1837,24000
lca,1838,24000
lca,1839,24000
lca,1840,24000
lca,1841,24000
lca,1842,24000
lca,1843,24000
lca,1844,24000
lca,1845,24000
lca,1846,24000
lca,1847,24000
lca,1848,24000
lca,1849,24057
lca,1850,24171
lca,1851,24379
lca,1852,24647
lca,1853,24975
lca,1854,25308
lca,1855,25645
lca,1856,25987
lca,1857,26332
lca,1858,26683
lca,1859,27067
lca,1860,27485
lca,1861,27940
lca,1862,28430
lca,1863,28959
lca,1864,29497
lca,1865,30046
lca,1866,30604
lca,1867,31173
lca,1868,31752
lca,1869,32361
lca,1870,33000
lca,1871,33671
lca,1872,34373
lca,1873,35110
lca,1874,35862
lca,1875,36630
lca,1876,37414
lca,1877,38215
lca,1878,39034
lca,1879,39767
lca,1880,40414
lca,1881,40970
lca,1882,41433
lca,1883,41799
lca,1884,42168
lca,1885,42541
lca,1886,42917
lca,1887,43296
lca,1888,43679
lca,1889,44155
lca,1890,44726
lca,1891,45397
lca,1892,46169
lca,1893,47046
lca,1894,47939
lca,1895,48849
lca,1896,49776
lca,1897,50721
lca,1898,51684
lca,1899,52454
lca,1900,53029
lca,1901,53405
lca,1902,53577
lca,1903,53541
lca,1904,53505
lca,1905,53469
lca,1906,53434
lca,1907,53398
lca,1908,53362
lca,1909,53411
lca,1910,53545
lca,1911,53766
lca,1912,54073
lca,1913,54468
lca,1914,54866
lca,1915,55267
lca,1916,55670
lca,1917,56076
lca,1918,56411
lca,1919,56843
lca,1920,57376
lca,1921,58012
lca,1922,58752
lca,1923,59599
lca,1924,60458
lca,1925,61330
lca,1926,62213
lca,1927,63110
lca,1928,64020
lca,1929,64957
lca,1930,65923
lca,1931,66918
lca,1932,67943
lca,1933,68999
lca,1934,70071
lca,1935,71159
lca,1936,72265
lca,1937,73387
lca,1938,74527
lca,1939,75634
lca,1940,76707
lca,1941,77745
lca,1942,78746
lca,1943,79709
lca,1944,80684
lca,1945,81671
lca,1946,82670
lca,1947,83681
lca,1948,84705
lca,1949,85710
lca,1950,93009
lca,1951,93988
lca,1952,94432
lca,1953,94347
lca,1954,94123
lca,1955,93821
lca,1956,93473
lca,1957,93100
lca,1958,92731
lca,1959,92369
lca,1960,92605
lca,1961,93506
lca,1962,94523
lca,1963,95539
lca,1964,96529
lca,1965,97513
lca,1966,98486
lca,1967,99523
lca,1968,100696
lca,1969,101904
lca,1970,103184
lca,1971,104577
lca,1972,106021
lca,1973,107512
lca,1974,109093
lca,1975,110740
lca,1976,112442
lca,1977,114150
lca,1978,115853
lca,1979,117547
lca,1980,119302
lca,1981,121183
lca,1982,123097
lca,1983,125055
lca,1984,127085
lca,1985,129174
lca,1986,131253
lca,1987,133243
lca,1988,135019
lca,1989,136526
lca,1990,137874
lca,1991,139536
lca,1992,141629
lca,1993,143735
lca,1994,145901
lca,1995,148227
lca,1996,150453
lca,1997,152584
lca,1998,154688
lca,1999,156719
lca,2000,158624
lca,2001,160247
lca,2002,161655
lca,2003,162985
lca,2004,164250
lca,2005,165460
lca,2006,166657
lca,2007,167766
lca,2008,168816
lca,2009,169880
lca,2010,170921
lca,2011,171814
lca,2012,172595
lca,2013,173380
lca,2014,174145
lca,2015,174919
lca,2016,175651
lca,2017,176352
lca,2018,177032
lca,2019,177675
lca,2020,178261
lca,2021,178540
lca,2022,178794
lca,2023,179291
lie,1800,5802
lie,1801,5802
lie,1802,5802
lie,1803,5802
lie,1804,5802
lie,1805,5802
lie,1806,5802
lie,1807,5802
lie,1808,5802
lie,1809,5802
lie,1810,5802
lie,1811,5802
lie,1812,5802
lie,1813,5802
lie,1814,5802
lie,1815,5802
lie,1816,5802
lie,1817,5802
lie,1818,5802
lie,1819,5810
lie,1820,5827
lie,1821,5852
lie,1822,5885
lie,1823,5927
lie,1824,5970
lie,1825,6012
lie,1826,6055
lie,1827,6098
lie,1828,6142
lie,1829,6186
lie,1830,6230
lie,1831,6274
lie,1832,6319
lie,1833,6364
lie,1834,6409
lie,1835,6455
lie,1836,6501
lie,1837,6548
lie,1838,6594
lie,1839,6641
lie,1840,6689
lie,1841,6736
lie,1842,6784
lie,1843,6833
lie,1844,6882
lie,1845,6931
lie,1846,6980
lie,1847,7030
lie,1848,7080
lie,1849,7130
lie,1850,7181
lie,1851,7234
lie,1852,7287
lie,1853,7340
lie,1854,7393
lie,1855,7447
lie,1856,7502
lie,1857,7556
lie,1858,7612
lie,1859,7667
lie,1860,7723
lie,1861,7779
lie,1862,7836
lie,1863,7893
lie,1864,7951
lie,1865,8009
lie,1866,8068
lie,1867,8126
lie,1868,8186
lie,1869,8246
lie,1870,8306
lie,1871,8366
lie,1872,8427
lie,1873,8489
lie,1874,8551
lie,1875,8613
lie,1876,8676
lie,1877,8739
lie,1878,8803
lie,1879,8868
lie,1880,8932
lie,1881,8997
lie,1882,9063
lie,1883,9129
lie,1884,9196
lie,1885,9263
lie,1886,9331
lie,1887,9399
lie,1888,9467
lie,1889,9536
lie,1890,9606
lie,1891,9676
lie,1892,9747
lie,1893,9818
lie,1894,9890
lie,1895,9962
lie,1896,10034
lie,1897,10108
lie,1898,10181
lie,1899,10256
lie,1900,10331
lie,1901,10406
lie,1902,10482
lie,1903,10558
lie,1904,10635
lie,1905,10713
lie,1906,10791
lie,1907,10870
lie,1908,10949
lie,1909,11033
lie,1910,11121
lie,1911,11212
lie,1912,11309
lie,1913,11409
lie,1914,11511
lie,1915,11614
lie,1916,11717
lie,1917,11821
lie,1918,11925
lie,1919,12008
lie,1920,12070
lie,1921,12112
lie,1922,12133
lie,1923,12133
lie,1924,12133
lie,1925,12133
lie,1926,12133
lie,1927,12133
lie,1928,12133
lie,1929,12147
lie,1930,12176
lie,1931,12219
lie,1932,12277
lie,1933,12350
lie,1934,12423
lie,1935,12496
lie,1936,12570
lie,1937,12644
lie,1938,12719
lie,1939,12794
lie,1940,12869
lie,1941,12945
lie,1942,13022
lie,1943,13099
lie,1944,13176
lie,1945,13254
lie,1946,13332
lie,1947,13411
lie,1948,13490
lie,1949,13608
lie,1950,13786
lie,1951,14026
lie,1952,14251
lie,1953,14489
lie,1954,14736
lie,1955,14992
lie,1956,15265
lie,1957,15562
lie,1958,15878
lie,1959,16189
lie,1960,16512
lie,1961,16883
lie,1962,17299
lie,1963,17724
lie,1964,18170
lie,1965,18631
lie,1966,19090
lie,1967,19575
lie,1968,20105
lie,1969,20650
lie,1970,21170
lie,1971,21618
lie,1972,22022
lie,1973,22421
lie,1974,22826
lie,1975,23223
lie,1976,23610
lie,1977,23994
lie,1978,24369
lie,1979,24749
lie,1980,25114
lie,1981,25487
lie,1982,25870
lie,1983,26261
lie,1984,26652
lie,1985,27036
lie,1986,27406
lie,1987,27785
lie,1988,28171
lie,1989,28556
lie,1990,28912
lie,1991,29303
lie,1992,29750
lie,1993,30199
lie,1994,30623
lie,1995,31055
lie,1996,31497
lie,1997,31925
lie,1998,32341
lie,1999,32751
lie,2000,33137
lie,2001,33470
lie,2002,33770
lie,2003,34089
lie,2004,34409
lie,2005,34713
lie,2006,35002
lie,2007,35251
lie,2008,35467
lie,2009,35740
lie,2010,36021
lie,2011,36295
lie,2012,36621
lie,2013,36930
lie,2014,37191
lie,2015,37424
lie,2016,37635
lie,2017,37872
lie,2018,38157
lie,2019,38463
lie,2020,38793
lie,2021,39062
lie,2022,39338
lie,2023,39622
lka,1800,1750000
lka,1801,1718222
lka,1802,1687020
lka,1803,1656386
lka,1804,1626307
lka,1805,1596775
lka,1806,1567779
lka,1807,1539310
lka,1808,1511357
lka,1809,1483912
lka,1810,1457455
lka,1811,1430989
lka,1812,1405004
lka,1813,1379490
lka,1814,1354440
lka,1815,1329845
lka,1816,1305696
lka,1817,1281986
lka,1818,1258706
lka,1819,1245181
lka,1820,1241422
lka,1821,1247445
lka,1822,1263271
lka,1823,1288922
lka,1824,1315094
lka,1825,1341798
lka,1826,1369044
lka,1827,1396842
lka,1828,1425206
lka,1829,1454145
lka,1830,1483672
lka,1831,1513799
lka,1832,1544537
lka,1833,1575899
lka,1834,1607898
lka,1835,1640547
lka,1836,1673859
lka,1837,1707847
lka,1838,1742526
lka,1839,1777908
lka,1840,1814009
lka,1841,1850844
lka,1842,1888426
lka,1843,1926771
lka,1844,1965894
lka,1845,2005813
lka,1846,2046541
lka,1847,2088097
lka,1848,2130497
lka,1849,2157803
lka,1850,2169961
lka,1851,2168520
lka,1852,2151774
lka,1853,2119618
lka,1854,2087941
lka,1855,2056737
lka,1856,2025998
lka,1857,1995717
lka,1858,1965888
lka,1859,1957494
lka,1860,1971076
lka,1861,2007196
lka,1862,2066447
lka,1863,2149451
lka,1864,2235787
lka,1865,2325589
lka,1866,2418997
lka,1867,2516156
lka,1868,2617216
lka,1869,2704663
lka,1870,2777781
lka,1871,2835824
lka,1872,2878014
lka,1873,2903538
lka,1874,2929287
lka,1875,2955263
lka,1876,2981468
lka,1877,3007904
lka,1878,3034572
lka,1879,3062740
lka,1880,3092435
lka,1881,3123685
lka,1882,3156520
lka,1883,3190968
lka,1884,3225791
lka,1885,3260992
lka,1886,3296576
lka,1887,3332546
lka,1888,3368907
lka,1889,3409558
lka,1890,3454615
lka,1891,3504193
lka,1892,3558411
lka,1893,3617392
lka,1894,3677348
lka,1895,3738296
lka,1896,3800252
lka,1897,3863232
lka,1898,3927255
lka,1899,3993945
lka,1900,4063376
lka,1901,4135627
lka,1902,4210776
lka,1903,4288903
lka,1904,4368477
lka,1905,4449526
lka,1906,4532076
lka,1907,4616155
lka,1908,4701791
lka,1909,4783161
lka,1910,4860106
lka,1911,4932467
lka,1912,5000078
lka,1913,5062771
lka,1914,5126248
lka,1915,5190518
lka,1916,5255592
lka,1917,5321478
lka,1918,5384373
lka,1919,5444221
lka,1920,5500957
lka,1921,5554509
lka,1922,5604809
lka,1923,5651786
lka,1924,5699156
lka,1925,5746923
lka,1926,5795091
lka,1927,5843662
lka,1928,5892641
lka,1929,5940664
lka,1930,5987713
lka,1931,6033771
lka,1932,6078819
lka,1933,6122838
lka,1934,6167177
lka,1935,6211836
lka,1936,6256819
lka,1937,6302127
lka,1938,6347764
lka,1939,6411140
lka,1940,6492745
lka,1941,6593081
lka,1942,6712659
lka,1943,6852003
lka,1944,6994240
lka,1945,7139430
lka,1946,7287633
lka,1947,7438913
lka,1948,7593333
lka,1949,7762151
lka,1950,7811051
lka,1951,7956333
lka,1952,8111562
lka,1953,8275136
lka,1954,8445937
lka,1955,8623328
lka,1956,8807222
lka,1957,9001000
lka,1958,9208815
lka,1959,9430157
lka,1960,9661384
lka,1961,9899372
lka,1962,10143750
lka,1963,10395039
lka,1964,10653403
lka,1965,10916965
lka,1966,11183925
lka,1967,11457329
lka,1968,11736084
lka,1969,12013864
lka,1970,12287113
lka,1971,12551910
lka,1972,12809207
lka,1973,13060920
lka,1974,13305697
lka,1975,13548989
lka,1976,13796776
lka,1977,14049365
lka,1978,14310127
lka,1979,14579616
lka,1980,14847972
lka,1981,15099417
lka,1982,15286571
lka,1983,15388795
lka,1984,15441858
lka,1985,15544152
lka,1986,15731253
lka,1987,15916578
lka,1988,16078624
lka,1989,16248560
lka,1990,16352460
lka,1991,16475354
lka,1992,16739297
lka,1993,17025924
lka,1994,17275777
lka,1995,17564065
lka,1996,17905020
lka,1997,18248205
lka,1998,18596006
lka,1999,18944734
lka,2000,19293056
lka,2001,19600361
lka,2002,19805750
lka,2003,19951521
lka,2004,20087608
lka,2005,20216531
lka,2006,20352416
lka,2007,20492546
lka,2008,20629377
lka,2009,20756438
lka,2010,20879092
lka,2011,21009054
lka,2012,21169461
lka,2013,21358829
lka,2014,21547454
lka,2015,21729975
lka,2016,21910763
lka,2017,22087525
lka,2018,22253116
lka,2019,22410552
lka,2020,22561808
lka,2021,22700377
lka,2022,22834965
lka,2023,22971615
lso,1800,276361
lso,1801,276361
lso,1802,276361
lso,1803,276361
lso,1804,276361
lso,1805,276361
lso,1806,276361
lso,1807,276361
lso,1808,276361
lso,1809,276361
lso,1810,276361
lso,1811,276361
lso,1812,276361
lso,1813,276361
lso,1814,276361
lso,1815,276361
lso,1816,276361
lso,1817,276361
lso,1818,276361
lso,1819,275555
lso,1820,273955
lso,1821,271573
lso,1822,268419
lso,1823,264506
lso,1824,260650
lso,1825,256850
lso,1826,253105
lso,1827,249415
lso,1828,245779
lso,1829,242195
lso,1830,238664
lso,1831,235185
lso,1832,231756
lso,1833,228377
lso,1834,225048
lso,1835,221767
lso,1836,218533
lso,1837,215347
lso,1838,212208
lso,1839,209114
lso,1840,206065
lso,1841,203061
lso,1842,200100
lso,1843,197183
lso,1844,194308
lso,1845,191475
lso,1846,188684
lso,1847,185933
lso,1848,183222
lso,1849,181429
lso,1850,180549
lso,1851,180015
lso,1852,180380
lso,1853,181631
lso,1854,182889
lso,1855,184154
lso,1856,185425
lso,1857,186704
lso,1858,187990
lso,1859,189282
lso,1860,190581
lso,1861,191888
lso,1862,193201
lso,1863,194521
lso,1864,195848
lso,1865,197182
lso,1866,198523
lso,1867,199872
lso,1868,201227
lso,1869,202589
lso,1870,203958
lso,1871,205334
lso,1872,206717
lso,1873,208107
lso,1874,209504
lso,1875,210907
lso,1876,212318
lso,1877,213736
lso,1878,215161
lso,1879,216593
lso,1880,218032
lso,1881,219478
lso,1882,220931
lso,1883,222390
lso,1884,223857
lso,1885,225331
lso,1886,226811
lso,1887,228299
lso,1888,229793
lso,1889,231294
lso,1890,232803
lso,1891,234318
lso,1892,235840
lso,1893,237368
lso,1894,238904
lso,1895,240446
lso,1896,241995
lso,1897,243551
lso,1898,245114
lso,1899,246999
lso,1900,249213
lso,1901,251759
lso,1902,254642
lso,1903,257868
lso,1904,261132
lso,1905,264433
lso,1906,267772
lso,1907,271149
lso,1908,274565
lso,1909,277966
lso,1910,281353
lso,1911,284724
lso,1912,288078
lso,1913,291416
lso,1914,294787
lso,1915,298193
lso,1916,301634
lso,1917,305109
lso,1918,309840
lso,1919,314996
lso,1920,320591
lso,1921,326640
lso,1922,333158
lso,1923,340160
lso,1924,347309
lso,1925,354609
lso,1926,362061
lso,1927,369671
lso,1928,377440
lso,1929,385307
lso,1930,393273
lso,1931,401338
lso,1932,409503
lso,1933,417768
lso,1934,426201
lso,1935,434803
lso,1936,443580
lso,1937,452533
lso,1938,461667
lso,1939,470890
lso,1940,480202
lso,1941,489603
lso,1942,499092
lso,1943,508670
lso,1944,518432
lso,1945,528380
lso,1946,538520
lso,1947,548855
lso,1948,559387
lso,1949,569597
lso,1950,579554
lso,1951,590270
lso,1952,601947
lso,1953,614478
lso,1954,627902
lso,1955,642186
lso,1956,657317
lso,1957,674674
lso,1958,694324
lso,1959,714949
lso,1960,736507
lso,1961,758833
lso,1962,781819
lso,1963,805374
lso,1964,829442
lso,1965,854094
lso,1966,881879
lso,1967,913986
lso,1968,948108
lso,1969,983200
lso,1970,1019273
lso,1971,1056248
lso,1972,1094069
lso,1973,1132706
lso,1974,1172420
lso,1975,1213650
lso,1976,1253217
lso,1977,1289966
lso,1978,1327244
lso,1979,1366171
lso,1980,1406530
lso,1981,1448073
lso,1982,1490732
lso,1983,1534414
lso,1984,1578992
lso,1985,1624385
lso,1986,1666140
lso,1987,1703395
lso,1988,1739847
lso,1989,1775437
lso,1990,1809698
lso,1991,1842383
lso,1992,1873281
lso,1993,1901799
lso,1994,1927708
lso,1995,1951441
lso,1996,1972424
lso,1997,1988140
lso,1998,1998048
lso,1999,2003238
lso,2000,2003919
lso,2001,2000859
lso,2002,1994686
lso,2003,1985060
lso,2004,1971130
lso,2005,1953080
lso,2006,1945066
lso,2007,1953273
lso,2008,1966547
lso,2009,1980884
lso,2010,1996256
lso,2011,2014015
lso,2012,2034363
lso,2013,2056509
lso,2014,2080091
lso,2015,2104614
lso,2016,2130424
lso,2017,2157117
lso,2018,2183611
lso,2019,2209414
lso,2020,2235727
lso,2021,2261549
lso,2022,2286112
lso,2023,2311476
ltu,1800,778655
ltu,1801,778655
ltu,1802,778655
ltu,1803,778655
ltu,1804,778655
ltu,1805,778655
ltu,1806,778655
ltu,1807,778655
ltu,1808,778655
ltu,1809,778655
ltu,1810,778655
ltu,1811,778655
ltu,1812,778655
ltu,1813,778655
ltu,1814,778655
ltu,1815,778655
ltu,1816,778655
ltu,1817,778655
ltu,1818,778655
ltu,1819,780957
ltu,1820,785594
ltu,1821,792601
ltu,1822,802014
ltu,1823,813867
ltu,1824,825895
ltu,1825,838101
ltu,1826,850488
ltu,1827,863057
ltu,1828,875813
ltu,1829,888757
ltu,1830,901892
ltu,1831,915221
ltu,1832,928747
ltu,1833,942473
ltu,1834,956403
ltu,1835,970537
ltu,1836,984881
ltu,1837,999437
ltu,1838,1014208
ltu,1839,1029197
ltu,1840,1044408
ltu,1841,1059844
ltu,1842,1075507
ltu,1843,1091403
ltu,1844,1107533
ltu,1845,1123901
ltu,1846,1140512
ltu,1847,1157368
ltu,1848,1174473
ltu,1849,1191830
ltu,1850,1209445
ltu,1851,1227363
ltu,1852,1245548
ltu,1853,1264001
ltu,1854,1282728
ltu,1855,1301733
ltu,1856,1321019
ltu,1857,1340590
ltu,1858,1360452
ltu,1859,1380608
ltu,1860,1401063
ltu,1861,1421820
ltu,1862,1442886
ltu,1863,1464263
ltu,1864,1485957
ltu,1865,1507972
ltu,1866,1530314
ltu,1867,1552986
ltu,1868,1575995
ltu,1869,1599344
ltu,1870,1623040
ltu,1871,1647086
ltu,1872,1671488
ltu,1873,1696253
ltu,1874,1721384
ltu,1875,1746887
ltu,1876,1772768
ltu,1877,1799033
ltu,1878,1825687
ltu,1879,1852735
ltu,1880,1880185
ltu,1881,1908041
ltu,1882,1936310
ltu,1883,1964997
ltu,1884,1994110
ltu,1885,2023654
ltu,1886,2053636
ltu,1887,2084061
ltu,1888,2114938
ltu,1889,2146272
ltu,1890,2178071
ltu,1891,2210340
ltu,1892,2243087
ltu,1893,2276320
ltu,1894,2310045
ltu,1895,2344270
ltu,1896,2379002
ltu,1897,2414248
ltu,1898,2450017
ltu,1899,2486315
ltu,1900,2523151
ltu,1901,2560533
ltu,1902,2598469
ltu,1903,2636967
ltu,1904,2676035
ltu,1905,2715682
ltu,1906,2755916
ltu,1907,2796747
ltu,1908,2838182
ltu,1909,2856127
ltu,1910,2850870
ltu,1911,2822686
ltu,1912,2771839
ltu,1913,2698580
ltu,1914,2627257
ltu,1915,2557819
ltu,1916,2490216
ltu,1917,2424401
ltu,1918,2360240
ltu,1919,2313316
ltu,1920,2283303
ltu,1921,2269882
ltu,1922,2272745
ltu,1923,2291594
ltu,1924,2310599
ltu,1925,2329762
ltu,1926,2349083
ltu,1927,2368565
ltu,1928,2388209
ltu,1929,2404387
ltu,1930,2417070
ltu,1931,2426224
ltu,1932,2431818
ltu,1933,2433819
ltu,1934,2435821
ltu,1935,2437825
ltu,1936,2439831
ltu,1937,2441838
ltu,1938,2443847
ltu,1939,2447639
ltu,1940,2453223
ltu,1941,2460610
ltu,1942,2469807
ltu,1943,2480826
ltu,1944,2491894
ltu,1945,2503011
ltu,1946,2514177
ltu,1947,2525394
ltu,1948,2536661
ltu,1949,2549788
ltu,1950,2433000
ltu,1951,2458823
ltu,1952,2486412
ltu,1953,2515121
ltu,1954,2544711
ltu,1955,2575311
ltu,1956,2607334
ltu,1957,2641760
ltu,1958,2678931
ltu,1959,2722678
ltu,1960,2769099
ltu,1961,2812604
ltu,1962,2853290
ltu,1963,2891080
ltu,1964,2928858
ltu,1965,2965259
ltu,1966,3000360
ltu,1967,3035382
ltu,1968,3070263
ltu,1969,3103424
ltu,1970,3135874
ltu,1971,3170711
ltu,1972,3204904
ltu,1973,3236223
ltu,1974,3266366
ltu,1975,3295734
ltu,1976,3324568
ltu,1977,3353250
ltu,1978,3380072
ltu,1979,3404743
ltu,1980,3428417
ltu,1981,3452313
ltu,1982,3477581
ltu,1983,3505434
ltu,1984,3534123
ltu,1985,3562393
ltu,1986,3593782
ltu,1987,3627368
ltu,1988,3672653
ltu,1989,3696107
ltu,1990,3695016
ltu,1991,3701408
ltu,1992,3697552
ltu,1993,3680201
ltu,1994,3654893
ltu,1995,3627038
ltu,1996,3599721
ltu,1997,3573418
ltu,1998,3547768
ltu,1999,3522905
ltu,2000,3500410
ltu,2001,3473008
ltu,2002,3444051
ltu,2003,3415276
ltu,2004,3376703
ltu,2005,3322264
ltu,2006,3269809
ltu,2007,3231378
ltu,2008,3198482
ltu,2009,3163255
ltu,2010,3097721
ltu,2011,3028642
ltu,2012,2988334
ltu,2013,2958359
ltu,2014,2933171
ltu,2015,2905771
ltu,2016,2869109
ltu,2017,2829317
ltu,2018,2802485
ltu,2019,2795057
ltu,2020,2795766
ltu,2021,2794490
ltu,2022,2816923
ltu,2023,2854104
lux,1800,127030
lux,1801,127030
lux,1802,127030
lux,1803,127030
lux,1804,127030
lux,1805,127030
lux,1806,127030
lux,1807,127030
lux,1808,127030
lux,1809,127030
lux,1810,127030
lux,1811,127030
lux,1812,127030
lux,1813,127030
lux,1814,127030
lux,1815,127030
lux,1816,127030
lux,1817,127030
lux,1818,127030
lux,1819,127781
lux,1820,129306
lux,1821,131626
lux,1822,134767
lux,1823,138752
lux,1824,142854
lux,1825,147078
lux,1826,151426
lux,1827,155903
lux,1828,160513
lux,1829,164448
lux,1830,167685
lux,1831,170197
lux,1832,171960
lux,1833,172946
lux,1834,173937
lux,1835,174934
lux,1836,175937
lux,1837,176946
lux,1838,177960
lux,1839,179025
lux,1840,180143
lux,1841,181313
lux,1842,182537
lux,1843,183814
lux,1844,185100
lux,1845,186396
lux,1846,187700
lux,1847,189014
lux,1848,190336
lux,1849,191594
lux,1850,192785
lux,1851,193905
lux,1852,194957
lux,1853,195940
lux,1854,196929
lux,1855,197922
lux,1856,198920
lux,1857,199924
lux,1858,200932
lux,1859,201639
lux,1860,202043
lux,1861,202145
lux,1862,201942
lux,1863,201435
lux,1864,200930
lux,1865,200425
lux,1866,199922
lux,1867,199420
lux,1868,198919
lux,1869,198752
lux,1870,198919
lux,1871,199422
lux,1872,200262
lux,1873,201440
lux,1874,202624
lux,1875,203816
lux,1876,205015
lux,1877,206221
lux,1878,207433
lux,1879,208426
lux,1880,209196
lux,1881,209742
lux,1882,210064
lux,1883,210160
lux,1884,210255
lux,1885,210351
lux,1886,210447
lux,1887,210543
lux,1888,210638
lux,1889,211189
lux,1890,212200
lux,1891,213676
lux,1892,215623
lux,1893,218047
lux,1894,220498
lux,1895,222976
lux,1896,225482
lux,1897,228017
lux,1898,230579
lux,1899,233099
lux,1900,235574
lux,1901,238004
lux,1902,240386
lux,1903,242721
lux,1904,245078
lux,1905,247458
lux,1906,249862
lux,1907,252288
lux,1908,254738
lux,1909,256884
lux,1910,258721
lux,1911,260245
lux,1912,261452
lux,1913,262338
lux,1914,263227
lux,1915,264119
lux,1916,265014
lux,1917,265912
lux,1918,266818
lux,1919,268134
lux,1920,269864
lux,1921,272016
lux,1922,274594
lux,1923,277606
lux,1924,280650
lux,1925,283728
lux,1926,286839
lux,1927,289985
lux,1928,293165
lux,1929,295743
lux,1930,297712
lux,1931,299065
lux,1932,299795
lux,1933,299894
lux,1934,299994
lux,1935,300094
lux,1936,300194
lux,1937,300294
lux,1938,300394
lux,1939,300365
lux,1940,300207
lux,1941,299921
lux,1942,299506
lux,1943,298963
lux,1944,298421
lux,1945,297880
lux,1946,297340
lux,1947,296801
lux,1948,296262
lux,1949,296190
lux,1950,296580
lux,1951,298161
lux,1952,299909
lux,1953,301692
lux,1954,303489
lux,1955,305315
lux,1956,306957
lux,1957,308439
lux,1958,310039
lux,1959,312043
lux,1960,313888
lux,1961,316347
lux,1962,319663
lux,1963,322855
lux,1964,326232
lux,1965,329709
lux,1966,333085
lux,1967,335524
lux,1968,337015
lux,1969,338271
lux,1970,339337
lux,1971,341961
lux,1972,346085
lux,1973,349206
lux,1974,351432
lux,1975,353686
lux,1976,355877
lux,1977,358252
lux,1978,361047
lux,1979,362898
lux,1980,363711
lux,1981,364487
lux,1982,365061
lux,1983,365495
lux,1984,365904
lux,1985,366665
lux,1986,368409
lux,1987,370789
lux,1988,373789
lux,1989,377384
lux,1990,381707
lux,1991,386819
lux,1992,391972
lux,1993,397210
lux,1994,402597
lux,1995,408237
lux,1996,413779
lux,1997,418970
lux,1998,424158
lux,1999,429909
lux,2000,436142
lux,2001,441754
lux,2002,446392
lux,2003,451845
lux,2004,458305
lux,2005,465369
lux,2006,472869
lux,2007,480277
lux,2008,488995
lux,2009,498196
lux,2010,507418
lux,2011,518583
lux,2012,530951
lux,2013,543358
lux,2014,556285
lux,2015,569540
lux,2016,583511
lux,2017,596506
lux,2018,608109
lux,2019,620167
lux,2020,630597
lux,2021,640276
lux,2022,653315
lux,2023,665101
lva,1800,590588
lva,1801,590588
lva,1802,590588
lva,1803,590588
lva,1804,590588
lva,1805,590588
lva,1806,590588
lva,1807,590588
lva,1808,590588
lva,1809,590588
lva,1810,590588
lva,1811,590588
lva,1812,590588
lva,1813,590588
lva,1814,590588
lva,1815,590588
lva,1816,590588
lva,1817,590588
lva,1818,590588
lva,1819,592524
lva,1820,596429
lva,1821,602334
lva,1822,610273
lva,1823,620277
lva,1824,630446
lva,1825,640782
lva,1826,651287
lva,1827,661965
lva,1828,672817
lva,1829,683847
lva,1830,695058
lva,1831,706453
lva,1832,718035
lva,1833,729807
lva,1834,741771
lva,1835,753932
lva,1836,766292
lva,1837,778855
lva,1838,791623
lva,1839,804602
lva,1840,817792
lva,1841,831199
lva,1842,844826
lva,1843,858676
lva,1844,872754
lva,1845,887062
lva,1846,901605
lva,1847,916386
lva,1848,931409
lva,1849,946679
lva,1850,962199
lva,1851,977785
lva,1852,993623
lva,1853,1009718
lva,1854,1026073
lva,1855,1042693
lva,1856,1059583
lva,1857,1076746
lva,1858,1094187
lva,1859,1111910
lva,1860,1129921
lva,1861,1148223
lva,1862,1166822
lva,1863,1185722
lva,1864,1204928
lva,1865,1224444
lva,1866,1244278
lva,1867,1264432
lva,1868,1284912
lva,1869,1305725
lva,1870,1326874
lva,1871,1348366
lva,1872,1370206
lva,1873,1392400
lva,1874,1414953
lva,1875,1437871
lva,1876,1461160
lva,1877,1484827
lva,1878,1508877
lva,1879,1533316
lva,1880,1558152
lva,1881,1583389
lva,1882,1609035
lva,1883,1635097
lva,1884,1661580
lva,1885,1688492
lva,1886,1715841
lva,1887,1743632
lva,1888,1771873
lva,1889,1800571
lva,1890,1829735
lva,1891,1859370
lva,1892,1889486
lva,1893,1920089
lva,1894,1951188
lva,1895,1982790
lva,1896,2014904
lva,1897,2047538
lva,1898,2080701
lva,1899,2114401
lva,1900,2148646
lva,1901,2183446
lva,1902,2218809
lva,1903,2254746
lva,1904,2291264
lva,1905,2328373
lva,1906,2366084
lva,1907,2404405
lva,1908,2443347
lva,1909,2458540
lva,1910,2450389
lva,1911,2419277
lva,1912,2365569
lva,1913,2289615
lva,1914,2216099
lva,1915,2144944
lva,1916,2076073
lva,1917,2009414
lva,1918,1945275
lva,1919,1895880
lva,1920,1860798
lva,1921,1839607
lva,1922,1831902
lva,1923,1837292
lva,1924,1842696
lva,1925,1848117
lva,1926,1853554
lva,1927,1859007
lva,1928,1864476
lva,1929,1869852
lva,1930,1875135
lva,1931,1880325
lva,1932,1885420
lva,1933,1890421
lva,1934,1895435
lva,1935,1900462
lva,1936,1905503
lva,1937,1910557
lva,1938,1915624
lva,1939,1919396
lva,1940,1921871
lva,1941,1923045
lva,1942,1922916
lva,1943,1921482
lva,1944,1920049
lva,1945,1918617
lva,1946,1917186
lva,1947,1915756
lva,1948,1914327
lva,1949,1916573
lva,1950,1918725
lva,1951,1933918
lva,1952,1949540
lva,1953,1965203
lva,1954,1982039
lva,1955,2000467
lva,1956,2019509
lva,1957,2040121
lva,1958,2063294
lva,1959,2096983
lva,1960,2131169
lva,1961,2157173
lva,1962,2182287
lva,1963,2205804
lva,1964,2229753
lva,1965,2252769
lva,1966,2274356
lva,1967,2296080
lva,1968,2317286
lva,1969,2337663
lva,1970,2357559
lva,1971,2377075
lva,1972,2395871
lva,1973,2415773
lva,1974,2436994
lva,1975,2455780
lva,1976,2470541
lva,1977,2484605
lva,1978,2497364
lva,1979,2505526
lva,1980,2511756
lva,1981,2519972
lva,1982,2532020
lva,1983,2546976
lva,1984,2562773
lva,1985,2579237
lva,1986,2599784
lva,1987,2625969
lva,1988,2652250
lva,1989,2664839
lva,1990,2660131
lva,1991,2648933
lva,1992,2614833
lva,1993,2563820
lva,1994,2521238
lva,1995,2485948
lva,1996,2457907
lva,1997,2433229
lva,1998,2410217
lva,1999,2390822
lva,2000,2368320
lva,2001,2338299
lva,2002,2311358
lva,2003,2288983
lva,2004,2264179
lva,2005,2239787
lva,2006,2219039
lva,2007,2200774
lva,2008,2177710
lva,2009,2142044
lva,2010,2097834
lva,2011,2059940
lva,2012,2034639
lva,2013,2013004
lva,2014,1994153
lva,2015,1977874
lva,2016,1959863
lva,2017,1942599
lva,2018,1927586
lva,2019,1914267
lva,2020,1901119
lva,2021,1885593
lva,2022,1881059
lva,2023,1882399
mac,1800,17310
mac,1835,35000
mac,1839,13000
mac,1860,85000
mac,1900,64000
mac,1910,76000
mac,1920,84000
mac,1927,157000
mac,1937,170000
mac,1940,375000
mac,1950,196669
mac,1951,200120
mac,1952,200417
mac,1953,199605
mac,1954,197879
mac,1955,195454
mac,1956,192188
mac,1957,188202
mac,1958,183680
mac,1959,178433
mac,1960,173333
mac,1961,173335
mac,1962,177825
mac,1963,182143
mac,1964,225672
mac,1965,265637
mac,1966,262951
mac,1967,260430
mac,1968,257944
mac,1969,255316
mac,1970,257405
mac,1971,263470
mac,1972,273185
mac,1973,250337
mac,1974,221395
mac,1975,223951
mac,1976,227391
mac,1977,231546
mac,1978,236218
mac,1979,241160
mac,1980,246108
mac,1981,252516
mac,1982,261054
mac,1983,270519
mac,1984,280560
mac,1985,291288
mac,1986,302680
mac,1987,314630
mac,1988,326912
mac,1989,339223
mac,1990,351123
mac,1991,362275
mac,1992,372256
mac,1993,381331
mac,1994,390126
mac,1995,398703
mac,1996,407033
mac,1997,415074
mac,1998,422816
mac,1999,430253
mac,2000,437316
mac,2001,445121
mac,2002,456026
mac,2003,469062
mac,2004,482209
mac,2005,495416
mac,2006,508752
mac,2007,522281
mac,2008,535935
mac,2009,549492
mac,2010,562809
mac,2011,575644
mac,2012,587450
mac,2013,598752
mac,2014,610308
mac,2015,622185
mac,2016,634317
mac,2017,646558
mac,2018,658777
mac,2019,670982
mac,2020,683069
mac,2021,694404
mac,2022,704360
mac,2023,713916
maf,1800,5380
maf,1820,5380
maf,1950,3004
maf,1951,3132
maf,1952,3250
maf,1953,3376
maf,1954,3498
maf,1955,3622
maf,1956,3745
maf,1957,3869
maf,1958,3994
maf,1959,4133
maf,1960,4272
maf,1961,4407
maf,1962,4551
maf,1963,4695
maf,1964,4853
maf,1965,5020
maf,1966,5234
maf,1967,5494
maf,1968,5714
maf,1969,5887
maf,1970,6067
maf,1971,6247
maf,1972,6428
maf,1973,6618
maf,1974,6818
maf,1975,7063
maf,1976,7320
maf,1977,7590
maf,1978,7844
maf,1979,8085
maf,1980,8308
maf,1981,8522
maf,1982,9516
maf,1983,11511
maf,1984,13753
maf,1985,16120
maf,1986,18584
maf,1987,21125
maf,1988,23770
maf,1989,26476
maf,1990,28251
maf,1991,28824
maf,1992,29098
maf,1993,29303
maf,1994,29440
maf,1995,29492
maf,1996,29465
maf,1997,29350
maf,1998,29128
maf,1999,29303
maf,2000,30020
maf,2001,30827
maf,2002,31629
maf,2003,32420
maf,2004,33196
maf,2005,33952
maf,2006,34680
maf,2007,35361
maf,2008,35978
maf,2009,36523
maf,2010,36875
maf,2011,37094
maf,2012,37299
maf,2013,37439
maf,2014,37472
maf,2015,37386
maf,2016,37201
maf,2017,36863
maf,2018,36036
maf,2019,34290
maf,2020,31811
maf,2021,29986
maf,2022,28899
maf,2023,27545
mar,1800,2500000
mar,1801,2509126
mar,1802,2518286
mar,1803,2527479
mar,1804,2536706
mar,1805,2545967
mar,1806,2555261
mar,1807,2564589
mar,1808,2573951
mar,1809,2583348
mar,1810,2592813
mar,1811,2602278
mar,1812,2611778
mar,1813,2621312
mar,1814,2630882
mar,1815,2640486
mar,1816,2650125
mar,1817,2659800
mar,1818,2669510
mar,1819,2678317
mar,1820,2686218
mar,1821,2693207
mar,1822,2699278
mar,1823,2704427
mar,1824,2709586
mar,1825,2714755
mar,1826,2719934
mar,1827,2725122
mar,1828,2730320
mar,1829,2735529
mar,1830,2740747
mar,1831,2745975
mar,1832,2751213
mar,1833,2756461
mar,1834,2761719
mar,1835,2766987
mar,1836,2772266
mar,1837,2777554
mar,1838,2782852
mar,1839,2788161
mar,1840,2793479
mar,1841,2798808
mar,1842,2804147
mar,1843,2809496
mar,1844,2814855
mar,1845,2820225
mar,1846,2825605
mar,1847,2830995
mar,1848,2836395
mar,1849,2846471
mar,1850,2861280
mar,1851,2880537
mar,1852,2904635
mar,1853,2933630
mar,1854,2962913
mar,1855,2992489
mar,1856,3022361
mar,1857,3052530
mar,1858,3083000
mar,1859,3113775
mar,1860,3144856
mar,1861,3176248
mar,1862,3207953
mar,1863,3239975
mar,1864,3272316
mar,1865,3304980
mar,1866,3337970
mar,1867,3371289
mar,1868,3404940
mar,1869,3438928
mar,1870,3473255
mar,1871,3507924
mar,1872,3542940
mar,1873,3578305
mar,1874,3614022
mar,1875,3650097
mar,1876,3686531
mar,1877,3723329
mar,1878,3760494
mar,1879,3798031
mar,1880,3835941
mar,1881,3874231
mar,1882,3912902
mar,1883,3951959
mar,1884,3991406
mar,1885,4031247
mar,1886,4071485
mar,1887,4112125
mar,1888,4153170
mar,1889,4194328
mar,1890,4235595
mar,1891,4276971
mar,1892,4318453
mar,1893,4360040
mar,1894,4402028
mar,1895,4444420
mar,1896,4487220
mar,1897,4530432
mar,1898,4574060
mar,1899,4624206
mar,1900,4681030
mar,1901,4744697
mar,1902,4815374
mar,1903,4893229
mar,1904,4972344
mar,1905,5052737
mar,1906,5134431
mar,1907,5217445
mar,1908,5301801
mar,1909,5375224
mar,1910,5437479
mar,1911,5488325
mar,1912,5527518
mar,1913,5554809
mar,1914,5582234
mar,1915,5609795
mar,1916,5637492
mar,1917,5665326
mar,1918,5693973
mar,1919,5729691
mar,1920,5772593
mar,1921,5822794
mar,1922,5880407
mar,1923,5945551
mar,1924,6011417
mar,1925,6078012
mar,1926,6145344
mar,1927,6213423
mar,1928,6282256
mar,1929,6360339
mar,1930,6447923
mar,1931,6545268
mar,1932,6652636
mar,1933,6770297
mar,1934,6890039
mar,1935,7011899
mar,1936,7135915
mar,1937,7262123
mar,1938,7390564
mar,1939,7517200
mar,1940,7641938
mar,1941,7764682
mar,1942,7885334
mar,1943,8003793
mar,1944,8124032
mar,1945,8246076
mar,1946,8369954
mar,1947,8495694
mar,1948,8623322
mar,1949,8773203
mar,1950,8935456
mar,1951,9159293
mar,1952,9394882
mar,1953,9639571
mar,1954,9893319
mar,1955,10158130
mar,1956,10434022
mar,1957,10720555
mar,1958,11013746
mar,1959,11317012
mar,1960,11624932
mar,1961,11931097
mar,1962,12253096
mar,1963,12577499
mar,1964,12898882
mar,1965,13239173
mar,1966,13597063
mar,1967,13968180
mar,1968,14347897
mar,1969,14734252
mar,1970,15129453
mar,1971,15527227
mar,1972,15924695
mar,1973,16326276
mar,1974,16733850
mar,1975,17150790
mar,1976,17574187
mar,1977,18014761
mar,1978,18477383
mar,1979,18955587
mar,1980,19459942
mar,1981,19985407
mar,1982,20520324
mar,1983,21060697
mar,1984,21593777
mar,1985,22113953
mar,1986,22600803
mar,1987,23054390
mar,1988,23500528
mar,1989,23939414
mar,1990,24375558
mar,1991,24799016
mar,1992,25212469
mar,1993,25614586
mar,1994,26000824
mar,1995,26399431
mar,1996,26808109
mar,1997,27213340
mar,1998,27621638
mar,1999,28027188
mar,2000,28423439
mar,2001,28814646
mar,2002,29198146
mar,2003,29571415
mar,2004,29953021
mar,2005,30358145
mar,2006,30771179
mar,2007,31186468
mar,2008,31606769
mar,2009,32030779
mar,2010,32467009
mar,2011,32912585
mar,2012,33355246
mar,2013,33787573
mar,2014,34204784
mar,2015,34607590
mar,2016,35023459
mar,2017,35446395
mar,2018,35839760
mar,2019,36210907
mar,2020,36584208
mar,2021,36954443
mar,2022,37329068
mar,2023,37712516
mco,1800,7789
mco,1801,7789
mco,1802,7789
mco,1803,7789
mco,1804,7789
mco,1805,7789
mco,1806,7789
mco,1807,7789
mco,1808,7789
mco,1809,7789
mco,1810,7789
mco,1811,7789
mco,1812,7789
mco,1813,7789
mco,1814,7789
mco,1815,7789
mco,1816,7789
mco,1817,7789
mco,1818,7789
mco,1819,7808
mco,1820,7846
mco,1821,7903
mco,1822,7980
mco,1823,8076
mco,1824,8174
mco,1825,8273
mco,1826,8373
mco,1827,8475
mco,1828,8577
mco,1829,8681
mco,1830,8786
mco,1831,8892
mco,1832,9000
mco,1833,9109
mco,1834,9219
mco,1835,9331
mco,1836,9444
mco,1837,9558
mco,1838,9674
mco,1839,9791
mco,1840,9909
mco,1841,10029
mco,1842,10151
mco,1843,10274
mco,1844,10398
mco,1845,10524
mco,1846,10651
mco,1847,10780
mco,1848,10910
mco,1849,11043
mco,1850,11176
mco,1851,11322
mco,1852,11469
mco,1853,11619
mco,1854,11770
mco,1855,11924
mco,1856,12079
mco,1857,12236
mco,1858,12396
mco,1859,12557
mco,1860,12721
mco,1861,12886
mco,1862,13054
mco,1863,13224
mco,1864,13396
mco,1865,13571
mco,1866,13747
mco,1867,13926
mco,1868,14108
mco,1869,14291
mco,1870,14477
mco,1871,14666
mco,1872,14857
mco,1873,15050
mco,1874,15246
mco,1875,15444
mco,1876,15645
mco,1877,15849
mco,1878,16055
mco,1879,16264
mco,1880,16475
mco,1881,16690
mco,1882,16907
mco,1883,17126
mco,1884,17349
mco,1885,17575
mco,1886,17803
mco,1887,18035
mco,1888,18269
mco,1889,18507
mco,1890,18747
mco,1891,18991
mco,1892,19238
mco,1893,19488
mco,1894,19741
mco,1895,19998
mco,1896,20258
mco,1897,20521
mco,1898,20788
mco,1899,21058
mco,1900,21331
mco,1901,21608
mco,1902,21889
mco,1903,22173
mco,1904,22461
mco,1905,22753
mco,1906,23049
mco,1907,23348
mco,1908,23651
mco,1909,23878
mco,1910,24028
mco,1911,24100
mco,1912,24093
mco,1913,24007
mco,1914,23922
mco,1915,23836
mco,1916,23751
mco,1917,23666
mco,1918,23561
mco,1919,23537
mco,1920,23596
mco,1921,23736
mco,1922,23961
mco,1923,24269
mco,1924,24581
mco,1925,24897
mco,1926,25218
mco,1927,25542
mco,1928,25871
mco,1929,26114
mco,1930,26270
mco,1931,26340
mco,1932,26321
mco,1933,26214
mco,1934,26107
mco,1935,26001
mco,1936,25895
mco,1937,25789
mco,1938,25684
mco,1939,25459
mco,1940,25118
mco,1941,24665
mco,1942,24103
mco,1943,23436
mco,1944,22787
mco,1945,22156
mco,1946,21542
mco,1947,20946
mco,1948,20366
mco,1949,19961
mco,1950,19689
mco,1951,20370
mco,1952,20577
mco,1953,20686
mco,1954,20687
mco,1955,20605
mco,1956,20744
mco,1957,21120
mco,1958,21428
mco,1959,21672
mco,1960,21829
mco,1961,21927
mco,1962,22101
mco,1963,22411
mco,1964,22710
mco,1965,22967
mco,1966,23154
mco,1967,23262
mco,1968,23461
mco,1969,23856
mco,1970,24252
mco,1971,24606
mco,1972,24885
mco,1973,25097
mco,1974,25260
mco,1975,25525
mco,1976,25918
mco,1977,26293
mco,1978,26628
mco,1979,26913
mco,1980,27146
mco,1981,27318
mco,1982,27584
mco,1983,27985
mco,1984,28380
mco,1985,28756
mco,1986,29119
mco,1987,29470
mco,1988,29806
mco,1989,30108
mco,1990,30382
mco,1991,30654
mco,1992,30909
mco,1993,31165
mco,1994,31398
mco,1995,31636
mco,1996,31859
mco,1997,32090
mco,1998,32289
mco,1999,32435
mco,2000,32477
mco,2001,32466
mco,2002,32441
mco,2003,32396
mco,2004,32329
mco,2005,32235
mco,2006,32083
mco,2007,31859
mco,2008,31862
mco,2009,32390
mco,2010,33188
mco,2011,33968
mco,2012,34738
mco,2013,35476
mco,2014,36155
mco,2015,36785
mco,2016,37301
mco,2017,37700
mco,2018,38179
mco,2019,38131
mco,2020,38074
mco,2021,38548
mco,2022,38950
mco,2023,38979
mda,1800,712558
mda,1801,712558
mda,1802,712558
mda,1803,712558
mda,1804,712558
mda,1805,712558
mda,1806,712558
mda,1807,712558
mda,1808,712558
mda,1809,712558
mda,1810,712558
mda,1811,712558
mda,1812,712558
mda,1813,712558
mda,1814,712558
mda,1815,712558
mda,1816,712558
mda,1817,712558
mda,1818,712558
mda,1819,713866
mda,1820,716493
mda,1821,720453
mda,1822,725756
mda,1823,732416
mda,1824,739137
mda,1825,745920
mda,1826,752765
mda,1827,759673
mda,1828,766644
mda,1829,773679
mda,1830,780779
mda,1831,787944
mda,1832,795175
mda,1833,802472
mda,1834,809836
mda,1835,817267
mda,1836,824767
mda,1837,832336
mda,1838,839974
mda,1839,847682
mda,1840,855461
mda,1841,863311
mda,1842,871233
mda,1843,879228
mda,1844,887296
mda,1845,895439
mda,1846,903656
mda,1847,911948
mda,1848,920317
mda,1849,928762
mda,1850,937285
mda,1851,945951
mda,1852,954697
mda,1853,963524
mda,1854,972433
mda,1855,981424
mda,1856,990498
mda,1857,999656
mda,1858,1008899
mda,1859,1018227
mda,1860,1027641
mda,1861,1037143
mda,1862,1046732
mda,1863,1056410
mda,1864,1066177
mda,1865,1076035
mda,1866,1085984
mda,1867,1096024
mda,1868,1106158
mda,1869,1116385
mda,1870,1126707
mda,1871,1137125
mda,1872,1147638
mda,1873,1158249
mda,1874,1168958
mda,1875,1179766
mda,1876,1190674
mda,1877,1201682
mda,1878,1212793
mda,1879,1224006
mda,1880,1235323
mda,1881,1246744
mda,1882,1258271
mda,1883,1269905
mda,1884,1281646
mda,1885,1293496
mda,1886,1305455
mda,1887,1317525
mda,1888,1329707
mda,1889,1342001
mda,1890,1354408
mda,1891,1366931
mda,1892,1379569
mda,1893,1392324
mda,1894,1405197
mda,1895,1418189
mda,1896,1431301
mda,1897,1444535
mda,1898,1457890
mda,1899,1471369
mda,1900,1484973
mda,1901,1498703
mda,1902,1512559
mda,1903,1526544
mda,1904,1540658
mda,1905,1554902
mda,1906,1569278
mda,1907,1583787
mda,1908,1598430
mda,1909,1613208
mda,1910,1628124
mda,1911,1643177
mda,1912,1658369
mda,1913,1673701
mda,1914,1689176
mda,1915,1704793
mda,1916,1720555
mda,1917,1736462
mda,1918,1752397
mda,1919,1768478
mda,1920,1784707
mda,1921,1801084
mda,1922,1817612
mda,1923,1834292
mda,1924,1851124
mda,1925,1868111
mda,1926,1885254
mda,1927,1902555
mda,1928,1920014
mda,1929,1937633
mda,1930,1955414
mda,1931,1973358
mda,1932,1991467
mda,1933,2009741
mda,1934,2028184
mda,1935,2046796
mda,1936,2065579
mda,1937,2084534
mda,1938,2103663
mda,1939,2122967
mda,1940,2142449
mda,1941,2162109
mda,1942,2181950
mda,1943,2201973
mda,1944,2222179
mda,1945,2242572
mda,1946,2263151
mda,1947,2283919
mda,1948,2304877
mda,1949,2333587
mda,1950,2528365
mda,1951,2572743
mda,1952,2619786
mda,1953,2669507
mda,1954,2721545
mda,1955,2775562
mda,1956,2831241
mda,1957,2887999
mda,1958,2944565
mda,1959,3007366
mda,1960,3076172
mda,1961,3143892
mda,1962,3209509
mda,1963,3271788
mda,1964,3330242
mda,1965,3385972
mda,1966,3440667
mda,1967,3494203
mda,1968,3547087
mda,1969,3599995
mda,1970,3643522
mda,1971,3677928
mda,1972,3713997
mda,1973,3752617
mda,1974,3793852
mda,1975,3836949
mda,1976,3881031
mda,1977,3925587
mda,1978,3970300
mda,1979,4010389
mda,1980,4048713
mda,1981,4089537
mda,1982,4130066
mda,1983,4172081
mda,1984,4215890
mda,1985,4261133
mda,1986,4309371
mda,1987,4359065
mda,1988,4407777
mda,1989,4439386
mda,1990,4451150
mda,1991,4456609
mda,1992,4455714
mda,1993,4448241
mda,1994,4434457
mda,1995,4414216
mda,1996,4387653
mda,1997,4355537
mda,1998,4318713
mda,1999,4278220
mda,2000,4234969
mda,2001,4189769
mda,2002,4142937
mda,2003,4095418
mda,2004,4046672
mda,2005,3988668
mda,2006,3921320
mda,2007,3851397
mda,2008,3779503
mda,2009,3706212
mda,2010,3631990
mda,2011,3557278
mda,2012,3482629
mda,2013,3408741
mda,2014,3342715
mda,2015,3287168
mda,2016,3237798
mda,2017,3193500
mda,2018,3153779
mda,2019,3112561
mda,2020,3069135
mda,2021,3023780
mda,2022,3039986
mda,2023,3067072
mdg,1800,1500000
mdg,1801,1508658
mdg,1802,1517367
mdg,1803,1526125
mdg,1804,1534934
mdg,1805,1543794
mdg,1806,1552706
mdg,1807,1561668
mdg,1808,1570682
mdg,1809,1579749
mdg,1810,1588920
mdg,1811,1598092
mdg,1812,1607316
mdg,1813,1616594
mdg,1814,1625926
mdg,1815,1635311
mdg,1816,1644750
mdg,1817,1654244
mdg,1818,1663793
mdg,1819,1676505
mdg,1820,1692445
mdg,1821,1711680
mdg,1822,1734276
mdg,1823,1760301
mdg,1824,1786717
mdg,1825,1813529
mdg,1826,1840744
mdg,1827,1868367
mdg,1828,1896405
mdg,1829,1924863
mdg,1830,1953749
mdg,1831,1983068
mdg,1832,2012827
mdg,1833,2043032
mdg,1834,2073691
mdg,1835,2104810
mdg,1836,2136396
mdg,1837,2168455
mdg,1838,2200996
mdg,1839,2234026
mdg,1840,2267551
mdg,1841,2301579
mdg,1842,2336117
mdg,1843,2371174
mdg,1844,2406757
mdg,1845,2442874
mdg,1846,2479533
mdg,1847,2516742
mdg,1848,2554510
mdg,1849,2586526
mdg,1850,2612685
mdg,1851,2630135
mdg,1852,2641482
mdg,1853,2646637
mdg,1854,2651799
mdg,1855,2656969
mdg,1856,2662145
mdg,1857,2667329
mdg,1858,2672520
mdg,1859,2677718
mdg,1860,2682923
mdg,1861,2688135
mdg,1862,2693354
mdg,1863,2698581
mdg,1864,2703814
mdg,1865,2709055
mdg,1866,2714303
mdg,1867,2719558
mdg,1868,2724820
mdg,1869,2730636
mdg,1870,2737010
mdg,1871,2743942
mdg,1872,2751436
mdg,1873,2759492
mdg,1874,2767569
mdg,1875,2775667
mdg,1876,2783785
mdg,1877,2791923
mdg,1878,2800082
mdg,1879,2808262
mdg,1880,2816462
mdg,1881,2824683
mdg,1882,2832925
mdg,1883,2841187
mdg,1884,2849471
mdg,1885,2857775
mdg,1886,2866099
mdg,1887,2874445
mdg,1888,2882812
mdg,1889,2884813
mdg,1890,2880490
mdg,1891,2869881
mdg,1892,2853026
mdg,1893,2829964
mdg,1894,2807086
mdg,1895,2784389
mdg,1896,2761872
mdg,1897,2739534
mdg,1898,2717373
mdg,1899,2696994
mdg,1900,2678373
mdg,1901,2661485
mdg,1902,2646307
mdg,1903,2632815
mdg,1904,2619388
mdg,1905,2606027
mdg,1906,2592730
mdg,1907,2579499
mdg,1908,2566331
mdg,1909,2554245
mdg,1910,2543231
mdg,1911,2533278
mdg,1912,2524377
mdg,1913,2516519
mdg,1914,2508682
mdg,1915,2500866
mdg,1916,2493071
mdg,1917,2485298
mdg,1918,2480328
mdg,1919,2483766
mdg,1920,2495724
mdg,1921,2516310
mdg,1922,2545639
mdg,1923,2583823
mdg,1924,2622580
mdg,1925,2661919
mdg,1926,2701848
mdg,1927,2742376
mdg,1928,2783511
mdg,1929,2824690
mdg,1930,2865906
mdg,1931,2907150
mdg,1932,2948415
mdg,1933,2989693
mdg,1934,3031549
mdg,1935,3073990
mdg,1936,3117026
mdg,1937,3160665
mdg,1938,3204914
mdg,1939,3252418
mdg,1940,3303271
mdg,1941,3357567
mdg,1942,3415404
mdg,1943,3476882
mdg,1944,3539465
mdg,1945,3603176
mdg,1946,3668033
mdg,1947,3734058
mdg,1948,3801271
mdg,1949,3874476
mdg,1950,3956077
mdg,1951,4057204
mdg,1952,4160844
mdg,1953,4267535
mdg,1954,4377321
mdg,1955,4490119
mdg,1956,4606423
mdg,1957,4726637
mdg,1958,4850852
mdg,1959,4979096
mdg,1960,5111033
mdg,1961,5246163
mdg,1962,5384155
mdg,1963,5525189
mdg,1964,5669867
mdg,1965,5819117
mdg,1966,5974281
mdg,1967,6136495
mdg,1968,6306501
mdg,1969,6484718
mdg,1970,6672004
mdg,1971,6868874
mdg,1972,7074405
mdg,1973,7288053
mdg,1974,7509733
mdg,1975,7739341
mdg,1976,7976838
mdg,1977,8222240
mdg,1978,8475862
mdg,1979,8737585
mdg,1980,9006039
mdg,1981,9279017
mdg,1982,9557679
mdg,1983,9843046
mdg,1984,10134559
mdg,1985,10433143
mdg,1986,10736862
mdg,1987,11047297
mdg,1988,11369458
mdg,1989,11705002
mdg,1990,12055649
mdg,1991,12421413
mdg,1992,12800870
mdg,1993,13197353
mdg,1994,13613859
mdg,1995,14051279
mdg,1996,14510712
mdg,1997,14990818
mdg,1998,15489364
mdg,1999,16000506
mdg,2000,16516336
mdg,2001,17032933
mdg,2002,17549915
mdg,2003,18071860
mdg,2004,18606606
mdg,2005,19159711
mdg,2006,19730916
mdg,2007,20318590
mdg,2008,20923842
mdg,2009,21547277
mdg,2010,22183343
mdg,2011,22822305
mdg,2012,23462444
mdg,2013,24109290
mdg,2014,24764356
mdg,2015,25426703
mdg,2016,26099950
mdg,2017,26788379
mdg,2018,27494930
mdg,2019,28219559
mdg,2020,28953560
mdg,2021,29691087
mdg,2022,30437261
mdg,2023,31195937
mdv,1800,42378
mdv,1801,42378
mdv,1802,42378
mdv,1803,42378
mdv,1804,42378
mdv,1805,42378
mdv,1806,42378
mdv,1807,42378
mdv,1808,42378
mdv,1809,42378
mdv,1810,42378
mdv,1811,42378
mdv,1812,42378
mdv,1813,42378
mdv,1814,42378
mdv,1815,42378
mdv,1816,42378
mdv,1817,42378
mdv,1818,42378
mdv,1819,42428
mdv,1820,42528
mdv,1821,42680
mdv,1822,42882
mdv,1823,43135
mdv,1824,43390
mdv,1825,43646
mdv,1826,43904
mdv,1827,44163
mdv,1828,44424
mdv,1829,44686
mdv,1830,44950
mdv,1831,45216
mdv,1832,45483
mdv,1833,45752
mdv,1834,46022
mdv,1835,46294
mdv,1836,46567
mdv,1837,46842
mdv,1838,47119
mdv,1839,47397
mdv,1840,47677
mdv,1841,47959
mdv,1842,48242
mdv,1843,48527
mdv,1844,48814
mdv,1845,49102
mdv,1846,49392
mdv,1847,49684
mdv,1848,49977
mdv,1849,50272
mdv,1850,50569
mdv,1851,50812
mdv,1852,51056
mdv,1853,51301
mdv,1854,51547
mdv,1855,51794
mdv,1856,52042
mdv,1857,52292
mdv,1858,52542
mdv,1859,52794
mdv,1860,53047
mdv,1861,53301
mdv,1862,53556
mdv,1863,53812
mdv,1864,54070
mdv,1865,54328
mdv,1866,54588
mdv,1867,54849
mdv,1868,55111
mdv,1869,55374
mdv,1870,55639
mdv,1871,55904
mdv,1872,56171
mdv,1873,56439
mdv,1874,56709
mdv,1875,56979
mdv,1876,57251
mdv,1877,57524
mdv,1878,57798
mdv,1879,58073
mdv,1880,58350
mdv,1881,58628
mdv,1882,58907
mdv,1883,59187
mdv,1884,59469
mdv,1885,59752
mdv,1886,60036
mdv,1887,60322
mdv,1888,60608
mdv,1889,60896
mdv,1890,61186
mdv,1891,61476
mdv,1892,61768
mdv,1893,62061
mdv,1894,62356
mdv,1895,62652
mdv,1896,62949
mdv,1897,63247
mdv,1898,63547
mdv,1899,63848
mdv,1900,64150
mdv,1901,64454
mdv,1902,64759
mdv,1903,65066
mdv,1904,65374
mdv,1905,65683
mdv,1906,65994
mdv,1907,66306
mdv,1908,66619
mdv,1909,66816
mdv,1910,66898
mdv,1911,66863
mdv,1912,66713
mdv,1913,66446
mdv,1914,66181
mdv,1915,65917
mdv,1916,65654
mdv,1917,65391
mdv,1918,65207
mdv,1919,65218
mdv,1920,65426
mdv,1921,65831
mdv,1922,66438
mdv,1923,67246
mdv,1924,68065
mdv,1925,68893
mdv,1926,69731
mdv,1927,70580
mdv,1928,71438
mdv,1929,72254
mdv,1930,73027
mdv,1931,73754
mdv,1932,74436
mdv,1933,75070
mdv,1934,75710
mdv,1935,76356
mdv,1936,77007
mdv,1937,77663
mdv,1938,78325
mdv,1939,78729
mdv,1940,78873
mdv,1941,78757
mdv,1942,78383
mdv,1943,77749
mdv,1944,77120
mdv,1945,76497
mdv,1946,75878
mdv,1947,75264
mdv,1948,74656
mdv,1949,74395
mdv,1950,74461
mdv,1951,75730
mdv,1952,77077
mdv,1953,78509
mdv,1954,80010
mdv,1955,81619
mdv,1956,83317
mdv,1957,85136
mdv,1958,87054
mdv,1959,89075
mdv,1960,91203
mdv,1961,93464
mdv,1962,95817
mdv,1963,98236
mdv,1964,100673
mdv,1965,104116
mdv,1966,108528
mdv,1967,112543
mdv,1968,116092
mdv,1969,119581
mdv,1970,123240
mdv,1971,127052
mdv,1972,130979
mdv,1973,134971
mdv,1974,138994
mdv,1975,143169
mdv,1976,147539
mdv,1977,151943
mdv,1978,156169
mdv,1979,160372
mdv,1980,164844
mdv,1981,169544
mdv,1982,174341
mdv,1983,179141
mdv,1984,184212
mdv,1985,190182
mdv,1986,196949
mdv,1987,203961
mdv,1988,210899
mdv,1989,217749
mdv,1990,224772
mdv,1991,231810
mdv,1992,238559
mdv,1993,244893
mdv,1994,250831
mdv,1995,256660
mdv,1996,262354
mdv,1997,267711
mdv,1998,272734
mdv,1999,277423
mdv,2000,282025
mdv,2001,286778
mdv,2002,291631
mdv,2003,296497
mdv,2004,301416
mdv,2005,306429
mdv,2006,313866
mdv,2007,324489
mdv,2008,336178
mdv,2009,348282
mdv,2010,360802
mdv,2011,373683
mdv,2012,386821
mdv,2013,400077
mdv,2014,413623
mdv,2015,428165
mdv,2016,443316
mdv,2017,458297
mdv,2018,473106
mdv,2019,487737
mdv,2020,502127
mdv,2021,516163
mdv,2022,524116
mdv,2023,526009
mex,1800,5100000
mex,1801,5165663
mex,1802,5232171
mex,1803,5299535
mex,1804,5367767
mex,1805,5436878
mex,1806,5506878
mex,1807,5577779
mex,1808,5649593
mex,1809,5722332
mex,1810,5796956
mex,1811,5871592
mex,1812,5947189
mex,1813,6023759
mex,1814,6101316
mex,1815,6179870
mex,1816,6259437
mex,1817,6340027
mex,1818,6421655
mex,1819,6483214
mex,1820,6524512
mex,1821,6545355
mex,1822,6545545
mex,1823,6524883
mex,1824,6504286
mex,1825,6483755
mex,1826,6463288
mex,1827,6442885
mex,1828,6422547
mex,1829,6418962
mex,1830,6432243
mex,1831,6462504
mex,1832,6509859
mex,1833,6574426
mex,1834,6639634
mex,1835,6705488
mex,1836,6771995
mex,1837,6839162
mex,1838,6906995
mex,1839,6973425
mex,1840,7038422
mex,1841,7101952
mex,1842,7163984
mex,1843,7224485
mex,1844,7285497
mex,1845,7347024
mex,1846,7409071
mex,1847,7471641
mex,1848,7534741
mex,1849,7607082
mex,1850,7688866
mex,1851,7776783
mex,1852,7874465
mex,1853,7982109
mex,1854,8091222
mex,1855,8201826
mex,1856,8313940
mex,1857,8427584
mex,1858,8542780
mex,1859,8642606
mex,1860,8726791
mex,1861,8795060
mex,1862,8847135
mex,1863,8882733
mex,1864,8918473
mex,1865,8954355
mex,1866,8990379
mex,1867,9026546
mex,1868,9062857
mex,1869,9113273
mex,1870,9178007
mex,1871,9257275
mex,1872,9351295
mex,1873,9460289
mex,1874,9570550
mex,1875,9682095
mex,1876,9794939
mex,1877,9909095
mex,1878,10024579
mex,1879,10141389
mex,1880,10259540
mex,1881,10379046
mex,1882,10499924
mex,1883,10622190
mex,1884,10745876
mex,1885,10871001
mex,1886,10997580
mex,1887,11125631
mex,1888,11255171
mex,1889,11392794
mex,1890,11538689
mex,1891,11693044
mex,1892,11856053
mex,1893,12027914
mex,1894,12202263
mex,1895,12379137
mex,1896,12558572
mex,1897,12740605
mex,1898,12925274
mex,1899,13098862
mex,1900,13261087
mex,1901,13411660
mex,1902,13550290
mex,1903,13676676
mex,1904,13804239
mex,1905,13932988
mex,1906,14062935
mex,1907,14194091
mex,1908,14326467
mex,1909,14429522
mex,1910,14503032
mex,1911,14546769
mex,1912,14560504
mex,1913,14544007
mex,1914,14527526
mex,1915,14511060
mex,1916,14494609
mex,1917,14478175
mex,1918,14468493
mex,1919,14502107
mex,1920,14579605
mex,1921,14701588
mex,1922,14868662
mex,1923,15081445
mex,1924,15297272
mex,1925,15516188
mex,1926,15738237
mex,1927,15963464
mex,1928,16191914
mex,1929,16433663
mex,1930,16689077
mex,1931,16958527
mex,1932,17242393
mex,1933,17541066
mex,1934,17844913
mex,1935,18154022
mex,1936,18468486
mex,1937,18788397
mex,1938,19113850
mex,1939,19510841
mex,1940,19982850
mex,1941,20533490
mex,1942,21166520
mex,1943,21885841
mex,1944,22629608
mex,1945,23398651
mex,1946,24193829
mex,1947,25016030
mex,1948,25866173
mex,1949,26727593
mex,1950,27587941
mex,1951,28320487
mex,1952,29090173
mex,1953,29899242
mex,1954,30753012
mex,1955,31650600
mex,1956,32587939
mex,1957,33562718
mex,1958,34575074
mex,1959,35627261
mex,1960,36724614
mex,1961,37890125
mex,1962,39129204
mex,1963,40424068
mex,1964,41772051
mex,1965,43174476
mex,1966,44629105
mex,1967,46129602
mex,1968,47668308
mex,1969,49233192
mex,1970,50814958
mex,1971,52412564
mex,1972,54030172
mex,1973,55667287
mex,1974,57320150
mex,1975,58982403
mex,1976,60645513
mex,1977,62308499
mex,1978,63979053
mex,1979,65648868
mex,1980,67300338
mex,1981,68892107
mex,1982,70433258
mex,1983,71971238
mex,1984,73506848
mex,1985,75043415
mex,1986,76585638
mex,1987,78136652
mex,1988,79695526
mex,1989,81247174
mex,1990,82820170
mex,1991,84430565
mex,1992,86044806
mex,1993,87653817
mex,1994,89259202
mex,1995,90862449
mex,1996,92452700
mex,1997,94021204
mex,1998,95575242
mex,1999,97115710
mex,2000,98625553
mex,2001,100099101
mex,2002,101548627
mex,2003,102978517
mex,2004,104394131
mex,2005,105811504
mex,2006,107253666
mex,2007,108774356
mex,2008,110374286
mex,2009,111999720
mex,2010,113623898
mex,2011,115243503
mex,2012,116818208
mex,2013,118343572
mex,2014,119784265
mex,2015,121072310
mex,2016,122251344
mex,2017,123400052
mex,2018,124573713
mex,2019,125762978
mex,2020,126799053
mex,2021,127648151
mex,2022,128613116
mex,2023,129739761
mhl,1800,5828
mhl,1801,5828
mhl,1802,5828
mhl,1803,5828
mhl,1804,5828
mhl,1805,5828
mhl,1806,5828
mhl,1807,5828
mhl,1808,5828
mhl,1809,5828
mhl,1810,5828
mhl,1811,5828
mhl,1812,5828
mhl,1813,5828
mhl,1814,5828
mhl,1815,5828
mhl,1816,5828
mhl,1817,5828
mhl,1818,5828
mhl,1819,5855
mhl,1820,5910
mhl,1821,5993
mhl,1822,6105
mhl,1823,6247
mhl,1824,6392
mhl,1825,6541
mhl,1826,6693
mhl,1827,6849
mhl,1828,7008
mhl,1829,7171
mhl,1830,7338
mhl,1831,7508
mhl,1832,7683
mhl,1833,7861
mhl,1834,8044
mhl,1835,8231
mhl,1836,8422
mhl,1837,8618
mhl,1838,8818
mhl,1839,9023
mhl,1840,9233
mhl,1841,9448
mhl,1842,9667
mhl,1843,9892
mhl,1844,10122
mhl,1845,10357
mhl,1846,10598
mhl,1847,10845
mhl,1848,11097
mhl,1849,11355
mhl,1850,11618
mhl,1851,11908
mhl,1852,12204
mhl,1853,12508
mhl,1854,12819
mhl,1855,13138
mhl,1856,13464
mhl,1857,13799
mhl,1858,14143
mhl,1859,14494
mhl,1860,14855
mhl,1861,15224
mhl,1862,15602
mhl,1863,15990
mhl,1864,16388
mhl,1865,16795
mhl,1866,17212
mhl,1867,17640
mhl,1868,18078
mhl,1869,18527
mhl,1870,18987
mhl,1871,19459
mhl,1872,19942
mhl,1873,20437
mhl,1874,20945
mhl,1875,21465
mhl,1876,21998
mhl,1877,22544
mhl,1878,23103
mhl,1879,23677
mhl,1880,24264
mhl,1881,24866
mhl,1882,25483
mhl,1883,26115
mhl,1884,26763
mhl,1885,27427
mhl,1886,28107
mhl,1887,28804
mhl,1888,29518
mhl,1889,30250
mhl,1890,31000
mhl,1891,31768
mhl,1892,32556
mhl,1893,33363
mhl,1894,34189
mhl,1895,35037
mhl,1896,35905
mhl,1897,36794
mhl,1898,37706
mhl,1899,38640
mhl,1900,39597
mhl,1901,40577
mhl,1902,41582
mhl,1903,42612
mhl,1904,43667
mhl,1905,44748
mhl,1906,45855
mhl,1907,46990
mhl,1908,48153
mhl,1909,49345
mhl,1910,50566
mhl,1911,51817
mhl,1912,53099
mhl,1913,54413
mhl,1914,55759
mhl,1915,57138
mhl,1916,58551
mhl,1917,59999
mhl,1918,61394
mhl,1919,62821
mhl,1920,64282
mhl,1921,65776
mhl,1922,67305
mhl,1923,68869
mhl,1924,70470
mhl,1925,72109
mhl,1926,73785
mhl,1927,75500
mhl,1928,77255
mhl,1929,77209
mhl,1930,75486
mhl,1931,72200
mhl,1932,67453
mhl,1933,61336
mhl,1934,55773
mhl,1935,50716
mhl,1936,46116
mhl,1937,41934
mhl,1938,38131
mhl,1939,34673
mhl,1940,31529
mhl,1941,28669
mhl,1942,26070
mhl,1943,23705
mhl,1944,21556
mhl,1945,19601
mhl,1946,17823
mhl,1947,16207
mhl,1948,14737
mhl,1949,13700
mhl,1950,13019
mhl,1951,13134
mhl,1952,13240
mhl,1953,13332
mhl,1954,13413
mhl,1955,13508
mhl,1956,13594
mhl,1957,13660
mhl,1958,13826
mhl,1959,14217
mhl,1960,14728
mhl,1961,15240
mhl,1962,15782
mhl,1963,16325
mhl,1964,16881
mhl,1965,17430
mhl,1966,17947
mhl,1967,18678
mhl,1968,19889
mhl,1969,21328
mhl,1970,22552
mhl,1971,23392
mhl,1972,24015
mhl,1973,24607
mhl,1974,25318
mhl,1975,26177
mhl,1976,27040
mhl,1977,27928
mhl,1978,28831
mhl,1979,29757
mhl,1980,30793
mhl,1981,32040
mhl,1982,33418
mhl,1983,34832
mhl,1984,36282
mhl,1985,37779
mhl,1986,39307
mhl,1987,40846
mhl,1988,42338
mhl,1989,43611
mhl,1990,44648
mhl,1991,45587
mhl,1992,46406
mhl,1993,47112
mhl,1994,47731
mhl,1995,48283
mhl,1996,48795
mhl,1997,49277
mhl,1998,49732
mhl,1999,50221
mhl,2000,50721
mhl,2001,51137
mhl,2002,51441
mhl,2003,51657
mhl,2004,51803
mhl,2005,51928
mhl,2006,52011
mhl,2007,52050
mhl,2008,52049
mhl,2009,52036
mhl,2010,52064
mhl,2011,51927
mhl,2012,51438
mhl,2013,50696
mhl,2014,49815
mhl,2015,48823
mhl,2016,47730
mhl,2017,46544
mhl,2018,45307
mhl,2019,44030
mhl,2020,42728
mhl,2021,41387
mhl,2022,40094
mhl,2023,38849
mkd,1800,391865
mkd,1801,391865
mkd,1802,391865
mkd,1803,391865
mkd,1804,391865
mkd,1805,391865
mkd,1806,391865
mkd,1807,391865
mkd,1808,391865
mkd,1809,391865
mkd,1810,391865
mkd,1811,391865
mkd,1812,391865
mkd,1813,391865
mkd,1814,391865
mkd,1815,391865
mkd,1816,391865
mkd,1817,391865
mkd,1818,391865
mkd,1819,392555
mkd,1820,393941
mkd,1821,396029
mkd,1822,398826
mkd,1823,402337
mkd,1824,405879
mkd,1825,409452
mkd,1826,413057
mkd,1827,416693
mkd,1828,420362
mkd,1829,424063
mkd,1830,427796
mkd,1831,431562
mkd,1832,435361
mkd,1833,439194
mkd,1834,443061
mkd,1835,446961
mkd,1836,450896
mkd,1837,454866
mkd,1838,458870
mkd,1839,462910
mkd,1840,466985
mkd,1841,471097
mkd,1842,475244
mkd,1843,479428
mkd,1844,483649
mkd,1845,487907
mkd,1846,492202
mkd,1847,496535
mkd,1848,500906
mkd,1849,505316
mkd,1850,509765
mkd,1851,514410
mkd,1852,519097
mkd,1853,523827
mkd,1854,528600
mkd,1855,533416
mkd,1856,538276
mkd,1857,543180
mkd,1858,548129
mkd,1859,553123
mkd,1860,558163
mkd,1861,563248
mkd,1862,568380
mkd,1863,573558
mkd,1864,578783
mkd,1865,584056
mkd,1866,589377
mkd,1867,594746
mkd,1868,600165
mkd,1869,605632
mkd,1870,611150
mkd,1871,616717
mkd,1872,622335
mkd,1873,628004
mkd,1874,633725
mkd,1875,639498
mkd,1876,645324
mkd,1877,651202
mkd,1878,657134
mkd,1879,663120
mkd,1880,669160
mkd,1881,675256
mkd,1882,681406
mkd,1883,687613
mkd,1884,693876
mkd,1885,700197
mkd,1886,706574
mkd,1887,713010
mkd,1888,719504
mkd,1889,726058
mkd,1890,732671
mkd,1891,739344
mkd,1892,746078
mkd,1893,752873
mkd,1894,759730
mkd,1895,766649
mkd,1896,773632
mkd,1897,780678
mkd,1898,787788
mkd,1899,794962
mkd,1900,802202
mkd,1901,809508
mkd,1902,816880
mkd,1903,824319
mkd,1904,831826
mkd,1905,839401
mkd,1906,847045
mkd,1907,854759
mkd,1908,862543
mkd,1909,870398
mkd,1910,878324
mkd,1911,886322
mkd,1912,894393
mkd,1913,902537
mkd,1914,910756
mkd,1915,919049
mkd,1916,927417
mkd,1917,935862
mkd,1918,944101
mkd,1919,952413
mkd,1920,960798
mkd,1921,969256
mkd,1922,977789
mkd,1923,986397
mkd,1924,995081
mkd,1925,1003842
mkd,1926,1012679
mkd,1927,1021595
mkd,1928,1030588
mkd,1929,1039661
mkd,1930,1048814
mkd,1931,1058048
mkd,1932,1067363
mkd,1933,1076759
mkd,1934,1086239
mkd,1935,1095802
mkd,1936,1105449
mkd,1937,1115181
mkd,1938,1124999
mkd,1939,1134903
mkd,1940,1144894
mkd,1941,1154973
mkd,1942,1165142
mkd,1943,1175399
mkd,1944,1185747
mkd,1945,1196186
mkd,1946,1206717
mkd,1947,1217340
mkd,1948,1228058
mkd,1949,1239418
mkd,1950,1248682
mkd,1951,1271039
mkd,1952,1294538
mkd,1953,1319470
mkd,1954,1340010
mkd,1955,1355680
mkd,1956,1370923
mkd,1957,1385258
mkd,1958,1400121
mkd,1959,1417080
mkd,1960,1435060
mkd,1961,1455175
mkd,1962,1471743
mkd,1963,1488745
mkd,1964,1510902
mkd,1965,1533471
mkd,1966,1557355
mkd,1967,1582503
mkd,1968,1608933
mkd,1969,1636356
mkd,1970,1664214
mkd,1971,1691224
mkd,1972,1717400
mkd,1973,1743825
mkd,1974,1770550
mkd,1975,1797972
mkd,1976,1825833
mkd,1977,1853147
mkd,1978,1879854
mkd,1979,1906524
mkd,1980,1933043
mkd,1981,1959071
mkd,1982,1978962
mkd,1983,1991902
mkd,1984,2003400
mkd,1985,2014334
mkd,1986,2024729
mkd,1987,2035161
mkd,1988,2045739
mkd,1989,2055650
mkd,1990,2063690
mkd,1991,2056002
mkd,1992,2032516
mkd,1993,2006853
mkd,1994,1992669
mkd,1995,1998531
mkd,1996,2012553
mkd,1997,2025764
mkd,1998,2037575
mkd,1999,2048088
mkd,2000,2057254
mkd,2001,2066300
mkd,2002,2074482
mkd,2003,2081417
mkd,2004,2086581
mkd,2005,2089809
mkd,2006,2089232
mkd,2007,2081972
mkd,2008,2070837
mkd,2009,2060601
mkd,2010,2051510
mkd,2011,2040445
mkd,2012,2027288
mkd,2013,2013280
mkd,2014,1997842
mkd,2015,1980366
mkd,2016,1961268
mkd,2017,1940877
mkd,2018,1919730
mkd,2019,1897643
mkd,2020,1872021
mkd,2021,1851109
mkd,2022,1840236
mkd,2023,1831800
mli,1800,1403398
mli,1801,1403398
mli,1802,1403398
mli,1803,1403398
mli,1804,1403398
mli,1805,1403398
mli,1806,1403398
mli,1807,1403398
mli,1808,1403398
mli,1809,1403398
mli,1810,1403398
mli,1811,1403398
mli,1812,1403398
mli,1813,1403398
mli,1814,1403398
mli,1815,1403398
mli,1816,1403398
mli,1817,1403398
mli,1818,1403398
mli,1819,1404037
mli,1820,1405317
mli,1821,1407240
mli,1822,1409806
mli,1823,1413017
mli,1824,1416236
mli,1825,1419462
mli,1826,1422695
mli,1827,1425935
mli,1828,1429183
mli,1829,1432439
mli,1830,1435702
mli,1831,1438972
mli,1832,1442249
mli,1833,1445535
mli,1834,1448827
mli,1835,1452127
mli,1836,1455435
mli,1837,1458750
mli,1838,1462073
mli,1839,1465403
mli,1840,1468741
mli,1841,1472086
mli,1842,1475440
mli,1843,1478800
mli,1844,1482169
mli,1845,1485545
mli,1846,1488929
mli,1847,1492320
mli,1848,1495719
mli,1849,1499043
mli,1850,1502290
mli,1851,1514635
mli,1852,1526940
mli,1853,1539205
mli,1854,1551513
mli,1855,1563864
mli,1856,1576258
mli,1857,1588695
mli,1858,1601176
mli,1859,1613701
mli,1860,1626269
mli,1861,1638881
mli,1862,1651536
mli,1863,1664236
mli,1864,1676980
mli,1865,1689769
mli,1866,1702601
mli,1867,1715479
mli,1868,1728401
mli,1869,1742066
mli,1870,1756489
mli,1871,1771687
mli,1872,1787675
mli,1873,1804470
mli,1874,1821371
mli,1875,1838378
mli,1876,1855491
mli,1877,1872713
mli,1878,1890042
mli,1879,1907480
mli,1880,1925028
mli,1881,1942685
mli,1882,1960452
mli,1883,1978331
mli,1884,1996321
mli,1885,2014424
mli,1886,2032639
mli,1887,2050968
mli,1888,2069411
mli,1889,2088388
mli,1890,2107910
mli,1891,2127987
mli,1892,2148630
mli,1893,2169850
mli,1894,2191229
mli,1895,2212767
mli,1896,2234466
mli,1897,2256327
mli,1898,2278350
mli,1899,2303311
mli,1900,2331296
mli,1901,2362389
mli,1902,2396679
mli,1903,2434255
mli,1904,2472367
mli,1905,2511024
mli,1906,2550231
mli,1907,2589998
mli,1908,2630330
mli,1909,2669617
mli,1910,2707812
mli,1911,2744870
mli,1912,2780744
mli,1913,2815387
mli,1914,2850406
mli,1915,2885805
mli,1916,2921588
mli,1917,2957759
mli,1918,2981422
mli,1919,3008908
mli,1920,3040300
mli,1921,3075681
mli,1922,3115134
mli,1923,3158746
mli,1924,3202968
mli,1925,3247810
mli,1926,3293279
mli,1927,3339385
mli,1928,3386136
mli,1929,3432846
mli,1930,3479504
mli,1931,3526102
mli,1932,3572627
mli,1933,3619072
mli,1934,3666119
mli,1935,3713779
mli,1936,3762058
mli,1937,3810965
mli,1938,3860507
mli,1939,3913863
mli,1940,3971134
mli,1941,4032428
mli,1942,4097851
mli,1943,4167514
mli,1944,4238362
mli,1945,4310414
mli,1946,4383691
mli,1947,4458214
mli,1948,4534004
mli,1949,4612876
mli,1950,4696914
mli,1951,4766702
mli,1952,4836366
mli,1953,4904800
mli,1954,4972911
mli,1955,5041937
mli,1956,5111984
mli,1957,5183132
mli,1958,5253467
mli,1959,5325646
mli,1960,5402550
mli,1961,5482288
mli,1962,5563921
mli,1963,5646606
mli,1964,5730130
mli,1965,5815483
mli,1966,5902209
mli,1967,5990908
mli,1968,6082987
mli,1969,6177698
mli,1970,6276476
mli,1971,6377945
mli,1972,6483730
mli,1973,6597114
mli,1974,6715435
mli,1975,6837265
mli,1976,6960979
mli,1977,7090985
mli,1978,7229654
mli,1979,7375272
mli,1980,7530522
mli,1981,7692763
mli,1982,7860196
mli,1983,8034400
mli,1984,8208599
mli,1985,8374661
mli,1986,8531272
mli,1987,8681167
mli,1988,8834001
mli,1989,8999935
mli,1990,9178826
mli,1991,9362885
mli,1992,9553540
mli,1993,9754786
mli,1994,9967035
mli,1995,10185368
mli,1996,10407274
mli,1997,10646499
mli,1998,10919577
mli,1999,11227420
mli,2000,11559291
mli,2001,11912162
mli,2002,12288051
mli,2003,12684951
mli,2004,13102415
mli,2005,13538648
mli,2006,13990143
mli,2007,14457776
mli,2008,14940786
mli,2009,15435536
mli,2010,15945201
mli,2011,16469054
mli,2012,16957039
mli,2013,17459619
mli,2014,18020267
mli,2015,18593022
mli,2016,19191298
mli,2017,19813016
mli,2018,20442031
mli,2019,21068405
mli,2020,21713837
mli,2021,22388637
mli,2022,23072641
mli,2023,23769130
mlt,1800,134072
mlt,1801,134072
mlt,1802,134072
mlt,1803,134072
mlt,1804,134072
mlt,1805,134072
mlt,1806,134072
mlt,1807,134072
mlt,1808,134072
mlt,1809,134072
mlt,1810,134072
mlt,1811,134072
mlt,1812,134072
mlt,1813,134072
mlt,1814,134072
mlt,1815,134072
mlt,1816,134072
mlt,1817,134072
mlt,1818,134072
mlt,1819,134232
mlt,1820,134553
mlt,1821,135036
mlt,1822,135681
mlt,1823,136491
mlt,1824,137305
mlt,1825,138124
mlt,1826,138948
mlt,1827,139777
mlt,1828,140611
mlt,1829,141450
mlt,1830,142294
mlt,1831,143143
mlt,1832,143997
mlt,1833,144856
mlt,1834,145720
mlt,1835,146590
mlt,1836,147464
mlt,1837,148344
mlt,1838,149229
mlt,1839,150119
mlt,1840,151015
mlt,1841,151916
mlt,1842,152822
mlt,1843,153734
mlt,1844,154651
mlt,1845,155574
mlt,1846,156502
mlt,1847,157436
mlt,1848,158375
mlt,1849,159320
mlt,1850,160270
mlt,1851,161084
mlt,1852,161901
mlt,1853,162723
mlt,1854,163548
mlt,1855,164378
mlt,1856,165211
mlt,1857,166049
mlt,1858,166891
mlt,1859,167737
mlt,1860,168587
mlt,1861,169442
mlt,1862,170300
mlt,1863,171163
mlt,1864,172030
mlt,1865,172901
mlt,1866,173777
mlt,1867,174656
mlt,1868,175541
mlt,1869,176429
mlt,1870,177322
mlt,1871,178219
mlt,1872,179121
mlt,1873,180027
mlt,1874,180937
mlt,1875,181852
mlt,1876,182771
mlt,1877,183695
mlt,1878,184623
mlt,1879,185556
mlt,1880,186494
mlt,1881,187436
mlt,1882,188383
mlt,1883,189334
mlt,1884,190290
mlt,1885,191250
mlt,1886,192216
mlt,1887,193186
mlt,1888,194160
mlt,1889,195140
mlt,1890,196124
mlt,1891,197113
mlt,1892,198107
mlt,1893,199106
mlt,1894,200109
mlt,1895,201118
mlt,1896,202131
mlt,1897,203149
mlt,1898,204173
mlt,1899,205201
mlt,1900,206234
mlt,1901,207272
mlt,1902,208316
mlt,1903,209364
mlt,1904,210418
mlt,1905,211476
mlt,1906,212540
mlt,1907,213609
mlt,1908,214683
mlt,1909,215427
mlt,1910,215840
mlt,1911,215922
mlt,1912,215673
mlt,1913,215092
mlt,1914,214512
mlt,1915,213933
mlt,1916,213356
mlt,1917,212780
mlt,1918,212406
mlt,1919,212398
mlt,1920,212759
mlt,1921,213491
mlt,1922,214596
mlt,1923,216075
mlt,1924,217565
mlt,1925,219064
mlt,1926,220574
mlt,1927,222095
mlt,1928,223626
mlt,1929,225373
mlt,1930,227340
mlt,1931,229531
mlt,1932,231950
mlt,1933,234600
mlt,1934,237281
mlt,1935,239993
mlt,1936,242735
mlt,1937,245509
mlt,1938,248314
mlt,1939,251311
mlt,1940,254503
mlt,1941,257894
mlt,1942,261491
mlt,1943,265297
mlt,1944,269158
mlt,1945,273075
mlt,1946,277050
mlt,1947,281082
mlt,1948,285173
mlt,1949,288773
mlt,1950,294685
mlt,1951,300461
mlt,1952,304913
mlt,1953,309348
mlt,1954,313752
mlt,1955,318149
mlt,1956,322464
mlt,1957,326702
mlt,1958,329414
mlt,1959,330361
mlt,1960,330832
mlt,1961,330855
mlt,1962,330499
mlt,1963,329815
mlt,1964,328794
mlt,1965,327407
mlt,1966,325677
mlt,1967,323820
mlt,1968,323515
mlt,1969,324762
mlt,1970,326017
mlt,1971,327300
mlt,1972,328617
mlt,1973,330059
mlt,1974,331686
mlt,1975,333458
mlt,1976,335291
mlt,1977,337169
mlt,1978,339069
mlt,1979,340974
mlt,1980,342882
mlt,1981,344754
mlt,1982,346653
mlt,1983,348598
mlt,1984,350555
mlt,1985,352567
mlt,1986,355082
mlt,1987,358089
mlt,1988,361226
mlt,1989,364530
mlt,1990,367913
mlt,1991,371335
mlt,1992,374805
mlt,1993,378222
mlt,1994,381467
mlt,1995,384559
mlt,1996,387627
mlt,1997,390687
mlt,1998,393782
mlt,1999,396897
mlt,2000,399905
mlt,2001,402788
mlt,2002,405571
mlt,2003,408236
mlt,2004,410800
mlt,2005,413324
mlt,2006,415463
mlt,2007,417201
mlt,2008,418969
mlt,2009,420800
mlt,2010,422654
mlt,2011,424635
mlt,2012,426616
mlt,2013,428457
mlt,2014,434494
mlt,2015,444978
mlt,2016,455276
mlt,2017,467902
mlt,2018,484560
mlt,2019,504017
mlt,2020,518212
mlt,2021,524383
mlt,2022,528194
mlt,2023,532964
mmr,1800,6000000
mmr,1801,5840961
mmr,1802,5686137
mmr,1803,5535417
mmr,1804,5388692
mmr,1805,5245857
mmr,1806,5106807
mmr,1807,4971443
mmr,1808,4839667
mmr,1809,4711384
mmr,1810,4589813
mmr,1811,4468153
mmr,1812,4349717
mmr,1813,4234421
mmr,1814,4122181
mmr,1815,4012916
mmr,1816,3906548
mmr,1817,3802999
mmr,1818,3702194
mmr,1819,3625334
mmr,1820,3571864
mmr,1821,3541246
mmr,1822,3532957
mmr,1823,3546487
mmr,1824,3560069
mmr,1825,3573704
mmr,1826,3587390
mmr,1827,3601129
mmr,1828,3614920
mmr,1829,3628764
mmr,1830,3642661
mmr,1831,3656612
mmr,1832,3670616
mmr,1833,3684673
mmr,1834,3698784
mmr,1835,3712950
mmr,1836,3727169
mmr,1837,3741443
mmr,1838,3755772
mmr,1839,3770156
mmr,1840,3784594
mmr,1841,3799088
mmr,1842,3813638
mmr,1843,3828243
mmr,1844,3842904
mmr,1845,3857621
mmr,1846,3872395
mmr,1847,3887225
mmr,1848,3902112
mmr,1849,3917062
mmr,1850,3932075
mmr,1851,3941836
mmr,1852,3951619
mmr,1853,3961426
mmr,1854,3971249
mmr,1855,3981090
mmr,1856,3990948
mmr,1857,4000822
mmr,1858,4010714
mmr,1859,4020623
mmr,1860,4030549
mmr,1861,4040491
mmr,1862,4050451
mmr,1863,4060428
mmr,1864,4070421
mmr,1865,4080431
mmr,1866,4090459
mmr,1867,4100503
mmr,1868,4110564
mmr,1869,4106990
mmr,1870,4089958
mmr,1871,4059643
mmr,1872,4016217
mmr,1873,3959849
mmr,1874,3904264
mmr,1875,3849453
mmr,1876,3795403
mmr,1877,3742105
mmr,1878,3689549
mmr,1879,3698522
mmr,1880,3772362
mmr,1881,3914653
mmr,1882,4129245
mmr,1883,4420274
mmr,1884,4731805
mmr,1885,5065282
mmr,1886,5422250
mmr,1887,5804363
mmr,1888,6213391
mmr,1889,6593224
mmr,1890,6940165
mmr,1891,7250209
mmr,1892,7519019
mmr,1893,7741902
mmr,1894,7971375
mmr,1895,8207634
mmr,1896,8450877
mmr,1897,8701311
mmr,1898,8959148
mmr,1899,9196169
mmr,1900,9411380
mmr,1901,9603751
mmr,1902,9772217
mmr,1903,9915677
mmr,1904,10061221
mmr,1905,10208880
mmr,1906,10358684
mmr,1907,10510664
mmr,1908,10664851
mmr,1909,10806140
mmr,1910,10934246
mmr,1911,11048878
mmr,1912,11149741
mmr,1913,11236535
mmr,1914,11323979
mmr,1915,11412080
mmr,1916,11500841
mmr,1917,11590266
mmr,1918,11697676
mmr,1919,11808638
mmr,1920,11923214
mmr,1921,12041462
mmr,1922,12163444
mmr,1923,12289223
mmr,1924,12416302
mmr,1925,12544694
mmr,1926,12674415
mmr,1927,12805477
mmr,1928,12937894
mmr,1929,13079961
mmr,1930,13231889
mmr,1931,13393893
mmr,1932,13566191
mmr,1933,13749007
mmr,1934,13934287
mmr,1935,14122063
mmr,1936,14312370
mmr,1937,14505241
mmr,1938,14700712
mmr,1939,14907053
mmr,1940,15124546
mmr,1941,15353476
mmr,1942,15594135
mmr,1943,15846821
mmr,1944,16103601
mmr,1945,16364542
mmr,1946,16629712
mmr,1947,16899178
mmr,1948,17173011
mmr,1949,17450542
mmr,1950,17737123
mmr,1951,18070426
mmr,1952,18418010
mmr,1953,18779903
mmr,1954,19156653
mmr,1955,19550488
mmr,1956,19959222
mmr,1957,20382706
mmr,1958,20816423
mmr,1959,21264016
mmr,1960,21730255
mmr,1961,22210580
mmr,1962,22704722
mmr,1963,23213406
mmr,1964,23737316
mmr,1965,24279437
mmr,1966,24836494
mmr,1967,25406432
mmr,1968,25989669
mmr,1969,26585110
mmr,1970,27193015
mmr,1971,27807215
mmr,1972,28428330
mmr,1973,29026390
mmr,1974,29598163
mmr,1975,30176563
mmr,1976,30758818
mmr,1977,31355968
mmr,1978,31972974
mmr,1979,32596552
mmr,1980,33227204
mmr,1981,33858786
mmr,1982,34482967
mmr,1983,35162714
mmr,1984,35899313
mmr,1985,36622832
mmr,1986,37314882
mmr,1987,37971601
mmr,1988,38600928
mmr,1989,39214624
mmr,1990,39817253
mmr,1991,40394159
mmr,1992,40950342
mmr,1993,41502423
mmr,1994,42055150
mmr,1995,42605343
mmr,1996,43154858
mmr,1997,43708802
mmr,1998,44257793
mmr,1999,44787727
mmr,2000,45290850
mmr,2001,45771140
mmr,2002,46232656
mmr,2003,46667191
mmr,2004,47068779
mmr,2005,47438362
mmr,2006,47785141
mmr,2007,48125047
mmr,2008,48390790
mmr,2009,48660458
mmr,2010,49024376
mmr,2011,49419825
mmr,2012,49837451
mmr,2013,50262658
mmr,2014,50681635
mmr,2015,51089060
mmr,2016,51495701
mmr,2017,51894939
mmr,2018,52272250
mmr,2019,52640718
mmr,2020,53016525
mmr,2021,53387103
mmr,2022,53756791
mmr,2023,54133800
mne,1800,126582
mne,1801,126582
mne,1802,126582
mne,1803,126582
mne,1804,126582
mne,1805,126582
mne,1806,126582
mne,1807,126582
mne,1808,126582
mne,1809,126582
mne,1810,126582
mne,1811,126582
mne,1812,126582
mne,1813,126582
mne,1814,126582
mne,1815,126582
mne,1816,126582
mne,1817,126582
mne,1818,126582
mne,1819,126980
mne,1820,127783
mne,1821,128997
mne,1822,130629
mne,1823,132685
mne,1824,134772
mne,1825,136893
mne,1826,139047
mne,1827,141235
mne,1828,143458
mne,1829,145715
mne,1830,148008
mne,1831,150337
mne,1832,152703
mne,1833,155106
mne,1834,157547
mne,1835,160026
mne,1836,162544
mne,1837,165102
mne,1838,167700
mne,1839,170339
mne,1840,173020
mne,1841,175742
mne,1842,178508
mne,1843,181317
mne,1844,184170
mne,1845,187068
mne,1846,190012
mne,1847,193002
mne,1848,196039
mne,1849,199124
mne,1850,202257
mne,1851,205450
mne,1852,208694
mne,1853,211989
mne,1854,215336
mne,1855,218736
mne,1856,222189
mne,1857,225697
mne,1858,229261
mne,1859,232880
mne,1860,236557
mne,1861,240292
mne,1862,244086
mne,1863,247939
mne,1864,251854
mne,1865,255830
mne,1866,259869
mne,1867,263972
mne,1868,268140
mne,1869,272373
mne,1870,276674
mne,1871,281042
mne,1872,285479
mne,1873,289986
mne,1874,294565
mne,1875,299215
mne,1876,303940
mne,1877,308738
mne,1878,313613
mne,1879,318564
mne,1880,323594
mne,1881,328703
mne,1882,333892
mne,1883,339164
mne,1884,344519
mne,1885,349958
mne,1886,355483
mne,1887,361096
mne,1888,366797
mne,1889,372588
mne,1890,378470
mne,1891,384446
mne,1892,390515
mne,1893,396681
mne,1894,402944
mne,1895,409306
mne,1896,415768
mne,1897,422332
mne,1898,429000
mne,1899,435773
mne,1900,442653
mne,1901,449642
mne,1902,456741
mne,1903,463952
mne,1904,471277
mne,1905,478717
mne,1906,486276
mne,1907,493953
mne,1908,501752
mne,1909,507359
mne,1910,510756
mne,1911,511922
mne,1912,510837
mne,1913,507481
mne,1914,504147
mne,1915,500834
mne,1916,497543
mne,1917,494274
mne,1918,491002
mne,1919,487750
mne,1920,484521
mne,1921,481313
mne,1922,478126
mne,1923,474960
mne,1924,471815
mne,1925,468691
mne,1926,465587
mne,1927,462505
mne,1928,459442
mne,1929,456400
mne,1930,453378
mne,1931,450376
mne,1932,447394
mne,1933,444432
mne,1934,441489
mne,1935,438566
mne,1936,435662
mne,1937,432777
mne,1938,429911
mne,1939,427065
mne,1940,424237
mne,1941,421428
mne,1942,418638
mne,1943,415866
mne,1944,413112
mne,1945,410377
mne,1946,407659
mne,1947,404960
mne,1948,402279
mne,1949,401374
mne,1950,402519
mne,1951,410084
mne,1952,418911
mne,1953,427489
mne,1954,434375
mne,1955,440593
mne,1956,446695
mne,1957,452749
mne,1958,458810
mne,1959,464906
mne,1960,471205
mne,1961,477835
mne,1962,484443
mne,1963,490789
mne,1964,496937
mne,1965,502895
mne,1966,508640
mne,1967,514098
mne,1968,519311
mne,1969,524443
mne,1970,529679
mne,1971,535112
mne,1972,540706
mne,1973,546269
mne,1974,551745
mne,1975,557156
mne,1976,562637
mne,1977,568095
mne,1978,573523
mne,1979,579015
mne,1980,584831
mne,1981,589916
mne,1982,593634
mne,1983,596960
mne,1984,600258
mne,1985,603506
mne,1986,606803
mne,1987,610181
mne,1988,613594
mne,1989,617048
mne,1990,620507
mne,1991,623564
mne,1992,626030
mne,1993,628107
mne,1994,629890
mne,1995,631386
mne,1996,632625
mne,1997,633539
mne,1998,634099
mne,1999,634280
mne,2000,634198
mne,2001,634001
mne,2002,633767
mne,2003,633563
mne,2004,633756
mne,2005,634059
mne,2006,633876
mne,2007,633388
mne,2008,632855
mne,2009,632445
mne,2010,632088
mne,2011,632689
mne,2012,633546
mne,2013,633199
mne,2014,631377
mne,2015,628145
mne,2016,624246
mne,2017,620112
mne,2018,615798
mne,2019,611671
mne,2020,607934
mne,2021,603854
mne,2022,614649
mne,2023,633553
mng,1800,600000
mng,1801,600936
mng,1802,601873
mng,1803,602812
mng,1804,603753
mng,1805,604695
mng,1806,605638
mng,1807,606583
mng,1808,607529
mng,1809,608477
mng,1810,609427
mng,1811,610378
mng,1812,611330
mng,1813,612284
mng,1814,613239
mng,1815,614196
mng,1816,615154
mng,1817,616114
mng,1818,617075
mng,1819,618033
mng,1820,618988
mng,1821,619941
mng,1822,620891
mng,1823,621837
mng,1824,622786
mng,1825,623735
mng,1826,624686
mng,1827,625639
mng,1828,626593
mng,1829,627548
mng,1830,628505
mng,1831,629463
mng,1832,630423
mng,1833,631385
mng,1834,632347
mng,1835,633312
mng,1836,634277
mng,1837,635244
mng,1838,636213
mng,1839,637183
mng,1840,638155
mng,1841,639128
mng,1842,640102
mng,1843,641078
mng,1844,642056
mng,1845,643035
mng,1846,644015
mng,1847,644997
mng,1848,645981
mng,1849,646966
mng,1850,647952
mng,1851,648865
mng,1852,649778
mng,1853,650693
mng,1854,651609
mng,1855,652527
mng,1856,653446
mng,1857,654366
mng,1858,655287
mng,1859,656209
mng,1860,657133
mng,1861,658058
mng,1862,658985
mng,1863,659913
mng,1864,660842
mng,1865,661772
mng,1866,662704
mng,1867,663637
mng,1868,664571
mng,1869,665511
mng,1870,666458
mng,1871,667411
mng,1872,668369
mng,1873,669334
mng,1874,670301
mng,1875,671269
mng,1876,672238
mng,1877,673208
mng,1878,674180
mng,1879,675154
mng,1880,676128
mng,1881,677105
mng,1882,678082
mng,1883,679061
mng,1884,680041
mng,1885,681023
mng,1886,682006
mng,1887,682991
mng,1888,683977
mng,1889,684964
mng,1890,685953
mng,1891,686943
mng,1892,687935
mng,1893,688928
mng,1894,689923
mng,1895,690919
mng,1896,691916
mng,1897,692915
mng,1898,693915
mng,1899,695189
mng,1900,696737
mng,1901,698562
mng,1902,700663
mng,1903,703044
mng,1904,705433
mng,1905,707829
mng,1906,710234
mng,1907,712647
mng,1908,715068
mng,1909,717248
mng,1910,719186
mng,1911,720880
mng,1912,722329
mng,1913,723532
mng,1914,724737
mng,1915,725944
mng,1916,727154
mng,1917,728365
mng,1918,729664
mng,1919,730965
mng,1920,732268
mng,1921,733574
mng,1922,734882
mng,1923,736193
mng,1924,737506
mng,1925,738821
mng,1926,740138
mng,1927,741458
mng,1928,742780
mng,1929,744105
mng,1930,745432
mng,1931,746761
mng,1932,748093
mng,1933,749427
mng,1934,750764
mng,1935,752102
mng,1936,753444
mng,1937,754787
mng,1938,756133
mng,1939,757482
mng,1940,758832
mng,1941,760186
mng,1942,761541
mng,1943,762899
mng,1944,764260
mng,1945,765623
mng,1946,766988
mng,1947,768356
mng,1948,769726
mng,1949,774006
mng,1950,781691
mng,1951,794329
mng,1952,807093
mng,1953,820278
mng,1954,834023
mng,1955,848687
mng,1956,868487
mng,1957,893240
mng,1958,919297
mng,1959,947419
mng,1960,977602
mng,1961,1009292
mng,1962,1041446
mng,1963,1071366
mng,1964,1100238
mng,1965,1131185
mng,1966,1163763
mng,1967,1196997
mng,1968,1229931
mng,1969,1262291
mng,1970,1295275
mng,1971,1330076
mng,1972,1366829
mng,1973,1405507
mng,1974,1446056
mng,1975,1488301
mng,1976,1531953
mng,1977,1576248
mng,1978,1619479
mng,1979,1660661
mng,1980,1701341
mng,1981,1742856
mng,1982,1785364
mng,1983,1829093
mng,1984,1874355
mng,1985,1921519
mng,1986,1970967
mng,1987,2022803
mng,1988,2076326
mng,1989,2124190
mng,1990,2164578
mng,1991,2202772
mng,1992,2239130
mng,1993,2273515
mng,1994,2305743
mng,1995,2335717
mng,1996,2363469
mng,1997,2389133
mng,1998,2412793
mng,1999,2434041
mng,2000,2455182
mng,2001,2477704
mng,2002,2500074
mng,2003,2521809
mng,2004,2542801
mng,2005,2563466
mng,2006,2584761
mng,2007,2607976
mng,2008,2634431
mng,2009,2665333
mng,2010,2701739
mng,2011,2745183
mng,2012,2795463
mng,2013,2851887
mng,2014,2913041
mng,2015,2976528
mng,2016,3040815
mng,2017,3104371
mng,2018,3167714
mng,2019,3232118
mng,2020,3290786
mng,2021,3339676
mng,2022,3386015
mng,2023,3431938
mnp,1800,3360
mnp,1820,3360
mnp,1950,7131
mnp,1951,7257
mnp,1952,7352
mnp,1953,7463
mnp,1954,7591
mnp,1955,7750
mnp,1956,7920
mnp,1957,8096
mnp,1958,8301
mnp,1959,8514
mnp,1960,8760
mnp,1961,9017
mnp,1962,9301
mnp,1963,9617
mnp,1964,9947
mnp,1965,10276
mnp,1966,10636
mnp,1967,10769
mnp,1968,10491
mnp,1969,10006
mnp,1970,10193
mnp,1971,11288
mnp,1972,12659
mnp,1973,13905
mnp,1974,14677
mnp,1975,15083
mnp,1976,15456
mnp,1977,15813
mnp,1978,16150
mnp,1979,16508
mnp,1980,17645
mnp,1981,19847
mnp,1982,22374
mnp,1983,24960
mnp,1984,27598
mnp,1985,30281
mnp,1986,33001
mnp,1987,35755
mnp,1988,38538
mnp,1989,41327
mnp,1990,43364
mnp,1991,44412
mnp,1992,45204
mnp,1993,45973
mnp,1994,46752
mnp,1995,48192
mnp,1996,51724
mnp,1997,56610
mnp,1998,61356
mnp,1999,65933
mnp,2000,68374
mnp,2001,68003
mnp,2002,66800
mnp,2003,65438
mnp,2004,63948
mnp,2005,62372
mnp,2006,60688
mnp,2007,58960
mnp,2008,57163
mnp,2009,55346
mnp,2010,54110
mnp,2011,53633
mnp,2012,53251
mnp,2013,52777
mnp,2014,52199
mnp,2015,51538
mnp,2016,50795
mnp,2017,49981
mnp,2018,49098
mnp,2019,48154
mnp,2020,47557
mnp,2021,47003
mnp,2022,46101
mnp,2023,45166
moz,1800,2000000
moz,1801,2004694
moz,1802,2009399
moz,1803,2014115
moz,1804,2018842
moz,1805,2023580
moz,1806,2028329
moz,1807,2033089
moz,1808,2037861
moz,1809,2042643
moz,1810,2047449
moz,1811,2052254
moz,1812,2057070
moz,1813,2061898
moz,1814,2066737
moz,1815,2071588
moz,1816,2076450
moz,1817,2081323
moz,1818,2086208
moz,1819,2101716
moz,1820,2128167
moz,1821,2165888
moz,1822,2215215
moz,1823,2276494
moz,1824,2339468
moz,1825,2404184
moz,1826,2470691
moz,1827,2539037
moz,1828,2609274
moz,1829,2681454
moz,1830,2755630
moz,1831,2831859
moz,1832,2910196
moz,1833,2990700
moz,1834,3073431
moz,1835,3158451
moz,1836,3245823
moz,1837,3335611
moz,1838,3427884
moz,1839,3522709
moz,1840,3620157
moz,1841,3720300
moz,1842,3823214
moz,1843,3928975
moz,1844,4037662
moz,1845,4149355
moz,1846,4264137
moz,1847,4382095
moz,1848,4503316
moz,1849,4601598
moz,1850,4676306
moz,1851,4722272
moz,1852,4743293
moz,1853,4738754
moz,1854,4734215
moz,1855,4729675
moz,1856,4725136
moz,1857,4720597
moz,1858,4716057
moz,1859,4710576
moz,1860,4704156
moz,1861,4696800
moz,1862,4688514
moz,1863,4679299
moz,1864,4670099
moz,1865,4660912
moz,1866,4651739
moz,1867,4642579
moz,1868,4633434
moz,1869,4623378
moz,1870,4612417
moz,1871,4600557
moz,1872,4587802
moz,1873,4574160
moz,1874,4560553
moz,1875,4546983
moz,1876,4533448
moz,1877,4519950
moz,1878,4506487
moz,1879,4495751
moz,1880,4487730
moz,1881,4482414
moz,1882,4479792
moz,1883,4479853
moz,1884,4479910
moz,1885,4479963
moz,1886,4480011
moz,1887,4480055
moz,1888,4480095
moz,1889,4475645
moz,1890,4466734
moz,1891,4453386
moz,1892,4435630
moz,1893,4413492
moz,1894,4391459
moz,1895,4369532
moz,1896,4347711
moz,1897,4325993
moz,1898,4304381
moz,1899,4279459
moz,1900,4251279
moz,1901,4219891
moz,1902,4185345
moz,1903,4147689
moz,1904,4110368
moz,1905,4073378
moz,1906,4036717
moz,1907,4000383
moz,1908,3964371
moz,1909,3931797
moz,1910,3902611
moz,1911,3876764
moz,1912,3854207
moz,1913,3834893
moz,1914,3815671
moz,1915,3796542
moz,1916,3777505
moz,1917,3758560
moz,1918,3743526
moz,1919,3742663
moz,1920,3756127
moz,1921,3784076
moz,1922,3826669
moz,1923,3884069
moz,1924,3942330
moz,1925,4001465
moz,1926,4061487
moz,1927,4122409
moz,1928,4184245
moz,1929,4246147
moz,1930,4308103
moz,1931,4370102
moz,1932,4432133
moz,1933,4494183
moz,1934,4557101
moz,1935,4620901
moz,1936,4685593
moz,1937,4751192
moz,1938,4817708
moz,1939,4889118
moz,1940,4965561
moz,1941,5047181
moz,1942,5134123
moz,1943,5226537
moz,1944,5320614
moz,1945,5416386
moz,1946,5513881
moz,1947,5613130
moz,1948,5714167
moz,1949,5816523
moz,1950,5910234
moz,1951,5978159
moz,1952,6050766
moz,1953,6123119
moz,1954,6196983
moz,1955,6274475
moz,1956,6355040
moz,1957,6438186
moz,1958,6521557
moz,1959,6610404
moz,1960,6713698
moz,1961,6834938
moz,1962,6969369
moz,1963,7109827
moz,1964,7255064
moz,1965,7406419
moz,1966,7562991
moz,1967,7724556
moz,1968,7892610
moz,1969,8066952
moz,1970,8250504
moz,1971,8456324
moz,1972,8692931
moz,1973,8954248
moz,1974,9236094
moz,1975,9540822
moz,1976,9867205
moz,1977,10224974
moz,1978,10618247
moz,1979,11028809
moz,1980,11336220
moz,1981,11568123
moz,1982,11824371
moz,1983,12073825
moz,1984,12315953
moz,1985,12548951
moz,1986,12770581
moz,1987,12822573
moz,1988,12800556
moz,1989,12906842
moz,1990,13094535
moz,1991,13352091
moz,1992,13613314
moz,1993,14051203
moz,1994,15033852
moz,1995,15960530
moz,1996,16492484
moz,1997,16949988
moz,1998,17340463
moz,1999,17734499
moz,2000,18129652
moz,2001,18537735
moz,2002,18958338
moz,2003,19392477
moz,2004,19840312
moz,2005,20304577
moz,2006,20787088
moz,2007,21287638
moz,2008,21819037
moz,2009,22391751
moz,2010,22999234
moz,2011,23649045
moz,2012,24337849
moz,2013,25051613
moz,2014,25788473
moz,2015,26547576
moz,2016,27337107
moz,2017,28166397
moz,2018,29018647
moz,2019,29884378
moz,2020,30783685
moz,2021,31707798
moz,2022,32656242
moz,2023,33635163
mrt,1800,382696
mrt,1801,382696
mrt,1802,382696
mrt,1803,382696
mrt,1804,382696
mrt,1805,382696
mrt,1806,382696
mrt,1807,382696
mrt,1808,382696
mrt,1809,382696
mrt,1810,382696
mrt,1811,382696
mrt,1812,382696
mrt,1813,382696
mrt,1814,382696
mrt,1815,382696
mrt,1816,382696
mrt,1817,382696
mrt,1818,382696
mrt,1819,381978
mrt,1820,380549
mrt,1821,378416
mrt,1822,375585
mrt,1823,372062
mrt,1824,368573
mrt,1825,365116
mrt,1826,361692
mrt,1827,358300
mrt,1828,354940
mrt,1829,351611
mrt,1830,348314
mrt,1831,345047
mrt,1832,341811
mrt,1833,338605
mrt,1834,335430
mrt,1835,332284
mrt,1836,329168
mrt,1837,326081
mrt,1838,323022
mrt,1839,319993
mrt,1840,316992
mrt,1841,314019
mrt,1842,311074
mrt,1843,308157
mrt,1844,305267
mrt,1845,302404
mrt,1846,299568
mrt,1847,296758
mrt,1848,293975
mrt,1849,291990
mrt,1850,290798
mrt,1851,290166
mrt,1852,290318
mrt,1853,291247
mrt,1854,292180
mrt,1855,293116
mrt,1856,294054
mrt,1857,294995
mrt,1858,295939
mrt,1859,296886
mrt,1860,297836
mrt,1861,298789
mrt,1862,299744
mrt,1863,300702
mrt,1864,301663
mrt,1865,302627
mrt,1866,303594
mrt,1867,304564
mrt,1868,305537
mrt,1869,306574
mrt,1870,307676
mrt,1871,308843
mrt,1872,310076
mrt,1873,311376
mrt,1874,312680
mrt,1875,313990
mrt,1876,315304
mrt,1877,316625
mrt,1878,317950
mrt,1879,319345
mrt,1880,320810
mrt,1881,322346
mrt,1882,323953
mrt,1883,325632
mrt,1884,327319
mrt,1885,329015
mrt,1886,330719
mrt,1887,332432
mrt,1888,334154
mrt,1889,335952
mrt,1890,337827
mrt,1891,339780
mrt,1892,341811
mrt,1893,343922
mrt,1894,346045
mrt,1895,348181
mrt,1896,350331
mrt,1897,352493
mrt,1898,354668
mrt,1899,357001
mrt,1900,359492
mrt,1901,362144
mrt,1902,364959
mrt,1903,367940
mrt,1904,370944
mrt,1905,373973
mrt,1906,377026
mrt,1907,380104
mrt,1908,383207
mrt,1909,386100
mrt,1910,388783
mrt,1911,391251
mrt,1912,393502
mrt,1913,395533
mrt,1914,397575
mrt,1915,399626
mrt,1916,401688
mrt,1917,403761
mrt,1918,406183
mrt,1919,409360
mrt,1920,413307
mrt,1921,418040
mrt,1922,423575
mrt,1923,429929
mrt,1924,436378
mrt,1925,442924
mrt,1926,449568
mrt,1927,456311
mrt,1928,463156
mrt,1929,470008
mrt,1930,476866
mrt,1931,483728
mrt,1932,490594
mrt,1933,497463
mrt,1934,504427
mrt,1935,511489
mrt,1936,518650
mrt,1937,525911
mrt,1938,533274
mrt,1939,541178
mrt,1940,549640
mrt,1941,558674
mrt,1942,568298
mrt,1943,578527
mrt,1944,588941
mrt,1945,599542
mrt,1946,610334
mrt,1947,621320
mrt,1948,632503
mrt,1949,644899
mrt,1950,657722
mrt,1951,670891
mrt,1952,684812
mrt,1953,699392
mrt,1954,714679
mrt,1955,730730
mrt,1956,747615
mrt,1957,765353
mrt,1958,783999
mrt,1959,803611
mrt,1960,824307
mrt,1961,846174
mrt,1962,869192
mrt,1963,893425
mrt,1964,918957
mrt,1965,945847
mrt,1966,974159
mrt,1967,1003858
mrt,1968,1034748
mrt,1969,1066763
mrt,1970,1099815
mrt,1971,1133708
mrt,1972,1168359
mrt,1973,1203840
mrt,1974,1240193
mrt,1975,1277335
mrt,1976,1315341
mrt,1977,1353771
mrt,1978,1392716
mrt,1979,1432762
mrt,1980,1474046
mrt,1981,1516883
mrt,1982,1561183
mrt,1983,1606748
mrt,1984,1653696
mrt,1985,1702110
mrt,1986,1751843
mrt,1987,1803016
mrt,1988,1855862
mrt,1989,1903059
mrt,1990,1951881
mrt,1991,2009739
mrt,1992,2088143
mrt,1993,2174333
mrt,1994,2249462
mrt,1995,2312027
mrt,1996,2358193
mrt,1997,2411316
mrt,1998,2474650
mrt,1999,2541700
mrt,2000,2613450
mrt,2001,2678766
mrt,2002,2738659
mrt,2003,2802050
mrt,2004,2868671
mrt,2005,2939060
mrt,2006,3013659
mrt,2007,3093065
mrt,2008,3183276
mrt,2009,3284454
mrt,2010,3390968
mrt,2011,3502813
mrt,2012,3619035
mrt,2013,3734324
mrt,2014,3848511
mrt,2015,3965959
mrt,2016,4086655
mrt,2017,4210603
mrt,2018,4337685
mrt,2019,4467714
mrt,2020,4600136
mrt,2021,4734874
mrt,2022,4875644
mrt,2023,5022442
msr,1800,8881
msr,1810,9609
msr,1820,9930
msr,1830,10261
msr,1840,10603
msr,1850,10956
msr,1860,11321
msr,1870,11712
msr,1880,12116
msr,1890,12533
msr,1900,12966
msr,1910,13413
msr,1920,13440
msr,1930,13466
msr,1940,13493
msr,1950,12964
msr,1951,12869
msr,1952,12773
msr,1953,12675
msr,1954,12581
msr,1955,12505
msr,1956,12412
msr,1957,12325
msr,1958,12230
msr,1959,12135
msr,1960,12057
msr,1961,11984
msr,1962,11911
msr,1963,11825
msr,1964,11751
msr,1965,11667
msr,1966,11600
msr,1967,11526
msr,1968,11465
msr,1969,11399
msr,1970,11358
msr,1971,11361
msr,1972,11372
msr,1973,11389
msr,1974,11409
msr,1975,11434
msr,1976,11441
msr,1977,11460
msr,1978,11459
msr,1979,11437
msr,1980,11364
msr,1981,11275
msr,1982,11200
msr,1983,11148
msr,1984,11078
msr,1985,11018
msr,1986,10967
msr,1987,10920
msr,1988,10872
msr,1989,10798
msr,1990,10700
msr,1991,10464
msr,1992,10013
msr,1993,9454
msr,1994,8867
msr,1995,8257
msr,1996,7626
msr,1997,6979
msr,1998,6321
msr,1999,5685
msr,2000,5053
msr,2001,4616
msr,2002,4500
msr,2003,4515
msr,2004,4541
msr,2005,4574
msr,2006,4606
msr,2007,4649
msr,2008,4700
msr,2009,4759
msr,2010,4819
msr,2011,4846
msr,2012,4822
msr,2013,4774
msr,2014,4738
msr,2015,4693
msr,2016,4665
msr,2017,4624
msr,2018,4595
msr,2019,4564
msr,2020,4532
msr,2021,4505
msr,2022,4476
msr,2023,4440
mtq,1800,104925
mtq,1810,122412
mtq,1820,126633
mtq,1830,131000
mtq,1840,135517
mtq,1850,140190
mtq,1860,145025
mtq,1870,155384
mtq,1880,166482
mtq,1890,178374
mtq,1900,191115
mtq,1910,204766
mtq,1920,208945
mtq,1930,213209
mtq,1940,217560
mtq,1950,232081
mtq,1951,237490
mtq,1952,242836
mtq,1953,248677
mtq,1954,255157
mtq,1955,261050
mtq,1956,266246
mtq,1957,271683
mtq,1958,277233
mtq,1959,282900
mtq,1960,288779
mtq,1961,294595
mtq,1962,299759
mtq,1963,304239
mtq,1964,308464
mtq,1965,312771
mtq,1966,317080
mtq,1967,320931
mtq,1968,323537
mtq,1969,324846
mtq,1970,325528
mtq,1971,325995
mtq,1972,326344
mtq,1973,326376
mtq,1974,326382
mtq,1975,327346
mtq,1976,328974
mtq,1977,330279
mtq,1978,331165
mtq,1979,331790
mtq,1980,332290
mtq,1981,332997
mtq,1982,335051
mtq,1983,338658
mtq,1984,342827
mtq,1985,347156
mtq,1986,351578
mtq,1987,356144
mtq,1988,360801
mtq,1989,365568
mtq,1990,370999
mtq,1991,377313
mtq,1992,383938
mtq,1993,390545
mtq,1994,397073
mtq,1995,403505
mtq,1996,409833
mtq,1997,416094
mtq,1998,421815
mtq,1999,423895
mtq,2000,421388
mtq,2001,417157
mtq,2002,412479
mtq,2003,408417
mtq,2004,405104
mtq,2005,401849
mtq,2006,400459
mtq,2007,400812
mtq,2008,400699
mtq,2009,399527
mtq,2010,397389
mtq,2011,394576
mtq,2012,391741
mtq,2013,389470
mtq,2014,387027
mtq,2015,383737
mtq,2016,378892
mtq,2017,371510
mtq,2018,364100
mtq,2019,359621
mtq,2020,356625
mtq,2021,353286
mtq,2022,349462
mtq,2023,346008
mus,1800,59000
mus,1801,60670
mus,1802,62388
mus,1803,64154
mus,1804,65970
mus,1805,67838
mus,1806,69759
mus,1807,71733
mus,1808,73764
mus,1809,75853
mus,1810,77294
mus,1811,78716
mus,1812,79916
mus,1813,80886
mus,1814,81868
mus,1815,82861
mus,1816,83867
mus,1817,84885
mus,1818,85915
mus,1819,86841
mus,1820,87663
mus,1821,88376
mus,1822,88981
mus,1823,89474
mus,1824,89970
mus,1825,90468
mus,1826,90970
mus,1827,91474
mus,1828,91981
mus,1829,92786
mus,1830,93899
mus,1831,95327
mus,1832,97078
mus,1833,99162
mus,1834,101290
mus,1835,103463
mus,1836,105684
mus,1837,107952
mus,1838,110268
mus,1839,113208
mus,1840,116812
mus,1841,121120
mus,1842,126179
mus,1843,132034
mus,1844,138160
mus,1845,144571
mus,1846,151279
mus,1847,158299
mus,1848,165644
mus,1849,173773
mus,1850,182748
mus,1851,192864
mus,1852,203990
mus,1853,216207
mus,1854,229154
mus,1855,242877
mus,1856,257421
mus,1857,272836
mus,1858,289174
mus,1859,302896
mus,1860,313826
mus,1861,321778
mus,1862,326553
mus,1863,327942
mus,1864,329336
mus,1865,330735
mus,1866,332141
mus,1867,333551
mus,1868,334968
mus,1869,336771
mus,1870,338968
mus,1871,341564
mus,1872,344565
mus,1873,347977
mus,1874,351423
mus,1875,354902
mus,1876,358415
mus,1877,361963
mus,1878,365545
mus,1879,368736
mus,1880,371529
mus,1881,373918
mus,1882,375898
mus,1883,377461
mus,1884,379030
mus,1885,380605
mus,1886,382187
mus,1887,383774
mus,1888,385367
mus,1889,386733
mus,1890,387869
mus,1891,388774
mus,1892,389447
mus,1893,389887
mus,1894,390326
mus,1895,390765
mus,1896,391204
mus,1897,391644
mus,1898,392083
mus,1899,392480
mus,1900,392834
mus,1901,393145
mus,1902,393414
mus,1903,393640
mus,1904,393866
mus,1905,394091
mus,1906,394316
mus,1907,394540
mus,1908,394764
mus,1909,395179
mus,1910,395786
mus,1911,396585
mus,1912,397578
mus,1913,398765
mus,1914,399955
mus,1915,401149
mus,1916,402345
mus,1917,403545
mus,1918,404304
mus,1919,405271
mus,1920,406448
mus,1921,407837
mus,1922,409438
mus,1923,411252
mus,1924,413075
mus,1925,414906
mus,1926,416744
mus,1927,418591
mus,1928,420446
mus,1929,422479
mus,1930,424691
mus,1931,427084
mus,1932,429660
mus,1933,432422
mus,1934,435201
mus,1935,437998
mus,1936,440812
mus,1937,443645
mus,1938,446497
mus,1939,450047
mus,1940,454310
mus,1941,459300
mus,1942,465032
mus,1943,471520
mus,1944,478099
mus,1945,484770
mus,1946,491533
mus,1947,498391
mus,1948,505345
mus,1949,514332
mus,1950,525560
mus,1951,541172
mus,1952,557187
mus,1953,571925
mus,1954,585487
mus,1955,599593
mus,1956,614565
mus,1957,630414
mus,1958,647158
mus,1959,664841
mus,1960,680332
mus,1961,692533
mus,1962,705283
mus,1963,720357
mus,1964,736546
mus,1965,752668
mus,1966,768652
mus,1967,784260
mus,1968,799288
mus,1969,813740
mus,1970,827700
mus,1971,841116
mus,1972,853610
mus,1973,865153
mus,1974,876473
mus,1975,888031
mus,1976,899858
mus,1977,912153
mus,1978,925287
mus,1979,939395
mus,1980,954221
mus,1981,969222
mus,1982,983609
mus,1983,997375
mus,1984,1011247
mus,1985,1025066
mus,1986,1038348
mus,1987,1051115
mus,1988,1063596
mus,1989,1075985
mus,1990,1089033
mus,1991,1103050
mus,1992,1117676
mus,1993,1132397
mus,1994,1146559
mus,1995,1159824
mus,1996,1172390
mus,1997,1184304
mus,1998,1195111
mus,1999,1205903
mus,2000,1216632
mus,2001,1225807
mus,2002,1234090
mus,2003,1242094
mus,2004,1249799
mus,2005,1257215
mus,2006,1263785
mus,2007,1269522
mus,2008,1274635
mus,2009,1278976
mus,2010,1282710
mus,2011,1286270
mus,2012,1289174
mus,2013,1290988
mus,2014,1292006
mus,2015,1292283
mus,2016,1291807
mus,2017,1290654
mus,2018,1288836
mus,2019,1286269
mus,2020,1283231
mus,2021,1279628
mus,2022,1276134
mus,2023,1273591
mwi,1800,737000
mwi,1801,752981
mwi,1802,769309
mwi,1803,785991
mwi,1804,803034
mwi,1805,820447
mwi,1806,838238
mwi,1807,856414
mwi,1808,874985
mwi,1809,893958
mwi,1810,913763
mwi,1811,933577
mwi,1812,953821
mwi,1813,974504
mwi,1814,995635
mwi,1815,1017225
mwi,1816,1039282
mwi,1817,1061818
mwi,1818,1084843
mwi,1819,1108367
mwi,1820,1132401
mwi,1821,1156956
mwi,1822,1182043
mwi,1823,1207675
mwi,1824,1233862
mwi,1825,1260617
mwi,1826,1287953
mwi,1827,1315881
mwi,1828,1344414
mwi,1829,1373567
mwi,1830,1403351
mwi,1831,1433782
mwi,1832,1464872
mwi,1833,1496637
mwi,1834,1529090
mwi,1835,1562247
mwi,1836,1596123
mwi,1837,1630733
mwi,1838,1666094
mwi,1839,1702222
mwi,1840,1739133
mwi,1841,1776845
mwi,1842,1815374
mwi,1843,1854739
mwi,1844,1894957
mwi,1845,1936047
mwi,1846,1978029
mwi,1847,2020921
mwi,1848,2064743
mwi,1849,2099962
mwi,1850,2126398
mwi,1851,2144568
mwi,1852,2153584
mwi,1853,2153242
mwi,1854,2152900
mwi,1855,2152558
mwi,1856,2152216
mwi,1857,2151874
mwi,1858,2151531
mwi,1859,2150968
mwi,1860,2150183
mwi,1861,2149178
mwi,1862,2147952
mwi,1863,2146506
mwi,1864,2145060
mwi,1865,2143615
mwi,1866,2142170
mwi,1867,2140726
mwi,1868,2139284
mwi,1869,2137622
mwi,1870,2135742
mwi,1871,2133644
mwi,1872,2131328
mwi,1873,2128795
mwi,1874,2126264
mwi,1875,2123737
mwi,1876,2121212
mwi,1877,2118690
mwi,1878,2116170
mwi,1879,2114921
mwi,1880,2114943
mwi,1881,2116238
mwi,1882,2118806
mwi,1883,2122649
mwi,1884,2126499
mwi,1885,2130356
mwi,1886,2134219
mwi,1887,2138089
mwi,1888,2141966
mwi,1889,2143491
mwi,1890,2142667
mwi,1891,2139498
mwi,1892,2133988
mwi,1893,2126140
mwi,1894,2118321
mwi,1895,2110530
mwi,1896,2102768
mwi,1897,2095033
mwi,1898,2087328
mwi,1899,2077993
mwi,1900,2067047
mwi,1901,2054509
mwi,1902,2040396
mwi,1903,2024726
mwi,1904,2009176
mwi,1905,1993745
mwi,1906,1978433
mwi,1907,1963238
mwi,1908,1948159
mwi,1909,1934730
mwi,1910,1922933
mwi,1911,1912751
mwi,1912,1904164
mwi,1913,1897158
mwi,1914,1890176
mwi,1915,1883221
mwi,1916,1876290
mwi,1917,1869385
mwi,1918,1861908
mwi,1919,1861479
mwi,1920,1868175
mwi,1921,1882076
mwi,1922,1903260
mwi,1923,1931809
mwi,1924,1960787
mwi,1925,1990198
mwi,1926,2020051
mwi,1927,2050352
mwi,1928,2081108
mwi,1929,2111896
mwi,1930,2142711
mwi,1931,2173547
mwi,1932,2204399
mwi,1933,2235261
mwi,1934,2266554
mwi,1935,2298286
mwi,1936,2330462
mwi,1937,2363088
mwi,1938,2396172
mwi,1939,2431689
mwi,1940,2469709
mwi,1941,2510304
mwi,1942,2553546
mwi,1943,2599510
mwi,1944,2646301
mwi,1945,2693934
mwi,1946,2742425
mwi,1947,2791789
mwi,1948,2842041
mwi,1949,2894667
mwi,1950,2950299
mwi,1951,3002886
mwi,1952,3059382
mwi,1953,3119242
mwi,1954,3181539
mwi,1955,3246543
mwi,1956,3315299
mwi,1957,3387745
mwi,1958,3463947
mwi,1959,3544167
mwi,1960,3628136
mwi,1961,3715543
mwi,1962,3806310
mwi,1963,3900513
mwi,1964,3997309
mwi,1965,4096158
mwi,1966,4197929
mwi,1967,4303018
mwi,1968,4411055
mwi,1969,4521184
mwi,1970,4633949
mwi,1971,4751441
mwi,1972,4874479
mwi,1973,5003935
mwi,1974,5141342
mwi,1975,5287371
mwi,1976,5443390
mwi,1977,5614993
mwi,1978,5810135
mwi,1979,6028750
mwi,1980,6265529
mwi,1981,6516460
mwi,1982,6778885
mwi,1983,7051707
mwi,1984,7332811
mwi,1985,7620509
mwi,1986,7906485
mwi,1987,8293173
mwi,1988,8753265
mwi,1989,9176223
mwi,1990,9545860
mwi,1991,9844228
mwi,1992,10135082
mwi,1993,10284027
mwi,1994,10164899
mwi,1995,10150122
mwi,1996,10352227
mwi,1997,10562035
mwi,1998,10792877
mwi,1999,11047812
mwi,2000,11315947
mwi,2001,11593057
mwi,2002,11880443
mwi,2003,12181575
mwi,2004,12500736
mwi,2005,12840034
mwi,2006,13198699
mwi,2007,13576344
mwi,2008,13976415
mwi,2009,14395788
mwi,2010,14826466
mwi,2011,15265026
mwi,2012,15709577
mwi,2013,16161816
mwi,2014,16621534
mwi,2015,17085587
mwi,2016,17557741
mwi,2017,18039714
mwi,2018,18528086
mwi,2019,19025748
mwi,2020,19533885
mwi,2021,20047264
mwi,2022,20568731
mwi,2023,21104480
mys,1800,287000
mys,1801,287000
mys,1802,287000
mys,1803,287000
mys,1804,287000
mys,1805,287000
mys,1806,287000
mys,1807,287000
mys,1808,287000
mys,1809,287000
mys,1810,287000
mys,1811,287000
mys,1812,287000
mys,1813,287000
mys,1814,287000
mys,1815,287000
mys,1816,287000
mys,1817,287000
mys,1818,287000
mys,1819,288186
mys,1820,290582
mys,1821,294213
mys,1822,299105
mys,1823,305283
mys,1824,311589
mys,1825,318026
mys,1826,324595
mys,1827,331300
mys,1828,338144
mys,1829,345129
mys,1830,352258
mys,1831,359535
mys,1832,366962
mys,1833,374542
mys,1834,382279
mys,1835,390176
mys,1836,398236
mys,1837,406462
mys,1838,414858
mys,1839,423428
mys,1840,432175
mys,1841,441102
mys,1842,450214
mys,1843,459514
mys,1844,469006
mys,1845,478694
mys,1846,488583
mys,1847,498675
mys,1848,508977
mys,1849,519506
mys,1850,530268
mys,1851,540640
mys,1852,551230
mys,1853,562041
mys,1854,573064
mys,1855,584302
mys,1856,595760
mys,1857,607441
mys,1858,619351
mys,1859,631494
mys,1860,643873
mys,1861,656494
mys,1862,669362
mys,1863,682481
mys,1864,695857
mys,1865,709493
mys,1866,723396
mys,1867,737570
mys,1868,752020
mys,1869,768940
mys,1870,788448
mys,1871,810668
mys,1872,835729
mys,1873,863764
mys,1874,892739
mys,1875,922684
mys,1876,953632
mys,1877,985617
mys,1878,1018673
mys,1879,1052836
mys,1880,1088144
mys,1881,1124633
mys,1882,1162345
mys,1883,1201320
mys,1884,1241599
mys,1885,1283228
mys,1886,1326250
mys,1887,1370712
mys,1888,1416663
mys,1889,1464167
mys,1890,1513275
mys,1891,1564042
mys,1892,1616523
mys,1893,1670777
mys,1894,1726850
mys,1895,1784802
mys,1896,1844695
mys,1897,1906596
mys,1898,1970571
mys,1899,2033092
mys,1900,2094024
mys,1901,2153226
mys,1902,2210550
mys,1903,2265841
mys,1904,2322511
mys,1905,2380595
mys,1906,2440128
mys,1907,2501146
mys,1908,2563685
mys,1909,2624687
mys,1910,2684056
mys,1911,2741696
mys,1912,2797504
mys,1913,2851375
mys,1914,2906279
mys,1915,2962236
mys,1916,3019266
mys,1917,3077388
mys,1918,3140574
mys,1919,3206111
mys,1920,3274070
mys,1921,3344525
mys,1922,3417552
mys,1923,3493228
mys,1924,3570579
mys,1925,3649643
mys,1926,3730458
mys,1927,3813063
mys,1928,3897496
mys,1929,3982894
mys,1930,4069257
mys,1931,4156587
mys,1932,4244888
mys,1933,4334158
mys,1934,4425306
mys,1935,4518371
mys,1936,4613393
mys,1937,4710414
mys,1938,4809474
mys,1939,4906611
mys,1940,5001715
mys,1941,5094675
mys,1942,5185374
mys,1943,5273693
mys,1944,5363517
mys,1945,5454871
mys,1946,5547780
mys,1947,5642272
mys,1948,5738373
mys,1949,5848384
mys,1950,6098285
mys,1951,6257415
mys,1952,6422851
mys,1953,6593945
mys,1954,6772374
mys,1955,6959959
mys,1956,7156627
mys,1957,7362818
mys,1958,7562886
mys,1959,7755779
mys,1960,7956201
mys,1961,8164448
mys,1962,8380174
mys,1963,8602166
mys,1964,8828416
mys,1965,9056415
mys,1966,9284693
mys,1967,9507107
mys,1968,9725283
mys,1969,9947604
mys,1970,10178802
mys,1971,10423466
mys,1972,10676839
mys,1973,10935622
mys,1974,11200903
mys,1975,11471914
mys,1976,11750093
mys,1977,12035716
mys,1978,12328158
mys,1979,12627866
mys,1980,12983365
mys,1981,13399206
mys,1982,13832796
mys,1983,14285914
mys,1984,14759013
mys,1985,15252262
mys,1986,15760425
mys,1987,16276735
mys,1988,16796612
mys,1989,17315003
mys,1990,17833179
mys,1991,18342474
mys,1992,18834569
mys,1993,19322667
mys,1994,19820446
mys,1995,20330602
mys,1996,20850085
mys,1997,21375225
mys,1998,21906713
mys,1999,22435532
mys,2000,22967817
mys,2001,23526535
mys,2002,24102477
mys,2003,24679604
mys,2004,25256773
mys,2005,25836075
mys,2006,26417909
mys,2007,26998383
mys,2008,27570052
mys,2009,28124779
mys,2010,28655772
mys,2011,29162034
mys,2012,29662835
mys,2013,30174269
mys,2014,30696133
mys,2015,31232796
mys,2016,31789692
mys,2017,32355642
mys,2018,32910963
mys,2019,33440590
mys,2020,33889554
mys,2021,34282404
mys,2022,34695494
mys,2023,35126295
myt,1800,65
myt,1810,81
myt,1820,102
myt,1830,128
myt,1840,160
myt,1850,200
myt,1860,200
myt,1870,200
myt,1880,200
myt,1890,200
myt,1900,200
myt,1910,200
myt,1920,200
myt,1930,200
myt,1940,200
myt,1950,20549
myt,1951,20948
myt,1952,21361
myt,1953,21815
myt,1954,22315
myt,1955,22850
myt,1956,23411
myt,1957,24003
myt,1958,24640
myt,1959,25312
myt,1960,26015
myt,1961,26755
myt,1962,27531
myt,1963,28358
myt,1964,29248
myt,1965,30204
myt,1966,31223
myt,1967,32283
myt,1968,33258
myt,1969,34165
myt,1970,35117
myt,1971,36132
myt,1972,37234
myt,1973,38415
myt,1974,39669
myt,1975,40986
myt,1976,42357
myt,1977,43777
myt,1978,45441
myt,1979,47605
myt,1980,50161
myt,1981,52949
myt,1982,55922
myt,1983,59014
myt,1984,62188
myt,1985,65606
myt,1986,69636
myt,1987,74230
myt,1988,79132
myt,1989,84283
myt,1990,89606
myt,1991,95115
myt,1992,101206
myt,1993,107983
myt,1994,115149
myt,1995,122590
myt,1996,130177
myt,1997,137444
myt,1998,143988
myt,1999,150218
myt,2000,156511
myt,2001,162716
myt,2002,168093
myt,2003,171702
myt,2004,175053
myt,2005,179615
myt,2006,185005
myt,2007,190773
myt,2008,196422
myt,2009,201909
myt,2010,207439
myt,2011,212996
myt,2012,219008
myt,2013,226642
myt,2014,235785
myt,2015,245594
myt,2016,255880
myt,2017,265170
myt,2018,269704
myt,2019,274918
myt,2020,284381
myt,2021,294431
myt,2022,305279
myt,2023,316028
nam,1800,229000
nam,1801,225966
nam,1802,222971
nam,1803,220017
nam,1804,217101
nam,1805,214225
nam,1806,211386
nam,1807,208585
nam,1808,205821
nam,1809,203094
nam,1810,200438
nam,1811,197782
nam,1812,195161
nam,1813,192575
nam,1814,190024
nam,1815,187506
nam,1816,185021
nam,1817,182569
nam,1818,180150
nam,1819,177763
nam,1820,175407
nam,1821,173083
nam,1822,170790
nam,1823,168527
nam,1824,166293
nam,1825,164090
nam,1826,161916
nam,1827,159770
nam,1828,157653
nam,1829,155564
nam,1830,153503
nam,1831,151469
nam,1832,149461
nam,1833,147481
nam,1834,145527
nam,1835,143598
nam,1836,141696
nam,1837,139818
nam,1838,137965
nam,1839,136137
nam,1840,134333
nam,1841,132553
nam,1842,130797
nam,1843,129064
nam,1844,127353
nam,1845,125666
nam,1846,124001
nam,1847,122358
nam,1848,120736
nam,1849,119685
nam,1850,119203
nam,1851,119393
nam,1852,120149
nam,1853,121470
nam,1854,122806
nam,1855,124157
nam,1856,125522
nam,1857,126902
nam,1858,128297
nam,1859,129708
nam,1860,131133
nam,1861,132575
nam,1862,134032
nam,1863,135505
nam,1864,136994
nam,1865,138500
nam,1866,140021
nam,1867,141560
nam,1868,143115
nam,1869,144687
nam,1870,146277
nam,1871,147884
nam,1872,149508
nam,1873,151150
nam,1874,152810
nam,1875,154488
nam,1876,156184
nam,1877,157899
nam,1878,159632
nam,1879,161385
nam,1880,163156
nam,1881,164947
nam,1882,166758
nam,1883,168588
nam,1884,170438
nam,1885,172308
nam,1886,174199
nam,1887,176110
nam,1888,178043
nam,1889,179996
nam,1890,181970
nam,1891,183966
nam,1892,185984
nam,1893,188024
nam,1894,190086
nam,1895,192170
nam,1896,194278
nam,1897,196408
nam,1898,198561
nam,1899,200995
nam,1900,203718
nam,1901,206737
nam,1902,210061
nam,1903,213697
nam,1904,217396
nam,1905,221159
nam,1906,224987
nam,1907,228881
nam,1908,232842
nam,1909,236826
nam,1910,240833
nam,1911,244862
nam,1912,248913
nam,1913,252985
nam,1914,257124
nam,1915,261330
nam,1916,265605
nam,1917,269950
nam,1918,274135
nam,1919,278697
nam,1920,283647
nam,1921,289000
nam,1922,294767
nam,1923,300962
nam,1924,307287
nam,1925,313745
nam,1926,320339
nam,1927,327071
nam,1928,333945
nam,1929,340906
nam,1930,347953
nam,1931,355089
nam,1932,362313
nam,1933,369626
nam,1934,377087
nam,1935,384698
nam,1936,392463
nam,1937,400385
nam,1938,408467
nam,1939,416627
nam,1940,424866
nam,1941,433183
nam,1942,441579
nam,1943,450053
nam,1944,458689
nam,1945,467492
nam,1946,476463
nam,1947,485607
nam,1948,494926
nam,1949,504644
nam,1950,514598
nam,1951,520398
nam,1952,526639
nam,1953,533236
nam,1954,540017
nam,1955,547091
nam,1956,554566
nam,1957,562592
nam,1958,571341
nam,1959,580927
nam,1960,591473
nam,1961,603074
nam,1962,615760
nam,1963,629592
nam,1964,644539
nam,1965,660568
nam,1966,677663
nam,1967,696051
nam,1968,715551
nam,1969,736125
nam,1970,757876
nam,1971,780588
nam,1972,804411
nam,1973,828932
nam,1974,854325
nam,1975,881041
nam,1976,906574
nam,1977,931118
nam,1978,947277
nam,1979,962826
nam,1980,981440
nam,1981,992508
nam,1982,1010315
nam,1983,1037519
nam,1984,1065996
nam,1985,1096896
nam,1986,1131083
nam,1987,1167898
nam,1988,1209700
nam,1989,1288956
nam,1990,1369309
nam,1991,1415689
nam,1992,1461324
nam,1993,1508698
nam,1994,1556315
nam,1995,1602181
nam,1996,1646107
nam,1997,1689274
nam,1998,1732747
nam,1999,1776371
nam,2000,1818650
nam,2001,1857059
nam,2002,1889976
nam,2003,1917469
nam,2004,1942087
nam,2005,1966581
nam,2006,1991890
nam,2007,2018607
nam,2008,2047059
nam,2009,2077400
nam,2010,2109815
nam,2011,2146331
nam,2012,2194656
nam,2013,2252505
nam,2014,2312143
nam,2015,2374305
nam,2016,2439219
nam,2017,2506854
nam,2018,2577327
nam,2019,2650499
nam,2020,2728760
nam,2021,2810552
nam,2022,2889668
nam,2023,2963102
ncl,1800,35847
ncl,1810,37734
ncl,1820,39830
ncl,1830,42043
ncl,1840,44379
ncl,1850,46845
ncl,1860,49447
ncl,1870,51152
ncl,1880,52916
ncl,1890,54741
ncl,1900,56628
ncl,1910,58581
ncl,1920,60083
ncl,1930,61624
ncl,1940,63204
ncl,1950,63807
ncl,1951,64745
ncl,1952,65754
ncl,1953,66824
ncl,1954,67966
ncl,1955,69170
ncl,1956,70633
ncl,1957,72568
ncl,1958,74856
ncl,1959,77279
ncl,1960,79832
ncl,1961,82535
ncl,1962,85350
ncl,1963,88066
ncl,1964,90618
ncl,1965,93173
ncl,1966,95835
ncl,1967,98598
ncl,1968,101456
ncl,1969,104863
ncl,1970,109349
ncl,1971,114522
ncl,1972,119946
ncl,1973,125597
ncl,1974,131460
ncl,1975,137471
ncl,1976,142105
ncl,1977,144613
ncl,1978,146402
ncl,1979,148142
ncl,1980,149826
ncl,1981,151458
ncl,1982,153013
ncl,1983,155019
ncl,1984,157601
ncl,1985,160252
ncl,1986,162912
ncl,1987,165659
ncl,1988,168521
ncl,1989,172043
ncl,1990,176468
ncl,1991,181251
ncl,1992,186084
ncl,1993,190858
ncl,1994,195626
ncl,1995,200392
ncl,1996,205048
ncl,1997,209568
ncl,1998,214062
ncl,1999,218532
ncl,2000,223110
ncl,2001,227714
ncl,2002,232239
ncl,2003,236684
ncl,2004,240865
ncl,2005,244391
ncl,2006,247557
ncl,2007,250730
ncl,2008,253831
ncl,2009,257261
ncl,2010,261580
ncl,2011,266550
ncl,2012,271640
ncl,2013,276832
ncl,2014,281233
ncl,2015,283179
ncl,2016,283432
ncl,2017,283554
ncl,2018,283551
ncl,2019,283616
ncl,2020,284187
ncl,2021,285227
ncl,2022,287130
ncl,2023,289879
ner,1800,852737
ner,1801,852737
ner,1802,852737
ner,1803,852737
ner,1804,852737
ner,1805,852737
ner,1806,852737
ner,1807,852737
ner,1808,852737
ner,1809,852737
ner,1810,852737
ner,1811,852950
ner,1812,853378
ner,1813,854022
ner,1814,854883
ner,1815,855962
ner,1816,857260
ner,1817,858779
ner,1818,860519
ner,1819,862482
ner,1820,864668
ner,1821,867080
ner,1822,869718
ner,1823,872583
ner,1824,875677
ner,1825,879001
ner,1826,882555
ner,1827,886342
ner,1828,890363
ner,1829,894618
ner,1830,899109
ner,1831,903837
ner,1832,908590
ner,1833,913368
ner,1834,918171
ner,1835,923000
ner,1836,927853
ner,1837,932733
ner,1838,937637
ner,1839,942568
ner,1840,947525
ner,1841,952508
ner,1842,957517
ner,1843,962552
ner,1844,967614
ner,1845,972702
ner,1846,977817
ner,1847,982959
ner,1848,988128
ner,1849,993325
ner,1850,998548
ner,1851,1001816
ner,1852,1005089
ner,1853,1009375
ner,1854,1013674
ner,1855,1017985
ner,1856,1022310
ner,1857,1026648
ner,1858,1031000
ner,1859,1035572
ner,1860,1040367
ner,1861,1045389
ner,1862,1050638
ner,1863,1056118
ner,1864,1061622
ner,1865,1067149
ner,1866,1072699
ner,1867,1078274
ner,1868,1083872
ner,1869,1089712
ner,1870,1095798
ner,1871,1102133
ner,1872,1108719
ner,1873,1115561
ner,1874,1122439
ner,1875,1129354
ner,1876,1136307
ner,1877,1143297
ner,1878,1150325
ner,1879,1157391
ner,1880,1164495
ner,1881,1171637
ner,1882,1178817
ner,1883,1186037
ner,1884,1193295
ner,1885,1200593
ner,1886,1207929
ner,1887,1215306
ner,1888,1222721
ner,1889,1230177
ner,1890,1237673
ner,1891,1245209
ner,1892,1252786
ner,1893,1260403
ner,1894,1268061
ner,1895,1275761
ner,1896,1283501
ner,1897,1291284
ner,1898,1299107
ner,1899,1308810
ner,1900,1320431
ner,1901,1334010
ner,1902,1349586
ner,1903,1367201
ner,1904,1385041
ner,1905,1403107
ner,1906,1421403
ner,1907,1439932
ner,1908,1458697
ner,1909,1476804
ner,1910,1494234
ner,1911,1510967
ner,1912,1526982
ner,1913,1542261
ner,1914,1557686
ner,1915,1573259
ner,1916,1588981
ner,1917,1604855
ner,1918,1617694
ner,1919,1632608
ner,1920,1649641
ner,1921,1668838
ner,1922,1690245
ner,1923,1713908
ner,1924,1737903
ner,1925,1762234
ner,1926,1786905
ner,1927,1811921
ner,1928,1837288
ner,1929,1862632
ner,1930,1887949
ner,1931,1913232
ner,1932,1938477
ner,1933,1963677
ner,1934,1989205
ner,1935,2015064
ner,1936,2041260
ner,1937,2067796
ner,1938,2094678
ner,1939,2123628
ner,1940,2154703
ner,1941,2187960
ner,1942,2223458
ner,1943,2261257
ner,1944,2299699
ner,1945,2338794
ner,1946,2378553
ner,1947,2418989
ner,1948,2460111
ner,1949,2510040
ner,1950,2597818
ner,1951,2684753
ner,1952,2771894
ner,1953,2859196
ner,1954,2946889
ner,1955,3035284
ner,1956,3124754
ner,1957,3215845
ner,1958,3309227
ner,1959,3405469
ner,1960,3505056
ner,1961,3608172
ner,1962,3714521
ner,1963,3823879
ner,1964,3935821
ner,1965,4049700
ner,1966,4165551
ner,1967,4283594
ner,1968,4403640
ner,1969,4525724
ner,1970,4650272
ner,1971,4776227
ner,1972,4904847
ner,1973,5037868
ner,1974,5174956
ner,1975,5317022
ner,1976,5464963
ner,1977,5619722
ner,1978,5782939
ner,1979,5955557
ner,1980,6135968
ner,1981,6322011
ner,1982,6512733
ner,1983,6708646
ner,1984,6909974
ner,1985,7118457
ner,1986,7335814
ner,1987,7561154
ner,1988,7793752
ner,1989,8034782
ner,1990,8286066
ner,1991,8546900
ner,1992,8817633
ner,1993,9100789
ner,1994,9398266
ner,1995,9714537
ner,1996,10044848
ner,1997,10383977
ner,1998,10741416
ner,1999,11117414
ner,2000,11509634
ner,2001,11920648
ner,2002,12349150
ner,2003,12796979
ner,2004,13265843
ner,2005,13756192
ner,2006,14268583
ner,2007,14803604
ner,2008,15361921
ner,2009,15943673
ner,2010,16548833
ner,2011,17176286
ner,2012,17836770
ner,2013,18519899
ner,2014,19215917
ner,2015,19939496
ner,2016,20685758
ner,2017,21435449
ner,2018,22188074
ner,2019,22947765
ner,2020,23717615
ner,2021,24502145
ner,2022,25311978
ner,2023,26159863
nga,1800,12100860
nga,1801,12100860
nga,1802,12100860
nga,1803,12100860
nga,1804,12100860
nga,1805,12100860
nga,1806,12100860
nga,1807,12100860
nga,1808,12100860
nga,1809,12100860
nga,1810,12100860
nga,1811,12100860
nga,1812,12100860
nga,1813,12100860
nga,1814,12100860
nga,1815,12100860
nga,1816,12100860
nga,1817,12100860
nga,1818,12100860
nga,1819,12109939
nga,1820,12128130
nga,1821,12155468
nga,1822,12191986
nga,1823,12237721
nga,1824,12283627
nga,1825,12329705
nga,1826,12375956
nga,1827,12422381
nga,1828,12468980
nga,1829,12515753
nga,1830,12562702
nga,1831,12609827
nga,1832,12657129
nga,1833,12704609
nga,1834,12752266
nga,1835,12800102
nga,1836,12848118
nga,1837,12896314
nga,1838,12944690
nga,1839,12993248
nga,1840,13041988
nga,1841,13090911
nga,1842,13140018
nga,1843,13189309
nga,1844,13238784
nga,1845,13288445
nga,1846,13338293
nga,1847,13388327
nga,1848,13438550
nga,1849,13489183
nga,1850,13540231
nga,1851,13610331
nga,1852,13680992
nga,1853,13752218
nga,1854,13823789
nga,1855,13895706
nga,1856,13967972
nga,1857,14040588
nga,1858,14113556
nga,1859,14188092
nga,1860,14264213
nga,1861,14341937
nga,1862,14421279
nga,1863,14502256
nga,1864,14583662
nga,1865,14665498
nga,1866,14747767
nga,1867,14830470
nga,1868,14913610
nga,1869,15000325
nga,1870,15090660
nga,1871,15184659
nga,1872,15282368
nga,1873,15383833
nga,1874,15485944
nga,1875,15588706
nga,1876,15692122
nga,1877,15796197
nga,1878,15900934
nga,1879,16009677
nga,1880,16122483
nga,1881,16239408
nga,1882,16360511
nga,1883,16485848
nga,1884,16612117
nga,1885,16739324
nga,1886,16867476
nga,1887,16996581
nga,1888,17126644
nga,1889,17255057
nga,1890,17381784
nga,1891,17506792
nga,1892,17630043
nga,1893,17751504
nga,1894,17873772
nga,1895,17996851
nga,1896,18120748
nga,1897,18245468
nga,1898,18371015
nga,1899,18510500
nga,1900,18664170
nga,1901,18832279
nga,1902,19015081
nga,1903,19212834
nga,1904,19412612
nga,1905,19614436
nga,1906,19818325
nga,1907,20024302
nga,1908,20232386
nga,1909,20442936
nga,1910,20655981
nga,1911,20871550
nga,1912,21089672
nga,1913,21310378
nga,1914,21533359
nga,1915,21758639
nga,1916,21986241
nga,1917,22216188
nga,1918,22420351
nga,1919,22657217
nga,1920,22927580
nga,1921,23232246
nga,1922,23572038
nga,1923,23947794
nga,1924,24329539
nga,1925,24717370
nga,1926,25111383
nga,1927,25511677
nga,1928,25918352
nga,1929,26326182
nga,1930,26735105
nga,1931,27145057
nga,1932,27555974
nga,1933,27967788
nga,1934,28385755
nga,1935,28809970
nga,1936,29240524
nga,1937,29677512
nga,1938,30121031
nga,1939,30590134
nga,1940,31085546
nga,1941,31608007
nga,1942,32158274
nga,1943,32737123
nga,1944,33326391
nga,1945,33926266
nga,1946,34536939
nga,1947,35158604
nga,1948,35791459
nga,1949,36467880
nga,1950,37283019
nga,1951,37994083
nga,1952,38716210
nga,1953,39439813
nga,1954,40176326
nga,1955,40935638
nga,1956,41716059
nga,1957,42517478
nga,1958,43324654
nga,1959,44161685
nga,1960,45053787
nga,1961,45989313
nga,1962,46965299
nga,1963,47973576
nga,1964,49012023
nga,1965,50086762
nga,1966,51188240
nga,1967,52293065
nga,1968,53432785
nga,1969,54631917
nga,1970,55893836
nga,1971,57214688
nga,1972,58601749
nga,1973,60082138
nga,1974,61679153
nga,1975,63410821
nga,1976,65258000
nga,1977,67234590
nga,1978,69326531
nga,1979,71498241
nga,1980,73764641
nga,1981,76068116
nga,1982,78378699
nga,1983,80438257
nga,1984,82526444
nga,1985,84897973
nga,1986,87235959
nga,1987,89591718
nga,1988,92020088
nga,1989,94531022
nga,1990,97120926
nga,1991,99720161
nga,1992,102372779
nga,1993,105122075
nga,1994,107935717
nga,1995,110819430
nga,1996,113754783
nga,1997,116754790
nga,1998,119846261
nga,1999,123047324
nga,2000,126382490
nga,2001,129862594
nga,2002,133471995
nga,2003,137202646
nga,2004,141057045
nga,2005,145017256
nga,2006,149077335
nga,2007,153267254
nga,2008,157595014
nga,2009,162049466
nga,2010,166642888
nga,2011,171379602
nga,2012,176200627
nga,2013,181049440
nga,2014,185896917
nga,2015,190671883
nga,2016,195443698
nga,2017,200254580
nga,2018,204938752
nga,2019,209485637
nga,2020,213996185
nga,2021,218529286
nga,2022,223150906
nga,2023,227882949
nic,1800,186000
nic,1801,186000
nic,1802,186000
nic,1803,186000
nic,1804,186000
nic,1805,186000
nic,1806,186000
nic,1807,186000
nic,1808,186000
nic,1809,186000
nic,1810,186000
nic,1811,186000
nic,1812,186000
nic,1813,186000
nic,1814,186000
nic,1815,186000
nic,1816,186000
nic,1817,186000
nic,1818,186000
nic,1819,186598
nic,1820,187802
nic,1821,189624
nic,1822,192072
nic,1823,195157
nic,1824,198292
nic,1825,201477
nic,1826,204713
nic,1827,208001
nic,1828,211342
nic,1829,214736
nic,1830,218186
nic,1831,221690
nic,1832,225251
nic,1833,228869
nic,1834,232545
nic,1835,236280
nic,1836,240075
nic,1837,243932
nic,1838,247850
nic,1839,251831
nic,1840,255876
nic,1841,259985
nic,1842,264161
nic,1843,268404
nic,1844,272716
nic,1845,277096
nic,1846,281547
nic,1847,286069
nic,1848,290664
nic,1849,294719
nic,1850,298221
nic,1851,302098
nic,1852,305411
nic,1853,308143
nic,1854,310897
nic,1855,313673
nic,1856,316470
nic,1857,319289
nic,1858,322130
nic,1859,324994
nic,1860,327880
nic,1861,330789
nic,1862,333720
nic,1863,336675
nic,1864,339652
nic,1865,342653
nic,1866,345677
nic,1867,348725
nic,1868,351797
nic,1869,355313
nic,1870,359284
nic,1871,363722
nic,1872,368640
nic,1873,374047
nic,1874,379531
nic,1875,385092
nic,1876,390731
nic,1877,396449
nic,1878,402248
nic,1879,408128
nic,1880,414091
nic,1881,420137
nic,1882,426269
nic,1883,432486
nic,1884,438791
nic,1885,445183
nic,1886,451666
nic,1887,458239
nic,1888,464905
nic,1889,471663
nic,1890,478516
nic,1891,485465
nic,1892,492511
nic,1893,499656
nic,1894,506901
nic,1895,514246
nic,1896,521694
nic,1897,529246
nic,1898,536904
nic,1899,544995
nic,1900,553531
nic,1901,562527
nic,1902,571995
nic,1903,581949
nic,1904,592072
nic,1905,602367
nic,1906,612836
nic,1907,623483
nic,1908,634310
nic,1909,645326
nic,1910,656534
nic,1911,667936
nic,1912,679537
nic,1913,691339
nic,1914,703341
nic,1915,715547
nic,1916,727960
nic,1917,740583
nic,1918,751483
nic,1919,761208
nic,1920,769730
nic,1921,777026
nic,1922,783068
nic,1923,787830
nic,1924,792620
nic,1925,797440
nic,1926,802289
nic,1927,807168
nic,1928,812076
nic,1929,819324
nic,1930,828973
nic,1931,841085
nic,1932,855722
nic,1933,872951
nic,1934,890526
nic,1935,908456
nic,1936,926746
nic,1937,945404
nic,1938,964438
nic,1939,985508
nic,1940,1008702
nic,1941,1034110
nic,1942,1061827
nic,1943,1091950
nic,1944,1122928
nic,1945,1154785
nic,1946,1187545
nic,1947,1221235
nic,1948,1255881
nic,1949,1292259
nic,1950,1331445
nic,1951,1369654
nic,1952,1409023
nic,1953,1449903
nic,1954,1492261
nic,1955,1536247
nic,1956,1581977
nic,1957,1629469
nic,1958,1678745
nic,1959,1729794
nic,1960,1782371
nic,1961,1836456
nic,1962,1892325
nic,1963,1950162
nic,1964,2010183
nic,1965,2072687
nic,1966,2137821
nic,1967,2205571
nic,1968,2275837
nic,1969,2348401
nic,1970,2423065
nic,1971,2499829
nic,1972,2573583
nic,1973,2649283
nic,1974,2732073
nic,1975,2816947
nic,1976,2903850
nic,1977,2992532
nic,1978,3080323
nic,1979,3164524
nic,1980,3252404
nic,1981,3345679
nic,1982,3438747
nic,1983,3530286
nic,1984,3619109
nic,1985,3706480
nic,1986,3794161
nic,1987,3882168
nic,1988,3972317
nic,1989,4066483
nic,1990,4162566
nic,1991,4259636
nic,1992,4357031
nic,1993,4453733
nic,1994,4549317
nic,1995,4642933
nic,1996,4729979
nic,1997,4809574
nic,1998,4883659
nic,1999,4954021
nic,2000,5022636
nic,2001,5087827
nic,2002,5149914
nic,2003,5210970
nic,2004,5272909
nic,2005,5342108
nic,2006,5418857
nic,2007,5497247
nic,2008,5576597
nic,2009,5656602
nic,2010,5737451
nic,2011,5819051
nic,2012,5901290
nic,2013,5983852
nic,2014,6066493
nic,2015,6149417
nic,2016,6232664
nic,2017,6316235
nic,2018,6400074
nic,2019,6483660
nic,2020,6565267
nic,2021,6644745
nic,2022,6730662
nic,2023,6823619
niu,1950,4519
niu,1951,4565
niu,1952,4581
niu,1953,4600
niu,1954,4620
niu,1955,4649
niu,1956,4690
niu,1957,4738
niu,1958,4785
niu,1959,4826
niu,1960,4847
niu,1961,4870
niu,1962,4945
niu,1963,5055
niu,1964,5150
niu,1965,5227
niu,1966,5259
niu,1967,5262
niu,1968,5234
niu,1969,5183
niu,1970,5133
niu,1971,5059
niu,1972,4914
niu,1973,4718
niu,1974,4497
niu,1975,4253
niu,1976,4013
niu,1977,3868
niu,1978,3776
niu,1979,3673
niu,1980,3550
niu,1981,3413
niu,1982,3281
niu,1983,3129
niu,1984,2974
niu,1985,2803
niu,1986,2658
niu,1987,2584
niu,1988,2559
niu,1989,2537
niu,1990,2506
niu,1991,2476
niu,1992,2443
niu,1993,2403
niu,1994,2362
niu,1995,2326
niu,1996,2290
niu,1997,2242
niu,1998,2187
niu,1999,2138
niu,2000,2068
niu,2001,2007
niu,2002,1965
niu,2003,1928
niu,2004,1891
niu,2005,1849
niu,2006,1818
niu,2007,1810
niu,2008,1805
niu,2009,1801
niu,2010,1786
niu,2011,1776
niu,2012,1784
niu,2013,1786
niu,2014,1792
niu,2015,1803
niu,2016,1806
niu,2017,1803
niu,2018,1805
niu,2019,1814
niu,2020,1822
niu,2021,1836
niu,2022,1844
niu,2023,1841
nld,1800,2000000
nld,1801,2004651
nld,1802,2009313
nld,1803,2013986
nld,1804,2018669
nld,1805,2023364
nld,1806,2028069
nld,1807,2032785
nld,1808,2037512
nld,1809,2042251
nld,1810,2060391
nld,1811,2078671
nld,1812,2101607
nld,1813,2129272
nld,1814,2157302
nld,1815,2185700
nld,1816,2214472
nld,1817,2243623
nld,1818,2273158
nld,1819,2302618
nld,1820,2331997
nld,1821,2361287
nld,1822,2390482
nld,1823,2419575
nld,1824,2449022
nld,1825,2478828
nld,1826,2508996
nld,1827,2539531
nld,1828,2570438
nld,1829,2600166
nld,1830,2628686
nld,1831,2655969
nld,1832,2681986
nld,1833,2706706
nld,1834,2731653
nld,1835,2756831
nld,1836,2782241
nld,1837,2807885
nld,1838,2833765
nld,1839,2858669
nld,1840,2882581
nld,1841,2905482
nld,1842,2927353
nld,1843,2948178
nld,1844,2969150
nld,1845,2990272
nld,1846,3011544
nld,1847,3032967
nld,1848,3054543
nld,1849,3076130
nld,1850,3097727
nld,1851,3119242
nld,1852,3140764
nld,1853,3162293
nld,1854,3183969
nld,1855,3205794
nld,1856,3227769
nld,1857,3249894
nld,1858,3272170
nld,1859,3295652
nld,1860,3320356
nld,1861,3346299
nld,1862,3373499
nld,1863,3401973
nld,1864,3430688
nld,1865,3459645
nld,1866,3488847
nld,1867,3518295
nld,1868,3547992
nld,1869,3580048
nld,1870,3614507
nld,1871,3651413
nld,1872,3690812
nld,1873,3732749
nld,1874,3775163
nld,1875,3818059
nld,1876,3861442
nld,1877,3905319
nld,1878,3949693
nld,1879,3994700
nld,1880,4040346
nld,1881,4086642
nld,1882,4133595
nld,1883,4181215
nld,1884,4229384
nld,1885,4278108
nld,1886,4327393
nld,1887,4377246
nld,1888,4427673
nld,1889,4479670
nld,1890,4533266
nld,1891,4588493
nld,1892,4645382
nld,1893,4703966
nld,1894,4763289
nld,1895,4823360
nld,1896,4884188
nld,1897,4945783
nld,1898,5008156
nld,1899,5072940
nld,1900,5140189
nld,1901,5209957
nld,1902,5282301
nld,1903,5357276
nld,1904,5433315
nld,1905,5510433
nld,1906,5588646
nld,1907,5667969
nld,1908,5748418
nld,1909,5830495
nld,1910,5914229
nld,1911,5999652
nld,1912,6086795
nld,1913,6175690
nld,1914,6265882
nld,1915,6357392
nld,1916,6450239
nld,1917,6544441
nld,1918,6640214
nld,1919,6736779
nld,1920,6834137
nld,1921,6932291
nld,1922,7031246
nld,1923,7131002
nld,1924,7232174
nld,1925,7334781
nld,1926,7438843
nld,1927,7544382
nld,1928,7651419
nld,1929,7756463
nld,1930,7859443
nld,1931,7960289
nld,1932,8058927
nld,1933,8155281
nld,1934,8252788
nld,1935,8351461
nld,1936,8451313
nld,1937,8552359
nld,1938,8654613
nld,1939,8760124
nld,1940,8868956
nld,1941,8981176
nld,1942,9096853
nld,1943,9216054
nld,1944,9336818
nld,1945,9459164
nld,1946,9583114
nld,1947,9708687
nld,1948,9835906
nld,1949,9964193
nld,1950,10113759
nld,1951,10264536
nld,1952,10382295
nld,1953,10493531
nld,1954,10615733
nld,1955,10751231
nld,1956,10889767
nld,1957,11026879
nld,1958,11187365
nld,1959,11348106
nld,1960,11486909
nld,1961,11639372
nld,1962,11807553
nld,1963,11969159
nld,1964,12131887
nld,1965,12301136
nld,1966,12464283
nld,1967,12607835
nld,1968,12740851
nld,1969,12890641
nld,1970,13052082
nld,1971,13208353
nld,1972,13342780
nld,1973,13453743
nld,1974,13559671
nld,1975,13680033
nld,1976,13786641
nld,1977,13868605
nld,1978,13953922
nld,1979,14050176
nld,1980,14162686
nld,1981,14262691
nld,1982,14333902
nld,1983,14396898
nld,1984,14462809
nld,1985,14538958
nld,1986,14626488
nld,1987,14724948
nld,1988,14825915
nld,1989,14921107
nld,1990,15030886
nld,1991,15155093
nld,1992,15276787
nld,1993,15389718
nld,1994,15485453
nld,1995,15565034
nld,1996,15640032
nld,1997,15723621
nld,1998,15827109
nld,1999,15940183
nld,2000,16058757
nld,2001,16182705
nld,2002,16288060
nld,2003,16366914
nld,2004,16425562
nld,2005,16465707
nld,2006,16493851
nld,2007,16531360
nld,2008,16597259
nld,2009,16684148
nld,2010,16771232
nld,2011,16851061
nld,2012,16915191
nld,2013,16967066
nld,2014,17030085
nld,2015,17107429
nld,2016,17204693
nld,2017,17315376
nld,2018,17421285
nld,2019,17537505
nld,2020,17636732
nld,2021,17730565
nld,2022,17904421
nld,2023,18092526
nor,1800,900000
nor,1801,898489
nor,1802,896980
nor,1803,895473
nor,1804,893970
nor,1805,892468
nor,1806,890970
nor,1807,889474
nor,1808,887980
nor,1809,886489
nor,1810,890801
nor,1811,895142
nor,1812,901458
nor,1813,909763
nor,1814,918145
nor,1815,926604
nor,1816,935141
nor,1817,943756
nor,1818,952451
nor,1819,962318
nor,1820,973385
nor,1821,985679
nor,1822,999229
nor,1823,1014062
nor,1824,1029115
nor,1825,1044391
nor,1826,1059895
nor,1827,1075628
nor,1828,1091595
nor,1829,1106700
nor,1830,1120917
nor,1831,1134224
nor,1832,1146595
nor,1833,1158005
nor,1834,1169529
nor,1835,1181168
nor,1836,1192922
nor,1837,1204794
nor,1838,1216783
nor,1839,1229289
nor,1840,1242319
nor,1841,1255885
nor,1842,1269997
nor,1843,1284663
nor,1844,1299499
nor,1845,1314507
nor,1846,1329687
nor,1847,1345043
nor,1848,1360577
nor,1849,1376908
nor,1850,1394054
nor,1851,1412140
nor,1852,1431080
nor,1853,1450893
nor,1854,1470981
nor,1855,1491347
nor,1856,1511995
nor,1857,1532929
nor,1858,1554152
nor,1859,1573950
nor,1860,1592288
nor,1861,1609129
nor,1862,1624440
nor,1863,1638184
nor,1864,1652044
nor,1865,1666021
nor,1866,1680117
nor,1867,1694331
nor,1868,1708666
nor,1869,1723729
nor,1870,1739532
nor,1871,1756087
nor,1872,1773407
nor,1873,1791506
nor,1874,1809789
nor,1875,1828260
nor,1876,1846918
nor,1877,1865767
nor,1878,1884808
nor,1879,1901683
nor,1880,1916359
nor,1881,1928804
nor,1882,1938985
nor,1883,1946870
nor,1884,1954788
nor,1885,1962737
nor,1886,1970719
nor,1887,1978733
nor,1888,1986779
nor,1889,1997704
nor,1890,2011552
nor,1891,2028366
nor,1892,2048191
nor,1893,2071072
nor,1894,2094209
nor,1895,2117605
nor,1896,2141262
nor,1897,2165183
nor,1898,2189372
nor,1899,2211863
nor,1900,2232623
nor,1901,2251621
nor,1902,2268821
nor,1903,2284192
nor,1904,2299667
nor,1905,2315246
nor,1906,2330932
nor,1907,2346723
nor,1908,2362621
nor,1909,2380237
nor,1910,2399597
nor,1911,2420731
nor,1912,2443667
nor,1913,2468434
nor,1914,2493453
nor,1915,2518725
nor,1916,2544253
nor,1917,2570040
nor,1918,2595896
nor,1919,2620044
nor,1920,2642453
nor,1921,2663094
nor,1922,2681936
nor,1923,2698948
nor,1924,2716069
nor,1925,2733298
nor,1926,2750636
nor,1927,2768084
nor,1928,2785643
nor,1929,2802985
nor,1930,2820108
nor,1931,2837007
nor,1932,2853680
nor,1933,2870123
nor,1934,2886661
nor,1935,2903294
nor,1936,2920023
nor,1937,2936848
nor,1938,2953771
nor,1939,2972974
nor,1940,2994493
nor,1941,3018361
nor,1942,3044613
nor,1943,3073283
nor,1944,3102224
nor,1945,3131436
nor,1946,3160924
nor,1947,3190690
nor,1948,3220736
nor,1949,3250978
nor,1950,3265199
nor,1951,3295964
nor,1952,3327839
nor,1953,3361030
nor,1954,3394397
nor,1955,3428532
nor,1956,3461074
nor,1957,3491980
nor,1958,3523007
nor,1959,3552828
nor,1960,3581119
nor,1961,3609661
nor,1962,3638841
nor,1963,3666497
nor,1964,3694319
nor,1965,3723173
nor,1966,3752788
nor,1967,3784111
nor,1968,3816089
nor,1969,3847304
nor,1970,3875351
nor,1971,3902754
nor,1972,3932913
nor,1973,3960597
nor,1974,3985283
nor,1975,4007368
nor,1976,4026219
nor,1977,4043259
nor,1978,4058668
nor,1979,4072499
nor,1980,4085603
nor,1981,4099675
nor,1982,4114742
nor,1983,4128332
nor,1984,4139970
nor,1985,4152399
nor,1986,4167252
nor,1987,4186818
nor,1988,4209470
nor,1989,4226914
nor,1990,4241440
nor,1991,4261618
nor,1992,4286255
nor,1993,4311864
nor,1994,4336467
nor,1995,4358991
nor,1996,4381137
nor,1997,4404988
nor,1998,4431308
nor,1999,4461789
nor,2000,4490864
nor,2001,4513650
nor,2002,4538016
nor,2003,4564666
nor,2004,4591739
nor,2005,4623120
nor,2006,4660487
nor,2007,4709017
nor,2008,4768097
nor,2009,4828625
nor,2010,4889160
nor,2011,4952969
nor,2012,5018453
nor,2013,5080126
nor,2014,5137397
nor,2015,5189777
nor,2016,5235974
nor,2017,5276807
nor,2018,5311751
nor,2019,5347733
nor,2020,5379275
nor,2021,5408082
nor,2022,5456796
nor,2023,5519167
npl,1800,4000000
npl,1801,3993964
npl,1802,3987938
npl,1803,3981920
npl,1804,3975912
npl,1805,3969912
npl,1806,3963922
npl,1807,3957941
npl,1808,3951968
npl,1809,3946005
npl,1810,3940060
npl,1811,3934114
npl,1812,3928178
npl,1813,3922251
npl,1814,3916332
npl,1815,3910423
npl,1816,3904522
npl,1817,3898631
npl,1818,3892748
npl,1819,3891014
npl,1820,3893440
npl,1821,3900034
npl,1822,3910806
npl,1823,3925767
npl,1824,3940784
npl,1825,3955859
npl,1826,3970992
npl,1827,3986183
npl,1828,4001431
npl,1829,4016738
npl,1830,4032104
npl,1831,4047528
npl,1832,4063012
npl,1833,4078554
npl,1834,4094156
npl,1835,4109818
npl,1836,4125540
npl,1837,4141321
npl,1838,4157164
npl,1839,4173066
npl,1840,4189030
npl,1841,4205055
npl,1842,4221141
npl,1843,4237288
npl,1844,4253497
npl,1845,4269769
npl,1846,4286102
npl,1847,4302498
npl,1848,4318957
npl,1849,4335485
npl,1850,4352082
npl,1851,4365747
npl,1852,4379459
npl,1853,4393218
npl,1854,4407018
npl,1855,4420860
npl,1856,4434742
npl,1857,4448667
npl,1858,4462633
npl,1859,4476640
npl,1860,4490690
npl,1861,4504781
npl,1862,4518915
npl,1863,4533090
npl,1864,4547308
npl,1865,4561568
npl,1866,4575871
npl,1867,4590217
npl,1868,4604605
npl,1869,4620129
npl,1870,4636798
npl,1871,4654618
npl,1872,4673597
npl,1873,4693742
npl,1874,4713972
npl,1875,4734287
npl,1876,4754687
npl,1877,4775173
npl,1878,4795745
npl,1879,4816403
npl,1880,4837147
npl,1881,4857979
npl,1882,4878897
npl,1883,4899904
npl,1884,4920998
npl,1885,4942181
npl,1886,4963453
npl,1887,4984813
npl,1888,5006263
npl,1889,5024496
npl,1890,5039496
npl,1891,5051249
npl,1892,5059740
npl,1893,5064953
npl,1894,5070169
npl,1895,5075388
npl,1896,5080609
npl,1897,5085833
npl,1898,5091061
npl,1899,5101195
npl,1900,5116267
npl,1901,5136307
npl,1902,5161345
npl,1903,5191411
npl,1904,5221651
npl,1905,5252063
npl,1906,5282650
npl,1907,5313413
npl,1908,5344352
npl,1909,5368013
npl,1910,5384368
npl,1911,5393386
npl,1912,5395039
npl,1913,5389297
npl,1914,5383558
npl,1915,5377823
npl,1916,5372091
npl,1917,5366362
npl,1918,5364500
npl,1919,5362639
npl,1920,5360778
npl,1921,5358918
npl,1922,5357059
npl,1923,5355200
npl,1924,5353342
npl,1925,5351485
npl,1926,5349628
npl,1927,5347772
npl,1928,5345917
npl,1929,5344433
npl,1930,5343320
npl,1931,5342578
npl,1932,5342207
npl,1933,5342207
npl,1934,5342207
npl,1935,5342207
npl,1936,5342207
npl,1937,5342207
npl,1938,5342207
npl,1939,5393997
npl,1940,5500086
npl,1941,5663106
npl,1942,5885818
npl,1943,6171114
npl,1944,6470239
npl,1945,6783863
npl,1946,7112689
npl,1947,7457454
npl,1948,7818930
npl,1949,8133751
npl,1950,8396610
npl,1951,8572665
npl,1952,8747300
npl,1953,8918222
npl,1954,9087775
npl,1955,9257985
npl,1956,9427889
npl,1957,9598045
npl,1958,9766252
npl,1959,9938915
npl,1960,10123664
npl,1961,10318399
npl,1962,10521122
npl,1963,10729818
npl,1964,10946389
npl,1965,11173411
npl,1966,11408714
npl,1967,11652717
npl,1968,11906275
npl,1969,12167032
npl,1970,12436191
npl,1971,12710069
npl,1972,12989103
npl,1973,13275240
npl,1974,13568436
npl,1975,13870692
npl,1976,14177650
npl,1977,14499175
npl,1978,14839704
npl,1979,15190601
npl,1980,15553106
npl,1981,15922422
npl,1982,16297996
npl,1983,16689121
npl,1984,17085243
npl,1985,17477694
npl,1986,17868128
npl,1987,18250512
npl,1988,18638660
npl,1989,19057811
npl,1990,19524579
npl,1991,20036507
npl,1992,20609708
npl,1993,21180158
npl,1994,21717483
npl,1995,22245443
npl,1996,22741867
npl,1997,23219458
npl,1998,23680358
npl,1999,24125201
npl,2000,24546509
npl,2001,24946755
npl,2002,25328989
npl,2003,25688762
npl,2004,26016652
npl,2005,26309462
npl,2006,26565430
npl,2007,26788498
npl,2008,26990036
npl,2009,27173035
npl,2010,27341955
npl,2011,27464499
npl,2012,27534916
npl,2013,27589997
npl,2014,27672373
npl,2015,27823631
npl,2016,27955471
npl,2017,28011258
npl,2018,28079688
npl,2019,28414066
npl,2020,28966580
npl,2021,29475016
npl,2022,29715435
npl,2023,29694614
nru,1800,1834
nru,1801,1834
nru,1802,1834
nru,1803,1834
nru,1804,1834
nru,1805,1834
nru,1806,1834
nru,1807,1834
nru,1808,1834
nru,1809,1834
nru,1810,1834
nru,1811,1834
nru,1812,1834
nru,1813,1834
nru,1814,1834
nru,1815,1834
nru,1816,1834
nru,1817,1834
nru,1818,1834
nru,1819,1834
nru,1820,1835
nru,1821,1836
nru,1822,1837
nru,1823,1839
nru,1824,1840
nru,1825,1842
nru,1826,1844
nru,1827,1845
nru,1828,1847
nru,1829,1848
nru,1830,1850
nru,1831,1852
nru,1832,1853
nru,1833,1855
nru,1834,1856
nru,1835,1858
nru,1836,1860
nru,1837,1861
nru,1838,1863
nru,1839,1864
nru,1840,1866
nru,1841,1868
nru,1842,1869
nru,1843,1871
nru,1844,1873
nru,1845,1874
nru,1846,1876
nru,1847,1877
nru,1848,1879
nru,1849,1881
nru,1850,1882
nru,1851,1883
nru,1852,1884
nru,1853,1885
nru,1854,1885
nru,1855,1886
nru,1856,1887
nru,1857,1888
nru,1858,1888
nru,1859,1889
nru,1860,1890
nru,1861,1891
nru,1862,1891
nru,1863,1892
nru,1864,1893
nru,1865,1894
nru,1866,1895
nru,1867,1895
nru,1868,1896
nru,1869,1897
nru,1870,1898
nru,1871,1898
nru,1872,1899
nru,1873,1900
nru,1874,1901
nru,1875,1901
nru,1876,1902
nru,1877,1903
nru,1878,1904
nru,1879,1904
nru,1880,1905
nru,1881,1906
nru,1882,1907
nru,1883,1908
nru,1884,1908
nru,1885,1909
nru,1886,1910
nru,1887,1911
nru,1888,1911
nru,1889,1912
nru,1890,1913
nru,1891,1914
nru,1892,1914
nru,1893,1915
nru,1894,1916
nru,1895,1917
nru,1896,1917
nru,1897,1918
nru,1898,1919
nru,1899,1920
nru,1900,1921
nru,1901,1921
nru,1902,1922
nru,1903,1923
nru,1904,1924
nru,1905,1924
nru,1906,1925
nru,1907,1926
nru,1908,1927
nru,1909,1927
nru,1910,1928
nru,1911,1929
nru,1912,1930
nru,1913,1930
nru,1914,1931
nru,1915,1932
nru,1916,1933
nru,1917,1933
nru,1918,1935
nru,1919,1952
nru,1920,1986
nru,1921,2037
nru,1922,2106
nru,1923,2193
nru,1924,2284
nru,1925,2378
nru,1926,2476
nru,1927,2579
nru,1928,2686
nru,1929,2773
nru,1930,2839
nru,1931,2885
nru,1932,2908
nru,1933,2908
nru,1934,2908
nru,1935,2908
nru,1936,2908
nru,1937,2908
nru,1938,2908
nru,1939,2916
nru,1940,2931
nru,1941,2955
nru,1942,2988
nru,1943,3028
nru,1944,3069
nru,1945,3111
nru,1946,3153
nru,1947,3195
nru,1948,3239
nru,1949,3291
nru,1950,3424
nru,1951,3532
nru,1952,3630
nru,1953,3714
nru,1954,3801
nru,1955,3905
nru,1956,4041
nru,1957,4181
nru,1958,4317
nru,1959,4473
nru,1960,4625
nru,1961,4799
nru,1962,5000
nru,1963,5246
nru,1964,5535
nru,1965,5851
nru,1966,6060
nru,1967,6157
nru,1968,6348
nru,1969,6604
nru,1970,6733
nru,1971,6780
nru,1972,6831
nru,1973,6886
nru,1974,6944
nru,1975,7013
nru,1976,7084
nru,1977,7184
nru,1978,7316
nru,1979,7488
nru,1980,7670
nru,1981,7866
nru,1982,8059
nru,1983,8240
nru,1984,8398
nru,1985,8573
nru,1986,8765
nru,1987,8972
nru,1988,9183
nru,1989,9413
nru,1990,9645
nru,1991,9873
nru,1992,10042
nru,1993,10123
nru,1994,10163
nru,1995,10187
nru,1996,10206
nru,1997,10218
nru,1998,10220
nru,1999,10207
nru,2000,10187
nru,2001,10147
nru,2002,10105
nru,2003,10086
nru,2004,10084
nru,2005,10071
nru,2006,10061
nru,2007,10042
nru,2008,10032
nru,2009,10041
nru,2010,10067
nru,2011,10116
nru,2012,10289
nru,2013,10539
nru,2014,10766
nru,2015,10975
nru,2016,11173
nru,2017,11351
nru,2018,11499
nru,2019,11609
nru,2020,11665
nru,2021,11727
nru,2022,11822
nru,2023,11900
nzl,1800,200000
nzl,1801,193187
nzl,1802,186607
nzl,1803,180250
nzl,1804,174110
nzl,1805,168179
nzl,1806,162450
nzl,1807,156917
nzl,1808,151572
nzl,1809,146409
nzl,1810,141591
nzl,1811,136768
nzl,1812,132109
nzl,1813,127609
nzl,1814,123262
nzl,1815,119064
nzl,1816,115008
nzl,1817,111090
nzl,1818,107306
nzl,1819,104332
nzl,1820,102141
nzl,1821,100705
nzl,1822,100000
nzl,1823,100000
nzl,1824,100000
nzl,1825,100000
nzl,1826,100000
nzl,1827,100000
nzl,1828,100000
nzl,1829,99299
nzl,1830,97922
nzl,1831,95893
nzl,1832,93233
nzl,1833,89967
nzl,1834,86814
nzl,1835,83772
nzl,1836,80837
nzl,1837,78005
nzl,1838,75272
nzl,1839,73481
nzl,1840,72621
nzl,1841,72683
nzl,1842,73655
nzl,1843,75529
nzl,1844,77452
nzl,1845,79423
nzl,1846,81444
nzl,1847,83517
nzl,1848,85642
nzl,1849,88066
nzl,1850,90807
nzl,1851,93877
nzl,1852,97300
nzl,1853,101095
nzl,1854,105039
nzl,1855,109136
nzl,1856,113392
nzl,1857,117815
nzl,1858,122411
nzl,1859,128326
nzl,1860,135706
nzl,1861,144710
nzl,1862,155510
nzl,1863,168297
nzl,1864,182134
nzl,1865,197110
nzl,1866,213316
nzl,1867,230856
nzl,1868,249837
nzl,1869,269071
nzl,1870,288500
nzl,1871,308057
nzl,1872,327666
nzl,1873,347238
nzl,1874,367978
nzl,1875,389958
nzl,1876,413250
nzl,1877,437933
nzl,1878,464091
nzl,1879,488189
nzl,1880,510014
nzl,1881,529338
nzl,1882,545917
nzl,1883,559490
nzl,1884,573401
nzl,1885,587658
nzl,1886,602269
nzl,1887,617244
nzl,1888,632591
nzl,1889,647608
nzl,1890,662272
nzl,1891,676562
nzl,1892,690453
nzl,1893,703920
nzl,1894,717650
nzl,1895,731648
nzl,1896,745919
nzl,1897,760468
nzl,1898,775301
nzl,1899,791494
nzl,1900,809099
nzl,1901,828174
nzl,1902,848778
nzl,1903,870968
nzl,1904,893740
nzl,1905,917106
nzl,1906,941083
nzl,1907,965687
nzl,1908,990935
nzl,1909,1014998
nzl,1910,1037814
nzl,1911,1059319
nzl,1912,1079444
nzl,1913,1098120
nzl,1914,1117119
nzl,1915,1136447
nzl,1916,1156110
nzl,1917,1176113
nzl,1918,1196505
nzl,1919,1217578
nzl,1920,1239349
nzl,1921,1261836
nzl,1922,1285060
nzl,1923,1309037
nzl,1924,1333463
nzl,1925,1358344
nzl,1926,1383689
nzl,1927,1409507
nzl,1928,1435807
nzl,1929,1459777
nzl,1930,1481347
nzl,1931,1500446
nzl,1932,1517002
nzl,1933,1530942
nzl,1934,1545009
nzl,1935,1559205
nzl,1936,1573532
nzl,1937,1587991
nzl,1938,1602582
nzl,1939,1619373
nzl,1940,1638415
nzl,1941,1659762
nzl,1942,1683468
nzl,1943,1709588
nzl,1944,1736113
nzl,1945,1763050
nzl,1946,1790404
nzl,1947,1818183
nzl,1948,1846393
nzl,1949,1877502
nzl,1950,1911265
nzl,1951,1951209
nzl,1952,1997753
nzl,1953,2047750
nzl,1954,2095143
nzl,1955,2139674
nzl,1956,2184844
nzl,1957,2233688
nzl,1958,2284995
nzl,1959,2333486
nzl,1960,2379482
nzl,1961,2429744
nzl,1962,2484403
nzl,1963,2538117
nzl,1964,2588770
nzl,1965,2636493
nzl,1966,2682589
nzl,1967,2723417
nzl,1968,2754522
nzl,1969,2784399
nzl,1970,2822184
nzl,1971,2867168
nzl,1972,2919263
nzl,1973,2978989
nzl,1974,3041223
nzl,1975,3094039
nzl,1976,3126639
nzl,1977,3140129
nzl,1978,3142245
nzl,1979,3141596
nzl,1980,3146325
nzl,1981,3159844
nzl,1982,3185129
nzl,1983,3219281
nzl,1984,3249828
nzl,1985,3268030
nzl,1986,3281510
nzl,1987,3299443
nzl,1988,3316026
nzl,1989,3333822
nzl,1990,3396981
nzl,1991,3480933
nzl,1992,3532246
nzl,1993,3573609
nzl,1994,3621030
nzl,1995,3674434
nzl,1996,3729383
nzl,1997,3776950
nzl,1998,3811376
nzl,1999,3835561
nzl,2000,3857576
nzl,2001,3891763
nzl,2002,3951116
nzl,2003,4022585
nzl,2004,4083912
nzl,2005,4135002
nzl,2006,4181943
nzl,2007,4223270
nzl,2008,4261819
nzl,2009,4304304
nzl,2010,4347766
nzl,2011,4382699
nzl,2012,4411682
nzl,2013,4453857
nzl,2014,4522976
nzl,2015,4614035
nzl,2016,4714768
nzl,2017,4812749
nzl,2018,4900840
nzl,2019,4989410
nzl,2020,5069895
nzl,2021,5107694
nzl,2022,5131731
nzl,2023,5172837
omn,1800,300000
omn,1801,300875
omn,1802,301753
omn,1803,302634
omn,1804,303517
omn,1805,304402
omn,1806,305290
omn,1807,306181
omn,1808,307074
omn,1809,307970
omn,1810,308872
omn,1811,309773
omn,1812,310677
omn,1813,311583
omn,1814,312492
omn,1815,313404
omn,1816,314318
omn,1817,315235
omn,1818,316155
omn,1819,317075
omn,1820,317994
omn,1821,318912
omn,1822,319831
omn,1823,320749
omn,1824,321669
omn,1825,322593
omn,1826,323519
omn,1827,324447
omn,1828,325379
omn,1829,326312
omn,1830,327249
omn,1831,328188
omn,1832,329130
omn,1833,330075
omn,1834,331023
omn,1835,331973
omn,1836,332926
omn,1837,333881
omn,1838,334840
omn,1839,335801
omn,1840,336764
omn,1841,337731
omn,1842,338700
omn,1843,339673
omn,1844,340648
omn,1845,341625
omn,1846,342606
omn,1847,343589
omn,1848,344576
omn,1849,345565
omn,1850,346557
omn,1851,347166
omn,1852,347777
omn,1853,348388
omn,1854,348999
omn,1855,349612
omn,1856,350225
omn,1857,350838
omn,1858,351452
omn,1859,352067
omn,1860,352683
omn,1861,353299
omn,1862,353916
omn,1863,354533
omn,1864,355151
omn,1865,355770
omn,1866,356389
omn,1867,357009
omn,1868,357629
omn,1869,358251
omn,1870,358873
omn,1871,359496
omn,1872,360121
omn,1873,360746
omn,1874,361371
omn,1875,361997
omn,1876,362624
omn,1877,363252
omn,1878,363880
omn,1879,364509
omn,1880,365138
omn,1881,365768
omn,1882,366398
omn,1883,367029
omn,1884,367661
omn,1885,368293
omn,1886,368926
omn,1887,369560
omn,1888,370194
omn,1889,370829
omn,1890,371464
omn,1891,372100
omn,1892,372736
omn,1893,373373
omn,1894,374011
omn,1895,374649
omn,1896,375288
omn,1897,375927
omn,1898,376567
omn,1899,377784
omn,1900,379583
omn,1901,381971
omn,1902,384952
omn,1903,388533
omn,1904,392147
omn,1905,395794
omn,1906,399475
omn,1907,403189
omn,1908,406937
omn,1909,410047
omn,1910,412514
omn,1911,414331
omn,1912,415493
omn,1913,415993
omn,1914,416492
omn,1915,416992
omn,1916,417492
omn,1917,417992
omn,1918,418993
omn,1919,419997
omn,1920,421003
omn,1921,422011
omn,1922,423022
omn,1923,424035
omn,1924,425051
omn,1925,426069
omn,1926,427090
omn,1927,428112
omn,1928,429138
omn,1929,430166
omn,1930,431196
omn,1931,432229
omn,1932,433264
omn,1933,434302
omn,1934,435342
omn,1935,436385
omn,1936,437430
omn,1937,438478
omn,1938,439528
omn,1939,440581
omn,1940,441636
omn,1941,442694
omn,1942,443755
omn,1943,444817
omn,1944,445883
omn,1945,446951
omn,1946,448021
omn,1947,449095
omn,1948,450170
omn,1949,452898
omn,1950,456997
omn,1951,462760
omn,1952,468831
omn,1953,475163
omn,1954,481826
omn,1955,488811
omn,1956,496175
omn,1957,503986
omn,1958,512341
omn,1959,521320
omn,1960,530489
omn,1961,539859
omn,1962,549951
omn,1963,560832
omn,1964,572586
omn,1965,585245
omn,1966,598815
omn,1967,613318
omn,1968,628801
omn,1969,645262
omn,1970,662691
omn,1971,681125
omn,1972,700591
omn,1973,721182
omn,1974,746995
omn,1975,778871
omn,1976,814703
omn,1977,855316
omn,1978,900312
omn,1979,949122
omn,1980,1001248
omn,1981,1057326
omn,1982,1117686
omn,1983,1181464
omn,1984,1247723
omn,1985,1325489
omn,1986,1413424
omn,1987,1501006
omn,1988,1588573
omn,1989,1676234
omn,1990,1763957
omn,1991,1851476
omn,1992,1938240
omn,1993,2021677
omn,1994,2081839
omn,1995,2120531
omn,1996,2156925
omn,1997,2190726
omn,1998,2222492
omn,1999,2252910
omn,2000,2282139
omn,2001,2310223
omn,2002,2337144
omn,2003,2363801
omn,2004,2404822
omn,2005,2459808
omn,2006,2514794
omn,2007,2570175
omn,2008,2626536
omn,2009,2684665
omn,2010,2757450
omn,2011,3076762
omn,2012,3547104
omn,2013,3833915
omn,2014,4002444
omn,2015,4184898
omn,2016,4390880
omn,2017,4537397
omn,2018,4597878
omn,2019,4591248
omn,2020,4522502
omn,2021,4500429
omn,2022,4730229
omn,2023,5049267
pak,1800,13119841
pak,1801,13145712
pak,1802,13171633
pak,1803,13197606
pak,1804,13223629
pak,1805,13249704
pak,1806,13275830
pak,1807,13302008
pak,1808,13328238
pak,1809,13354519
pak,1810,13381804
pak,1811,13409050
pak,1812,13437210
pak,1813,13466291
pak,1814,13496296
pak,1815,13527230
pak,1816,13559098
pak,1817,13591905
pak,1818,13625655
pak,1819,13660353
pak,1820,13696004
pak,1821,13718580
pak,1822,13741205
pak,1823,13786457
pak,1824,13831857
pak,1825,13877407
pak,1826,13923107
pak,1827,13968957
pak,1828,14014958
pak,1829,14061111
pak,1830,14107416
pak,1831,14153873
pak,1832,14200484
pak,1833,14247248
pak,1834,14294165
pak,1835,14341238
pak,1836,14388465
pak,1837,14435848
pak,1838,14483387
pak,1839,14531082
pak,1840,14578935
pak,1841,14626945
pak,1842,14675113
pak,1843,14723440
pak,1844,14771926
pak,1845,14820571
pak,1846,14869377
pak,1847,14918344
pak,1848,14967472
pak,1849,15016761
pak,1850,15066213
pak,1851,15104907
pak,1852,15143692
pak,1853,15182568
pak,1854,15221537
pak,1855,15260597
pak,1856,15299750
pak,1857,15338995
pak,1858,15378332
pak,1859,15417763
pak,1860,15457286
pak,1861,15496902
pak,1862,15536612
pak,1863,15576415
pak,1864,15616312
pak,1865,15656302
pak,1866,15696387
pak,1867,15736566
pak,1868,15776839
pak,1869,15824095
pak,1870,15878377
pak,1871,15939733
pak,1872,16008208
pak,1873,16083847
pak,1874,16159836
pak,1875,16236174
pak,1876,16312864
pak,1877,16389907
pak,1878,16467306
pak,1879,16545061
pak,1880,16623174
pak,1881,16701646
pak,1882,16780480
pak,1883,16859677
pak,1884,16939239
pak,1885,17019166
pak,1886,17099461
pak,1887,17180126
pak,1888,17261161
pak,1889,17342570
pak,1890,17424352
pak,1891,17506511
pak,1892,17589047
pak,1893,17671962
pak,1894,17755259
pak,1895,17838938
pak,1896,17923001
pak,1897,18007451
pak,1898,18092288
pak,1899,18177515
pak,1900,18263133
pak,1901,18349144
pak,1902,18435550
pak,1903,18522352
pak,1904,18609553
pak,1905,18697153
pak,1906,18785155
pak,1907,18873561
pak,1908,18962372
pak,1909,19081237
pak,1910,19230643
pak,1911,19411085
pak,1912,19623063
pak,1913,19867085
pak,1914,20114130
pak,1915,20364235
pak,1916,20617438
pak,1917,20873778
pak,1918,21149350
pak,1919,21451234
pak,1920,21780196
pak,1921,22137018
pak,1922,22522501
pak,1923,22937465
pak,1924,23360074
pak,1925,23790470
pak,1926,24228796
pak,1927,24675197
pak,1928,25129824
pak,1929,25592826
pak,1930,26064359
pak,1931,26544580
pak,1932,27033648
pak,1933,27531728
pak,1934,28038984
pak,1935,28555586
pak,1936,29081706
pak,1937,29617520
pak,1938,30163206
pak,1939,30718945
pak,1940,31284924
pak,1941,31861331
pak,1942,32448357
pak,1943,33046199
pak,1944,33655057
pak,1945,34275132
pak,1946,34906631
pak,1947,35549766
pak,1948,36204749
pak,1949,36919488
pak,1950,35849256
pak,1951,36581906
pak,1952,37377005
pak,1953,38229661
pak,1954,39137072
pak,1955,40098068
pak,1956,41113927
pak,1957,42185142
pak,1958,43312058
pak,1959,44495164
pak,1960,45709314
pak,1961,46921277
pak,1962,48156130
pak,1963,49447780
pak,1964,50799995
pak,1965,52209015
pak,1966,53678671
pak,1967,55214772
pak,1968,56810512
pak,1969,58460945
pak,1970,60166721
pak,1971,61847896
pak,1972,63583192
pak,1973,65461912
pak,1974,67415487
pak,1975,69461179
pak,1976,71620249
pak,1977,73901831
pak,1978,76307381
pak,1979,78997040
pak,1980,82291008
pak,1981,85802048
pak,1982,89089247
pak,1983,92227711
pak,1984,95164940
pak,1985,98229291
pak,1986,101606770
pak,1987,105130710
pak,1988,108724740
pak,1989,112336634
pak,1990,116155584
pak,1991,120060409
pak,1992,123546855
pak,1993,127020117
pak,1994,130748076
pak,1995,134582255
pak,1996,138557089
pak,1997,142531801
pak,1998,146522354
pak,1999,150565381
pak,2000,154879124
pak,2001,159270910
pak,2002,163222552
pak,2003,167110250
pak,2004,171285999
pak,2005,175453212
pak,2006,179682690
pak,2007,184493231
pak,2008,189499112
pak,2009,194376535
pak,2010,199239048
pak,2011,203746069
pak,2012,207667129
pak,2013,211073979
pak,2014,214264649
pak,2015,217290884
pak,2016,220138863
pak,2017,223273974
pak,2018,226928893
pak,2019,230800908
pak,2020,235001745
pak,2021,239477805
pak,2022,243700667
pak,2023,247504505
pan,1800,75600
pan,1801,76150
pan,1802,76703
pan,1803,77261
pan,1804,77823
pan,1805,78389
pan,1806,78958
pan,1807,79533
pan,1808,80111
pan,1809,80693
pan,1810,81284
pan,1811,81875
pan,1812,82470
pan,1813,83070
pan,1814,83674
pan,1815,84282
pan,1816,84895
pan,1817,85512
pan,1818,86134
pan,1819,86760
pan,1820,87391
pan,1821,88027
pan,1822,88667
pan,1823,89311
pan,1824,89961
pan,1825,90615
pan,1826,91274
pan,1827,91937
pan,1828,92606
pan,1829,93279
pan,1830,93957
pan,1831,94640
pan,1832,95328
pan,1833,96021
pan,1834,96720
pan,1835,97423
pan,1836,98131
pan,1837,98845
pan,1838,99563
pan,1839,100287
pan,1840,101016
pan,1841,101751
pan,1842,102490
pan,1843,103236
pan,1844,103986
pan,1845,104742
pan,1846,105504
pan,1847,106271
pan,1848,107043
pan,1849,108195
pan,1850,109736
pan,1851,111620
pan,1852,113916
pan,1853,116636
pan,1854,119422
pan,1855,122274
pan,1856,125194
pan,1857,128184
pan,1858,131245
pan,1859,134379
pan,1860,137588
pan,1861,140874
pan,1862,144238
pan,1863,147682
pan,1864,151209
pan,1865,154820
pan,1866,158516
pan,1867,162302
pan,1868,166177
pan,1869,169763
pan,1870,173049
pan,1871,176021
pan,1872,178669
pan,1873,180979
pan,1874,183318
pan,1875,185688
pan,1876,188088
pan,1877,190519
pan,1878,192982
pan,1879,195476
pan,1880,198003
pan,1881,200562
pan,1882,203154
pan,1883,205780
pan,1884,208439
pan,1885,211133
pan,1886,213861
pan,1887,216625
pan,1888,219424
pan,1889,222260
pan,1890,225132
pan,1891,228041
pan,1892,230988
pan,1893,233972
pan,1894,236995
pan,1895,240058
pan,1896,243159
pan,1897,246301
pan,1898,249483
pan,1899,253127
pan,1900,257249
pan,1901,261863
pan,1902,266984
pan,1903,272628
pan,1904,278391
pan,1905,284277
pan,1906,290286
pan,1907,296423
pan,1908,302689
pan,1909,310303
pan,1910,319341
pan,1911,329883
pan,1912,342015
pan,1913,355823
pan,1914,370189
pan,1915,385135
pan,1916,400683
pan,1917,416860
pan,1918,433932
pan,1919,448384
pan,1920,460090
pan,1921,468921
pan,1922,474737
pan,1923,477399
pan,1924,480075
pan,1925,482766
pan,1926,485473
pan,1927,488194
pan,1928,490931
pan,1929,496177
pan,1930,504023
pan,1931,514563
pan,1932,527892
pan,1933,544111
pan,1934,560829
pan,1935,578060
pan,1936,595821
pan,1937,614127
pan,1938,632995
pan,1939,651679
pan,1940,670153
pan,1941,688390
pan,1942,706364
pan,1943,724046
pan,1944,742171
pan,1945,760750
pan,1946,779793
pan,1947,799313
pan,1948,819322
pan,1949,839905
pan,1950,860855
pan,1951,882013
pan,1952,904460
pan,1953,928203
pan,1954,953092
pan,1955,978971
pan,1956,1005877
pan,1957,1033915
pan,1958,1063168
pan,1959,1093804
pan,1960,1126004
pan,1961,1159880
pan,1962,1195311
pan,1963,1232136
pan,1964,1270068
pan,1965,1308840
pan,1966,1348390
pan,1967,1388630
pan,1968,1429452
pan,1969,1470888
pan,1970,1513071
pan,1971,1556079
pan,1972,1599721
pan,1973,1643696
pan,1974,1687932
pan,1975,1732393
pan,1976,1776943
pan,1977,1821550
pan,1978,1866317
pan,1979,1911555
pan,1980,1957543
pan,1981,2004424
pan,1982,2052278
pan,1983,2101107
pan,1984,2150781
pan,1985,2200921
pan,1986,2251331
pan,1987,2301979
pan,1988,2352856
pan,1989,2403821
pan,1990,2455588
pan,1991,2508273
pan,1992,2561342
pan,1993,2615099
pan,1994,2669545
pan,1995,2724555
pan,1996,2780228
pan,1997,2836702
pan,1998,2893918
pan,1999,2951820
pan,2000,3010376
pan,2001,3069545
pan,2002,3129343
pan,2003,3189813
pan,2004,3251158
pan,2005,3313024
pan,2006,3375024
pan,2007,3437490
pan,2008,3500646
pan,2009,3564383
pan,2010,3628537
pan,2011,3693509
pan,2012,3759261
pan,2013,3825333
pan,2014,3892100
pan,2015,3960034
pan,2016,4029085
pan,2017,4098704
pan,2018,4167860
pan,2019,4234698
pan,2020,4293258
pan,2021,4345410
pan,2022,4400775
pan,2023,4458758
per,1800,1271000
per,1801,1273261
per,1802,1275527
per,1803,1277796
per,1804,1280070
per,1805,1282347
per,1806,1284629
per,1807,1286914
per,1808,1289204
per,1809,1291498
per,1810,1293800
per,1811,1296102
per,1812,1298408
per,1813,1300718
per,1814,1303032
per,1815,1305350
per,1816,1307673
per,1817,1309999
per,1818,1312330
per,1819,1315315
per,1820,1318957
per,1821,1323262
per,1822,1328231
per,1823,1333871
per,1824,1339535
per,1825,1345222
per,1826,1350934
per,1827,1356670
per,1828,1362430
per,1829,1379678
per,1830,1408988
per,1831,1450962
per,1832,1506232
per,1833,1575456
per,1834,1647861
per,1835,1723594
per,1836,1802807
per,1837,1885661
per,1838,1972323
per,1839,2062967
per,1840,2157778
per,1841,2256945
per,1842,2360671
per,1843,2469163
per,1844,2582642
per,1845,2701335
per,1846,2825484
per,1847,2955338
per,1848,3091160
per,1849,3181932
per,1850,3227122
per,1851,3226130
per,1852,3178284
per,1853,3082835
per,1854,2990253
per,1855,2900451
per,1856,2813346
per,1857,2728857
per,1858,2646905
per,1859,2584669
per,1860,2541637
per,1861,2517312
per,1862,2511215
per,1863,2522878
per,1864,2534595
per,1865,2546366
per,1866,2558193
per,1867,2570074
per,1868,2582010
per,1869,2598136
per,1870,2618522
per,1871,2643242
per,1872,2672368
per,1873,2705975
per,1874,2740004
per,1875,2774462
per,1876,2809353
per,1877,2844683
per,1878,2880457
per,1879,2916681
per,1880,2953360
per,1881,2990501
per,1882,3028108
per,1883,3066189
per,1884,3104749
per,1885,3143793
per,1886,3183329
per,1887,3223362
per,1888,3263898
per,1889,3302336
per,1890,3338627
per,1891,3372721
per,1892,3404567
per,1893,3434114
per,1894,3463918
per,1895,3493980
per,1896,3524303
per,1897,3554889
per,1898,3585741
per,1899,3619764
per,1900,3657023
per,1901,3697583
per,1902,3741510
per,1903,3788872
per,1904,3836833
per,1905,3885402
per,1906,3934585
per,1907,3984391
per,1908,4034828
per,1909,4085875
per,1910,4137540
per,1911,4189831
per,1912,4242755
per,1913,4296321
per,1914,4350562
per,1915,4405488
per,1916,4461108
per,1917,4517430
per,1918,4574463
per,1919,4635090
per,1920,4699402
per,1921,4767491
per,1922,4839450
per,1923,4915376
per,1924,4992494
per,1925,5070822
per,1926,5150378
per,1927,5231183
per,1928,5313255
per,1929,5397255
per,1930,5483224
per,1931,5571203
per,1932,5661235
per,1933,5753362
per,1934,5846988
per,1935,5942138
per,1936,6038837
per,1937,6137109
per,1938,6236980
per,1939,6339585
per,1940,6444987
per,1941,6553250
per,1942,6664442
per,1943,6778629
per,1944,6894773
per,1945,7012907
per,1946,7133065
per,1947,7255281
per,1948,7379592
per,1949,7520596
per,1950,7677414
per,1951,7893620
per,1952,8116670
per,1953,8344907
per,1954,8579314
per,1955,8822015
per,1956,9073471
per,1957,9333871
per,1958,9603649
per,1959,9883656
per,1960,10174128
per,1961,10475126
per,1962,10784615
per,1963,11102095
per,1964,11427988
per,1965,11761091
per,1966,12101300
per,1967,12448815
per,1968,12803985
per,1969,13166756
per,1970,13501237
per,1971,13838069
per,1972,14210147
per,1973,14582864
per,1974,14956554
per,1975,15333955
per,1976,15716814
per,1977,16109808
per,1978,16516061
per,1979,16933143
per,1980,17360955
per,1981,17798803
per,1982,18246506
per,1983,18705961
per,1984,19174717
per,1985,19648212
per,1986,20117127
per,1987,20582325
per,1988,21054704
per,1989,21532587
per,1990,22014772
per,1991,22483784
per,1992,22946345
per,1993,23413783
per,1994,23881497
per,1995,24348922
per,1996,24811174
per,1997,25274149
per,1998,25738101
per,1999,26186499
per,2000,26598328
per,2001,26964610
per,2002,27288211
per,2003,27580485
per,2004,27852190
per,2005,28101175
per,2006,28324488
per,2007,28530704
per,2008,28719038
per,2009,28896819
per,2010,29086021
per,2011,29304083
per,2012,29550367
per,2013,29817908
per,2014,30115825
per,2015,30457598
per,2016,30866497
per,2017,31324639
per,2018,31897590
per,2019,32449302
per,2020,32838577
per,2021,33155883
per,2022,33475436
per,2023,33845616
phl,1800,2500000
phl,1801,2436516
phl,1802,2374643
phl,1803,2314342
phl,1804,2255572
phl,1805,2198295
phl,1806,2142472
phl,1807,2088066
phl,1808,2035043
phl,1809,1983365
phl,1810,1977352
phl,1811,1970924
phl,1812,1979603
phl,1813,2003184
phl,1814,2027046
phl,1815,2051192
phl,1816,2075625
phl,1817,2100350
phl,1818,2125369
phl,1819,2153243
phl,1820,2184052
phl,1821,2217877
phl,1822,2254800
phl,1823,2294908
phl,1824,2335728
phl,1825,2377275
phl,1826,2419561
phl,1827,2462598
phl,1828,2506402
phl,1829,2550984
phl,1830,2596360
phl,1831,2642543
phl,1832,2689547
phl,1833,2737387
phl,1834,2786078
phl,1835,2835636
phl,1836,2886074
phl,1837,2937410
phl,1838,2989660
phl,1839,3041443
phl,1840,3092731
phl,1841,3143492
phl,1842,3193695
phl,1843,3243308
phl,1844,3293691
phl,1845,3344857
phl,1846,3396818
phl,1847,3449585
phl,1848,3503173
phl,1849,3558672
phl,1850,3616131
phl,1851,3668487
phl,1852,3722665
phl,1853,3778702
phl,1854,3835568
phl,1855,3893276
phl,1856,3951836
phl,1857,4011262
phl,1858,4071566
phl,1859,4132760
phl,1860,4194858
phl,1861,4257873
phl,1862,4321817
phl,1863,4386704
phl,1864,4452548
phl,1865,4519363
phl,1866,4587161
phl,1867,4655959
phl,1868,4725769
phl,1869,4796453
phl,1870,4868021
phl,1871,4940483
phl,1872,5013851
phl,1873,5088134
phl,1874,5163498
phl,1875,5239955
phl,1876,5317524
phl,1877,5396217
phl,1878,5476053
phl,1879,5546929
phl,1880,5608674
phl,1881,5661114
phl,1882,5704072
phl,1883,5737368
phl,1884,5770833
phl,1885,5804469
phl,1886,5838276
phl,1887,5872254
phl,1888,5906404
phl,1889,5946075
phl,1890,5991341
phl,1891,6042278
phl,1892,6098964
phl,1893,6161476
phl,1894,6224600
phl,1895,6288344
phl,1896,6352711
phl,1897,6417709
phl,1898,6483342
phl,1899,6558701
phl,1900,6644021
phl,1901,6739540
phl,1902,6845501
phl,1903,6962152
phl,1904,7080757
phl,1905,7201350
phl,1906,7323962
phl,1907,7448627
phl,1908,7575378
phl,1909,7704315
phl,1910,7835476
phl,1911,7968898
phl,1912,8104619
phl,1913,8242677
phl,1914,8383046
phl,1915,8525764
phl,1916,8670870
phl,1917,8818401
phl,1918,8988378
phl,1919,9164729
phl,1920,9347641
phl,1921,9537309
phl,1922,9733929
phl,1923,9937705
phl,1924,10145747
phl,1925,10358144
phl,1926,10574987
phl,1927,10796370
phl,1928,11022388
phl,1929,11258196
phl,1930,11504117
phl,1931,11760482
phl,1932,12027632
phl,1933,12305918
phl,1934,12590643
phl,1935,12881956
phl,1936,13180009
phl,1937,13484959
phl,1938,13796964
phl,1939,14120183
phl,1940,14454975
phl,1941,14801707
phl,1942,15160759
phl,1943,15532521
phl,1944,15913398
phl,1945,16303615
phl,1946,16703401
phl,1947,17112990
phl,1948,17532623
phl,1949,17984434
phl,1950,18849532
phl,1951,19568083
phl,1952,20328753
phl,1953,21132502
phl,1954,21982504
phl,1955,22880568
phl,1956,23825808
phl,1957,24815856
phl,1958,25842525
phl,1959,26907612
phl,1960,27891900
phl,1961,28792620
phl,1962,29723535
phl,1963,30674733
phl,1964,31643038
phl,1965,32625328
phl,1966,33617171
phl,1967,34621326
phl,1968,35638338
phl,1969,36660795
phl,1970,37622203
phl,1971,38518656
phl,1972,39408560
phl,1973,40294126
phl,1974,41174338
phl,1975,42120830
phl,1976,43201486
phl,1977,44367965
phl,1978,45575286
phl,1979,46807104
phl,1980,48043744
phl,1981,49311730
phl,1982,50695715
phl,1983,52194624
phl,1984,53726187
phl,1985,55213007
phl,1986,56645083
phl,1987,58157496
phl,1988,59739056
phl,1989,61265259
phl,1990,62854668
phl,1991,64382249
phl,1992,65926130
phl,1993,67530621
phl,1994,69019297
phl,1995,70546245
phl,1996,72190237
phl,1997,73908813
phl,1998,75791031
phl,1999,77753256
phl,2000,79625401
phl,2001,81401488
phl,2002,83068889
phl,2003,84731836
phl,2004,86394510
phl,2005,88015959
phl,2006,89508992
phl,2007,91075180
phl,2008,92699091
phl,2009,94384256
phl,2010,96337127
phl,2011,98248614
phl,2012,100175511
phl,2013,102076334
phl,2014,103767127
phl,2015,105312988
phl,2016,106735721
phl,2017,108119691
phl,2018,109465284
phl,2019,110804685
phl,2020,112081270
phl,2021,113100947
phl,2022,113964343
phl,2023,114891199
plw,1800,3875
plw,1801,3875
plw,1802,3875
plw,1803,3875
plw,1804,3875
plw,1805,3875
plw,1806,3875
plw,1807,3875
plw,1808,3875
plw,1809,3875
plw,1810,3875
plw,1811,3875
plw,1812,3875
plw,1813,3875
plw,1814,3875
plw,1815,3875
plw,1816,3875
plw,1817,3875
plw,1818,3875
plw,1819,3879
plw,1820,3886
plw,1821,3898
plw,1822,3913
plw,1823,3932
plw,1824,3951
plw,1825,3970
plw,1826,3989
plw,1827,4008
plw,1828,4027
plw,1829,4047
plw,1830,4066
plw,1831,4086
plw,1832,4106
plw,1833,4126
plw,1834,4146
plw,1835,4166
plw,1836,4186
plw,1837,4206
plw,1838,4226
plw,1839,4247
plw,1840,4267
plw,1841,4288
plw,1842,4309
plw,1843,4329
plw,1844,4350
plw,1845,4371
plw,1846,4392
plw,1847,4414
plw,1848,4435
plw,1849,4456
plw,1850,4478
plw,1851,4500
plw,1852,4523
plw,1853,4545
plw,1854,4568
plw,1855,4591
plw,1856,4614
plw,1857,4637
plw,1858,4660
plw,1859,4683
plw,1860,4707
plw,1861,4730
plw,1862,4754
plw,1863,4778
plw,1864,4802
plw,1865,4826
plw,1866,4850
plw,1867,4874
plw,1868,4898
plw,1869,4923
plw,1870,4947
plw,1871,4972
plw,1872,4997
plw,1873,5022
plw,1874,5047
plw,1875,5072
plw,1876,5097
plw,1877,5123
plw,1878,5148
plw,1879,5174
plw,1880,5200
plw,1881,5226
plw,1882,5252
plw,1883,5278
plw,1884,5305
plw,1885,5331
plw,1886,5358
plw,1887,5385
plw,1888,5411
plw,1889,5438
plw,1890,5466
plw,1891,5493
plw,1892,5520
plw,1893,5548
plw,1894,5576
plw,1895,5604
plw,1896,5632
plw,1897,5660
plw,1898,5688
plw,1899,5716
plw,1900,5745
plw,1901,5774
plw,1902,5802
plw,1903,5831
plw,1904,5861
plw,1905,5890
plw,1906,5919
plw,1907,5949
plw,1908,5978
plw,1909,6008
plw,1910,6038
plw,1911,6068
plw,1912,6099
plw,1913,6129
plw,1914,6160
plw,1915,6191
plw,1916,6222
plw,1917,6253
plw,1918,6283
plw,1919,6313
plw,1920,6344
plw,1921,6374
plw,1922,6405
plw,1923,6436
plw,1924,6467
plw,1925,6498
plw,1926,6530
plw,1927,6561
plw,1928,6593
plw,1929,6625
plw,1930,6657
plw,1931,6689
plw,1932,6721
plw,1933,6754
plw,1934,6787
plw,1935,6819
plw,1936,6852
plw,1937,6885
plw,1938,6919
plw,1939,6952
plw,1940,6986
plw,1941,7019
plw,1942,7053
plw,1943,7087
plw,1944,7122
plw,1945,7156
plw,1946,7191
plw,1947,7225
plw,1948,7260
plw,1949,7328
plw,1950,7494
plw,1951,7679
plw,1952,7838
plw,1953,8028
plw,1954,8231
plw,1955,8439
plw,1956,8614
plw,1957,8771
plw,1958,8924
plw,1959,9125
plw,1960,9349
plw,1961,9581
plw,1962,9815
plw,1963,10060
plw,1964,10313
plw,1965,10567
plw,1966,10825
plw,1967,11012
plw,1968,11104
plw,1969,11182
plw,1970,11393
plw,1971,11783
plw,1972,12216
plw,1973,12577
plw,1974,12711
plw,1975,12675
plw,1976,12622
plw,1977,12548
plw,1978,12465
plw,1979,12359
plw,1980,12296
plw,1981,12423
plw,1982,12721
plw,1983,13028
plw,1984,13359
plw,1985,13712
plw,1986,14044
plw,1987,14357
plw,1988,14664
plw,1989,14969
plw,1990,15282
plw,1991,15635
plw,1992,16017
plw,1993,16397
plw,1994,16796
plw,1995,17217
plw,1996,17683
plw,1997,18126
plw,1998,18548
plw,1999,18926
plw,2000,19206
plw,2001,19379
plw,2002,19527
plw,2003,19683
plw,2004,19841
plw,2005,19837
plw,2006,19616
plw,2007,19324
plw,2008,19031
plw,2009,18736
plw,2010,18420
plw,2011,18099
plw,2012,17791
plw,2013,17670
plw,2014,17740
plw,2015,17791
plw,2016,17824
plw,2017,17838
plw,2018,17843
plw,2019,17821
plw,2020,17817
plw,2021,17809
plw,2022,17784
plw,2023,17751
png,1800,754894
png,1801,754894
png,1802,754894
png,1803,754894
png,1804,754894
png,1805,754894
png,1806,754894
png,1807,754894
png,1808,754894
png,1809,754894
png,1810,754894
png,1811,754894
png,1812,754894
png,1813,754894
png,1814,754894
png,1815,754894
png,1816,754894
png,1817,754894
png,1818,754894
png,1819,754951
png,1820,755065
png,1821,755236
png,1822,755465
png,1823,755750
png,1824,756036
png,1825,756321
png,1826,756607
png,1827,756893
png,1828,757179
png,1829,757465
png,1830,757751
png,1831,758037
png,1832,758324
png,1833,758610
png,1834,758897
png,1835,759184
png,1836,759471
png,1837,759757
png,1838,760045
png,1839,760332
png,1840,760619
png,1841,760906
png,1842,761194
png,1843,761481
png,1844,761769
png,1845,762057
png,1846,762345
png,1847,762633
png,1848,762921
png,1849,763209
png,1850,763498
png,1851,765038
png,1852,766580
png,1853,768122
png,1854,769666
png,1855,771211
png,1856,772757
png,1857,774303
png,1858,775851
png,1859,777400
png,1860,778950
png,1861,780501
png,1862,782054
png,1863,783607
png,1864,785161
png,1865,786716
png,1866,788273
png,1867,789830
png,1868,791389
png,1869,792948
png,1870,794509
png,1871,796071
png,1872,797633
png,1873,799197
png,1874,800762
png,1875,802328
png,1876,803895
png,1877,805463
png,1878,807033
png,1879,808603
png,1880,810174
png,1881,811747
png,1882,813320
png,1883,814895
png,1884,816470
png,1885,818047
png,1886,819625
png,1887,821204
png,1888,822784
png,1889,824365
png,1890,825947
png,1891,827530
png,1892,829114
png,1893,830699
png,1894,832286
png,1895,833873
png,1896,835462
png,1897,837052
png,1898,838642
png,1899,840234
png,1900,841827
png,1901,843421
png,1902,845016
png,1903,846612
png,1904,848209
png,1905,849808
png,1906,851407
png,1907,853008
png,1908,854609
png,1909,848110
png,1910,833850
png,1911,812156
png,1912,783339
png,1913,747696
png,1914,713674
png,1915,681198
png,1916,650198
png,1917,620608
png,1918,591489
png,1919,569561
png,1920,554530
png,1921,546115
png,1922,544050
png,1923,548080
png,1924,552141
png,1925,556231
png,1926,560352
png,1927,564503
png,1928,568686
png,1929,577957
png,1930,592614
png,1931,612970
png,1932,639353
png,1933,672109
png,1934,706543
png,1935,742740
png,1936,780793
png,1937,820795
png,1938,862846
png,1939,907052
png,1940,953522
png,1941,1002373
png,1942,1053727
png,1943,1107712
png,1944,1164463
png,1945,1224121
png,1946,1286836
png,1947,1352763
png,1948,1422069
png,1949,1485598
png,1950,1543441
png,1951,1574928
png,1952,1609545
png,1953,1650236
png,1954,1693505
png,1955,1739220
png,1956,1787446
png,1957,1837511
png,1958,1888969
png,1959,1941505
png,1960,1995115
png,1961,2046133
png,1962,2093926
png,1963,2141380
png,1964,2188332
png,1965,2235830
png,1966,2285785
png,1967,2337542
png,1968,2390812
png,1969,2446932
png,1970,2505632
png,1971,2566429
png,1972,2628436
png,1973,2690639
png,1974,2752679
png,1975,2814827
png,1976,2877337
png,1977,2940331
png,1978,3003718
png,1979,3067350
png,1980,3131516
png,1981,3197030
png,1982,3264301
png,1983,3333642
png,1984,3405200
png,1985,3478945
png,1986,3554802
png,1987,3632546
png,1988,3711894
png,1989,3796088
png,1990,3896482
png,1991,4021840
png,1992,4166702
png,1993,4320880
png,1994,4480210
png,1995,4644282
png,1996,4813363
png,1997,4987887
png,1998,5166390
png,1999,5349333
png,2000,5537068
png,2001,5728444
png,2002,5924010
png,2003,6124005
png,2004,6328042
png,2005,6535905
png,2006,6747724
png,2007,6963353
png,2008,7183002
png,2009,7406442
png,2010,7633524
png,2011,7859349
png,2012,8081396
png,2013,8302700
png,2014,8523440
png,2015,8743247
png,2016,8961717
png,2017,9178717
png,2018,9394518
png,2019,9609014
png,2020,9815743
png,2021,10012898
png,2022,10203177
png,2023,10389638
pol,1800,9000000
pol,1801,9066429
pol,1802,9133349
pol,1803,9200762
pol,1804,9268673
pol,1805,9337085
pol,1806,9406002
pol,1807,9475428
pol,1808,9545366
pol,1809,9615821
pol,1810,9687319
pol,1811,9758821
pol,1812,9830851
pol,1813,9903413
pol,1814,9976510
pol,1815,10050147
pol,1816,10124327
pol,1817,10199055
pol,1818,10274334
pol,1819,10350171
pol,1820,10426570
pol,1821,10503535
pol,1822,10581070
pol,1823,10659180
pol,1824,10737866
pol,1825,10817133
pol,1826,10896985
pol,1827,10977426
pol,1828,11058462
pol,1829,11140095
pol,1830,11222331
pol,1831,11305175
pol,1832,11388630
pol,1833,11472700
pol,1834,11557392
pol,1835,11642709
pol,1836,11728655
pol,1837,11815236
pol,1838,11902456
pol,1839,11990320
pol,1840,12078833
pol,1841,12167999
pol,1842,12257823
pol,1843,12348310
pol,1844,12439465
pol,1845,12531294
pol,1846,12623800
pol,1847,12716989
pol,1848,12810865
pol,1849,12920301
pol,1850,13045605
pol,1851,13182509
pol,1852,13335806
pol,1853,13505801
pol,1854,13677962
pol,1855,13852316
pol,1856,14028890
pol,1857,14207714
pol,1858,14388815
pol,1859,14572223
pol,1860,14757967
pol,1861,14946077
pol,1862,15136583
pol,1863,15329515
pol,1864,15524904
pol,1865,15722782
pol,1866,15923179
pol,1867,16126130
pol,1868,16331664
pol,1869,16547224
pol,1870,16773045
pol,1871,17009367
pol,1872,17256436
pol,1873,17514502
pol,1874,17776425
pol,1875,18042263
pol,1876,18312073
pol,1877,18585917
pol,1878,18863853
pol,1879,19145943
pol,1880,19432249
pol,1881,19722834
pol,1882,20017762
pol,1883,20317098
pol,1884,20620907
pol,1885,20929256
pol,1886,21242214
pol,1887,21559849
pol,1888,21882231
pol,1889,22176477
pol,1890,22441927
pol,1891,22677908
pol,1892,22883734
pol,1893,23058710
pol,1894,23235021
pol,1895,23412677
pol,1896,23591688
pol,1897,23772066
pol,1898,23953819
pol,1899,24134036
pol,1900,24312686
pol,1901,24489736
pol,1902,24665156
pol,1903,24838911
pol,1904,25013887
pol,1905,25190093
pol,1906,25367537
pol,1907,25546228
pol,1908,25726174
pol,1909,25813800
pol,1910,25809505
pol,1911,25713684
pol,1912,25526720
pol,1913,25248988
pol,1914,24974275
pol,1915,24702547
pol,1916,24433773
pol,1917,24167920
pol,1918,23913465
pol,1919,23787804
pol,1920,23791651
pol,1921,23925744
pol,1922,24190850
pol,1923,24587764
pol,1924,24991189
pol,1925,25401234
pol,1926,25818006
pol,1927,26241617
pol,1928,26672178
pol,1929,27053912
pol,1930,27385667
pol,1931,27666271
pol,1932,27894531
pol,1933,28069231
pol,1934,28245024
pol,1935,28421919
pol,1936,28599922
pol,1937,28779039
pol,1938,28959278
pol,1939,28993497
pol,1940,28883551
pol,1941,28631257
pol,1942,28238390
pol,1943,27706686
pol,1944,27184994
pol,1945,26673126
pol,1946,26170895
pol,1947,25678120
pol,1948,25194625
pol,1949,24897453
pol,1950,24780169
pol,1951,25222692
pol,1952,25672466
pol,1953,26126457
pol,1954,26590478
pol,1955,27063640
pol,1956,27535570
pol,1957,28076495
pol,1958,28643644
pol,1959,29132534
pol,1960,29575967
pol,1961,29979692
pol,1962,30338094
pol,1963,30674024
pol,1964,30993140
pol,1965,31288338
pol,1966,31568281
pol,1967,31828626
pol,1968,32078388
pol,1969,32322778
pol,1970,32542639
pol,1971,32771298
pol,1972,33041993
pol,1973,33333275
pol,1974,33642463
pol,1975,33964400
pol,1976,34296611
pol,1977,34628513
pol,1978,34934216
pol,1979,35248382
pol,1980,35576518
pol,1981,35900913
pol,1982,36233465
pol,1983,36573700
pol,1984,36905795
pol,1985,37200850
pol,1986,37452612
pol,1987,37665710
pol,1988,37817863
pol,1989,37938086
pol,1990,38055448
pol,1991,38152947
pol,1992,38233636
pol,1993,38294882
pol,1994,38344312
pol,1995,38364668
pol,1996,38359164
pol,1997,38348307
pol,1998,38326431
pol,1999,38287717
pol,2000,38258077
pol,2001,38247359
pol,2002,38229407
pol,2003,38203527
pol,2004,38167568
pol,2005,38124377
pol,2006,38071169
pol,2007,38020420
pol,2008,37995902
pol,2009,38002153
pol,2010,38095356
pol,2011,38208644
pol,2012,38247867
pol,2013,38259267
pol,2014,38265113
pol,2015,38266314
pol,2016,38263260
pol,2017,38254964
pol,2018,38241070
pol,2019,38225884
pol,2020,38171005
pol,2021,38040303
pol,2022,38385734
pol,2023,38762847
pri,1800,146063
pri,1810,190325
pri,1820,248000
pri,1830,299428
pri,1840,350856
pri,1850,440820
pri,1860,537637
pri,1870,644736
pri,1880,753992
pri,1890,861685
pri,1900,981410
pri,1910,1209433
pri,1920,1437455
pri,1930,1665477
pri,1940,1893499
pri,1950,2229095
pri,1951,2247532
pri,1952,2263657
pri,1953,2277883
pri,1954,2291114
pri,1955,2303490
pri,1956,2314891
pri,1957,2324736
pri,1958,2333212
pri,1959,2342073
pri,1960,2363917
pri,1961,2401174
pri,1962,2441245
pri,1963,2480574
pri,1964,2519045
pri,1965,2556647
pri,1966,2593846
pri,1967,2630516
pri,1968,2665791
pri,1969,2698429
pri,1970,2734424
pri,1971,2777971
pri,1972,2824367
pri,1973,2871132
pri,1974,2918199
pri,1975,2966108
pri,1976,3014962
pri,1977,3064450
pri,1978,3114154
pri,1979,3165034
pri,1980,3213679
pri,1981,3256568
pri,1982,3295926
pri,1983,3332652
pri,1984,3367197
pri,1985,3399311
pri,1986,3428773
pri,1987,3457138
pri,1988,3485070
pri,1989,3512010
pri,1990,3541046
pri,1991,3573669
pri,1992,3606393
pri,1993,3637207
pri,1994,3666079
pri,1995,3693594
pri,1996,3719955
pri,1997,3745583
pri,1998,3770561
pri,1999,3794479
pri,2000,3809868
pri,2001,3813009
pri,2002,3810715
pri,2003,3806043
pri,2004,3798659
pri,2005,3788412
pri,2006,3776220
pri,2007,3763089
pri,2008,3749130
pri,2009,3735014
pri,2010,3714834
pri,2011,3683711
pri,2012,3646423
pri,2013,3606773
pri,2014,3565367
pri,2015,3521811
pri,2016,3476008
pri,2017,3371878
pri,2018,3290068
pri,2019,3288027
pri,2020,3275800
pri,2021,3253210
pri,2022,3240972
pri,2023,3242022
prk,1800,4345000
prk,1801,4345000
prk,1802,4345000
prk,1803,4345000
prk,1804,4345000
prk,1805,4345000
prk,1806,4345000
prk,1807,4345000
prk,1808,4345000
prk,1809,4345000
prk,1810,4345000
prk,1811,4345000
prk,1812,4345000
prk,1813,4345000
prk,1814,4345000
prk,1815,4345000
prk,1816,4345000
prk,1817,4345000
prk,1818,4345000
prk,1819,4345652
prk,1820,4346956
prk,1821,4348913
prk,1822,4351524
prk,1823,4354788
prk,1824,4358055
prk,1825,4361324
prk,1826,4364595
prk,1827,4367869
prk,1828,4371146
prk,1829,4374425
prk,1830,4377706
prk,1831,4380990
prk,1832,4384277
prk,1833,4387566
prk,1834,4390857
prk,1835,4394151
prk,1836,4397447
prk,1837,4400746
prk,1838,4404047
prk,1839,4407350
prk,1840,4410657
prk,1841,4413965
prk,1842,4417276
prk,1843,4420590
prk,1844,4423906
prk,1845,4427225
prk,1846,4430546
prk,1847,4433869
prk,1848,4437195
prk,1849,4440524
prk,1850,4443855
prk,1851,4458952
prk,1852,4474069
prk,1853,4489206
prk,1854,4504363
prk,1855,4519541
prk,1856,4534739
prk,1857,4549957
prk,1858,4565195
prk,1859,4580454
prk,1860,4595733
prk,1861,4611032
prk,1862,4626352
prk,1863,4641692
prk,1864,4657053
prk,1865,4672434
prk,1866,4687835
prk,1867,4703257
prk,1868,4718699
prk,1869,4735399
prk,1870,4753367
prk,1871,4772618
prk,1872,4793164
prk,1873,4815019
prk,1874,4836943
prk,1875,4858936
prk,1876,4881000
prk,1877,4903134
prk,1878,4925338
prk,1879,4947613
prk,1880,4969959
prk,1881,4992375
prk,1882,5014863
prk,1883,5037422
prk,1884,5060052
prk,1885,5082755
prk,1886,5105529
prk,1887,5128375
prk,1888,5151294
prk,1889,5174285
prk,1890,5197349
prk,1891,5220485
prk,1892,5243695
prk,1893,5266979
prk,1894,5290336
prk,1895,5313766
prk,1896,5337271
prk,1897,5360849
prk,1898,5384502
prk,1899,5408230
prk,1900,5432032
prk,1901,5455910
prk,1902,5479862
prk,1903,5503890
prk,1904,5527994
prk,1905,5552173
prk,1906,5576429
prk,1907,5600760
prk,1908,5625168
prk,1909,5666153
prk,1910,5724136
prk,1911,5799549
prk,1912,5892831
prk,1913,6004427
prk,1914,6118105
prk,1915,6233903
prk,1916,6351861
prk,1917,6472018
prk,1918,6579631
prk,1919,6689033
prk,1920,6800254
prk,1921,6913324
prk,1922,7028275
prk,1923,7145137
prk,1924,7263942
prk,1925,7384722
prk,1926,7507510
prk,1927,7632341
prk,1928,7759247
prk,1929,7888263
prk,1930,8019424
prk,1931,8152766
prk,1932,8288325
prk,1933,8426138
prk,1934,8566243
prk,1935,8708677
prk,1936,8853479
prk,1937,9000690
prk,1938,9150348
prk,1939,9302494
prk,1940,9457170
prk,1941,9614418
prk,1942,9774281
prk,1943,9936801
prk,1944,10102024
prk,1945,10269995
prk,1946,10440758
prk,1947,10614360
prk,1948,10790849
prk,1949,10953980
prk,1950,11116734
prk,1951,10583576
prk,1952,10253639
prk,1953,10177418
prk,1954,10242806
prk,1955,10403326
prk,1956,10600386
prk,1957,10854683
prk,1958,11163751
prk,1959,11452992
prk,1960,11722950
prk,1961,11990714
prk,1962,12262886
prk,1963,12567059
prk,1964,12889774
prk,1965,13219375
prk,1966,13569099
prk,1967,13958350
prk,1968,14365601
prk,1969,14767625
prk,1970,15172777
prk,1971,15572460
prk,1972,15975065
prk,1973,16350372
prk,1974,16673124
prk,1975,16971055
prk,1976,17243455
prk,1977,17492797
prk,1978,17736000
prk,1979,17983465
prk,1980,18236783
prk,1981,18501303
prk,1982,18776359
prk,1983,19054039
prk,1984,19335049
prk,1985,19620396
prk,1986,19910856
prk,1987,20205485
prk,1988,20503161
prk,1989,20804363
prk,1990,21112134
prk,1991,21428637
prk,1992,21750912
prk,1993,22073354
prk,1994,22393967
prk,1995,22669307
prk,1996,22895753
prk,1997,23110836
prk,1998,23311570
prk,1999,23497594
prk,2000,23665909
prk,2001,23815364
prk,2002,23943975
prk,2003,24090382
prk,2004,24254946
prk,2005,24396434
prk,2006,24524508
prk,2007,24646384
prk,2008,24764620
prk,2009,24878338
prk,2010,24987257
prk,2011,25097877
prk,2012,25211737
prk,2013,25329456
prk,2014,25451263
prk,2015,25575355
prk,2016,25698325
prk,2017,25817710
prk,2018,25931153
prk,2019,26037633
prk,2020,26136312
prk,2021,26232530
prk,2022,26328843
prk,2023,26418196
prt,1800,2750000
prt,1801,2775058
prt,1802,2800344
prt,1803,2825860
prt,1804,2851609
prt,1805,2877592
prt,1806,2903812
prt,1807,2930272
prt,1808,2956972
prt,1809,2983915
prt,1810,3011352
prt,1811,3038791
prt,1812,3066480
prt,1813,3094422
prt,1814,3122618
prt,1815,3151070
prt,1816,3179783
prt,1817,3208756
prt,1818,3237994
prt,1819,3265271
prt,1820,3290556
prt,1821,3313818
prt,1822,3335027
prt,1823,3354149
prt,1824,3373382
prt,1825,3392725
prt,1826,3412178
prt,1827,3431743
prt,1828,3451420
prt,1829,3471354
prt,1830,3491548
prt,1831,3512002
prt,1832,3532721
prt,1833,3553705
prt,1834,3574815
prt,1835,3596049
prt,1836,3617410
prt,1837,3638898
prt,1838,3660513
prt,1839,3680067
prt,1840,3697539
prt,1841,3712913
prt,1842,3726167
prt,1843,3737284
prt,1844,3748433
prt,1845,3759616
prt,1846,3770833
prt,1847,3782083
prt,1848,3793366
prt,1849,3806009
prt,1850,3820021
prt,1851,3835328
prt,1852,3852025
prt,1853,3870122
prt,1854,3888303
prt,1855,3906571
prt,1856,3924924
prt,1857,3943363
prt,1858,3961889
prt,1859,3983036
prt,1860,4006837
prt,1861,4033324
prt,1862,4062531
prt,1863,4094489
prt,1864,4126699
prt,1865,4159162
prt,1866,4191881
prt,1867,4224856
prt,1868,4258092
prt,1869,4290262
prt,1870,4321350
prt,1871,4351340
prt,1872,4380214
prt,1873,4407954
prt,1874,4435870
prt,1875,4463963
prt,1876,4492234
prt,1877,4520684
prt,1878,4549314
prt,1879,4580302
prt,1880,4613680
prt,1881,4649485
prt,1882,4687749
prt,1883,4728508
prt,1884,4769622
prt,1885,4811093
prt,1886,4852925
prt,1887,4895120
prt,1888,4937682
prt,1889,4979128
prt,1890,5019437
prt,1891,5058589
prt,1892,5096563
prt,1893,5133336
prt,1894,5170376
prt,1895,5207682
prt,1896,5245258
prt,1897,5283105
prt,1898,5321225
prt,1899,5361032
prt,1900,5402551
prt,1901,5445806
prt,1902,5490822
prt,1903,5537624
prt,1904,5584825
prt,1905,5632428
prt,1906,5680437
prt,1907,5728855
prt,1908,5777686
prt,1909,5819754
prt,1910,5854984
prt,1911,5883300
prt,1912,5904627
prt,1913,5918888
prt,1914,5933183
prt,1915,5947512
prt,1916,5961877
prt,1917,5976275
prt,1918,5990842
prt,1919,6016799
prt,1920,6054309
prt,1921,6103537
prt,1922,6164649
prt,1923,6237814
prt,1924,6311847
prt,1925,6386759
prt,1926,6462560
prt,1927,6539261
prt,1928,6616872
prt,1929,6696146
prt,1930,6777114
prt,1931,6859803
prt,1932,6944245
prt,1933,7030468
prt,1934,7117763
prt,1935,7206141
prt,1936,7295617
prt,1937,7386204
prt,1938,7477915
prt,1939,7566417
prt,1940,7651628
prt,1941,7733465
prt,1942,7811843
prt,1943,7886677
prt,1944,7962228
prt,1945,8038503
prt,1946,8115508
prt,1947,8193251
prt,1948,8271739
prt,1949,8346329
prt,1950,8418877
prt,1951,8474201
prt,1952,8523424
prt,1953,8572744
prt,1954,8616967
prt,1955,8662889
prt,1956,8704061
prt,1957,8743286
prt,1958,8792775
prt,1959,8840372
prt,1960,8873223
prt,1961,8888380
prt,1962,8895775
prt,1963,8898304
prt,1964,8895764
prt,1965,8889623
prt,1966,8872477
prt,1967,8845842
prt,1968,8809709
prt,1969,8754238
prt,1970,8669523
prt,1971,8685587
prt,1972,8815590
prt,1973,8939234
prt,1974,9059175
prt,1975,9182303
prt,1976,9310263
prt,1977,9438170
prt,1978,9556397
prt,1979,9663303
prt,1980,9763622
prt,1981,9837588
prt,1982,9885845
prt,1983,9925257
prt,1984,9956893
prt,1985,9979475
prt,1986,9993097
prt,1987,10001990
prt,1988,10004588
prt,1989,10001380
prt,1990,9989526
prt,1991,9969181
prt,1992,9960345
prt,1993,9972341
prt,1994,9998487
prt,1995,10031756
prt,1996,10067655
prt,1997,10110548
prt,1998,10159524
prt,1999,10214877
prt,2000,10283196
prt,2001,10354329
prt,2002,10413045
prt,2003,10454246
prt,2004,10481386
prt,2005,10502993
prt,2006,10524123
prt,2007,10546822
prt,2008,10564086
prt,2009,10576265
prt,2010,10578659
prt,2011,10557050
prt,2012,10513155
prt,2013,10458287
prt,2014,10406203
prt,2015,10370264
prt,2016,10346377
prt,2017,10330838
prt,2018,10325355
prt,2019,10343218
prt,2020,10370519
prt,2021,10390957
prt,2022,10417074
prt,2023,10430735
pry,1800,300000
pry,1801,289089
pry,1802,278575
pry,1803,268444
pry,1804,258681
pry,1805,249273
pry,1806,240207
pry,1807,231471
pry,1808,223053
pry,1809,214940
pry,1810,207408
pry,1811,199864
pry,1812,192595
pry,1813,185591
pry,1814,178841
pry,1815,172337
pry,1816,166069
pry,1817,160029
pry,1818,154209
pry,1819,150507
pry,1820,148904
pry,1821,149382
pry,1822,151928
pry,1823,156529
pry,1824,161270
pry,1825,166154
pry,1826,171186
pry,1827,176371
pry,1828,181712
pry,1829,187216
pry,1830,192886
pry,1831,198727
pry,1832,204746
pry,1833,210947
pry,1834,217336
pry,1835,223918
pry,1836,230699
pry,1837,237686
pry,1838,244885
pry,1839,252301
pry,1840,259942
pry,1841,267815
pry,1842,275926
pry,1843,284283
pry,1844,292892
pry,1845,301763
pry,1846,310902
pry,1847,320318
pry,1848,330019
pry,1849,338219
pry,1850,344865
pry,1851,350007
pry,1852,353485
pry,1853,355236
pry,1854,356996
pry,1855,358765
pry,1856,360543
pry,1857,362329
pry,1858,364124
pry,1859,365928
pry,1860,367741
pry,1861,369563
pry,1862,371394
pry,1863,373234
pry,1864,375082
pry,1865,376941
pry,1866,378808
pry,1867,380684
pry,1868,382570
pry,1869,381265
pry,1870,376870
pry,1871,369480
pry,1872,359189
pry,1873,346085
pry,1874,333459
pry,1875,321294
pry,1876,309572
pry,1877,298278
pry,1878,287396
pry,1879,283839
pry,1880,287990
pry,1881,300279
pry,1882,321188
pry,1883,351253
pry,1884,384132
pry,1885,420088
pry,1886,459410
pry,1887,502413
pry,1888,549441
pry,1889,583842
pry,1890,605060
pry,1891,612464
pry,1892,605342
pry,1893,582894
pry,1894,561278
pry,1895,540463
pry,1896,520421
pry,1897,501121
pry,1898,482537
pry,1899,470063
pry,1900,463602
pry,1901,463063
pry,1902,468363
pry,1903,479424
pry,1904,490746
pry,1905,502335
pry,1906,514198
pry,1907,526341
pry,1908,538771
pry,1909,551519
pry,1910,564592
pry,1911,577999
pry,1912,591749
pry,1913,605851
pry,1914,620288
pry,1915,635069
pry,1916,650202
pry,1917,665696
pry,1918,681354
pry,1919,697348
pry,1920,713685
pry,1921,730372
pry,1922,747417
pry,1923,764828
pry,1924,782644
pry,1925,800875
pry,1926,819531
pry,1927,838621
pry,1928,858156
pry,1929,878198
pry,1930,898760
pry,1931,919855
pry,1932,941498
pry,1933,963701
pry,1934,986429
pry,1935,1009692
pry,1936,1033503
pry,1937,1057877
pry,1938,1082825
pry,1939,1109542
pry,1940,1138105
pry,1941,1168592
pry,1942,1201084
pry,1943,1235665
pry,1944,1271242
pry,1945,1307844
pry,1946,1345499
pry,1947,1384238
pry,1948,1424093
pry,1949,1464287
pry,1950,1504351
pry,1951,1537946
pry,1952,1572608
pry,1953,1608308
pry,1954,1644932
pry,1955,1682293
pry,1956,1720418
pry,1957,1759490
pry,1958,1799653
pry,1959,1840972
pry,1960,1883517
pry,1961,1927401
pry,1962,1973136
pry,1963,2021913
pry,1964,2073121
pry,1965,2125179
pry,1966,2177590
pry,1967,2229992
pry,1968,2282394
pry,1969,2334998
pry,1970,2388030
pry,1971,2442540
pry,1972,2499885
pry,1973,2561103
pry,1974,2625622
pry,1975,2691649
pry,1976,2758844
pry,1977,2827876
pry,1978,2899268
pry,1979,2973967
pry,1980,3053239
pry,1981,3137611
pry,1982,3226195
pry,1983,3318075
pry,1984,3412939
pry,1985,3510678
pry,1986,3611474
pry,1987,3714892
pry,1988,3820551
pry,1989,3927802
pry,1990,4035752
pry,1991,4144370
pry,1992,4253608
pry,1993,4362706
pry,1994,4471423
pry,1995,4579803
pry,1996,4687540
pry,1997,4794415
pry,1998,4900028
pry,1999,5003139
pry,2000,5100875
pry,2001,5187690
pry,2002,5261334
pry,2003,5326437
pry,2004,5388181
pry,2005,5448100
pry,2006,5505145
pry,2007,5559385
pry,2008,5613577
pry,2009,5671243
pry,2010,5737973
pry,2011,5814632
pry,2012,5897011
pry,2013,5982447
pry,2014,6069819
pry,2015,6159106
pry,2016,6249129
pry,2017,6338658
pry,2018,6427382
pry,2019,6515059
pry,2020,6603741
pry,2021,6684184
pry,2022,6760460
pry,2023,6844150
pse,1800,165944
pse,1801,165944
pse,1802,165944
pse,1803,165944
pse,1804,165944
pse,1805,165944
pse,1806,165944
pse,1807,165944
pse,1808,165944
pse,1809,165944
pse,1810,165944
pse,1811,165944
pse,1812,165944
pse,1813,165944
pse,1814,165944
pse,1815,165944
pse,1816,165944
pse,1817,165944
pse,1818,165944
pse,1819,165944
pse,1820,165944
pse,1821,165944
pse,1822,165944
pse,1823,165944
pse,1824,165944
pse,1825,165944
pse,1826,165944
pse,1827,165944
pse,1828,165944
pse,1829,165944
pse,1830,165944
pse,1831,165944
pse,1832,165944
pse,1833,165944
pse,1834,165944
pse,1835,165944
pse,1836,165944
pse,1837,165944
pse,1838,165944
pse,1839,165944
pse,1840,165944
pse,1841,166009
pse,1842,166139
pse,1843,166336
pse,1844,166599
pse,1845,166929
pse,1846,167327
pse,1847,167793
pse,1848,168328
pse,1849,168932
pse,1850,169606
pse,1851,170431
pse,1852,171347
pse,1853,172357
pse,1854,173460
pse,1855,174659
pse,1856,175953
pse,1857,177345
pse,1858,178835
pse,1859,180424
pse,1860,182114
pse,1861,183906
pse,1862,185735
pse,1863,187603
pse,1864,189509
pse,1865,191455
pse,1866,193441
pse,1867,195467
pse,1868,197550
pse,1869,199690
pse,1870,201889
pse,1871,203694
pse,1872,205909
pse,1873,208177
pse,1874,210500
pse,1875,212879
pse,1876,215317
pse,1877,217815
pse,1878,220375
pse,1879,223001
pse,1880,225694
pse,1881,228457
pse,1882,231292
pse,1883,234202
pse,1884,237151
pse,1885,240138
pse,1886,243165
pse,1887,246232
pse,1888,249340
pse,1889,252496
pse,1890,255701
pse,1891,258960
pse,1892,262276
pse,1893,265665
pse,1894,269128
pse,1895,272677
pse,1896,276313
pse,1897,280038
pse,1898,283853
pse,1899,287759
pse,1900,291751
pse,1901,295832
pse,1902,299995
pse,1903,304243
pse,1904,308561
pse,1905,312949
pse,1906,317844
pse,1907,322820
pse,1908,327878
pse,1909,333020
pse,1910,337256
pse,1911,343699
pse,1912,350268
pse,1913,355348
pse,1914,356869
pse,1915,354829
pse,1916,349229
pse,1917,343718
pse,1918,342471
pse,1919,345635
pse,1920,353234
pse,1921,361000
pse,1922,369781
pse,1923,379623
pse,1924,390574
pse,1925,401842
pse,1926,413434
pse,1927,425361
pse,1928,437633
pse,1929,450258
pse,1930,463247
pse,1931,478268
pse,1932,499208
pse,1933,526318
pse,1934,562023
pse,1935,595958
pse,1936,625083
pse,1937,644618
pse,1938,667500
pse,1939,692474
pse,1940,719218
pse,1941,740680
pse,1942,762751
pse,1943,787043
pse,1944,814979
pse,1945,845512
pse,1946,872964
pse,1947,896516
pse,1948,915374
pse,1949,934628
pse,1950,944632
pse,1951,952949
pse,1952,962311
pse,1953,972669
pse,1954,984023
pse,1955,996392
pse,1956,1009756
pse,1957,1024139
pse,1958,1039533
pse,1959,1055901
pse,1960,1073080
pse,1961,1090936
pse,1962,1109345
pse,1963,1127471
pse,1964,1140674
pse,1965,1147310
pse,1966,1146403
pse,1967,1135820
pse,1968,1121753
pse,1969,1113086
pse,1970,1116285
pse,1971,1134114
pse,1972,1164753
pse,1973,1202261
pse,1974,1241133
pse,1975,1279321
pse,1976,1316398
pse,1977,1352720
pse,1978,1389501
pse,1979,1428122
pse,1980,1469058
pse,1981,1512710
pse,1982,1560995
pse,1983,1618780
pse,1984,1688613
pse,1985,1745262
pse,1986,1789315
pse,1987,1876764
pse,1988,1977311
pse,1989,2055617
pse,1990,2139065
pse,1991,2228955
pse,1992,2324698
pse,1993,2425066
pse,1994,2529164
pse,1995,2636554
pse,1996,2746830
pse,1997,2859581
pse,1998,2962895
pse,1999,3056256
pse,2000,3151800
pse,2001,3242286
pse,2002,3322369
pse,2003,3398071
pse,2004,3475178
pse,2005,3557406
pse,2006,3645096
pse,2007,3736694
pse,2008,3829039
pse,2009,3921245
pse,2010,4016918
pse,2011,4115912
pse,2012,4215318
pse,2013,4315263
pse,2014,4415887
pse,2015,4521564
pse,2016,4632743
pse,2017,4742747
pse,2018,4850593
pse,2019,4957773
pse,2020,5069692
pse,2021,5185341
pse,2022,5305274
pse,2023,5409201
pyf,1800,62530
pyf,1843,66000
pyf,1850,62000
pyf,1900,30000
pyf,1926,36000
pyf,1931,40000
pyf,1936,44000
pyf,1946,55000
pyf,1950,64360
pyf,1951,65925
pyf,1952,67638
pyf,1953,69505
pyf,1954,71577
pyf,1955,73862
pyf,1956,76343
pyf,1957,78456
pyf,1958,80162
pyf,1959,81912
pyf,1960,83689
pyf,1961,85452
pyf,1962,87278
pyf,1963,89748
pyf,1964,92834
pyf,1965,96033
pyf,1966,99336
pyf,1967,102769
pyf,1968,106369
pyf,1969,110119
pyf,1970,114027
pyf,1971,117959
pyf,1972,121900
pyf,1973,125912
pyf,1974,129974
pyf,1975,134055
pyf,1976,138135
pyf,1977,142321
pyf,1978,146835
pyf,1979,151582
pyf,1980,156485
pyf,1981,161519
pyf,1982,166650
pyf,1983,171758
pyf,1984,176480
pyf,1985,181003
pyf,1986,185685
pyf,1987,190462
pyf,1988,195208
pyf,1989,199650
pyf,1990,203780
pyf,1991,207755
pyf,1992,211570
pyf,1993,215229
pyf,1994,218747
pyf,1995,222128
pyf,1996,225500
pyf,1997,229132
pyf,1998,232898
pyf,1999,236606
pyf,2000,240346
pyf,2001,244107
pyf,2002,247785
pyf,2003,251650
pyf,2004,255663
pyf,2005,259517
pyf,2006,263234
pyf,2007,266448
pyf,2008,268390
pyf,2009,269494
pyf,2010,270590
pyf,2011,271734
pyf,2012,273092
pyf,2013,274736
pyf,2014,276391
pyf,2015,277877
pyf,2016,279180
pyf,2017,280096
pyf,2018,279823
pyf,2019,279040
pyf,2020,279218
pyf,2021,279808
pyf,2022,280388
pyf,2023,281125
qat,1800,14092
qat,1801,14092
qat,1802,14092
qat,1803,14092
qat,1804,14092
qat,1805,14092
qat,1806,14092
qat,1807,14092
qat,1808,14092
qat,1809,14092
qat,1810,14092
qat,1811,14092
qat,1812,14092
qat,1813,14092
qat,1814,14092
qat,1815,14092
qat,1816,14092
qat,1817,14092
qat,1818,14092
qat,1819,14092
qat,1820,14092
qat,1821,14092
qat,1822,14092
qat,1823,14092
qat,1824,14092
qat,1825,14092
qat,1826,14092
qat,1827,14092
qat,1828,14092
qat,1829,14092
qat,1830,14092
qat,1831,14092
qat,1832,14092
qat,1833,14092
qat,1834,14092
qat,1835,14092
qat,1836,14092
qat,1837,14092
qat,1838,14092
qat,1839,14092
qat,1840,14092
qat,1841,14092
qat,1842,14092
qat,1843,14092
qat,1844,14092
qat,1845,14092
qat,1846,14092
qat,1847,14092
qat,1848,14092
qat,1849,14092
qat,1850,14092
qat,1851,14079
qat,1852,14065
qat,1853,14052
qat,1854,14039
qat,1855,14025
qat,1856,14012
qat,1857,13999
qat,1858,13985
qat,1859,13972
qat,1860,13958
qat,1861,13945
qat,1862,13932
qat,1863,13918
qat,1864,13905
qat,1865,13892
qat,1866,13878
qat,1867,13865
qat,1868,13852
qat,1869,13855
qat,1870,13875
qat,1871,13911
qat,1872,13965
qat,1873,14035
qat,1874,14105
qat,1875,14176
qat,1876,14247
qat,1877,14319
qat,1878,14390
qat,1879,14462
qat,1880,14535
qat,1881,14608
qat,1882,14681
qat,1883,14755
qat,1884,14829
qat,1885,14903
qat,1886,14977
qat,1887,15052
qat,1888,15128
qat,1889,15203
qat,1890,15280
qat,1891,15356
qat,1892,15433
qat,1893,15510
qat,1894,15588
qat,1895,15665
qat,1896,15744
qat,1897,15822
qat,1898,15901
qat,1899,15981
qat,1900,16061
qat,1901,16141
qat,1902,16221
qat,1903,16302
qat,1904,16384
qat,1905,16465
qat,1906,16548
qat,1907,16630
qat,1908,16713
qat,1909,16805
qat,1910,16905
qat,1911,17015
qat,1912,17134
qat,1913,17262
qat,1914,17391
qat,1915,17521
qat,1916,17652
qat,1917,17784
qat,1918,17935
qat,1919,18088
qat,1920,18241
qat,1921,18396
qat,1922,18552
qat,1923,18710
qat,1924,18869
qat,1925,19029
qat,1926,19191
qat,1927,19354
qat,1928,19518
qat,1929,19684
qat,1930,19851
qat,1931,20019
qat,1932,20189
qat,1933,20361
qat,1934,20534
qat,1935,20708
qat,1936,20884
qat,1937,21061
qat,1938,21240
qat,1939,21421
qat,1940,21603
qat,1941,21786
qat,1942,21971
qat,1943,22158
qat,1944,22346
qat,1945,22536
qat,1946,22727
qat,1947,22920
qat,1948,23115
qat,1949,23565
qat,1950,24304
qat,1951,25091
qat,1952,25911
qat,1953,26763
qat,1954,27641
qat,1955,28558
qat,1956,29549
qat,1957,30656
qat,1958,31991
qat,1959,33678
qat,1960,36025
qat,1961,39701
qat,1962,44651
qat,1963,50396
qat,1964,56882
qat,1965,64082
qat,1966,72207
qat,1967,81455
qat,1968,91762
qat,1969,103042
qat,1970,116370
qat,1971,131356
qat,1972,146518
qat,1973,161854
qat,1974,177372
qat,1975,193103
qat,1976,209067
qat,1977,225298
qat,1978,241820
qat,1979,258678
qat,1980,275923
qat,1981,293561
qat,1982,311544
qat,1983,329720
qat,1984,347894
qat,1985,365950
qat,1986,382426
qat,1987,397012
qat,1988,411273
qat,1989,425658
qat,1990,440184
qat,1991,454860
qat,1992,469657
qat,1993,484553
qat,1994,499469
qat,1995,514334
qat,1996,529024
qat,1997,550511
qat,1998,580543
qat,1999,612510
qat,2000,644993
qat,2001,677934
qat,2002,711215
qat,2003,744690
qat,2004,773341
qat,2005,825419
qat,2006,972841
qat,2007,1208601
qat,2008,1426942
qat,2009,1586052
qat,2010,1709238
qat,2011,1810960
qat,2012,1907122
qat,2013,2032650
qat,2014,2218378
qat,2015,2427340
qat,2016,2599382
qat,2017,2706716
qat,2018,2761144
qat,2019,2797927
qat,2020,2803375
qat,2021,2814988
qat,2022,2892466
qat,2023,2979086
reu,1800,60800
reu,1810,71200
reu,1820,81200
reu,1830,89000
reu,1840,103922
reu,1850,109100
reu,1860,163950
reu,1870,182700
reu,1880,180800
reu,1890,167070
reu,1900,172600
reu,1910,173740
reu,1920,173260
reu,1930,195430
reu,1940,218690
reu,1950,249229
reu,1951,258521
reu,1952,268198
reu,1953,278314
reu,1954,289143
reu,1955,300437
reu,1956,311595
reu,1957,323239
reu,1958,335074
reu,1959,347059
reu,1960,359563
reu,1961,372086
reu,1962,383859
reu,1963,395336
reu,1964,407177
reu,1965,418718
reu,1966,429738
reu,1967,440319
reu,1968,450391
reu,1969,460070
reu,1970,469093
reu,1971,477605
reu,1972,486041
reu,1973,494467
reu,1974,502831
reu,1975,511312
reu,1976,519939
reu,1977,528572
reu,1978,537090
reu,1979,545377
reu,1980,553140
reu,1981,560990
reu,1982,569641
reu,1983,579248
reu,1984,589691
reu,1985,600421
reu,1986,610887
reu,1987,621110
reu,1988,631264
reu,1989,641494
reu,1990,652573
reu,1991,664459
reu,1992,676431
reu,1993,688101
reu,1994,699373
reu,1995,710463
reu,1996,721455
reu,1997,732714
reu,1998,744075
reu,1999,754119
reu,2000,763148
reu,2001,772242
reu,2002,781307
reu,2003,790570
reu,2004,797012
reu,2005,800227
reu,2006,806686
reu,2007,818729
reu,2008,830496
reu,2009,838473
reu,2010,844480
reu,2011,846790
reu,2012,845062
reu,2013,847600
reu,2014,858677
reu,2015,865016
reu,2016,862861
reu,2017,858761
reu,2018,856946
reu,2019,857327
reu,2020,861452
reu,2021,868085
reu,2022,871543
reu,2023,874883
rou,1800,5500000
rou,1801,5541358
rou,1802,5583027
rou,1803,5625009
rou,1804,5667307
rou,1805,5709923
rou,1806,5752859
rou,1807,5796119
rou,1808,5839703
rou,1809,5883615
rou,1810,5928191
rou,1811,5972768
rou,1812,6017681
rou,1813,6062932
rou,1814,6108523
rou,1815,6154457
rou,1816,6200736
rou,1817,6247363
rou,1818,6294341
rou,1819,6341677
rou,1820,6389374
rou,1821,6437435
rou,1822,6485863
rou,1823,6534660
rou,1824,6583824
rou,1825,6633359
rou,1826,6683265
rou,1827,6733548
rou,1828,6784208
rou,1829,6835250
rou,1830,6886676
rou,1831,6938489
rou,1832,6990691
rou,1833,7043287
rou,1834,7096278
rou,1835,7149667
rou,1836,7203459
rou,1837,7257655
rou,1838,7312259
rou,1839,7367273
rou,1840,7422702
rou,1841,7478548
rou,1842,7534813
rou,1843,7591502
rou,1844,7648618
rou,1845,7706163
rou,1846,7764141
rou,1847,7822556
rou,1848,7881410
rou,1849,7939705
rou,1850,7997430
rou,1851,8054479
rou,1852,8110934
rou,1853,8166784
rou,1854,8223019
rou,1855,8279640
rou,1856,8336652
rou,1857,8394056
rou,1858,8451855
rou,1859,8510052
rou,1860,8568650
rou,1861,8627652
rou,1862,8687060
rou,1863,8746876
rou,1864,8807105
rou,1865,8867749
rou,1866,8928810
rou,1867,8990291
rou,1868,9052196
rou,1869,9113124
rou,1870,9173060
rou,1871,9231989
rou,1872,9289894
rou,1873,9346761
rou,1874,9403976
rou,1875,9461541
rou,1876,9519459
rou,1877,9577731
rou,1878,9636360
rou,1879,9695347
rou,1880,9754696
rou,1881,9814408
rou,1882,9874486
rou,1883,9934931
rou,1884,9995746
rou,1885,10056934
rou,1886,10118496
rou,1887,10180435
rou,1888,10242753
rou,1889,10304941
rou,1890,10366994
rou,1891,10428908
rou,1892,10490681
rou,1893,10552307
rou,1894,10614295
rou,1895,10676648
rou,1896,10739367
rou,1897,10802454
rou,1898,10865912
rou,1899,10933526
rou,1900,11005350
rou,1901,11081437
rou,1902,11161841
rou,1903,11246617
rou,1904,11332037
rou,1905,11418106
rou,1906,11504829
rou,1907,11592210
rou,1908,11680255
rou,1909,11760236
rou,1910,11832057
rou,1911,11895622
rou,1912,11950834
rou,1913,11997596
rou,1914,12044540
rou,1915,12091668
rou,1916,12138981
rou,1917,12186478
rou,1918,12234305
rou,1919,12306467
rou,1920,12403390
rou,1921,12525509
rou,1922,12673261
rou,1923,12847094
rou,1924,13023310
rou,1925,13201944
rou,1926,13383028
rou,1927,13566595
rou,1928,13752681
rou,1929,13936009
rou,1930,14116480
rou,1931,14293990
rou,1932,14468434
rou,1933,14639706
rou,1934,14813005
rou,1935,14988356
rou,1936,15165782
rou,1937,15345308
rou,1938,15526960
rou,1939,15681114
rou,1940,15807371
rou,1941,15905325
rou,1942,15974568
rou,1943,16014683
rou,1944,16054899
rou,1945,16095216
rou,1946,16135634
rou,1947,16176154
rou,1948,16216775
rou,1949,16288894
rou,1950,16397275
rou,1951,16625608
rou,1952,16846051
rou,1953,17057702
rou,1954,17266659
rou,1955,17475271
rou,1956,17691497
rou,1957,17887291
rou,1958,18046126
rou,1959,18187698
rou,1960,18313498
rou,1961,18422521
rou,1962,18511674
rou,1963,18587433
rou,1964,18655407
rou,1965,18713060
rou,1966,18776261
rou,1967,18998561
rou,1968,19361050
rou,1969,19701809
rou,1970,20011626
rou,1971,20293487
rou,1972,20555577
rou,1973,20798323
rou,1974,21033562
rou,1975,21268070
rou,1976,21497684
rou,1977,21700176
rou,1978,21868064
rou,1979,22019627
rou,1980,22154776
rou,1981,22272788
rou,1982,22374447
rou,1983,22459213
rou,1984,22534002
rou,1985,22605815
rou,1986,22674739
rou,1987,22745589
rou,1988,22815435
rou,1989,22887645
rou,1990,22939530
rou,1991,22947416
rou,1992,22912389
rou,1993,22842257
rou,1994,22756247
rou,1995,22657722
rou,1996,22541915
rou,1997,22411511
rou,1998,22284901
rou,1999,22166156
rou,2000,22046264
rou,2001,21919916
rou,2002,21770020
rou,2003,21593448
rou,2004,21403215
rou,2005,21213395
rou,2006,21035732
rou,2007,20870714
rou,2008,20718745
rou,2009,20576922
rou,2010,20432575
rou,2011,20282009
rou,2012,20158451
rou,2013,20062913
rou,2014,19968179
rou,2015,19871018
rou,2016,19777049
rou,2017,19689405
rou,2018,19597874
rou,2019,19501542
rou,2020,19392467
rou,2021,19248159
rou,2022,19166776
rou,2023,19118482
rus,1800,31295641
rus,1801,31295641
rus,1802,31295641
rus,1803,31295641
rus,1804,31295641
rus,1805,31295641
rus,1806,31295641
rus,1807,31295641
rus,1808,31295641
rus,1809,31295641
rus,1810,31295641
rus,1811,31309403
rus,1812,31337054
rus,1813,31378723
rus,1814,31434539
rus,1815,31504633
rus,1816,31589136
rus,1817,31688181
rus,1818,31801904
rus,1819,31930439
rus,1820,32073923
rus,1821,32232494
rus,1822,32406291
rus,1823,32595456
rus,1824,32800130
rus,1825,33020456
rus,1826,33256580
rus,1827,33508645
rus,1828,33776801
rus,1829,34061195
rus,1830,34361978
rus,1831,34679300
rus,1832,34999553
rus,1833,35322763
rus,1834,35648958
rus,1835,35978166
rus,1836,36310413
rus,1837,36645729
rus,1838,36984141
rus,1839,37325679
rus,1840,37670370
rus,1841,38018244
rus,1842,38369331
rus,1843,38723660
rus,1844,39081262
rus,1845,39442165
rus,1846,39806402
rus,1847,40174002
rus,1848,40544997
rus,1849,40919417
rus,1850,41297296
rus,1851,41672597
rus,1852,42051308
rus,1853,42433459
rus,1854,42819083
rus,1855,43208210
rus,1856,43600872
rus,1857,43997102
rus,1858,44396932
rus,1859,44800394
rus,1860,45207522
rus,1861,45618348
rus,1862,46032907
rus,1863,46451233
rus,1864,46873359
rus,1865,47299320
rus,1866,47729151
rus,1867,48162887
rus,1868,48600563
rus,1869,49042216
rus,1870,49487882
rus,1871,49881387
rus,1872,50334676
rus,1873,50792084
rus,1874,51253646
rus,1875,51719402
rus,1876,52189389
rus,1877,52663646
rus,1878,53142211
rus,1879,53625125
rus,1880,54112425
rus,1881,54604152
rus,1882,55100347
rus,1883,55601049
rus,1884,56106300
rus,1885,56616141
rus,1886,57130614
rus,1887,57649761
rus,1888,58173624
rus,1889,58702246
rus,1890,59235670
rus,1891,59773940
rus,1892,60317100
rus,1893,60865195
rus,1894,61418268
rus,1895,61976366
rus,1896,62539534
rus,1897,63107819
rus,1898,63681265
rus,1899,64259921
rus,1900,64843834
rus,1901,65433051
rus,1902,66027621
rus,1903,66627592
rus,1904,67233013
rus,1905,67843934
rus,1906,68460405
rus,1907,69082476
rus,1908,69710198
rus,1909,70343622
rus,1910,70982800
rus,1911,71599548
rus,1912,72250136
rus,1913,72906633
rus,1914,73569093
rus,1915,74237572
rus,1916,74912123
rus,1917,75592802
rus,1918,76290879
rus,1919,76995402
rus,1920,77706431
rus,1921,78424026
rus,1922,79148248
rus,1923,79879158
rus,1924,80616819
rus,1925,81361291
rus,1926,82112638
rus,1927,82870923
rus,1928,83636211
rus,1929,84408566
rus,1930,85188053
rus,1931,85974739
rus,1932,86768690
rus,1933,87569973
rus,1934,88378655
rus,1935,89194804
rus,1936,90018492
rus,1937,90849785
rus,1938,91688756
rus,1939,92535473
rus,1940,93390010
rus,1941,94252439
rus,1942,95122832
rus,1943,96001262
rus,1944,96887805
rus,1945,97782535
rus,1946,98685527
rus,1947,99596857
rus,1948,100516604
rus,1949,101444845
rus,1950,103392364
rus,1951,104844658
rus,1952,106326385
rus,1953,107851682
rus,1954,109463245
rus,1955,111160996
rus,1956,112909102
rus,1957,114730333
rus,1958,116588767
rus,1959,118293890
rus,1960,119934143
rus,1961,121604308
rus,1962,123111721
rus,1963,124449754
rus,1964,125630156
rus,1965,126634210
rus,1966,127533630
rus,1967,128342646
rus,1968,129065046
rus,1969,129762191
rus,1970,130367188
rus,1971,130987110
rus,1972,131726417
rus,1973,132475155
rus,1974,133259155
rus,1975,134136098
rus,1976,135080691
rus,1977,136040974
rus,1978,136979085
rus,1979,137816542
rus,1980,138572628
rus,1981,139351496
rus,1982,140247745
rus,1983,141331277
rus,1984,142464238
rus,1985,143569386
rus,1986,144807816
rus,1987,146147383
rus,1988,147364493
rus,1989,148281862
rus,1990,148979537
rus,1991,149448433
rus,1992,148915993
rus,1993,148135419
rus,1994,148200734
rus,1995,148291406
rus,1996,148084580
rus,1997,147853769
rus,1998,147635543
rus,1999,147241973
rus,2000,146717784
rus,2001,146117290
rus,2002,145939502
rus,2003,145794230
rus,2004,145180091
rus,2005,144597886
rus,2006,144102948
rus,2007,143859767
rus,2008,143811837
rus,2009,143869128
rus,2010,143934468
rus,2011,144043751
rus,2012,144291025
rus,2013,144604105
rus,2014,144925639
rus,2015,145307612
rus,2016,145778668
rus,2017,146186798
rus,2018,146430146
rus,2019,146533063
rus,2020,146371295
rus,2021,145836172
rus,2022,145579889
rus,2023,145440502
rwa,1800,928368
rwa,1801,928368
rwa,1802,928368
rwa,1803,928368
rwa,1804,928368
rwa,1805,928368
rwa,1806,928368
rwa,1807,928368
rwa,1808,928368
rwa,1809,928368
rwa,1810,928368
rwa,1811,928368
rwa,1812,928368
rwa,1813,928368
rwa,1814,928368
rwa,1815,928368
rwa,1816,928368
rwa,1817,928368
rwa,1818,928368
rwa,1819,931424
rwa,1820,937586
rwa,1821,946905
rwa,1822,959433
rwa,1823,975224
rwa,1824,991274
rwa,1825,1007589
rwa,1826,1024172
rwa,1827,1041028
rwa,1828,1058161
rwa,1829,1075576
rwa,1830,1093278
rwa,1831,1111272
rwa,1832,1129561
rwa,1833,1148151
rwa,1834,1167048
rwa,1835,1186255
rwa,1836,1205779
rwa,1837,1225623
rwa,1838,1245795
rwa,1839,1266298
rwa,1840,1287139
rwa,1841,1308323
rwa,1842,1329856
rwa,1843,1351742
rwa,1844,1373990
rwa,1845,1396603
rwa,1846,1419588
rwa,1847,1442952
rwa,1848,1466700
rwa,1849,1486156
rwa,1850,1501243
rwa,1851,1511643
rwa,1852,1517518
rwa,1853,1518791
rwa,1854,1520066
rwa,1855,1521342
rwa,1856,1522619
rwa,1857,1523896
rwa,1858,1525175
rwa,1859,1526455
rwa,1860,1527736
rwa,1861,1529018
rwa,1862,1530301
rwa,1863,1531585
rwa,1864,1532870
rwa,1865,1534156
rwa,1866,1535443
rwa,1867,1536731
rwa,1868,1538021
rwa,1869,1539311
rwa,1870,1540602
rwa,1871,1541894
rwa,1872,1543188
rwa,1873,1544482
rwa,1874,1545778
rwa,1875,1547074
rwa,1876,1548372
rwa,1877,1549670
rwa,1878,1550970
rwa,1879,1553203
rwa,1880,1556373
rwa,1881,1560486
rwa,1882,1565544
rwa,1883,1571553
rwa,1884,1577584
rwa,1885,1583639
rwa,1886,1589717
rwa,1887,1595819
rwa,1888,1601943
rwa,1889,1604862
rwa,1890,1604584
rwa,1891,1601116
rwa,1892,1594467
rwa,1893,1584644
rwa,1894,1574882
rwa,1895,1565179
rwa,1896,1555537
rwa,1897,1545954
rwa,1898,1536429
rwa,1899,1526357
rwa,1900,1515744
rwa,1901,1504600
rwa,1902,1492932
rwa,1903,1480749
rwa,1904,1468665
rwa,1905,1456680
rwa,1906,1444792
rwa,1907,1433002
rwa,1908,1421308
rwa,1909,1410828
rwa,1910,1401547
rwa,1911,1393451
rwa,1912,1386525
rwa,1913,1380755
rwa,1914,1375009
rwa,1915,1369287
rwa,1916,1363588
rwa,1917,1357914
rwa,1918,1352482
rwa,1919,1352170
rwa,1920,1357035
rwa,1921,1367132
rwa,1922,1382520
rwa,1923,1403258
rwa,1924,1424307
rwa,1925,1445672
rwa,1926,1467357
rwa,1927,1489367
rwa,1928,1511708
rwa,1929,1534072
rwa,1930,1556456
rwa,1931,1578855
rwa,1932,1601266
rwa,1933,1623684
rwa,1934,1646415
rwa,1935,1669465
rwa,1936,1692838
rwa,1937,1716537
rwa,1938,1740569
rwa,1939,1766368
rwa,1940,1793986
rwa,1941,1823474
rwa,1942,1854885
rwa,1943,1888273
rwa,1944,1922262
rwa,1945,1956862
rwa,1946,1992086
rwa,1947,2027943
rwa,1948,2064446
rwa,1949,2106457
rwa,1950,2157101
rwa,1951,2236039
rwa,1952,2316516
rwa,1953,2398364
rwa,1954,2482131
rwa,1955,2568303
rwa,1956,2656814
rwa,1957,2747877
rwa,1958,2840135
rwa,1959,2932401
rwa,1960,3022300
rwa,1961,3106786
rwa,1962,3186019
rwa,1963,3258901
rwa,1964,3334835
rwa,1965,3423216
rwa,1966,3521626
rwa,1967,3629585
rwa,1968,3744013
rwa,1969,3861274
rwa,1970,3980673
rwa,1971,4100049
rwa,1972,4220335
rwa,1973,4345045
rwa,1974,4474235
rwa,1975,4607728
rwa,1976,4745962
rwa,1977,4888248
rwa,1978,5035172
rwa,1979,5189550
rwa,1980,5353263
rwa,1981,5527236
rwa,1982,5711555
rwa,1983,5905311
rwa,1984,6107628
rwa,1985,6317230
rwa,1986,6531887
rwa,1987,6749494
rwa,1988,6968075
rwa,1989,7184709
rwa,1990,7375313
rwa,1991,7526964
rwa,1992,7683266
rwa,1993,7981142
rwa,1994,6792358
rwa,1995,5674118
rwa,1996,6708767
rwa,1997,7755237
rwa,1998,8081688
rwa,1999,8147917
rwa,2000,8213936
rwa,2001,8287091
rwa,2002,8400185
rwa,2003,8586878
rwa,2004,8816849
rwa,2005,9054532
rwa,2006,9299251
rwa,2007,9549940
rwa,2008,9804268
rwa,2009,10060438
rwa,2010,10317560
rwa,2011,10573742
rwa,2012,10829904
rwa,2013,11093340
rwa,2014,11364758
rwa,2015,11640026
rwa,2016,11919183
rwa,2017,12202062
rwa,2018,12488000
rwa,2019,12776102
rwa,2020,13065838
rwa,2021,13355260
rwa,2022,13651025
rwa,2023,13954473
sau,1800,2000000
sau,1801,2004454
sau,1802,2008919
sau,1803,2013393
sau,1804,2017878
sau,1805,2022372
sau,1806,2026876
sau,1807,2031390
sau,1808,2035915
sau,1809,2040449
sau,1810,2045004
sau,1811,2049559
sau,1812,2054124
sau,1813,2058699
sau,1814,2063284
sau,1815,2067879
sau,1816,2072485
sau,1817,2077101
sau,1818,2081727
sau,1819,2086367
sau,1820,2091021
sau,1821,2095688
sau,1822,2100370
sau,1823,2105066
sau,1824,2109772
sau,1825,2114488
sau,1826,2119215
sau,1827,2123953
sau,1828,2128701
sau,1829,2133460
sau,1830,2138229
sau,1831,2143010
sau,1832,2147800
sau,1833,2152602
sau,1834,2157414
sau,1835,2162237
sau,1836,2167071
sau,1837,2171916
sau,1838,2176771
sau,1839,2181637
sau,1840,2186515
sau,1841,2191403
sau,1842,2196302
sau,1843,2201212
sau,1844,2206133
sau,1845,2211065
sau,1846,2216008
sau,1847,2220962
sau,1848,2225927
sau,1849,2230903
sau,1850,2235890
sau,1851,2234035
sau,1852,2232160
sau,1853,2230265
sau,1854,2228351
sau,1855,2226417
sau,1856,2224463
sau,1857,2222490
sau,1858,2220496
sau,1859,2218483
sau,1860,2216449
sau,1861,2214395
sau,1862,2212321
sau,1863,2210227
sau,1864,2208112
sau,1865,2205977
sau,1866,2203821
sau,1867,2201644
sau,1868,2199447
sau,1869,2197229
sau,1870,2194990
sau,1871,2192730
sau,1872,2190449
sau,1873,2188147
sau,1874,2185824
sau,1875,2183479
sau,1876,2181113
sau,1877,2178725
sau,1878,2176316
sau,1879,2173885
sau,1880,2171433
sau,1881,2168959
sau,1882,2166462
sau,1883,2163944
sau,1884,2161404
sau,1885,2158841
sau,1886,2156256
sau,1887,2153649
sau,1888,2151020
sau,1889,2148367
sau,1890,2145693
sau,1891,2142995
sau,1892,2140275
sau,1893,2137532
sau,1894,2134766
sau,1895,2131977
sau,1896,2129165
sau,1897,2126329
sau,1898,2123471
sau,1899,2122540
sau,1900,2123533
sau,1901,2126448
sau,1902,2131279
sau,1903,2138024
sau,1904,2144761
sau,1905,2151490
sau,1906,2158212
sau,1907,2164925
sau,1908,2171629
sau,1909,2179364
sau,1910,2188136
sau,1911,2197948
sau,1912,2208805
sau,1913,2220711
sau,1914,2232649
sau,1915,2244619
sau,1916,2256620
sau,1917,2268652
sau,1918,2289522
sau,1919,2310584
sau,1920,2331840
sau,1921,2353292
sau,1922,2374941
sau,1923,2396789
sau,1924,2418838
sau,1925,2441089
sau,1926,2463546
sau,1927,2486209
sau,1928,2509080
sau,1929,2532162
sau,1930,2555457
sau,1931,2578965
sau,1932,2602690
sau,1933,2626633
sau,1934,2650797
sau,1935,2675182
sau,1936,2699792
sau,1937,2724629
sau,1938,2749693
sau,1939,2774989
sau,1940,2800517
sau,1941,2826280
sau,1942,2852280
sau,1943,2878519
sau,1944,2905000
sau,1945,2931724
sau,1946,2958694
sau,1947,2985912
sau,1948,3013381
sau,1949,3047907
sau,1950,1703280
sau,1951,1763610
sau,1952,1826521
sau,1953,1892173
sau,1954,1960632
sau,1955,2031965
sau,1956,2106234
sau,1957,2183545
sau,1958,2264105
sau,1959,2348014
sau,1960,2435410
sau,1961,2526350
sau,1962,2620915
sau,1963,2719347
sau,1964,2821970
sau,1965,2928780
sau,1966,3039891
sau,1967,3157247
sau,1968,3282707
sau,1969,3417123
sau,1970,3562475
sau,1971,3724039
sau,1972,3905729
sau,1973,4106346
sau,1974,4323639
sau,1975,4556289
sau,1976,4807936
sau,1977,5083043
sau,1978,5381901
sau,1979,5703704
sau,1980,6047997
sau,1981,6420554
sau,1982,6824484
sau,1983,7252947
sau,1984,7697312
sau,1985,8151782
sau,1986,8628639
sau,1987,9130207
sau,1988,9629172
sau,1989,10128397
sau,1990,10640697
sau,1991,11160752
sau,1992,11686682
sau,1993,12215864
sau,1994,12750037
sau,1995,13289246
sau,1996,13831002
sau,1997,14374948
sau,1998,14922188
sau,1999,15472076
sau,2000,16177733
sau,2001,17041405
sau,2002,17910909
sau,2003,18786771
sau,2004,19669486
sau,2005,20559886
sau,2006,21459141
sau,2007,22368313
sau,2008,23287884
sau,2009,24217656
sau,2010,25157134
sau,2011,26105636
sau,2012,27062447
sau,2013,28026825
sau,2014,28998127
sau,2015,29974944
sau,2016,30717804
sau,2017,30782400
sau,2018,30365119
sau,2019,30472809
sau,2020,30991206
sau,2021,31328374
sau,2022,32175351
sau,2023,33264289
sdn,1800,3994154
sdn,1801,3999435
sdn,1802,4004722
sdn,1803,4010017
sdn,1804,4015320
sdn,1805,4020628
sdn,1806,4025945
sdn,1807,4031267
sdn,1808,4036597
sdn,1809,4041935
sdn,1810,4047408
sdn,1811,4053372
sdn,1812,4059957
sdn,1813,4067169
sdn,1814,4075011
sdn,1815,4083486
sdn,1816,4092598
sdn,1817,4102351
sdn,1818,4112747
sdn,1819,4123792
sdn,1820,4135488
sdn,1821,4147839
sdn,1822,4160849
sdn,1823,4174522
sdn,1824,4188861
sdn,1825,4203871
sdn,1826,4219554
sdn,1827,4235916
sdn,1828,4252959
sdn,1829,4270687
sdn,1830,4289105
sdn,1831,4308216
sdn,1832,4327412
sdn,1833,4346694
sdn,1834,4366061
sdn,1835,4385515
sdn,1836,4405056
sdn,1837,4424683
sdn,1838,4444398
sdn,1839,4464201
sdn,1840,4484092
sdn,1841,4504072
sdn,1842,4524141
sdn,1843,4544299
sdn,1844,4564547
sdn,1845,4584885
sdn,1846,4605314
sdn,1847,4625834
sdn,1848,4646445
sdn,1849,4667148
sdn,1850,4687944
sdn,1851,4697753
sdn,1852,4707556
sdn,1853,4717354
sdn,1854,4727145
sdn,1855,4736930
sdn,1856,4746708
sdn,1857,4756479
sdn,1858,4766243
sdn,1859,4776000
sdn,1860,4785749
sdn,1861,4795490
sdn,1862,4805223
sdn,1863,4814948
sdn,1864,4824663
sdn,1865,4834370
sdn,1866,4844068
sdn,1867,4853755
sdn,1868,4863433
sdn,1869,4873101
sdn,1870,4882759
sdn,1871,4891117
sdn,1872,4900750
sdn,1873,4910372
sdn,1874,4919982
sdn,1875,4929581
sdn,1876,4939168
sdn,1877,4948742
sdn,1878,4958303
sdn,1879,4967851
sdn,1880,4977386
sdn,1881,4986907
sdn,1882,4996415
sdn,1883,5005908
sdn,1884,5015386
sdn,1885,5024850
sdn,1886,5034298
sdn,1887,5043731
sdn,1888,5053147
sdn,1889,5062548
sdn,1890,5071932
sdn,1891,5081299
sdn,1892,5090649
sdn,1893,5099982
sdn,1894,5109296
sdn,1895,5118592
sdn,1896,5127870
sdn,1897,5137129
sdn,1898,5146368
sdn,1899,5155588
sdn,1900,5164788
sdn,1901,5173967
sdn,1902,5183126
sdn,1903,5192263
sdn,1904,5201379
sdn,1905,5210473
sdn,1906,5219545
sdn,1907,5228595
sdn,1908,5237621
sdn,1909,5246624
sdn,1910,5255604
sdn,1911,5264073
sdn,1912,5273003
sdn,1913,5281908
sdn,1914,5290787
sdn,1915,5299641
sdn,1916,5308469
sdn,1917,5317270
sdn,1918,5340962
sdn,1919,5364760
sdn,1920,5388664
sdn,1921,5412674
sdn,1922,5436791
sdn,1923,5461016
sdn,1924,5485348
sdn,1925,5509789
sdn,1926,5534339
sdn,1927,5558998
sdn,1928,5583767
sdn,1929,5608647
sdn,1930,5633637
sdn,1931,5658739
sdn,1932,5683953
sdn,1933,5709279
sdn,1934,5734718
sdn,1935,5760270
sdn,1936,5785936
sdn,1937,5811716
sdn,1938,5837612
sdn,1939,5863622
sdn,1940,5889749
sdn,1941,5915991
sdn,1942,5942351
sdn,1943,5968829
sdn,1944,5995424
sdn,1945,6022138
sdn,1946,6048971
sdn,1947,6075924
sdn,1948,6102996
sdn,1949,6130189
sdn,1950,6189915
sdn,1951,6376064
sdn,1952,6568611
sdn,1953,6765905
sdn,1954,6969640
sdn,1955,7181691
sdn,1956,7401596
sdn,1957,7629457
sdn,1958,7863036
sdn,1959,8106484
sdn,1960,8364491
sdn,1961,8634940
sdn,1962,8919031
sdn,1963,9218078
sdn,1964,9531108
sdn,1965,9858033
sdn,1966,10197582
sdn,1967,10550600
sdn,1968,10918006
sdn,1969,11298939
sdn,1970,11695768
sdn,1971,12105542
sdn,1972,12527859
sdn,1973,13049322
sdn,1974,13580729
sdn,1975,14064803
sdn,1976,14569724
sdn,1977,15086623
sdn,1978,15695004
sdn,1979,16355353
sdn,1980,17058908
sdn,1981,17780576
sdn,1982,18486645
sdn,1983,19109775
sdn,1984,19546531
sdn,1985,19905872
sdn,1986,20288246
sdn,1987,20704903
sdn,1988,21138430
sdn,1989,21578027
sdn,1990,22021484
sdn,1991,22470676
sdn,1992,22927356
sdn,1993,23445599
sdn,1994,24043951
sdn,1995,24672144
sdn,1996,25231534
sdn,1997,25799826
sdn,1998,26458999
sdn,1999,27130619
sdn,2000,27816748
sdn,2001,28516774
sdn,2002,29228728
sdn,2003,29896038
sdn,2004,30556641
sdn,2005,31262447
sdn,2006,31992438
sdn,2007,32764139
sdn,2008,33623980
sdn,2009,34569114
sdn,2010,35414403
sdn,2011,36140808
sdn,2012,36923175
sdn,2013,37785852
sdn,2014,38823324
sdn,2015,40024433
sdn,2016,41259892
sdn,2017,42714311
sdn,2018,44230597
sdn,2019,45548179
sdn,2020,46789237
sdn,2021,48066930
sdn,2022,49383344
sdn,2023,50042800
sen,1800,1009886
sen,1801,1009886
sen,1802,1009886
sen,1803,1009886
sen,1804,1009886
sen,1805,1009886
sen,1806,1009886
sen,1807,1009886
sen,1808,1009886
sen,1809,1009886
sen,1810,1009886
sen,1811,1009886
sen,1812,1009886
sen,1813,1009886
sen,1814,1009886
sen,1815,1009886
sen,1816,1009886
sen,1817,1009886
sen,1818,1009886
sen,1819,1009344
sen,1820,1008261
sen,1821,1006639
sen,1822,1004479
sen,1823,1001782
sen,1824,999093
sen,1825,996411
sen,1826,993736
sen,1827,991069
sen,1828,988409
sen,1829,985755
sen,1830,983109
sen,1831,980470
sen,1832,977838
sen,1833,975213
sen,1834,972595
sen,1835,969985
sen,1836,967381
sen,1837,964784
sen,1838,962194
sen,1839,959611
sen,1840,957035
sen,1841,954466
sen,1842,951904
sen,1843,949349
sen,1844,946800
sen,1845,944259
sen,1846,941724
sen,1847,939196
sen,1848,936675
sen,1849,935779
sen,1850,936513
sen,1851,938556
sen,1852,942237
sen,1853,947560
sen,1854,952913
sen,1855,958296
sen,1856,963709
sen,1857,969153
sen,1858,974628
sen,1859,980527
sen,1860,986857
sen,1861,993623
sen,1862,1000831
sen,1863,1008484
sen,1864,1016197
sen,1865,1023968
sen,1866,1031798
sen,1867,1039688
sen,1868,1047638
sen,1869,1056288
sen,1870,1065648
sen,1871,1075732
sen,1872,1086550
sen,1873,1098117
sen,1874,1109806
sen,1875,1121620
sen,1876,1133560
sen,1877,1145626
sen,1878,1157821
sen,1879,1169672
sen,1880,1181172
sen,1881,1192313
sen,1882,1203088
sen,1883,1213488
sen,1884,1223978
sen,1885,1234559
sen,1886,1245231
sen,1887,1255995
sen,1888,1266851
sen,1889,1277286
sen,1890,1287292
sen,1891,1296862
sen,1892,1305989
sen,1893,1314666
sen,1894,1323401
sen,1895,1332194
sen,1896,1341044
sen,1897,1349954
sen,1898,1358922
sen,1899,1367950
sen,1900,1377037
sen,1901,1386185
sen,1902,1395393
sen,1903,1404663
sen,1904,1413994
sen,1905,1423386
sen,1906,1432841
sen,1907,1442358
sen,1908,1451939
sen,1909,1461288
sen,1910,1470404
sen,1911,1479282
sen,1912,1487920
sen,1913,1496315
sen,1914,1504757
sen,1915,1513246
sen,1916,1521783
sen,1917,1530368
sen,1918,1539550
sen,1919,1551591
sen,1920,1566552
sen,1921,1584491
sen,1922,1605471
sen,1923,1629553
sen,1924,1653996
sen,1925,1678806
sen,1926,1703989
sen,1927,1729548
sen,1928,1755492
sen,1929,1781463
sen,1930,1807456
sen,1931,1833468
sen,1932,1859493
sen,1933,1885526
sen,1934,1911923
sen,1935,1938690
sen,1936,1965832
sen,1937,1993353
sen,1938,2021260
sen,1939,2051220
sen,1940,2083292
sen,1941,2117535
sen,1942,2154011
sen,1943,2192783
sen,1944,2232254
sen,1945,2272434
sen,1946,2313338
sen,1947,2354978
sen,1948,2397368
sen,1949,2444336
sen,1950,2555376
sen,1951,2619643
sen,1952,2687011
sen,1953,2757571
sen,1954,2831393
sen,1955,2908512
sen,1956,2988938
sen,1957,3072374
sen,1958,3158762
sen,1959,3248325
sen,1960,3340900
sen,1961,3436379
sen,1962,3534688
sen,1963,3635876
sen,1964,3740540
sen,1965,3849793
sen,1966,3964305
sen,1967,4083872
sen,1968,4207593
sen,1969,4334979
sen,1970,4466330
sen,1971,4601869
sen,1972,4741632
sen,1973,4885181
sen,1974,5029446
sen,1975,5170812
sen,1976,5308567
sen,1977,5439555
sen,1978,5568099
sen,1979,5702899
sen,1980,5845640
sen,1981,5997165
sen,1982,6156963
sen,1983,6324507
sen,1984,6499366
sen,1985,6683296
sen,1986,6878199
sen,1987,7081535
sen,1988,7289622
sen,1989,7502213
sen,1990,7720524
sen,1991,7943091
sen,1992,8168396
sen,1993,8396289
sen,1994,8624077
sen,1995,8848112
sen,1996,9067018
sen,1997,9283505
sen,1998,9502951
sen,1999,9730897
sen,2000,9968262
sen,2001,10212941
sen,2002,10466216
sen,2003,10721176
sen,2004,10975711
sen,2005,11235473
sen,2006,11500094
sen,2007,11770348
sen,2008,12048963
sen,2009,12337390
sen,2010,12635418
sen,2011,12958902
sen,2012,13310499
sen,2013,13710857
sen,2014,14152103
sen,2015,14593335
sen,2016,15034517
sen,2017,15475001
sen,2018,15914495
sen,2019,16352926
sen,2020,16789217
sen,2021,17220866
sen,2022,17651099
sen,2023,18077573
sgp,1800,30000
sgp,1801,30000
sgp,1802,30000
sgp,1803,30000
sgp,1804,30000
sgp,1805,30000
sgp,1806,30000
sgp,1807,30000
sgp,1808,30000
sgp,1809,30000
sgp,1810,30000
sgp,1811,30000
sgp,1812,30000
sgp,1813,30000
sgp,1814,30000
sgp,1815,30000
sgp,1816,30000
sgp,1817,30000
sgp,1818,30000
sgp,1819,30126
sgp,1820,30381
sgp,1821,30767
sgp,1822,31288
sgp,1823,31946
sgp,1824,32618
sgp,1825,33303
sgp,1826,34003
sgp,1827,34718
sgp,1828,35448
sgp,1829,36193
sgp,1830,36954
sgp,1831,37731
sgp,1832,38524
sgp,1833,39334
sgp,1834,40161
sgp,1835,41006
sgp,1836,41868
sgp,1837,42748
sgp,1838,43646
sgp,1839,44564
sgp,1840,45501
sgp,1841,46458
sgp,1842,47434
sgp,1843,48431
sgp,1844,49450
sgp,1845,50489
sgp,1846,51551
sgp,1847,52634
sgp,1848,53741
sgp,1849,54865
sgp,1850,56006
sgp,1851,57142
sgp,1852,58295
sgp,1853,59465
sgp,1854,60659
sgp,1855,61877
sgp,1856,63119
sgp,1857,64386
sgp,1858,65679
sgp,1859,66998
sgp,1860,68343
sgp,1861,69714
sgp,1862,71114
sgp,1863,72542
sgp,1864,73998
sgp,1865,75483
sgp,1866,76998
sgp,1867,78544
sgp,1868,80121
sgp,1869,81917
sgp,1870,83944
sgp,1871,86211
sgp,1872,88730
sgp,1873,91512
sgp,1874,94381
sgp,1875,97340
sgp,1876,100392
sgp,1877,103540
sgp,1878,106786
sgp,1879,110134
sgp,1880,113587
sgp,1881,117149
sgp,1882,120821
sgp,1883,124609
sgp,1884,128516
sgp,1885,132545
sgp,1886,136701
sgp,1887,140987
sgp,1888,145407
sgp,1889,149971
sgp,1890,154683
sgp,1891,159549
sgp,1892,164574
sgp,1893,169762
sgp,1894,175113
sgp,1895,180633
sgp,1896,186328
sgp,1897,192201
sgp,1898,198260
sgp,1899,204914
sgp,1900,212200
sgp,1901,220154
sgp,1902,228815
sgp,1903,238224
sgp,1904,248020
sgp,1905,258218
sgp,1906,268836
sgp,1907,279891
sgp,1908,291400
sgp,1909,301978
sgp,1910,311561
sgp,1911,320082
sgp,1912,327471
sgp,1913,333652
sgp,1914,339950
sgp,1915,346367
sgp,1916,352904
sgp,1917,359566
sgp,1918,366501
sgp,1919,375380
sgp,1920,386317
sgp,1921,399433
sgp,1922,414856
sgp,1923,432717
sgp,1924,451347
sgp,1925,470780
sgp,1926,491049
sgp,1927,512191
sgp,1928,534243
sgp,1929,554962
sgp,1930,574238
sgp,1931,591953
sgp,1932,607984
sgp,1933,622202
sgp,1934,636753
sgp,1935,651644
sgp,1936,666883
sgp,1937,682478
sgp,1938,698439
sgp,1939,715930
sgp,1940,735023
sgp,1941,755794
sgp,1942,778320
sgp,1943,802682
sgp,1944,827807
sgp,1945,853718
sgp,1946,880440
sgp,1947,907998
sgp,1948,936419
sgp,1949,969218
sgp,1950,1013318
sgp,1951,1068050
sgp,1952,1126098
sgp,1953,1187531
sgp,1954,1252286
sgp,1955,1320233
sgp,1956,1390957
sgp,1957,1458281
sgp,1958,1515731
sgp,1959,1567757
sgp,1960,1619328
sgp,1961,1670469
sgp,1962,1721183
sgp,1963,1771517
sgp,1964,1821468
sgp,1965,1870828
sgp,1966,1919088
sgp,1967,1965686
sgp,1968,2010102
sgp,1969,2052163
sgp,1970,2091568
sgp,1971,2128445
sgp,1972,2164344
sgp,1973,2200145
sgp,1974,2235079
sgp,1975,2268532
sgp,1976,2300749
sgp,1977,2331547
sgp,1978,2360611
sgp,1979,2388159
sgp,1980,2437496
sgp,1981,2531801
sgp,1982,2627420
sgp,1983,2685982
sgp,1984,2720930
sgp,1985,2735032
sgp,1986,2744656
sgp,1987,2781625
sgp,1988,2849043
sgp,1989,2938656
sgp,1990,3039593
sgp,1991,3136294
sgp,1992,3226461
sgp,1993,3317892
sgp,1994,3417818
sgp,1995,3533624
sgp,1996,3664566
sgp,1997,3796629
sgp,1998,3901418
sgp,1999,3966562
sgp,2000,4035251
sgp,2001,4116169
sgp,2002,4146898
sgp,2003,4138241
sgp,2004,4172767
sgp,2005,4268363
sgp,2006,4407064
sgp,2007,4596516
sgp,2008,4806742
sgp,2009,4968574
sgp,2010,5077020
sgp,2011,5182242
sgp,2012,5293345
sgp,2013,5385589
sgp,2014,5457899
sgp,2015,5525343
sgp,2016,5577936
sgp,2017,5604087
sgp,2018,5634366
sgp,2019,5669562
sgp,2020,5620151
sgp,2021,5546291
sgp,2022,5649888
sgp,2023,5789092
shn,1800,1997
shn,1820,1997
shn,1854,6300
shn,1861,6900
shn,1871,6200
shn,1881,5100
shn,1891,3900
shn,1901,3300
shn,1911,3500
shn,1921,3700
shn,1931,4200
shn,1946,5000
shn,1950,5249
shn,1951,5297
shn,1952,5324
shn,1953,5342
shn,1954,5344
shn,1955,5329
shn,1956,5320
shn,1957,5329
shn,1958,5350
shn,1959,5361
shn,1960,5388
shn,1961,5407
shn,1962,5438
shn,1963,5460
shn,1964,5486
shn,1965,5494
shn,1966,5524
shn,1967,5570
shn,1968,5647
shn,1969,5715
shn,1970,5797
shn,1971,5880
shn,1972,5953
shn,1973,6026
shn,1974,6091
shn,1975,6155
shn,1976,6194
shn,1977,6245
shn,1978,6310
shn,1979,6362
shn,1980,6413
shn,1981,6466
shn,1982,6535
shn,1983,6601
shn,1984,6647
shn,1985,6678
shn,1986,6706
shn,1987,6723
shn,1988,6710
shn,1989,6677
shn,1990,6639
shn,1991,6601
shn,1992,6545
shn,1993,6495
shn,1994,6433
shn,1995,6373
shn,1996,6309
shn,1997,6249
shn,1998,6184
shn,1999,6113
shn,2000,6045
shn,2001,5963
shn,2002,5879
shn,2003,5775
shn,2004,5678
shn,2005,5570
shn,2006,5457
shn,2007,5346
shn,2008,5295
shn,2009,5320
shn,2010,5352
shn,2011,5385
shn,2012,5428
shn,2013,5462
shn,2014,5493
shn,2015,5529
shn,2016,5544
shn,2017,5528
shn,2018,5507
shn,2019,5485
shn,2020,5451
shn,2021,5415
shn,2022,5369
shn,2023,5316
sjm,1800,4
sjm,1810,4
sjm,1820,5
sjm,1830,5
sjm,1840,6
sjm,1850,6
sjm,1860,7
sjm,1870,7
sjm,1880,7
sjm,1890,8
sjm,1900,8
sjm,1910,8
sjm,1920,9
sjm,1930,10
sjm,1940,11
sjm,1950,12
sjm,1951,13
sjm,1952,15
sjm,1953,17
sjm,1954,19
sjm,1955,21
sjm,1956,23
sjm,1957,26
sjm,1958,28
sjm,1959,32
sjm,1960,35
sjm,1961,39
sjm,1962,44
sjm,1963,49
sjm,1964,54
sjm,1965,60
sjm,1966,67
sjm,1967,74
sjm,1968,83
sjm,1969,92
sjm,1970,102
sjm,1971,113
sjm,1972,126
sjm,1973,140
sjm,1974,156
sjm,1975,173
sjm,1976,193
sjm,1977,214
sjm,1978,238
sjm,1979,264
sjm,1980,294
sjm,1981,326
sjm,1982,363
sjm,1983,403
sjm,1984,448
sjm,1985,498
sjm,1986,553
sjm,1987,615
sjm,1988,683
sjm,1989,759
sjm,1990,843
sjm,1991,937
sjm,1992,1041
sjm,1993,1157
sjm,1994,1286
sjm,1995,1428
sjm,1996,1587
sjm,1997,1764
sjm,1998,1960
sjm,1999,2178
sjm,2000,2420
sjm,2001,2400
sjm,2002,2400
sjm,2003,2400
sjm,2004,2400
sjm,2005,2400
sjm,2006,2400
sjm,2007,2400
sjm,2008,2400
sjm,2009,2400
sjm,2010,2400
sjm,2011,2400
sjm,2012,2400
sjm,2013,2400
sjm,2014,2400
sjm,2015,2400
sjm,2016,2400
sjm,2017,2400
sjm,2018,2400
sjm,2019,2400
sjm,2020,2400
sjm,2021,2400
sjm,2022,2400
sjm,2023,2400
slb,1800,56998
slb,1801,56998
slb,1802,56998
slb,1803,56998
slb,1804,56998
slb,1805,56998
slb,1806,56998
slb,1807,56998
slb,1808,56998
slb,1809,56998
slb,1810,56998
slb,1811,56998
slb,1812,56998
slb,1813,56998
slb,1814,56998
slb,1815,56998
slb,1816,56998
slb,1817,56998
slb,1818,56998
slb,1819,57121
slb,1820,57369
slb,1821,57743
slb,1822,58244
slb,1823,58873
slb,1824,59510
slb,1825,60153
slb,1826,60803
slb,1827,61460
slb,1828,62125
slb,1829,62796
slb,1830,63475
slb,1831,64161
slb,1832,64855
slb,1833,65556
slb,1834,66264
slb,1835,66981
slb,1836,67705
slb,1837,68436
slb,1838,69176
slb,1839,69924
slb,1840,70680
slb,1841,71444
slb,1842,72216
slb,1843,72997
slb,1844,73786
slb,1845,74583
slb,1846,75389
slb,1847,76204
slb,1848,77028
slb,1849,77861
slb,1850,78702
slb,1851,79533
slb,1852,80372
slb,1853,81221
slb,1854,82078
slb,1855,82944
slb,1856,83820
slb,1857,84704
slb,1858,85598
slb,1859,86502
slb,1860,87415
slb,1861,88337
slb,1862,89270
slb,1863,90212
slb,1864,91164
slb,1865,92126
slb,1866,93098
slb,1867,94081
slb,1868,95074
slb,1869,96077
slb,1870,97091
slb,1871,98116
slb,1872,99151
slb,1873,100197
slb,1874,101255
slb,1875,102323
slb,1876,103403
slb,1877,104494
slb,1878,105597
slb,1879,106711
slb,1880,107838
slb,1881,108976
slb,1882,110126
slb,1883,111288
slb,1884,112462
slb,1885,113649
slb,1886,114848
slb,1887,116060
slb,1888,117285
slb,1889,118522
slb,1890,119773
slb,1891,121037
slb,1892,122314
slb,1893,123605
slb,1894,124909
slb,1895,126227
slb,1896,127559
slb,1897,128905
slb,1898,130265
slb,1899,131639
slb,1900,133028
slb,1901,134432
slb,1902,135851
slb,1903,137284
slb,1904,138733
slb,1905,140196
slb,1906,141676
slb,1907,143170
slb,1908,144681
slb,1909,145908
slb,1910,146847
slb,1911,147497
slb,1912,147854
slb,1913,147914
slb,1914,147975
slb,1915,148035
slb,1916,148096
slb,1917,148156
slb,1918,148255
slb,1919,146959
slb,1920,144333
slb,1921,140437
slb,1922,135329
slb,1923,129064
slb,1924,123089
slb,1925,117391
slb,1926,111957
slb,1927,106774
slb,1928,101831
slb,1929,97992
slb,1930,95207
slb,1931,93428
slb,1932,92610
slb,1933,92708
slb,1934,92806
slb,1935,92904
slb,1936,93002
slb,1937,93101
slb,1938,93199
slb,1939,93496
slb,1940,93992
slb,1941,94691
slb,1942,95595
slb,1943,96707
slb,1944,97832
slb,1945,98970
slb,1946,100121
slb,1947,101286
slb,1948,102464
slb,1949,103770
slb,1950,108650
slb,1951,110972
slb,1952,113501
slb,1953,116223
slb,1954,119126
slb,1955,122199
slb,1956,125357
slb,1957,128689
slb,1958,132320
slb,1959,136144
slb,1960,139698
slb,1961,142921
slb,1962,146210
slb,1963,149607
slb,1964,153098
slb,1965,156696
slb,1966,160403
slb,1967,164255
slb,1968,168297
slb,1969,172488
slb,1970,176590
slb,1971,180655
slb,1972,185005
slb,1973,189788
slb,1974,195056
slb,1975,200759
slb,1976,207210
slb,1977,214426
slb,1978,222040
slb,1979,229964
slb,1980,238149
slb,1981,246569
slb,1982,255213
slb,1983,264084
slb,1984,273176
slb,1985,282468
slb,1986,291855
slb,1987,301426
slb,1988,311278
slb,1989,321293
slb,1990,331448
slb,1991,341743
slb,1992,352215
slb,1993,362850
slb,1994,373685
slb,1995,384744
slb,1996,396017
slb,1997,407480
slb,1998,419078
slb,1999,430511
slb,2000,440481
slb,2001,449137
slb,2002,457676
slb,2003,466164
slb,2004,474618
slb,2005,483090
slb,2006,491602
slb,2007,500168
slb,2008,508802
slb,2009,518150
slb,2010,532976
slb,2011,552958
slb,2012,573623
slb,2013,594952
slb,2014,616915
slb,2015,639423
slb,2016,662387
slb,2017,685677
slb,2018,709109
slb,2019,728156
slb,2020,744505
slb,2021,762594
slb,2022,781075
slb,2023,800014
sle,1800,794264
sle,1801,794264
sle,1802,794264
sle,1803,794264
sle,1804,794264
sle,1805,794264
sle,1806,794264
sle,1807,794264
sle,1808,794264
sle,1809,794264
sle,1810,794264
sle,1811,794264
sle,1812,794264
sle,1813,794264
sle,1814,794264
sle,1815,794264
sle,1816,794264
sle,1817,794264
sle,1818,794264
sle,1819,794159
sle,1820,793950
sle,1821,793636
sle,1822,793218
sle,1823,792696
sle,1824,792174
sle,1825,791652
sle,1826,791130
sle,1827,790609
sle,1828,790088
sle,1829,789568
sle,1830,789048
sle,1831,788528
sle,1832,788008
sle,1833,787489
sle,1834,786971
sle,1835,786452
sle,1836,785934
sle,1837,785416
sle,1838,784899
sle,1839,784382
sle,1840,783865
sle,1841,783349
sle,1842,782833
sle,1843,782317
sle,1844,781802
sle,1845,781287
sle,1846,780772
sle,1847,780258
sle,1848,779744
sle,1849,780112
sle,1850,781365
sle,1851,783867
sle,1852,787265
sle,1853,791564
sle,1854,795887
sle,1855,800233
sle,1856,804603
sle,1857,808996
sle,1858,813413
sle,1859,818018
sle,1860,822814
sle,1861,827803
sle,1862,832986
sle,1863,838367
sle,1864,843782
sle,1865,849232
sle,1866,854717
sle,1867,860237
sle,1868,865793
sle,1869,871560
sle,1870,877540
sle,1871,883737
sle,1872,890154
sle,1873,896792
sle,1874,903480
sle,1875,910217
sle,1876,917005
sle,1877,923843
sle,1878,930732
sle,1879,937672
sle,1880,944663
sle,1881,951707
sle,1882,958803
sle,1883,965951
sle,1884,973153
sle,1885,980408
sle,1886,987717
sle,1887,995080
sle,1888,1002498
sle,1889,1009971
sle,1890,1017500
sle,1891,1025084
sle,1892,1032725
sle,1893,1040423
sle,1894,1048177
sle,1895,1055989
sle,1896,1063860
sle,1897,1071788
sle,1898,1079776
sle,1899,1087823
sle,1900,1095929
sle,1901,1104096
sle,1902,1112324
sle,1903,1120612
sle,1904,1128963
sle,1905,1137375
sle,1906,1145849
sle,1907,1154387
sle,1908,1162988
sle,1909,1171417
sle,1910,1179670
sle,1911,1187746
sle,1912,1195641
sle,1913,1203352
sle,1914,1211112
sle,1915,1218922
sle,1916,1226783
sle,1917,1234693
sle,1918,1242101
sle,1919,1251817
sle,1920,1263887
sle,1921,1278360
sle,1922,1295287
sle,1923,1314716
sle,1924,1334437
sle,1925,1354453
sle,1926,1374770
sle,1927,1395391
sle,1928,1416322
sle,1929,1437275
sle,1930,1458247
sle,1931,1479233
sle,1932,1500230
sle,1933,1521233
sle,1934,1542530
sle,1935,1564126
sle,1936,1586023
sle,1937,1608228
sle,1938,1630743
sle,1939,1654914
sle,1940,1680790
sle,1941,1708417
sle,1942,1737846
sle,1943,1769127
sle,1944,1800971
sle,1945,1833389
sle,1946,1866390
sle,1947,1899985
sle,1948,1934184
sle,1949,1967796
sle,1950,1999628
sle,1951,2023289
sle,1952,2047201
sle,1953,2070818
sle,1954,2095066
sle,1955,2120895
sle,1956,2147980
sle,1957,2176254
sle,1958,2204841
sle,1959,2235024
sle,1960,2268361
sle,1961,2304229
sle,1962,2342241
sle,1963,2382262
sle,1964,2424393
sle,1965,2468669
sle,1966,2514641
sle,1967,2562394
sle,1968,2611535
sle,1969,2661367
sle,1970,2712287
sle,1971,2763230
sle,1972,2814397
sle,1973,2866959
sle,1974,2920466
sle,1975,2974659
sle,1976,3028822
sle,1977,3085359
sle,1978,3145522
sle,1979,3207502
sle,1980,3272097
sle,1981,3338944
sle,1982,3408188
sle,1983,3481644
sle,1984,3558762
sle,1985,3638444
sle,1986,3728381
sle,1987,3829720
sle,1988,3934517
sle,1989,4034038
sle,1990,4196834
sle,1991,4246268
sle,1992,4166368
sle,1993,4157128
sle,1994,4173111
sle,1995,4179178
sle,1996,4199215
sle,1997,4253710
sle,1998,4295783
sle,1999,4318047
sle,2000,4423615
sle,2001,4692715
sle,2002,4971435
sle,2003,5177686
sle,2004,5355715
sle,2005,5501707
sle,2006,5624464
sle,2007,5749353
sle,2008,5894728
sle,2009,6055655
sle,2010,6222715
sle,2011,6387258
sle,2012,6551078
sle,2013,6714057
sle,2014,6876385
sle,2015,7037660
sle,2016,7205339
sle,2017,7379300
sle,2018,7554568
sle,2019,7731994
sle,2020,7912557
sle,2021,8094603
sle,2022,8276809
sle,2023,8460523
slv,1800,248000
slv,1801,238098
slv,1802,228590
slv,1803,219463
slv,1804,210700
slv,1805,202287
slv,1806,194210
slv,1807,186455
slv,1808,179010
slv,1809,171862
slv,1810,173349
slv,1811,174838
slv,1812,179307
slv,1813,186765
slv,1814,194532
slv,1815,202623
slv,1816,211050
slv,1817,219828
slv,1818,228970
slv,1819,237078
slv,1820,244089
slv,1821,249940
slv,1822,254562
slv,1823,257886
slv,1824,261253
slv,1825,264665
slv,1826,268121
slv,1827,271622
slv,1828,275169
slv,1829,278762
slv,1830,282402
slv,1831,286090
slv,1832,289825
slv,1833,293610
slv,1834,297444
slv,1835,301328
slv,1836,305263
slv,1837,309249
slv,1838,313287
slv,1839,317378
slv,1840,321522
slv,1841,325721
slv,1842,329974
slv,1843,334283
slv,1844,338648
slv,1845,343070
slv,1846,347550
slv,1847,352088
slv,1848,356686
slv,1849,361478
slv,1850,366470
slv,1851,372316
slv,1852,378389
slv,1853,384695
slv,1854,391106
slv,1855,397622
slv,1856,404246
slv,1857,410979
slv,1858,417823
slv,1859,424779
slv,1860,431850
slv,1861,439038
slv,1862,446343
slv,1863,453769
slv,1864,461317
slv,1865,468990
slv,1866,476788
slv,1867,484715
slv,1868,492772
slv,1869,501707
slv,1870,511554
slv,1871,522346
slv,1872,534120
slv,1873,546912
slv,1874,560009
slv,1875,573419
slv,1876,587147
slv,1877,601203
slv,1878,615593
slv,1879,629258
slv,1880,642161
slv,1881,654266
slv,1882,665534
slv,1883,675925
slv,1884,686477
slv,1885,697192
slv,1886,708072
slv,1887,719119
slv,1888,730338
slv,1889,740908
slv,1890,750809
slv,1891,760023
slv,1892,768527
slv,1893,776302
slv,1894,784153
slv,1895,792081
slv,1896,800088
slv,1897,808173
slv,1898,816338
slv,1899,826721
slv,1900,839397
slv,1901,854442
slv,1902,871937
slv,1903,891960
slv,1904,912442
slv,1905,933391
slv,1906,954819
slv,1907,976736
slv,1908,999154
slv,1909,1022114
slv,1910,1045631
slv,1911,1069718
slv,1912,1094387
slv,1913,1119654
slv,1914,1145502
slv,1915,1171943
slv,1916,1198992
slv,1917,1226662
slv,1918,1253010
slv,1919,1279793
slv,1920,1307019
slv,1921,1334694
slv,1922,1362824
slv,1923,1391418
slv,1924,1420611
slv,1925,1450417
slv,1926,1480848
slv,1927,1511918
slv,1928,1543640
slv,1929,1573289
slv,1930,1600789
slv,1931,1626060
slv,1932,1649019
slv,1933,1669584
slv,1934,1690405
slv,1935,1711486
slv,1936,1732829
slv,1937,1754439
slv,1938,1776318
slv,1939,1800321
slv,1940,1826506
slv,1941,1854933
slv,1942,1885665
slv,1943,1918763
slv,1944,1952443
slv,1945,1986714
slv,1946,2021586
slv,1947,2057070
slv,1948,2093178
slv,1949,2134876
slv,1950,2183513
slv,1951,2235309
slv,1952,2287960
slv,1953,2341981
slv,1954,2397832
slv,1955,2456598
slv,1956,2518179
slv,1957,2582514
slv,1958,2648670
slv,1959,2717539
slv,1960,2791448
slv,1961,2870022
slv,1962,2949211
slv,1963,3028678
slv,1964,3111893
slv,1965,3199474
slv,1966,3290962
slv,1967,3385192
slv,1968,3480775
slv,1969,3576488
slv,1970,3668799
slv,1971,3757531
slv,1972,3846835
slv,1973,3938073
slv,1974,4029675
slv,1975,4120451
slv,1976,4210312
slv,1977,4301259
slv,1978,4394126
slv,1979,4480389
slv,1980,4540377
slv,1981,4570602
slv,1982,4622478
slv,1983,4707368
slv,1984,4798003
slv,1985,4894703
slv,1986,4992772
slv,1987,5092443
slv,1988,5195828
slv,1989,5298977
slv,1990,5399728
slv,1991,5495081
slv,1992,5585611
slv,1993,5659959
slv,1994,5714138
slv,1995,5762135
slv,1996,5805286
slv,1997,5844578
slv,1998,5880786
slv,1999,5913908
slv,2000,5943363
slv,2001,5968058
slv,2002,5986629
slv,2003,5998597
slv,2004,6004673
slv,2005,6005583
slv,2006,6002321
slv,2007,6009820
slv,2008,6029302
slv,2009,6048284
slv,2010,6068253
slv,2011,6090128
slv,2012,6113977
slv,2013,6138845
slv,2014,6162952
slv,2015,6183675
slv,2016,6200808
slv,2017,6213538
slv,2018,6219803
slv,2019,6222316
slv,2020,6234679
slv,2021,6255780
slv,2022,6280316
slv,2023,6309629
smr,1800,5492
smr,1801,5492
smr,1802,5492
smr,1803,5492
smr,1804,5492
smr,1805,5492
smr,1806,5492
smr,1807,5492
smr,1808,5492
smr,1809,5492
smr,1810,5492
smr,1811,5492
smr,1812,5492
smr,1813,5492
smr,1814,5492
smr,1815,5492
smr,1816,5492
smr,1817,5492
smr,1818,5492
smr,1819,5501
smr,1820,5518
smr,1821,5543
smr,1822,5578
smr,1823,5621
smr,1824,5665
smr,1825,5708
smr,1826,5753
smr,1827,5797
smr,1828,5842
smr,1829,5887
smr,1830,5933
smr,1831,5979
smr,1832,6025
smr,1833,6072
smr,1834,6119
smr,1835,6166
smr,1836,6214
smr,1837,6262
smr,1838,6311
smr,1839,6360
smr,1840,6409
smr,1841,6459
smr,1842,6509
smr,1843,6559
smr,1844,6610
smr,1845,6661
smr,1846,6713
smr,1847,6765
smr,1848,6817
smr,1849,6870
smr,1850,6923
smr,1851,6976
smr,1852,7030
smr,1853,7083
smr,1854,7137
smr,1855,7192
smr,1856,7247
smr,1857,7302
smr,1858,7358
smr,1859,7415
smr,1860,7471
smr,1861,7528
smr,1862,7586
smr,1863,7644
smr,1864,7702
smr,1865,7761
smr,1866,7821
smr,1867,7881
smr,1868,7941
smr,1869,8002
smr,1870,8063
smr,1871,8124
smr,1872,8186
smr,1873,8249
smr,1874,8312
smr,1875,8376
smr,1876,8440
smr,1877,8504
smr,1878,8569
smr,1879,8635
smr,1880,8701
smr,1881,8767
smr,1882,8835
smr,1883,8902
smr,1884,8970
smr,1885,9039
smr,1886,9108
smr,1887,9178
smr,1888,9248
smr,1889,9318
smr,1890,9390
smr,1891,9461
smr,1892,9534
smr,1893,9607
smr,1894,9680
smr,1895,9754
smr,1896,9829
smr,1897,9904
smr,1898,9980
smr,1899,10056
smr,1900,10133
smr,1901,10210
smr,1902,10288
smr,1903,10367
smr,1904,10446
smr,1905,10526
smr,1906,10607
smr,1907,10688
smr,1908,10770
smr,1909,10872
smr,1910,10995
smr,1911,11140
smr,1912,11307
smr,1913,11496
smr,1914,11689
smr,1915,11884
smr,1916,12083
smr,1917,12286
smr,1918,12492
smr,1919,12659
smr,1920,12786
smr,1921,12871
smr,1922,12913
smr,1923,12913
smr,1924,12913
smr,1925,12913
smr,1926,12913
smr,1927,12913
smr,1928,12913
smr,1929,12951
smr,1930,13026
smr,1931,13139
smr,1932,13291
smr,1933,13483
smr,1934,13677
smr,1935,13874
smr,1936,14074
smr,1937,14277
smr,1938,14483
smr,1939,14601
smr,1940,14632
smr,1941,14577
smr,1942,14434
smr,1943,14205
smr,1944,13979
smr,1945,13757
smr,1946,13538
smr,1947,13323
smr,1948,13111
smr,1949,12991
smr,1950,12970
smr,1951,13145
smr,1952,13300
smr,1953,13457
smr,1954,13630
smr,1955,13816
smr,1956,14074
smr,1957,14410
smr,1958,14746
smr,1959,15094
smr,1960,15449
smr,1961,15824
smr,1962,16201
smr,1963,16606
smr,1964,16998
smr,1965,17328
smr,1966,17549
smr,1967,17713
smr,1968,17886
smr,1969,18051
smr,1970,18194
smr,1971,18444
smr,1972,18811
smr,1973,19019
smr,1974,19052
smr,1975,19075
smr,1976,19138
smr,1977,20039
smr,1978,21050
smr,1979,21346
smr,1980,21609
smr,1981,21869
smr,1982,22078
smr,1983,22255
smr,1984,22372
smr,1985,22509
smr,1986,22663
smr,1987,22710
smr,1988,22865
smr,1989,23175
smr,1990,23501
smr,1991,23823
smr,1992,24149
smr,1993,24499
smr,1994,24853
smr,1995,25183
smr,1996,25503
smr,1997,25821
smr,1998,26149
smr,1999,26485
smr,2000,26823
smr,2001,27173
smr,2002,27515
smr,2003,27871
smr,2004,28230
smr,2005,28600
smr,2006,28966
smr,2007,29334
smr,2008,29721
smr,2009,30115
smr,2010,30648
smr,2011,32194
smr,2012,33494
smr,2013,33641
smr,2014,33753
smr,2015,33927
smr,2016,34188
smr,2017,34405
smr,2018,34557
smr,2019,34674
smr,2020,34796
smr,2021,34599
smr,2022,34113
smr,2023,33761
som,1800,988951
som,1801,989372
som,1802,989796
som,1803,990219
som,1804,990642
som,1805,991066
som,1806,991490
som,1807,991914
som,1808,992338
som,1809,992762
som,1810,993190
som,1811,993894
som,1812,994879
som,1813,996147
som,1814,997700
som,1815,999540
som,1816,1001670
som,1817,1004090
som,1818,1006802
som,1819,1009810
som,1820,1013114
som,1821,1019757
som,1822,1026458
som,1823,1039860
som,1824,1053438
som,1825,1067193
som,1826,1081128
som,1827,1095244
som,1828,1109545
som,1829,1124033
som,1830,1138709
som,1831,1153578
som,1832,1168640
som,1833,1183900
som,1834,1199358
som,1835,1215018
som,1836,1230883
som,1837,1246955
som,1838,1263237
som,1839,1279731
som,1840,1296441
som,1841,1313369
som,1842,1330518
som,1843,1347891
som,1844,1365491
som,1845,1383320
som,1846,1401383
som,1847,1419681
som,1848,1438218
som,1849,1453143
som,1850,1464409
som,1851,1471377
som,1852,1474586
som,1853,1473992
som,1854,1473398
som,1855,1472804
som,1856,1472211
som,1857,1471617
som,1858,1471023
som,1859,1470429
som,1860,1469836
som,1861,1469242
som,1862,1468648
som,1863,1468054
som,1864,1467461
som,1865,1466867
som,1866,1466273
som,1867,1465680
som,1868,1465086
som,1869,1464785
som,1870,1464777
som,1871,1465062
som,1872,1465639
som,1873,1466509
som,1874,1467380
som,1875,1468250
som,1876,1469121
som,1877,1469992
som,1878,1470864
som,1879,1471736
som,1880,1472608
som,1881,1473480
som,1882,1474352
som,1883,1475225
som,1884,1476098
som,1885,1476972
som,1886,1477845
som,1887,1478719
som,1888,1479594
som,1889,1481061
som,1890,1483123
som,1891,1485781
som,1892,1489037
som,1893,1492893
som,1894,1496759
som,1895,1500634
som,1896,1504520
som,1897,1508415
som,1898,1512319
som,1899,1516234
som,1900,1520159
som,1901,1524093
som,1902,1528038
som,1903,1531992
som,1904,1535956
som,1905,1539931
som,1906,1543915
som,1907,1547909
som,1908,1551914
som,1909,1555616
som,1910,1559015
som,1911,1562110
som,1912,1564900
som,1913,1567383
som,1914,1569869
som,1915,1572359
som,1916,1574853
som,1917,1577351
som,1918,1580505
som,1919,1586205
som,1920,1594481
som,1921,1605363
som,1922,1618883
som,1923,1635072
som,1924,1651422
som,1925,1667937
som,1926,1684616
som,1927,1701462
som,1928,1718477
som,1929,1734960
som,1930,1750902
som,1931,1766291
som,1932,1781115
som,1933,1795364
som,1934,1809727
som,1935,1824205
som,1936,1838799
som,1937,1853509
som,1938,1868337
som,1939,1885942
som,1940,1906384
som,1941,1929728
som,1942,1956037
som,1943,1985378
som,1944,2015159
som,1945,2045386
som,1946,2076067
som,1947,2107208
som,1948,2138816
som,1949,2174056
som,1950,2213139
som,1951,2276682
som,1952,2340259
som,1953,2403576
som,1954,2467314
som,1955,2532253
som,1956,2598371
som,1957,2665713
som,1958,2733407
som,1959,2803095
som,1960,2876333
som,1961,2952057
som,1962,3030096
som,1963,3110362
som,1964,3192798
som,1965,3277875
som,1966,3365115
som,1967,3454541
som,1968,3546594
som,1969,3641019
som,1970,3738451
som,1971,3837694
som,1972,3939438
som,1973,4045589
som,1974,4151851
som,1975,4257539
som,1976,4365815
som,1977,4484061
som,1978,4814897
som,1979,5449115
som,1980,5936155
som,1981,5982853
som,1982,6003838
som,1983,6198436
som,1984,6428396
som,1985,6693294
som,1986,6974790
som,1987,7228308
som,1988,7235362
som,1989,7114828
som,1990,7082816
som,1991,6813762
som,1992,6495109
som,1993,6681406
som,1994,7026804
som,1995,7285013
som,1996,7554476
som,1997,7824531
som,1998,8155414
som,1999,8492066
som,2000,8838714
som,2001,9198495
som,2002,9550069
som,2003,9909161
som,2004,10281001
som,2005,10644234
som,2006,10975502
som,2007,11322581
som,2008,11663090
som,2009,11961205
som,2010,12261761
som,2011,12348829
som,2012,12461163
som,2013,12869599
som,2014,13339497
som,2015,13806969
som,2016,14348741
som,2017,14916630
som,2018,15452489
som,2019,16030969
som,2020,16651200
som,2021,17271435
som,2022,17801895
som,2023,18358622
spm,1800,3583
spm,1810,3877
spm,1820,4006
spm,1830,4140
spm,1840,4278
spm,1850,4420
spm,1860,4567
spm,1870,4725
spm,1880,4888
spm,1890,5057
spm,1900,5231
spm,1910,5411
spm,1920,4943
spm,1930,4475
spm,1940,4021
spm,1950,4507
spm,1951,4555
spm,1952,4605
spm,1953,4659
spm,1954,4719
spm,1955,4784
spm,1956,4833
spm,1957,4864
spm,1958,4919
spm,1959,4986
spm,1960,5016
spm,1961,5003
spm,1962,5024
spm,1963,5086
spm,1964,5178
spm,1965,5255
spm,1966,5333
spm,1967,5413
spm,1968,5490
spm,1969,5571
spm,1970,5658
spm,1971,5744
spm,1972,5830
spm,1973,5925
spm,1974,6004
spm,1975,6051
spm,1976,6090
spm,1977,6125
spm,1978,6162
spm,1979,6182
spm,1980,6192
spm,1981,6172
spm,1982,6163
spm,1983,6208
spm,1984,6259
spm,1985,6301
spm,1986,6338
spm,1987,6368
spm,1988,6381
spm,1989,6372
spm,1990,6377
spm,1991,6400
spm,1992,6428
spm,1993,6440
spm,1994,6455
spm,1995,6459
spm,1996,6451
spm,1997,6438
spm,1998,6392
spm,1999,6338
spm,2000,6317
spm,2001,6299
spm,2002,6273
spm,2003,6234
spm,2004,6191
spm,2005,6139
spm,2006,6094
spm,2007,6074
spm,2008,6063
spm,2009,6054
spm,2010,6047
spm,2011,6036
spm,2012,6019
spm,2013,5999
spm,2014,5984
spm,2015,5971
spm,2016,5957
spm,2017,5946
spm,2018,5932
spm,2019,5899
spm,2020,5852
spm,2021,5802
spm,2022,5760
spm,2023,5707
srb,1800,2147197
srb,1801,2147197
srb,1802,2147197
srb,1803,2147197
srb,1804,2147197
srb,1805,2147197
srb,1806,2147197
srb,1807,2147197
srb,1808,2147197
srb,1809,2147197
srb,1810,2147197
srb,1811,2147197
srb,1812,2147197
srb,1813,2147197
srb,1814,2147197
srb,1815,2147197
srb,1816,2147197
srb,1817,2147197
srb,1818,2147197
srb,1819,2146330
srb,1820,2144598
srb,1821,2142002
srb,1822,2138544
srb,1823,2134227
srb,1824,2129918
srb,1825,2125618
srb,1826,2121327
srb,1827,2117044
srb,1828,2112770
srb,1829,2108504
srb,1830,2104247
srb,1831,2099999
srb,1832,2095759
srb,1833,2091528
srb,1834,2087305
srb,1835,2083091
srb,1836,2078886
srb,1837,2074689
srb,1838,2070500
srb,1839,2066320
srb,1840,2062148
srb,1841,2057985
srb,1842,2053830
srb,1843,2049683
srb,1844,2045545
srb,1845,2041416
srb,1846,2037294
srb,1847,2033181
srb,1848,2029076
srb,1849,2024980
srb,1850,2020891
srb,1851,2013862
srb,1852,2006853
srb,1853,1999864
srb,1854,1992895
srb,1855,1985946
srb,1856,1979017
srb,1857,1972108
srb,1858,1965219
srb,1859,1958349
srb,1860,1951500
srb,1861,1944669
srb,1862,1937859
srb,1863,1931068
srb,1864,1924297
srb,1865,1917545
srb,1866,1910812
srb,1867,1904099
srb,1868,1897405
srb,1869,1890731
srb,1870,1884075
srb,1871,1877439
srb,1872,1870822
srb,1873,1864224
srb,1874,1857645
srb,1875,1851085
srb,1876,1844544
srb,1877,1838022
srb,1878,1831519
srb,1879,1830467
srb,1880,1834900
srb,1881,1844854
srb,1882,1860363
srb,1883,1881462
srb,1884,1902796
srb,1885,1924367
srb,1886,1946178
srb,1887,1968231
srb,1888,1990530
srb,1889,2013685
srb,1890,2037713
srb,1891,2062631
srb,1892,2088455
srb,1893,2115203
srb,1894,2142288
srb,1895,2169715
srb,1896,2197488
srb,1897,2225610
srb,1898,2254087
srb,1899,2283492
srb,1900,2313842
srb,1901,2345158
srb,1902,2377458
srb,1903,2410763
srb,1904,2444528
srb,1905,2478760
srb,1906,2513464
srb,1907,2548648
srb,1908,2584319
srb,1909,2623394
srb,1910,2665974
srb,1911,2712160
srb,1912,2762057
srb,1913,2815772
srb,1914,2870523
srb,1915,2926332
srb,1916,2983218
srb,1917,3041201
srb,1918,3105338
srb,1919,3170827
srb,1920,3237697
srb,1921,3305978
srb,1922,3375698
srb,1923,3446889
srb,1924,3519582
srb,1925,3593807
srb,1926,3669598
srb,1927,3746987
srb,1928,3826008
srb,1929,3906695
srb,1930,3989085
srb,1931,4073211
srb,1932,4159112
srb,1933,4246825
srb,1934,4336387
srb,1935,4427838
srb,1936,4521218
srb,1937,4616567
srb,1938,4713927
srb,1939,4813340
srb,1940,4914850
srb,1941,5018500
srb,1942,5124337
srb,1943,5232405
srb,1944,5342753
srb,1945,5455427
srb,1946,5570478
srb,1947,5687955
srb,1948,5807910
srb,1949,5917934
srb,1950,6009201
srb,1951,6067045
srb,1952,6127270
srb,1953,6192415
srb,1954,6266890
srb,1955,6346329
srb,1956,6422763
srb,1957,6496456
srb,1958,6567235
srb,1959,6635214
srb,1960,6702964
srb,1961,6771392
srb,1962,6838634
srb,1963,6904168
srb,1964,6968218
srb,1965,7031142
srb,1966,7093228
srb,1967,7154393
srb,1968,7214029
srb,1969,7271058
srb,1970,7324426
srb,1971,7375141
srb,1972,7424742
srb,1973,7473516
srb,1974,7522491
srb,1975,7572433
srb,1976,7622703
srb,1977,7671486
srb,1978,7716932
srb,1979,7758219
srb,1980,7796286
srb,1981,7827863
srb,1982,7849652
srb,1983,7864592
srb,1984,7875050
srb,1985,7881551
srb,1986,7884582
srb,1987,7885364
srb,1988,7884457
srb,1989,7881272
srb,1990,7874595
srb,1991,7867067
srb,1992,7859811
srb,1993,7849723
srb,1994,7837157
srb,1995,7823281
srb,1996,7807720
srb,1997,7789186
srb,1998,7765929
srb,1999,7734367
srb,2000,7694608
srb,2001,7651927
srb,2002,7616741
srb,2003,7590946
srb,2004,7565843
srb,2005,7539139
srb,2006,7511395
srb,2007,7482996
srb,2008,7454285
srb,2009,7425346
srb,2010,7395872
srb,2011,7364858
srb,2012,7324624
srb,2013,7276183
srb,2014,7227203
srb,2015,7177257
srb,2016,7126083
srb,2017,7073507
srb,2018,7020014
srb,2019,6966155
srb,2020,6907814
srb,2021,6835429
srb,2022,6791215
srb,2023,6773204
ssd,1800,1027378
ssd,1801,1028736
ssd,1802,1030097
ssd,1803,1031459
ssd,1804,1032822
ssd,1805,1034188
ssd,1806,1035555
ssd,1807,1036925
ssd,1808,1038296
ssd,1809,1039668
ssd,1810,1041076
ssd,1811,1042610
ssd,1812,1044304
ssd,1813,1046159
ssd,1814,1048176
ssd,1815,1050356
ssd,1816,1052700
ssd,1817,1055209
ssd,1818,1057883
ssd,1819,1060724
ssd,1820,1063732
ssd,1821,1066909
ssd,1822,1070256
ssd,1823,1073773
ssd,1824,1077461
ssd,1825,1081322
ssd,1826,1085356
ssd,1827,1089564
ssd,1828,1093948
ssd,1829,1098508
ssd,1830,1103246
ssd,1831,1108161
ssd,1832,1113099
ssd,1833,1118059
ssd,1834,1123040
ssd,1835,1128044
ssd,1836,1133071
ssd,1837,1138119
ssd,1838,1143190
ssd,1839,1148284
ssd,1840,1153400
ssd,1841,1158540
ssd,1842,1163702
ssd,1843,1168887
ssd,1844,1174095
ssd,1845,1179326
ssd,1846,1184581
ssd,1847,1189859
ssd,1848,1195161
ssd,1849,1200486
ssd,1850,1205835
ssd,1851,1216960
ssd,1852,1228159
ssd,1853,1239435
ssd,1854,1250786
ssd,1855,1262214
ssd,1856,1273720
ssd,1857,1285302
ssd,1858,1296963
ssd,1859,1308701
ssd,1860,1320519
ssd,1861,1332416
ssd,1862,1344393
ssd,1863,1356450
ssd,1864,1368588
ssd,1865,1380807
ssd,1866,1393108
ssd,1867,1405491
ssd,1868,1417957
ssd,1869,1430506
ssd,1870,1443138
ssd,1871,1455472
ssd,1872,1468270
ssd,1873,1481153
ssd,1874,1494122
ssd,1875,1507177
ssd,1876,1520319
ssd,1877,1533547
ssd,1878,1546864
ssd,1879,1560269
ssd,1880,1573763
ssd,1881,1587345
ssd,1882,1601018
ssd,1883,1614781
ssd,1884,1628635
ssd,1885,1642580
ssd,1886,1656617
ssd,1887,1670747
ssd,1888,1684970
ssd,1889,1699286
ssd,1890,1713696
ssd,1891,1728201
ssd,1892,1742802
ssd,1893,1757498
ssd,1894,1772290
ssd,1895,1787180
ssd,1896,1802167
ssd,1897,1817252
ssd,1898,1832435
ssd,1899,1847718
ssd,1900,1863101
ssd,1901,1878584
ssd,1902,1894168
ssd,1903,1909854
ssd,1904,1925641
ssd,1905,1941532
ssd,1906,1957526
ssd,1907,1973624
ssd,1908,1989826
ssd,1909,2006134
ssd,1910,2022548
ssd,1911,2038879
ssd,1912,2055505
ssd,1913,2072239
ssd,1914,2089080
ssd,1915,2106030
ssd,1916,2123090
ssd,1917,2140261
ssd,1918,2149797
ssd,1919,2159376
ssd,1920,2168997
ssd,1921,2178661
ssd,1922,2188369
ssd,1923,2198120
ssd,1924,2207914
ssd,1925,2217752
ssd,1926,2227633
ssd,1927,2237559
ssd,1928,2247529
ssd,1929,2257544
ssd,1930,2267602
ssd,1931,2277706
ssd,1932,2287855
ssd,1933,2298049
ssd,1934,2308288
ssd,1935,2318573
ssd,1936,2328904
ssd,1937,2339281
ssd,1938,2349704
ssd,1939,2360173
ssd,1940,2370690
ssd,1941,2381253
ssd,1942,2391863
ssd,1943,2402521
ssd,1944,2413226
ssd,1945,2423978
ssd,1946,2434778
ssd,1947,2445627
ssd,1948,2456524
ssd,1949,2467469
ssd,1950,2493286
ssd,1951,2529620
ssd,1952,2569208
ssd,1953,2611735
ssd,1954,2657098
ssd,1955,2705090
ssd,1956,2754597
ssd,1957,2804099
ssd,1958,2848361
ssd,1959,2888781
ssd,1960,2931567
ssd,1961,2976728
ssd,1962,3024304
ssd,1963,3072675
ssd,1964,3129915
ssd,1965,3189833
ssd,1966,3236423
ssd,1967,3277648
ssd,1968,3321528
ssd,1969,3365534
ssd,1970,3409620
ssd,1971,3468646
ssd,1972,3542492
ssd,1973,3627387
ssd,1974,3723264
ssd,1975,3821494
ssd,1976,3921912
ssd,1977,4024037
ssd,1978,4127666
ssd,1979,4232613
ssd,1980,4339041
ssd,1981,4447275
ssd,1982,4557690
ssd,1983,4661577
ssd,1984,4750626
ssd,1985,4834296
ssd,1986,4921245
ssd,1987,4962397
ssd,1988,4848029
ssd,1989,4713234
ssd,1990,4737637
ssd,1991,4836686
ssd,1992,4909746
ssd,1993,4956006
ssd,1994,5071191
ssd,1995,5225840
ssd,1996,5356925
ssd,1997,5509142
ssd,1998,5620077
ssd,1999,5771632
ssd,2000,6032274
ssd,2001,6308399
ssd,2002,6596810
ssd,2003,6903129
ssd,2004,7233040
ssd,2005,7590147
ssd,2006,7976532
ssd,2007,8388785
ssd,2008,8817645
ssd,2009,9243560
ssd,2010,9745955
ssd,2011,10288112
ssd,2012,10756245
ssd,2013,11166280
ssd,2014,11235071
ssd,2015,11107569
ssd,2016,10830108
ssd,2017,10259150
ssd,2018,10122983
ssd,2019,10423382
ssd,2020,10698471
ssd,2021,10865786
ssd,2022,11021175
ssd,2023,11483370
stp,1800,22731
stp,1801,22731
stp,1802,22731
stp,1803,22731
stp,1804,22731
stp,1805,22731
stp,1806,22731
stp,1807,22731
stp,1808,22731
stp,1809,22731
stp,1810,22731
stp,1811,22731
stp,1812,22731
stp,1813,22731
stp,1814,22731
stp,1815,22731
stp,1816,22731
stp,1817,22731
stp,1818,22731
stp,1819,22763
stp,1820,22828
stp,1821,22925
stp,1822,23056
stp,1823,23219
stp,1824,23384
stp,1825,23549
stp,1826,23716
stp,1827,23885
stp,1828,24054
stp,1829,24224
stp,1830,24396
stp,1831,24569
stp,1832,24743
stp,1833,24919
stp,1834,25095
stp,1835,25273
stp,1836,25452
stp,1837,25633
stp,1838,25815
stp,1839,25998
stp,1840,26182
stp,1841,26367
stp,1842,26554
stp,1843,26743
stp,1844,26932
stp,1845,27123
stp,1846,27315
stp,1847,27509
stp,1848,27704
stp,1849,27901
stp,1850,28098
stp,1851,28304
stp,1852,28512
stp,1853,28721
stp,1854,28931
stp,1855,29143
stp,1856,29357
stp,1857,29572
stp,1858,29789
stp,1859,30007
stp,1860,30227
stp,1861,30448
stp,1862,30671
stp,1863,30896
stp,1864,31122
stp,1865,31351
stp,1866,31580
stp,1867,31812
stp,1868,32045
stp,1869,32280
stp,1870,32516
stp,1871,32754
stp,1872,32994
stp,1873,33236
stp,1874,33480
stp,1875,33725
stp,1876,33972
stp,1877,34221
stp,1878,34472
stp,1879,34724
stp,1880,34979
stp,1881,35235
stp,1882,35493
stp,1883,35753
stp,1884,36015
stp,1885,36279
stp,1886,36545
stp,1887,36812
stp,1888,37082
stp,1889,37354
stp,1890,37628
stp,1891,37903
stp,1892,38181
stp,1893,38461
stp,1894,38742
stp,1895,39026
stp,1896,39312
stp,1897,39600
stp,1898,39890
stp,1899,40446
stp,1900,41279
stp,1901,42404
stp,1902,43833
stp,1903,45581
stp,1904,47398
stp,1905,49288
stp,1906,51254
stp,1907,53297
stp,1908,55423
stp,1909,57096
stp,1910,58302
stp,1911,59025
stp,1912,59248
stp,1913,58954
stp,1914,58661
stp,1915,58369
stp,1916,58079
stp,1917,57790
stp,1918,57489
stp,1919,57328
stp,1920,57306
stp,1921,57425
stp,1922,57684
stp,1923,58083
stp,1924,58485
stp,1925,58890
stp,1926,59298
stp,1927,59708
stp,1928,60122
stp,1929,60474
stp,1930,60764
stp,1931,60992
stp,1932,61156
stp,1933,61257
stp,1934,61359
stp,1935,61460
stp,1936,61562
stp,1937,61664
stp,1938,61766
stp,1939,61821
stp,1940,61831
stp,1941,61794
stp,1942,61710
stp,1943,61580
stp,1944,61451
stp,1945,61322
stp,1946,61193
stp,1947,61064
stp,1948,60936
stp,1949,60906
stp,1950,60895
stp,1951,61783
stp,1952,62611
stp,1953,63348
stp,1954,64004
stp,1955,64618
stp,1956,65241
stp,1957,65886
stp,1958,66575
stp,1959,67306
stp,1960,68028
stp,1961,68724
stp,1962,69422
stp,1963,70133
stp,1964,70881
stp,1965,71691
stp,1966,72594
stp,1967,73610
stp,1968,74783
stp,1969,76096
stp,1970,77639
stp,1971,79351
stp,1972,81061
stp,1973,82816
stp,1974,84685
stp,1975,86722
stp,1976,88939
stp,1977,91316
stp,1978,93809
stp,1979,96266
stp,1980,98563
stp,1981,100629
stp,1982,102528
stp,1983,104397
stp,1984,106410
stp,1985,108669
stp,1986,111163
stp,1987,113934
stp,1988,116955
stp,1989,119990
stp,1990,122993
stp,1991,125711
stp,1992,128127
stp,1993,130478
stp,1994,132745
stp,1995,134905
stp,1996,136974
stp,1997,138935
stp,1998,140765
stp,1999,142459
stp,2000,144029
stp,2001,146386
stp,2002,149932
stp,2003,153824
stp,2004,157721
stp,2005,161650
stp,2006,165651
stp,2007,169709
stp,2008,173808
stp,2009,177866
stp,2010,181810
stp,2011,185665
stp,2012,189452
stp,2013,193158
stp,2014,196780
stp,2015,200308
stp,2016,203702
stp,2017,206986
stp,2018,210198
stp,2019,213405
stp,2020,217450
stp,2021,221975
stp,2022,226313
stp,2023,230882
sur,1800,80721
sur,1801,80721
sur,1802,80721
sur,1803,80721
sur,1804,80721
sur,1805,80721
sur,1806,80721
sur,1807,80721
sur,1808,80721
sur,1809,80721
sur,1810,80721
sur,1811,80721
sur,1812,80721
sur,1813,80721
sur,1814,80721
sur,1815,80721
sur,1816,80721
sur,1817,80721
sur,1818,80721
sur,1819,80750
sur,1820,80809
sur,1821,80897
sur,1822,81014
sur,1823,81161
sur,1824,81308
sur,1825,81455
sur,1826,81603
sur,1827,81750
sur,1828,81898
sur,1829,82047
sur,1830,82195
sur,1831,82344
sur,1832,82493
sur,1833,82643
sur,1834,82793
sur,1835,82943
sur,1836,83093
sur,1837,83243
sur,1838,83394
sur,1839,83545
sur,1840,83697
sur,1841,83848
sur,1842,84000
sur,1843,84152
sur,1844,84305
sur,1845,84457
sur,1846,84610
sur,1847,84764
sur,1848,84917
sur,1849,85071
sur,1850,85225
sur,1851,85290
sur,1852,85355
sur,1853,85420
sur,1854,85485
sur,1855,85549
sur,1856,85614
sur,1857,85679
sur,1858,85744
sur,1859,85808
sur,1860,85873
sur,1861,85937
sur,1862,86002
sur,1863,86066
sur,1864,86130
sur,1865,86195
sur,1866,86259
sur,1867,86323
sur,1868,86387
sur,1869,86452
sur,1870,86516
sur,1871,86580
sur,1872,86644
sur,1873,86708
sur,1874,86771
sur,1875,86835
sur,1876,86899
sur,1877,86963
sur,1878,87026
sur,1879,87090
sur,1880,87153
sur,1881,87217
sur,1882,87280
sur,1883,87344
sur,1884,87407
sur,1885,87470
sur,1886,87533
sur,1887,87597
sur,1888,87660
sur,1889,87723
sur,1890,87786
sur,1891,87849
sur,1892,87911
sur,1893,87974
sur,1894,88037
sur,1895,88100
sur,1896,88162
sur,1897,88225
sur,1898,88287
sur,1899,88350
sur,1900,88412
sur,1901,88474
sur,1902,88536
sur,1903,88599
sur,1904,88661
sur,1905,88723
sur,1906,88785
sur,1907,88846
sur,1908,88908
sur,1909,89589
sur,1910,90910
sur,1911,92894
sur,1912,95564
sur,1913,98944
sur,1914,102443
sur,1915,106066
sur,1916,109817
sur,1917,113701
sur,1918,117854
sur,1919,121535
sur,1920,124719
sur,1921,127380
sur,1922,129491
sur,1923,131025
sur,1924,132578
sur,1925,134148
sur,1926,135738
sur,1927,137346
sur,1928,138973
sur,1929,140812
sur,1930,142870
sur,1931,145151
sur,1932,147664
sur,1933,150414
sur,1934,153214
sur,1935,156067
sur,1936,158974
sur,1937,161934
sur,1938,164949
sur,1939,167807
sur,1940,170501
sur,1941,173026
sur,1942,175376
sur,1943,177545
sur,1944,179741
sur,1945,181965
sur,1946,184215
sur,1947,186494
sur,1948,188801
sur,1949,191880
sur,1950,195575
sur,1951,200519
sur,1952,206364
sur,1953,212372
sur,1954,218641
sur,1955,225202
sur,1956,232155
sur,1957,239491
sur,1958,247245
sur,1959,255395
sur,1960,263935
sur,1961,272796
sur,1962,283917
sur,1963,297042
sur,1964,309046
sur,1965,320010
sur,1966,331136
sur,1967,342687
sur,1968,354621
sur,1969,366916
sur,1970,379451
sur,1971,391940
sur,1972,397420
sur,1973,395776
sur,1974,393690
sur,1975,391182
sur,1976,388296
sur,1977,385073
sur,1978,381512
sur,1979,377607
sur,1980,375393
sur,1981,375472
sur,1982,376566
sur,1983,378762
sur,1984,382202
sur,1985,386982
sur,1986,392344
sur,1987,396921
sur,1988,402231
sur,1989,408415
sur,1990,412500
sur,1991,415021
sur,1992,417602
sur,1993,419357
sur,1994,422382
sur,1995,429611
sur,1996,438834
sur,1997,448068
sur,1998,457413
sur,1999,466925
sur,2000,476647
sur,2001,486566
sur,2002,496566
sur,2003,506421
sur,2004,513928
sur,2005,519321
sur,2006,525003
sur,2007,531026
sur,2008,537252
sur,2009,543580
sur,2010,549931
sur,2011,556279
sur,2012,562640
sur,2013,569024
sur,2014,575380
sur,2015,581634
sur,2016,587765
sur,2017,593720
sur,2018,599519
sur,2019,605779
sur,2020,612320
sur,2021,617905
sur,2022,623172
sur,2023,628892
svk,1800,2140651
svk,1801,2140651
svk,1802,2140651
svk,1803,2140651
svk,1804,2140651
svk,1805,2140651
svk,1806,2140651
svk,1807,2140651
svk,1808,2140651
svk,1809,2140651
svk,1810,2140651
svk,1811,2140651
svk,1812,2140651
svk,1813,2140651
svk,1814,2140651
svk,1815,2140651
svk,1816,2140651
svk,1817,2140651
svk,1818,2140651
svk,1819,2142239
svk,1820,2145419
svk,1821,2150200
svk,1822,2156585
svk,1823,2164582
svk,1824,2172608
svk,1825,2180664
svk,1826,2188750
svk,1827,2196866
svk,1828,2205012
svk,1829,2213189
svk,1830,2221395
svk,1831,2229632
svk,1832,2237900
svk,1833,2246198
svk,1834,2254527
svk,1835,2262887
svk,1836,2271278
svk,1837,2279700
svk,1838,2288153
svk,1839,2296638
svk,1840,2305154
svk,1841,2313701
svk,1842,2322281
svk,1843,2330892
svk,1844,2339535
svk,1845,2348210
svk,1846,2356917
svk,1847,2365657
svk,1848,2374429
svk,1849,2383233
svk,1850,2392070
svk,1851,2400733
svk,1852,2409427
svk,1853,2418153
svk,1854,2426910
svk,1855,2435699
svk,1856,2444519
svk,1857,2453372
svk,1858,2462257
svk,1859,2471173
svk,1860,2480123
svk,1861,2489104
svk,1862,2498118
svk,1863,2507165
svk,1864,2516244
svk,1865,2525356
svk,1866,2534501
svk,1867,2543679
svk,1868,2552891
svk,1869,2562136
svk,1870,2571414
svk,1871,2580726
svk,1872,2590071
svk,1873,2599451
svk,1874,2608864
svk,1875,2618312
svk,1876,2627793
svk,1877,2637309
svk,1878,2646859
svk,1879,2656444
svk,1880,2666064
svk,1881,2675718
svk,1882,2685408
svk,1883,2695132
svk,1884,2704892
svk,1885,2714687
svk,1886,2724517
svk,1887,2734383
svk,1888,2744285
svk,1889,2754222
svk,1890,2764196
svk,1891,2774205
svk,1892,2784251
svk,1893,2794333
svk,1894,2804452
svk,1895,2814607
svk,1896,2824799
svk,1897,2835028
svk,1898,2845294
svk,1899,2855597
svk,1900,2865937
svk,1901,2876315
svk,1902,2886730
svk,1903,2897183
svk,1904,2907674
svk,1905,2918203
svk,1906,2928770
svk,1907,2939375
svk,1908,2950019
svk,1909,2960701
svk,1910,2971421
svk,1911,2982181
svk,1912,2992979
svk,1913,3003817
svk,1914,3014694
svk,1915,3025610
svk,1916,3036565
svk,1917,3047561
svk,1918,3058861
svk,1919,3070204
svk,1920,3081588
svk,1921,3093015
svk,1922,3104484
svk,1923,3115995
svk,1924,3127549
svk,1925,3139147
svk,1926,3150787
svk,1927,3162470
svk,1928,3174196
svk,1929,3185967
svk,1930,3197780
svk,1931,3209638
svk,1932,3221539
svk,1933,3233485
svk,1934,3245475
svk,1935,3257509
svk,1936,3269588
svk,1937,3281712
svk,1938,3293881
svk,1939,3306094
svk,1940,3318354
svk,1941,3330658
svk,1942,3343008
svk,1943,3355404
svk,1944,3367846
svk,1945,3380334
svk,1946,3392869
svk,1947,3405450
svk,1948,3418077
svk,1949,3438089
svk,1950,3465750
svk,1951,3525383
svk,1952,3591860
svk,1953,3660079
svk,1954,3728027
svk,1955,3797354
svk,1956,3868268
svk,1957,3936840
svk,1958,4002698
svk,1959,4064674
svk,1960,4124444
svk,1961,4185347
svk,1962,4235796
svk,1963,4278467
svk,1964,4323293
svk,1965,4365055
svk,1966,4402206
svk,1967,4436106
svk,1968,4466440
svk,1969,4495039
svk,1970,4525876
svk,1971,4560415
svk,1972,4599802
svk,1973,4643683
svk,1974,4690647
svk,1975,4739175
svk,1976,4788513
svk,1977,4837710
svk,1978,4885733
svk,1979,4933451
svk,1980,4976659
svk,1981,5014960
svk,1982,5051811
svk,1983,5086443
svk,1984,5119394
svk,1985,5151164
svk,1986,5180090
svk,1987,5205882
svk,1988,5229678
svk,1989,5249932
svk,1990,5266077
svk,1991,5284876
svk,1992,5306445
svk,1993,5326363
svk,1994,5343230
svk,1995,5354287
svk,1996,5362430
svk,1997,5369781
svk,1998,5374801
svk,1999,5378105
svk,2000,5380001
svk,2001,5379439
svk,2002,5377685
svk,2003,5376197
svk,2004,5376038
svk,2005,5376697
svk,2006,5376847
svk,2007,5376993
svk,2008,5379127
svk,2009,5385074
svk,2010,5391857
svk,2011,5398105
svk,2012,5404877
svk,2013,5410422
svk,2014,5415238
svk,2015,5420278
svk,2016,5427262
svk,2017,5435702
svk,2018,5443229
svk,2019,5450627
svk,2020,5455028
svk,2021,5442766
svk,2022,5473195
svk,2023,5518057
svn,1800,469664
svn,1801,469664
svn,1802,469664
svn,1803,469664
svn,1804,469664
svn,1805,469664
svn,1806,469664
svn,1807,469664
svn,1808,469664
svn,1809,469664
svn,1810,469664
svn,1811,469664
svn,1812,469664
svn,1813,469664
svn,1814,469664
svn,1815,469664
svn,1816,469664
svn,1817,469664
svn,1818,469664
svn,1819,470491
svn,1820,472152
svn,1821,474655
svn,1822,478007
svn,1823,482215
svn,1824,486460
svn,1825,490743
svn,1826,495063
svn,1827,499422
svn,1828,503818
svn,1829,508254
svn,1830,512728
svn,1831,517242
svn,1832,521796
svn,1833,526390
svn,1834,531024
svn,1835,535699
svn,1836,540415
svn,1837,545173
svn,1838,549972
svn,1839,554814
svn,1840,559698
svn,1841,564626
svn,1842,569597
svn,1843,574611
svn,1844,579670
svn,1845,584773
svn,1846,589921
svn,1847,595115
svn,1848,600354
svn,1849,605639
svn,1850,610971
svn,1851,616223
svn,1852,621519
svn,1853,626861
svn,1854,632248
svn,1855,637682
svn,1856,643163
svn,1857,648691
svn,1858,654266
svn,1859,659889
svn,1860,665560
svn,1861,671280
svn,1862,677049
svn,1863,682868
svn,1864,688737
svn,1865,694656
svn,1866,700626
svn,1867,706647
svn,1868,712720
svn,1869,718846
svn,1870,725023
svn,1871,731254
svn,1872,737538
svn,1873,743877
svn,1874,750270
svn,1875,756717
svn,1876,763220
svn,1877,769779
svn,1878,776394
svn,1879,783066
svn,1880,789796
svn,1881,796583
svn,1882,803428
svn,1883,810332
svn,1884,817296
svn,1885,824319
svn,1886,831403
svn,1887,838547
svn,1888,845753
svn,1889,853021
svn,1890,860351
svn,1891,867744
svn,1892,875201
svn,1893,882721
svn,1894,890306
svn,1895,897957
svn,1896,905673
svn,1897,913455
svn,1898,921304
svn,1899,929221
svn,1900,937205
svn,1901,945258
svn,1902,953380
svn,1903,961572
svn,1904,969835
svn,1905,978168
svn,1906,986573
svn,1907,995050
svn,1908,1003599
svn,1909,1012223
svn,1910,1020920
svn,1911,1029692
svn,1912,1038539
svn,1913,1047462
svn,1914,1056462
svn,1915,1065539
svn,1916,1074694
svn,1917,1083928
svn,1918,1093471
svn,1919,1103097
svn,1920,1112809
svn,1921,1122606
svn,1922,1132489
svn,1923,1142459
svn,1924,1152517
svn,1925,1162663
svn,1926,1172899
svn,1927,1183225
svn,1928,1193642
svn,1929,1204150
svn,1930,1214751
svn,1931,1225445
svn,1932,1236234
svn,1933,1247117
svn,1934,1258096
svn,1935,1269172
svn,1936,1280346
svn,1937,1291618
svn,1938,1302989
svn,1939,1314460
svn,1940,1326032
svn,1941,1337706
svn,1942,1349483
svn,1943,1361363
svn,1944,1373348
svn,1945,1385439
svn,1946,1397636
svn,1947,1409940
svn,1948,1422353
svn,1949,1434054
svn,1950,1446362
svn,1951,1462731
svn,1952,1479671
svn,1953,1497562
svn,1954,1515604
svn,1955,1532637
svn,1956,1548767
svn,1957,1564154
svn,1958,1578539
svn,1959,1592118
svn,1960,1605080
svn,1961,1618564
svn,1962,1633084
svn,1963,1647447
svn,1964,1661355
svn,1965,1675321
svn,1966,1689638
svn,1967,1703875
svn,1968,1716931
svn,1969,1728680
svn,1970,1739869
svn,1971,1752715
svn,1972,1768220
svn,1973,1784579
svn,1974,1801032
svn,1975,1817595
svn,1976,1834356
svn,1977,1851329
svn,1978,1868515
svn,1979,1885912
svn,1980,1903075
svn,1981,1914594
svn,1982,1917974
svn,1983,1923360
svn,1984,1932703
svn,1985,1941480
svn,1986,1964833
svn,1987,1988025
svn,1988,1993520
svn,1989,1995463
svn,1990,1998010
svn,1991,1999191
svn,1992,1995862
svn,1993,1990815
svn,1994,1988262
svn,1995,1988098
svn,1996,1986792
svn,1997,1984404
svn,1998,1980071
svn,1999,1981198
svn,2000,1986817
svn,2001,1989684
svn,2002,1991571
svn,2003,1992499
svn,2004,1993548
svn,2005,1996915
svn,2006,2003116
svn,2007,2014159
svn,2008,2025090
svn,2009,2035610
svn,2010,2044611
svn,2011,2048805
svn,2012,2053322
svn,2013,2056452
svn,2014,2058395
svn,2015,2059946
svn,2016,2061379
svn,2017,2062410
svn,2018,2069484
svn,2019,2083438
svn,2020,2102421
svn,2021,2113495
svn,2022,2115231
svn,2023,2118394
swe,1800,2500000
swe,1801,2489400
swe,1802,2478845
swe,1803,2468335
swe,1804,2457869
swe,1805,2447448
swe,1806,2437070
swe,1807,2426737
swe,1808,2416448
swe,1809,2406202
swe,1810,2412437
swe,1811,2418704
swe,1812,2430522
swe,1813,2447906
swe,1814,2465415
swe,1815,2483049
swe,1816,2500810
swe,1817,2518697
swe,1818,2536713
swe,1819,2556937
swe,1820,2579409
swe,1821,2604170
swe,1822,2631258
swe,1823,2660715
swe,1824,2690502
swe,1825,2720622
swe,1826,2751079
swe,1827,2781877
swe,1828,2813020
swe,1829,2842832
swe,1830,2871282
swe,1831,2898343
swe,1832,2923984
swe,1833,2948175
swe,1834,2972567
swe,1835,2997160
swe,1836,3021957
swe,1837,3046958
swe,1838,3072167
swe,1839,3098887
swe,1840,3127143
swe,1841,3156963
swe,1842,3188373
swe,1843,3221400
swe,1844,3254769
swe,1845,3288483
swe,1846,3322547
swe,1847,3356964
swe,1848,3391737
swe,1849,3426618
swe,1850,3461607
swe,1851,3496809
swe,1852,3532116
swe,1853,3567529
swe,1854,3603296
swe,1855,3639423
swe,1856,3675911
swe,1857,3712765
swe,1858,3749989
swe,1859,3786484
swe,1860,3822233
swe,1861,3857220
swe,1862,3891427
swe,1863,3924837
swe,1864,3958533
swe,1865,3992519
swe,1866,4026796
swe,1867,4061368
swe,1868,4096237
swe,1869,4132102
swe,1870,4168979
swe,1871,4206884
swe,1872,4245832
swe,1873,4285838
swe,1874,4326221
swe,1875,4366984
swe,1876,4408132
swe,1877,4449667
swe,1878,4491594
swe,1879,4529401
swe,1880,4563030
swe,1881,4592421
swe,1882,4617513
swe,1883,4638245
swe,1884,4659071
swe,1885,4679989
swe,1886,4701002
swe,1887,4722109
swe,1888,4743311
swe,1889,4766883
swe,1890,4792852
swe,1891,4821244
swe,1892,4852087
swe,1893,4885406
swe,1894,4918955
swe,1895,4952734
swe,1896,4986745
swe,1897,5020989
swe,1898,5055469
swe,1899,5089642
swe,1900,5123503
swe,1901,5157047
swe,1902,5190268
swe,1903,5223160
swe,1904,5256260
swe,1905,5289570
swe,1906,5323091
swe,1907,5356825
swe,1908,5390772
swe,1909,5426317
swe,1910,5463482
swe,1911,5502286
swe,1912,5542751
swe,1913,5584898
swe,1914,5627365
swe,1915,5670156
swe,1916,5713272
swe,1917,5756715
swe,1918,5800311
swe,1919,5840331
swe,1920,5876734
swe,1921,5909474
swe,1922,5938507
swe,1923,5963789
swe,1924,5989178
swe,1925,6014675
swe,1926,6040280
swe,1927,6065995
swe,1928,6091819
swe,1929,6116959
swe,1930,6141408
swe,1931,6165161
swe,1932,6188213
swe,1933,6210556
swe,1934,6232980
swe,1935,6255485
swe,1936,6278071
swe,1937,6300739
swe,1938,6323489
swe,1939,6354332
swe,1940,6393377
swe,1941,6440733
swe,1942,6496512
swe,1943,6560825
swe,1944,6625775
swe,1945,6691367
swe,1946,6757610
swe,1947,6824507
swe,1948,6892068
swe,1949,6955459
swe,1950,7016565
swe,1951,7072885
swe,1952,7124674
swe,1953,7171426
swe,1954,7213463
swe,1955,7262328
swe,1956,7315521
swe,1957,7366882
swe,1958,7414351
swe,1959,7453562
swe,1960,7484597
swe,1961,7519996
swe,1962,7561517
swe,1963,7604207
swe,1964,7661190
swe,1965,7733011
swe,1966,7805585
swe,1967,7866403
swe,1968,7912123
swe,1969,7968013
swe,1970,8042783
swe,1971,8098104
swe,1972,8122426
swe,1973,8137166
swe,1974,8160636
swe,1975,8192641
swe,1976,8222392
swe,1977,8251699
swe,1978,8275793
swe,1979,8293749
swe,1980,8310470
swe,1981,8320460
swe,1982,8325179
swe,1983,8328915
swe,1984,8336482
swe,1985,8350249
swe,1986,8369681
swe,1987,8397651
swe,1988,8436358
swe,1989,8492821
swe,1990,8558571
swe,1991,8616955
swe,1992,8667576
swe,1993,8718038
swe,1994,8780190
swe,1995,8826298
swe,1996,8840330
swe,1997,8845525
swe,1998,8850606
swe,1999,8857691
swe,2000,8872099
swe,2001,8896018
swe,2002,8925045
swe,2003,8958434
swe,2004,8993805
swe,2005,9029771
swe,2006,9080628
swe,2007,9148280
swe,2008,9219903
swe,2009,9298738
swe,2010,9378234
swe,2011,9449263
swe,2012,9519477
swe,2013,9600620
swe,2014,9696438
swe,2015,9799483
swe,2016,9923281
swe,2017,10057864
swe,2018,10175400
swe,2019,10279120
swe,2020,10353682
swe,2021,10416134
swe,2022,10487335
swe,2023,10551493
swz,1800,86000
swz,1801,85550
swz,1802,85102
swz,1803,84657
swz,1804,84214
swz,1805,83774
swz,1806,83335
swz,1807,82899
swz,1808,82466
swz,1809,82034
swz,1810,81607
swz,1811,81180
swz,1812,80756
swz,1813,80333
swz,1814,79913
swz,1815,79495
swz,1816,79079
swz,1817,78665
swz,1818,78254
swz,1819,77844
swz,1820,77437
swz,1821,77032
swz,1822,76629
swz,1823,76228
swz,1824,75829
swz,1825,75432
swz,1826,75038
swz,1827,74645
swz,1828,74255
swz,1829,73866
swz,1830,73480
swz,1831,73095
swz,1832,72713
swz,1833,72333
swz,1834,71954
swz,1835,71578
swz,1836,71203
swz,1837,70831
swz,1838,70460
swz,1839,70092
swz,1840,69725
swz,1841,69360
swz,1842,68997
swz,1843,68636
swz,1844,68277
swz,1845,67920
swz,1846,67565
swz,1847,67211
swz,1848,66859
swz,1849,66713
swz,1850,66771
swz,1851,67028
swz,1852,67493
swz,1853,68166
swz,1854,68846
swz,1855,69533
swz,1856,70226
swz,1857,70927
swz,1858,71634
swz,1859,72349
swz,1860,73070
swz,1861,73799
swz,1862,74535
swz,1863,75279
swz,1864,76029
swz,1865,76788
swz,1866,77554
swz,1867,78327
swz,1868,79108
swz,1869,79897
swz,1870,80694
swz,1871,81499
swz,1872,82312
swz,1873,83133
swz,1874,83962
swz,1875,84799
swz,1876,85645
swz,1877,86499
swz,1878,87362
swz,1879,88233
swz,1880,89113
swz,1881,90002
swz,1882,90900
swz,1883,91806
swz,1884,92722
swz,1885,93647
swz,1886,94581
swz,1887,95524
swz,1888,96477
swz,1889,97439
swz,1890,98411
swz,1891,99392
swz,1892,100384
swz,1893,101385
swz,1894,102396
swz,1895,103417
swz,1896,104449
swz,1897,105490
swz,1898,106542
swz,1899,107743
swz,1900,109096
swz,1901,110604
swz,1902,112272
swz,1903,114104
swz,1904,115966
swz,1905,117859
swz,1906,119782
swz,1907,121736
swz,1908,123723
swz,1909,125718
swz,1910,127720
swz,1911,129731
swz,1912,131749
swz,1913,133775
swz,1914,135832
swz,1915,137920
swz,1916,140041
swz,1917,142194
swz,1918,144399
swz,1919,146801
swz,1920,149409
swz,1921,152228
swz,1922,155266
swz,1923,158529
swz,1924,161861
swz,1925,165263
swz,1926,168736
swz,1927,172282
swz,1928,175903
swz,1929,179570
swz,1930,183282
swz,1931,187040
swz,1932,190846
swz,1933,194698
swz,1934,198628
swz,1935,202637
swz,1936,206727
swz,1937,210900
swz,1938,215157
swz,1939,219455
swz,1940,223795
swz,1941,228176
swz,1942,232598
swz,1943,237062
swz,1944,241611
swz,1945,246248
swz,1946,250973
swz,1947,255790
swz,1948,260698
swz,1949,265978
swz,1950,271670
swz,1951,278618
swz,1952,285637
swz,1953,292742
swz,1954,299943
swz,1955,307222
swz,1956,314620
swz,1957,322131
swz,1958,329770
swz,1959,337521
swz,1960,345339
swz,1961,353265
swz,1962,361376
swz,1963,369768
swz,1964,378660
swz,1965,388342
swz,1966,398773
swz,1967,409044
swz,1968,419154
swz,1969,429884
swz,1970,441223
swz,1971,453192
swz,1972,465791
swz,1973,479043
swz,1974,493004
swz,1975,507675
swz,1976,523339
swz,1977,540353
swz,1978,558446
swz,1979,577208
swz,1980,596657
swz,1981,616816
swz,1982,637656
swz,1983,658958
swz,1984,680790
swz,1985,706204
swz,1986,734736
swz,1987,763812
swz,1988,799806
swz,1989,837810
swz,1990,872436
swz,1991,908193
swz,1992,943426
swz,1993,971327
swz,1994,971221
swz,1995,970439
swz,1996,989847
swz,1997,1006647
swz,1998,1019657
swz,1999,1030785
swz,2000,1041428
swz,2001,1051066
swz,2002,1059456
swz,2003,1066706
swz,2004,1073170
swz,2005,1079022
swz,2006,1084442
swz,2007,1090713
swz,2008,1098098
swz,2009,1105158
swz,2010,1111651
swz,2011,1117845
swz,2012,1123870
swz,2013,1130000
swz,2014,1136305
swz,2015,1142822
swz,2016,1149516
swz,2017,1158198
swz,2018,1168933
swz,2019,1179885
swz,2020,1192734
swz,2021,1206598
swz,2022,1218921
swz,2023,1230507
sxm,1950,1472
sxm,1951,1578
sxm,1952,1672
sxm,1953,1760
sxm,1954,1859
sxm,1955,1971
sxm,1956,2100
sxm,1957,2237
sxm,1958,2387
sxm,1959,2544
sxm,1960,2738
sxm,1961,2991
sxm,1962,3283
sxm,1963,3605
sxm,1964,3945
sxm,1965,4304
sxm,1966,4683
sxm,1967,5090
sxm,1968,5524
sxm,1969,5970
sxm,1970,6437
sxm,1971,6909
sxm,1972,7402
sxm,1973,7939
sxm,1974,8514
sxm,1975,9114
sxm,1976,9739
sxm,1977,10387
sxm,1978,11059
sxm,1979,11746
sxm,1980,12432
sxm,1981,13327
sxm,1982,14622
sxm,1983,16154
sxm,1984,17715
sxm,1985,19314
sxm,1986,20949
sxm,1987,22642
sxm,1988,24382
sxm,1989,26190
sxm,1990,28079
sxm,1991,30063
sxm,1992,31589
sxm,1993,32050
sxm,1994,31941
sxm,1995,31796
sxm,1996,31622
sxm,1997,31421
sxm,1998,31215
sxm,1999,30998
sxm,2000,30796
sxm,2001,30751
sxm,2002,30986
sxm,2003,31346
sxm,2004,31714
sxm,2005,32083
sxm,2006,32448
sxm,2007,32811
sxm,2008,33165
sxm,2009,33514
sxm,2010,33814
sxm,2011,34288
sxm,2012,35040
sxm,2013,35871
sxm,2014,36695
sxm,2015,37490
sxm,2016,38274
sxm,2017,39012
sxm,2018,39736
sxm,2019,40410
sxm,2020,41027
sxm,2021,41593
sxm,2022,42163
sxm,2023,42775
syc,1800,12522
syc,1801,12522
syc,1802,12522
syc,1803,12522
syc,1804,12522
syc,1805,12522
syc,1806,12522
syc,1807,12522
syc,1808,12522
syc,1809,12522
syc,1810,12522
syc,1811,12522
syc,1812,12522
syc,1813,12522
syc,1814,12522
syc,1815,12522
syc,1816,12522
syc,1817,12522
syc,1818,12522
syc,1819,12531
syc,1820,12548
syc,1821,12575
syc,1822,12610
syc,1823,12654
syc,1824,12699
syc,1825,12743
syc,1826,12788
syc,1827,12833
syc,1828,12878
syc,1829,12923
syc,1830,12968
syc,1831,13014
syc,1832,13060
syc,1833,13105
syc,1834,13151
syc,1835,13197
syc,1836,13244
syc,1837,13290
syc,1838,13337
syc,1839,13384
syc,1840,13431
syc,1841,13478
syc,1842,13525
syc,1843,13572
syc,1844,13620
syc,1845,13668
syc,1846,13716
syc,1847,13764
syc,1848,13812
syc,1849,13860
syc,1850,13909
syc,1851,13988
syc,1852,14067
syc,1853,14146
syc,1854,14226
syc,1855,14306
syc,1856,14387
syc,1857,14468
syc,1858,14549
syc,1859,14631
syc,1860,14713
syc,1861,14796
syc,1862,14879
syc,1863,14962
syc,1864,15046
syc,1865,15130
syc,1866,15215
syc,1867,15300
syc,1868,15385
syc,1869,15471
syc,1870,15557
syc,1871,15644
syc,1872,15731
syc,1873,15818
syc,1874,15906
syc,1875,15995
syc,1876,16083
syc,1877,16172
syc,1878,16262
syc,1879,16352
syc,1880,16442
syc,1881,16533
syc,1882,16625
syc,1883,16716
syc,1884,16809
syc,1885,16901
syc,1886,16994
syc,1887,17088
syc,1888,17182
syc,1889,17324
syc,1890,17516
syc,1891,17759
syc,1892,18055
syc,1893,18404
syc,1894,18759
syc,1895,19122
syc,1896,19491
syc,1897,19868
syc,1898,20252
syc,1899,20651
syc,1900,21066
syc,1901,21498
syc,1902,21947
syc,1903,22413
syc,1904,22890
syc,1905,23376
syc,1906,23872
syc,1907,24380
syc,1908,24897
syc,1909,25369
syc,1910,25794
syc,1911,26170
syc,1912,26495
syc,1913,26767
syc,1914,27042
syc,1915,27320
syc,1916,27600
syc,1917,27884
syc,1918,28117
syc,1919,28349
syc,1920,28579
syc,1921,28807
syc,1922,29033
syc,1923,29257
syc,1924,29483
syc,1925,29711
syc,1926,29941
syc,1927,30172
syc,1928,30405
syc,1929,30698
syc,1930,31053
syc,1931,31470
syc,1932,31951
syc,1933,32499
syc,1934,33056
syc,1935,33622
syc,1936,34198
syc,1937,34784
syc,1938,35380
syc,1939,35882
syc,1940,36286
syc,1941,36592
syc,1942,36797
syc,1943,36900
syc,1944,37002
syc,1945,37106
syc,1946,37209
syc,1947,37313
syc,1948,37417
syc,1949,37680
syc,1950,38306
syc,1951,38702
syc,1952,39010
syc,1953,39334
syc,1954,39703
syc,1955,40126
syc,1956,40617
syc,1957,41198
syc,1958,41823
syc,1959,42487
syc,1960,43249
syc,1961,44133
syc,1962,45088
syc,1963,46099
syc,1964,47164
syc,1965,48295
syc,1966,49476
syc,1967,50686
syc,1968,51904
syc,1969,53104
syc,1970,54276
syc,1971,55534
syc,1972,56913
syc,1973,58320
syc,1974,59765
syc,1975,61236
syc,1976,62762
syc,1977,64117
syc,1978,65008
syc,1979,65625
syc,1980,66281
syc,1981,66974
syc,1982,67666
syc,1983,68379
syc,1984,69103
syc,1985,69837
syc,1986,70582
syc,1987,71358
syc,1988,72229
syc,1989,73142
syc,1990,74000
syc,1991,74838
syc,1992,75630
syc,1993,76420
syc,1994,77279
syc,1995,78144
syc,1996,78901
syc,1997,79670
syc,1998,80738
syc,1999,82033
syc,2000,83339
syc,2001,84621
syc,2002,85878
syc,2003,87056
syc,2004,88175
syc,2005,89288
syc,2006,90391
syc,2007,91483
syc,2008,92563
syc,2009,93644
syc,2010,94993
syc,2011,97041
syc,2012,99565
syc,2013,102108
syc,2014,104663
syc,2015,107247
syc,2016,109836
syc,2017,112443
syc,2018,115053
syc,2019,117662
syc,2020,120299
syc,2021,123000
syc,2022,125533
syc,2023,127961
syr,1800,1250000
syr,1801,1254212
syr,1802,1258439
syr,1803,1262680
syr,1804,1266935
syr,1805,1271204
syr,1806,1275488
syr,1807,1279786
syr,1808,1284099
syr,1809,1288426
syr,1810,1292783
syr,1811,1297140
syr,1812,1301511
syr,1813,1305897
syr,1814,1310297
syr,1815,1314713
syr,1816,1319144
syr,1817,1323589
syr,1818,1328049
syr,1819,1332525
syr,1820,1337016
syr,1821,1341522
syr,1822,1346044
syr,1823,1350582
syr,1824,1355134
syr,1825,1359702
syr,1826,1364286
syr,1827,1368885
syr,1828,1373499
syr,1829,1378129
syr,1830,1382774
syr,1831,1387436
syr,1832,1392113
syr,1833,1396805
syr,1834,1401514
syr,1835,1406238
syr,1836,1410978
syr,1837,1415735
syr,1838,1420507
syr,1839,1425295
syr,1840,1430100
syr,1841,1434921
syr,1842,1439758
syr,1843,1444611
syr,1844,1449480
syr,1845,1454366
syr,1846,1459269
syr,1847,1464188
syr,1848,1469124
syr,1849,1474076
syr,1850,1479045
syr,1851,1484168
syr,1852,1489310
syr,1853,1494469
syr,1854,1499646
syr,1855,1504840
syr,1856,1510053
syr,1857,1515284
syr,1858,1520533
syr,1859,1525800
syr,1860,1531085
syr,1861,1536389
syr,1862,1541711
syr,1863,1547051
syr,1864,1552410
syr,1865,1557788
syr,1866,1563184
syr,1867,1568598
syr,1868,1574032
syr,1869,1579484
syr,1870,1584954
syr,1871,1590443
syr,1872,1595951
syr,1873,1601478
syr,1874,1607023
syr,1875,1612588
syr,1876,1618172
syr,1877,1623776
syr,1878,1629398
syr,1879,1635041
syr,1880,1640702
syr,1881,1646384
syr,1882,1652085
syr,1883,1657805
syr,1884,1663546
syr,1885,1669306
syr,1886,1675087
syr,1887,1680887
syr,1888,1686707
syr,1889,1692548
syr,1890,1698409
syr,1891,1704290
syr,1892,1710191
syr,1893,1716113
syr,1894,1722055
syr,1895,1728018
syr,1896,1734001
syr,1897,1740006
syr,1898,1746031
syr,1899,1755511
syr,1900,1768504
syr,1901,1785069
syr,1902,1805265
syr,1903,1829152
syr,1904,1853355
syr,1905,1877878
syr,1906,1902726
syr,1907,1927903
syr,1908,1953412
syr,1909,1979657
syr,1910,2006651
syr,1911,2034411
syr,1912,2062953
syr,1913,2092293
syr,1914,2122050
syr,1915,2152230
syr,1916,2182840
syr,1917,2213884
syr,1918,2245164
syr,1919,2276885
syr,1920,2309054
syr,1921,2341678
syr,1922,2374763
syr,1923,2408315
syr,1924,2442341
syr,1925,2476848
syr,1926,2511843
syr,1927,2547331
syr,1928,2583322
syr,1929,2619821
syr,1930,2656835
syr,1931,2694373
syr,1932,2732440
syr,1933,2771046
syr,1934,2810197
syr,1935,2849902
syr,1936,2890167
syr,1937,2931001
syr,1938,2972412
syr,1939,3014408
syr,1940,3056998
syr,1941,3100189
syr,1942,3143990
syr,1943,3188411
syr,1944,3233459
syr,1945,3279143
syr,1946,3325473
syr,1947,3372457
syr,1948,3420106
syr,1949,3477013
syr,1950,3612085
syr,1951,3684867
syr,1952,3765240
syr,1953,3852829
syr,1954,3947873
syr,1955,4050600
syr,1956,4160633
syr,1957,4277735
syr,1958,4401997
syr,1959,4533776
syr,1960,4673502
syr,1961,4815459
syr,1962,4959340
syr,1963,5110471
syr,1964,5269094
syr,1965,5435268
syr,1966,5609050
syr,1967,5790195
syr,1968,5978741
syr,1969,6175173
syr,1970,6380612
syr,1971,6598098
syr,1972,6826032
syr,1973,7060328
syr,1974,7302158
syr,1975,7554368
syr,1976,7817317
syr,1977,8090507
syr,1978,8372761
syr,1979,8661911
syr,1980,8957664
syr,1981,9260187
syr,1982,9572513
syr,1983,9904814
syr,1984,10258406
syr,1985,10625673
syr,1986,11002842
syr,1987,11388916
syr,1988,11782269
syr,1989,12179070
syr,1990,12579212
syr,1991,12980824
syr,1992,13385570
syr,1993,13795687
syr,1994,14208585
syr,1995,14616804
syr,1996,15018110
syr,1997,15417539
syr,1998,15820409
syr,1999,16228064
syr,2000,16637884
syr,2001,17051337
syr,2002,17468335
syr,2003,17889297
syr,2004,18336879
syr,2005,18814092
syr,2006,19637016
syr,2007,20884136
syr,2008,21636566
syr,2009,21976971
syr,2010,22482417
syr,2011,22878104
syr,2012,22759763
syr,2013,21666921
syr,2014,20273661
syr,2015,19424615
syr,2016,19193835
syr,2017,19224671
syr,2018,19577849
syr,2019,20353536
syr,2020,21049431
syr,2021,21628837
syr,2022,22462170
syr,2023,23594623
tca,1800,174
tca,1810,188
tca,1820,195
tca,1830,201
tca,1840,208
tca,1850,215
tca,1860,222
tca,1870,230
tca,1880,238
tca,1890,246
tca,1900,254
tca,1910,263
tca,1920,329
tca,1930,411
tca,1940,514
tca,1950,5059
tca,1951,5076
tca,1952,5038
tca,1953,5008
tca,1954,5049
tca,1955,5157
tca,1956,5271
tca,1957,5383
tca,1958,5468
tca,1959,5557
tca,1960,5620
tca,1961,5643
tca,1962,5657
tca,1963,5674
tca,1964,5681
tca,1965,5683
tca,1966,5675
tca,1967,5684
tca,1968,5679
tca,1969,5674
tca,1970,5686
tca,1971,5773
tca,1972,5936
tca,1973,6112
tca,1974,6296
tca,1975,6486
tca,1976,6677
tca,1977,6885
tca,1978,7105
tca,1979,7327
tca,1980,7584
tca,1981,7927
tca,1982,8316
tca,1983,8722
tca,1984,9127
tca,1985,9545
tca,1986,9962
tca,1987,10384
tca,1988,10800
tca,1989,11213
tca,1990,11708
tca,1991,12328
tca,1992,12992
tca,1993,13670
tca,1994,14368
tca,1995,15074
tca,1996,15786
tca,1997,16505
tca,1998,17236
tca,1999,17981
tca,2000,18754
tca,2001,19603
tca,2002,20619
tca,2003,21749
tca,2004,22881
tca,2005,24011
tca,2006,25146
tca,2007,26290
tca,2008,27452
tca,2009,28610
tca,2010,29763
tca,2011,30870
tca,2012,32152
tca,2013,33675
tca,2014,35077
tca,2015,36632
tca,2016,38342
tca,2017,39931
tca,2018,41580
tca,2019,43191
tca,2020,44405
tca,2021,45262
tca,2022,45869
tca,2023,46221
tcd,1800,1432000
tcd,1801,1438365
tcd,1802,1444759
tcd,1803,1451181
tcd,1804,1457631
tcd,1805,1464111
tcd,1806,1470618
tcd,1807,1477155
tcd,1808,1483721
tcd,1809,1490317
tcd,1810,1496970
tcd,1811,1503625
tcd,1812,1510308
tcd,1813,1517022
tcd,1814,1523765
tcd,1815,1530538
tcd,1816,1537341
tcd,1817,1544175
tcd,1818,1551038
tcd,1819,1557933
tcd,1820,1564858
tcd,1821,1571814
tcd,1822,1578800
tcd,1823,1585818
tcd,1824,1592867
tcd,1825,1599948
tcd,1826,1607059
tcd,1827,1614203
tcd,1828,1621378
tcd,1829,1628585
tcd,1830,1635824
tcd,1831,1643095
tcd,1832,1650399
tcd,1833,1657735
tcd,1834,1665104
tcd,1835,1672505
tcd,1836,1679939
tcd,1837,1687407
tcd,1838,1694907
tcd,1839,1702441
tcd,1840,1710008
tcd,1841,1717609
tcd,1842,1725244
tcd,1843,1732913
tcd,1844,1740616
tcd,1845,1748353
tcd,1846,1756124
tcd,1847,1763930
tcd,1848,1771771
tcd,1849,1778415
tcd,1850,1783856
tcd,1851,1788929
tcd,1852,1792788
tcd,1853,1795425
tcd,1854,1798066
tcd,1855,1800710
tcd,1856,1803358
tcd,1857,1806009
tcd,1858,1808664
tcd,1859,1811322
tcd,1860,1813984
tcd,1861,1816649
tcd,1862,1819318
tcd,1863,1821990
tcd,1864,1824666
tcd,1865,1827345
tcd,1866,1830028
tcd,1867,1832714
tcd,1868,1835404
tcd,1869,1838466
tcd,1870,1841900
tcd,1871,1845709
tcd,1872,1849895
tcd,1873,1854459
tcd,1874,1859034
tcd,1875,1863619
tcd,1876,1868216
tcd,1877,1872823
tcd,1878,1877442
tcd,1879,1882071
tcd,1880,1886712
tcd,1881,1891363
tcd,1882,1896026
tcd,1883,1900699
tcd,1884,1905384
tcd,1885,1910080
tcd,1886,1914787
tcd,1887,1919505
tcd,1888,1924234
tcd,1889,1925109
tcd,1890,1922148
tcd,1891,1915367
tcd,1892,1904786
tcd,1893,1890420
tcd,1894,1876163
tcd,1895,1862012
tcd,1896,1847968
tcd,1897,1834030
tcd,1898,1820196
tcd,1899,1807900
tcd,1900,1797125
tcd,1901,1787855
tcd,1902,1780076
tcd,1903,1773771
tcd,1904,1767487
tcd,1905,1761226
tcd,1906,1754986
tcd,1907,1748768
tcd,1908,1742572
tcd,1909,1736398
tcd,1910,1730245
tcd,1911,1724113
tcd,1912,1718003
tcd,1913,1711914
tcd,1914,1705846
tcd,1915,1699799
tcd,1916,1693774
tcd,1917,1687770
tcd,1918,1681018
tcd,1919,1679964
tcd,1920,1684657
tcd,1921,1695150
tcd,1922,1711495
tcd,1923,1733744
tcd,1924,1756283
tcd,1925,1779115
tcd,1926,1802243
tcd,1927,1825672
tcd,1928,1849406
tcd,1929,1873069
tcd,1930,1896655
tcd,1931,1920160
tcd,1932,1943576
tcd,1933,1966899
tcd,1934,1990502
tcd,1935,2014388
tcd,1936,2038560
tcd,1937,2063023
tcd,1938,2087779
tcd,1939,2114543
tcd,1940,2143365
tcd,1941,2174299
tcd,1942,2207398
tcd,1943,2242716
tcd,1944,2278600
tcd,1945,2315057
tcd,1946,2352098
tcd,1947,2389732
tcd,1948,2427968
tcd,1949,2468924
tcd,1950,2525457
tcd,1951,2570410
tcd,1952,2616313
tcd,1953,2663776
tcd,1954,2713010
tcd,1955,2764252
tcd,1956,2817660
tcd,1957,2873095
tcd,1958,2930371
tcd,1959,2989326
tcd,1960,3049843
tcd,1961,3111956
tcd,1962,3175599
tcd,1963,3240909
tcd,1964,3307482
tcd,1965,3374220
tcd,1966,3440907
tcd,1967,3508513
tcd,1968,3578228
tcd,1969,3651121
tcd,1970,3727834
tcd,1971,3807326
tcd,1972,3893253
tcd,1973,3985914
tcd,1974,4078363
tcd,1975,4167237
tcd,1976,4251299
tcd,1977,4331668
tcd,1978,4411370
tcd,1979,4505384
tcd,1980,4515461
tcd,1981,4520965
tcd,1982,4738486
tcd,1983,4979137
tcd,1984,5045152
tcd,1985,5096274
tcd,1986,5251074
tcd,1987,5438311
tcd,1988,5625601
tcd,1989,5819588
tcd,1990,5982838
tcd,1991,6205688
tcd,1992,6474651
tcd,1993,6629147
tcd,1994,6783456
tcd,1995,7089063
tcd,1996,7410107
tcd,1997,7670371
tcd,1998,7938841
tcd,1999,8222710
tcd,2000,8512092
tcd,2001,8804122
tcd,2002,9116195
tcd,2003,9487830
tcd,2004,9920036
tcd,2005,10328094
tcd,2006,10706426
tcd,2007,11081667
tcd,2008,11476299
tcd,2009,11893753
tcd,2010,12312580
tcd,2011,12755004
tcd,2012,13211006
tcd,2013,13691081
tcd,2014,14188680
tcd,2015,14647626
tcd,2016,15114652
tcd,2017,15622756
tcd,2018,16156535
tcd,2019,16685223
tcd,2020,17224686
tcd,2021,17828274
tcd,2022,18455319
tcd,2023,19319075
tgo,1800,445985
tgo,1801,445985
tgo,1802,445985
tgo,1803,445985
tgo,1804,445985
tgo,1805,445985
tgo,1806,445985
tgo,1807,445985
tgo,1808,445985
tgo,1809,445985
tgo,1810,445985
tgo,1811,445985
tgo,1812,445985
tgo,1813,445985
tgo,1814,445985
tgo,1815,445985
tgo,1816,445985
tgo,1817,445985
tgo,1818,445985
tgo,1819,446365
tgo,1820,447125
tgo,1821,448269
tgo,1822,449797
tgo,1823,451711
tgo,1824,453633
tgo,1825,455564
tgo,1826,457502
tgo,1827,459449
tgo,1828,461404
tgo,1829,463368
tgo,1830,465340
tgo,1831,467320
tgo,1832,469309
tgo,1833,471306
tgo,1834,473311
tgo,1835,475326
tgo,1836,477348
tgo,1837,479380
tgo,1838,481420
tgo,1839,483468
tgo,1840,485526
tgo,1841,487592
tgo,1842,489667
tgo,1843,491751
tgo,1844,493843
tgo,1845,495945
tgo,1846,498055
tgo,1847,500175
tgo,1848,502303
tgo,1849,504617
tgo,1850,507119
tgo,1851,510212
tgo,1852,513500
tgo,1853,516986
tgo,1854,520496
tgo,1855,524029
tgo,1856,527586
tgo,1857,531167
tgo,1858,534771
tgo,1859,538400
tgo,1860,542053
tgo,1861,545731
tgo,1862,549433
tgo,1863,553160
tgo,1864,556912
tgo,1865,560689
tgo,1866,564491
tgo,1867,568319
tgo,1868,572172
tgo,1869,576399
tgo,1870,581006
tgo,1871,585998
tgo,1872,591383
tgo,1873,597166
tgo,1874,603006
tgo,1875,608902
tgo,1876,614856
tgo,1877,620868
tgo,1878,626937
tgo,1879,632811
tgo,1880,638484
tgo,1881,643952
tgo,1882,649211
tgo,1883,654256
tgo,1884,659341
tgo,1885,664465
tgo,1886,669628
tgo,1887,674831
tgo,1888,680073
tgo,1889,685357
tgo,1890,690680
tgo,1891,696045
tgo,1892,701451
tgo,1893,706899
tgo,1894,712388
tgo,1895,717920
tgo,1896,723494
tgo,1897,729111
tgo,1898,734771
tgo,1899,740475
tgo,1900,746223
tgo,1901,752015
tgo,1902,757851
tgo,1903,763732
tgo,1904,769659
tgo,1905,775631
tgo,1906,781649
tgo,1907,787713
tgo,1908,793823
tgo,1909,800142
tgo,1910,806672
tgo,1911,813416
tgo,1912,820378
tgo,1913,827561
tgo,1914,834806
tgo,1915,842115
tgo,1916,849486
tgo,1917,856922
tgo,1918,863777
tgo,1919,871916
tgo,1920,881367
tgo,1921,892160
tgo,1922,904323
tgo,1923,917888
tgo,1924,931656
tgo,1925,945631
tgo,1926,959816
tgo,1927,974213
tgo,1928,988826
tgo,1929,1003455
tgo,1930,1018096
tgo,1931,1032748
tgo,1932,1047407
tgo,1933,1062071
tgo,1934,1076940
tgo,1935,1092017
tgo,1936,1107306
tgo,1937,1122808
tgo,1938,1138527
tgo,1939,1155403
tgo,1940,1173468
tgo,1941,1192756
tgo,1942,1213303
tgo,1943,1235142
tgo,1944,1257375
tgo,1945,1280007
tgo,1946,1303047
tgo,1947,1326502
tgo,1948,1350379
tgo,1949,1374388
tgo,1950,1399596
tgo,1951,1424396
tgo,1952,1449922
tgo,1953,1476069
tgo,1954,1502761
tgo,1955,1529948
tgo,1956,1557633
tgo,1957,1585871
tgo,1958,1614630
tgo,1959,1643753
tgo,1960,1673110
tgo,1961,1702713
tgo,1962,1732956
tgo,1963,1765060
tgo,1964,1799407
tgo,1965,1835587
tgo,1966,1873490
tgo,1967,1912768
tgo,1968,1953523
tgo,1969,2043417
tgo,1970,2149480
tgo,1971,2219828
tgo,1972,2283857
tgo,1973,2344511
tgo,1974,2404290
tgo,1975,2463792
tgo,1976,2523483
tgo,1977,2583984
tgo,1978,2646505
tgo,1979,2714356
tgo,1980,2791409
tgo,1981,2879439
tgo,1982,2961651
tgo,1983,3033081
tgo,1984,3105744
tgo,1985,3194544
tgo,1986,3296341
tgo,1987,3397614
tgo,1988,3501544
tgo,1989,3606911
tgo,1990,3714023
tgo,1991,3822637
tgo,1992,3932581
tgo,1993,3887976
tgo,1994,3904183
tgo,1995,4110452
tgo,1996,4291129
tgo,1997,4438798
tgo,1998,4551633
tgo,1999,4665757
tgo,2000,4783721
tgo,2001,4904135
tgo,2002,5027128
tgo,2003,5154113
tgo,2004,5281320
tgo,2005,5413151
tgo,2006,5569659
tgo,2007,5748437
tgo,2008,5936140
tgo,2009,6130944
tgo,2010,6325791
tgo,2011,6500577
tgo,2012,6653719
tgo,2013,6798851
tgo,2014,6937647
tgo,2015,7071500
tgo,2016,7200883
tgo,2017,7324379
tgo,2018,7458205
tgo,2019,7619916
tgo,2020,7788058
tgo,2021,7936185
tgo,2022,8068616
tgo,2023,8223853
tha,1800,3000000
tha,1801,3066958
tha,1802,3135410
tha,1803,3205390
tha,1804,3276931
tha,1805,3350070
tha,1806,3424841
tha,1807,3501280
tha,1808,3579426
tha,1809,3659316
tha,1810,3742812
tha,1811,3826349
tha,1812,3911750
tha,1813,3999057
tha,1814,4088313
tha,1815,4179561
tha,1816,4272845
tha,1817,4368212
tha,1818,4465707
tha,1819,4548116
tha,1820,4615037
tha,1821,4666059
tha,1822,4700759
tha,1823,4718706
tha,1824,4736723
tha,1825,4754808
tha,1826,4772962
tha,1827,4791185
tha,1828,4809478
tha,1829,4827841
tha,1830,4846274
tha,1831,4864777
tha,1832,4883351
tha,1833,4901996
tha,1834,4920712
tha,1835,4939500
tha,1836,4958359
tha,1837,4977290
tha,1838,4996294
tha,1839,5015370
tha,1840,5034519
tha,1841,5053741
tha,1842,5073036
tha,1843,5092406
tha,1844,5111849
tha,1845,5131366
tha,1846,5150958
tha,1847,5170624
tha,1848,5190366
tha,1849,5211387
tha,1850,5233697
tha,1851,5258401
tha,1852,5284426
tha,1853,5311786
tha,1854,5339287
tha,1855,5366930
tha,1856,5394716
tha,1857,5422646
tha,1858,5450720
tha,1859,5478939
tha,1860,5507304
tha,1861,5535815
tha,1862,5564474
tha,1863,5593282
tha,1864,5622238
tha,1865,5651343
tha,1866,5680599
tha,1867,5710007
tha,1868,5739566
tha,1869,5771900
tha,1870,5807044
tha,1871,5845032
tha,1872,5885899
tha,1873,5929681
tha,1874,5973789
tha,1875,6018224
tha,1876,6062989
tha,1877,6108087
tha,1878,6153521
tha,1879,6199292
tha,1880,6245403
tha,1881,6291857
tha,1882,6338656
tha,1883,6385803
tha,1884,6433300
tha,1885,6481151
tha,1886,6529357
tha,1887,6577921
tha,1888,6626846
tha,1889,6678976
tha,1890,6734361
tha,1891,6793055
tha,1892,6855109
tha,1893,6920578
tha,1894,6986671
tha,1895,7053396
tha,1896,7120757
tha,1897,7188762
tha,1898,7257415
tha,1899,7331697
tha,1900,7411725
tha,1901,7497622
tha,1902,7589509
tha,1903,7687512
tha,1904,7786780
tha,1905,7887330
tha,1906,7989178
tha,1907,8092340
tha,1908,8196835
tha,1909,8309414
tha,1910,8430298
tha,1911,8559711
tha,1912,8697882
tha,1913,8845046
tha,1914,8994700
tha,1915,9146885
tha,1916,9301645
tha,1917,9459023
tha,1918,9617093
tha,1919,9791742
tha,1920,9983580
tha,1921,10193232
tha,1922,10421341
tha,1923,10668572
tha,1924,10921667
tha,1925,11180768
tha,1926,11446014
tha,1927,11717554
tha,1928,11995535
tha,1929,12277582
tha,1930,12563733
tha,1931,12854026
tha,1932,13148501
tha,1933,13447194
tha,1934,13752673
tha,1935,14065091
tha,1936,14384607
tha,1937,14711381
tha,1938,15045578
tha,1939,15397519
tha,1940,15767871
tha,1941,16157322
tha,1942,16566584
tha,1943,16996390
tha,1944,17437347
tha,1945,17889744
tha,1946,18353879
tha,1947,18830055
tha,1948,19318585
tha,1949,19845178
tha,1950,20428401
tha,1951,20965188
tha,1952,21527583
tha,1953,22109323
tha,1954,22713340
tha,1955,23343179
tha,1956,23997266
tha,1957,24674831
tha,1958,25367008
tha,1959,26088018
tha,1960,26851751
tha,1961,27650335
tha,1962,28481048
tha,1963,29342315
tha,1964,30232136
tha,1965,31149337
tha,1966,32086073
tha,1967,33037797
tha,1968,34002562
tha,1969,34973784
tha,1970,35954411
tha,1971,36937392
tha,1972,37933932
tha,1973,38947791
tha,1974,39952896
tha,1975,40939999
tha,1976,41896511
tha,1977,42843973
tha,1978,43788976
tha,1979,44718436
tha,1980,45650031
tha,1981,46575851
tha,1982,47494577
tha,1983,48423309
tha,1984,49351711
tha,1985,50270754
tha,1986,51177832
tha,1987,52074109
tha,1988,52969595
tha,1989,53848955
tha,1990,54738329
tha,1991,55637436
tha,1992,56528832
tha,1993,57408198
tha,1994,58260855
tha,1995,59098231
tha,1996,59920059
tha,1997,60724588
tha,1998,61522632
tha,1999,62299039
tha,2000,63007815
tha,2001,63651137
tha,2002,64266433
tha,2003,64868164
tha,2004,65452049
tha,2005,66017415
tha,2006,66567685
tha,2007,67102388
tha,2008,67619835
tha,2009,68121077
tha,2010,68579443
tha,2011,69007212
tha,2012,69436091
tha,2013,69845112
tha,2014,70216362
tha,2015,70540787
tha,2016,70859835
tha,2017,71160183
tha,2018,71376081
tha,2019,71522264
tha,2020,71641484
tha,2021,71727338
tha,2022,71735321
tha,2023,71702436
tjk,1800,466629
tjk,1801,466629
tjk,1802,466629
tjk,1803,466629
tjk,1804,466629
tjk,1805,466629
tjk,1806,466629
tjk,1807,466629
tjk,1808,466629
tjk,1809,466629
tjk,1810,466629
tjk,1811,466629
tjk,1812,466629
tjk,1813,466629
tjk,1814,466629
tjk,1815,466629
tjk,1816,466629
tjk,1817,466629
tjk,1818,466629
tjk,1819,467485
tjk,1820,469206
tjk,1821,471799
tjk,1822,475272
tjk,1823,479633
tjk,1824,484035
tjk,1825,488477
tjk,1826,492959
tjk,1827,497483
tjk,1828,502048
tjk,1829,506655
tjk,1830,511305
tjk,1831,515997
tjk,1832,520732
tjk,1833,525510
tjk,1834,530333
tjk,1835,535199
tjk,1836,540111
tjk,1837,545067
tjk,1838,550069
tjk,1839,555117
tjk,1840,560211
tjk,1841,565352
tjk,1842,570540
tjk,1843,575775
tjk,1844,581059
tjk,1845,586391
tjk,1846,591772
tjk,1847,597203
tjk,1848,602683
tjk,1849,608214
tjk,1850,613795
tjk,1851,619281
tjk,1852,624816
tjk,1853,630401
tjk,1854,636036
tjk,1855,641721
tjk,1856,647456
tjk,1857,653243
tjk,1858,659082
tjk,1859,664973
tjk,1860,670916
tjk,1861,676913
tjk,1862,682963
tjk,1863,689067
tjk,1864,695225
tjk,1865,701439
tjk,1866,707708
tjk,1867,714033
tjk,1868,720415
tjk,1869,726853
tjk,1870,733349
tjk,1871,739903
tjk,1872,746516
tjk,1873,753187
tjk,1874,759919
tjk,1875,766710
tjk,1876,773562
tjk,1877,780475
tjk,1878,787450
tjk,1879,794487
tjk,1880,801587
tjk,1881,808751
tjk,1882,815978
tjk,1883,823270
tjk,1884,830627
tjk,1885,838050
tjk,1886,845539
tjk,1887,853095
tjk,1888,860719
tjk,1889,868410
tjk,1890,876170
tjk,1891,884000
tjk,1892,891899
tjk,1893,899869
tjk,1894,907910
tjk,1895,916023
tjk,1896,924208
tjk,1897,932467
tjk,1898,940799
tjk,1899,949206
tjk,1900,957687
tjk,1901,966245
tjk,1902,974878
tjk,1903,983589
tjk,1904,992378
tjk,1905,1001245
tjk,1906,1010191
tjk,1907,1019217
tjk,1908,1028324
tjk,1909,1037512
tjk,1910,1046782
tjk,1911,1056135
tjk,1912,1065571
tjk,1913,1075092
tjk,1914,1084698
tjk,1915,1094389
tjk,1916,1104167
tjk,1917,1114032
tjk,1918,1124255
tjk,1919,1134572
tjk,1920,1144984
tjk,1921,1155491
tjk,1922,1166094
tjk,1923,1176795
tjk,1924,1187594
tjk,1925,1198492
tjk,1926,1209490
tjk,1927,1220589
tjk,1928,1231790
tjk,1929,1243094
tjk,1930,1254501
tjk,1931,1266013
tjk,1932,1277631
tjk,1933,1289355
tjk,1934,1301187
tjk,1935,1313128
tjk,1936,1325178
tjk,1937,1337338
tjk,1938,1349611
tjk,1939,1361995
tjk,1940,1374494
tjk,1941,1387107
tjk,1942,1399836
tjk,1943,1412682
tjk,1944,1425645
tjk,1945,1438728
tjk,1946,1451931
tjk,1947,1465254
tjk,1948,1478701
tjk,1949,1498906
tjk,1950,1528311
tjk,1951,1588338
tjk,1952,1645586
tjk,1953,1701050
tjk,1954,1755691
tjk,1955,1810237
tjk,1956,1865440
tjk,1957,1922135
tjk,1958,1981670
tjk,1959,2045286
tjk,1960,2112136
tjk,1961,2181813
tjk,1962,2255032
tjk,1963,2331737
tjk,1964,2411270
tjk,1965,2493004
tjk,1966,2577187
tjk,1967,2664141
tjk,1968,2753847
tjk,1969,2845276
tjk,1970,2936784
tjk,1971,3028841
tjk,1972,3123696
tjk,1973,3222299
tjk,1974,3324503
tjk,1975,3430428
tjk,1976,3540077
tjk,1977,3653264
tjk,1978,3768514
tjk,1979,3882697
tjk,1980,3995258
tjk,1981,4109026
tjk,1982,4227177
tjk,1983,4350877
tjk,1984,4480027
tjk,1985,4619006
tjk,1986,4772150
tjk,1987,4939063
tjk,1988,5114988
tjk,1989,5267255
tjk,1990,5398773
tjk,1991,5541200
tjk,1992,5649397
tjk,1993,5725001
tjk,1994,5825371
tjk,1995,5948588
tjk,1996,6066524
tjk,1997,6139829
tjk,1998,6176403
tjk,1999,6208373
tjk,2000,6284737
tjk,2001,6407376
tjk,2002,6531674
tjk,2003,6658575
tjk,2004,6790555
tjk,2005,6924722
tjk,2006,7057566
tjk,2007,7194479
tjk,2008,7338402
tjk,2009,7490232
tjk,2010,7652144
tjk,2011,7824788
tjk,2012,8014087
tjk,2013,8216733
tjk,2014,8425559
tjk,2015,8643839
tjk,2016,8865623
tjk,2017,9085942
tjk,2018,9307345
tjk,2019,9529970
tjk,2020,9749312
tjk,2021,9966912
tjk,2022,10182228
tjk,2023,10389807
tkl,1800,1009
tkl,1843,1000
tkl,1850,1000
tkl,1900,350
tkl,1950,1612
tkl,1951,1583
tkl,1952,1586
tkl,1953,1598
tkl,1954,1606
tkl,1955,1616
tkl,1956,1625
tkl,1957,1655
tkl,1958,1703
tkl,1959,1749
tkl,1960,1805
tkl,1961,1857
tkl,1962,1887
tkl,1963,1902
tkl,1964,1910
tkl,1965,1919
tkl,1966,1918
tkl,1967,1894
tkl,1968,1844
tkl,1969,1795
tkl,1970,1740
tkl,1971,1684
tkl,1972,1663
tkl,1973,1664
tkl,1974,1664
tkl,1975,1661
tkl,1976,1660
tkl,1977,1671
tkl,1978,1681
tkl,1979,1685
tkl,1980,1679
tkl,1981,1680
tkl,1982,1686
tkl,1983,1709
tkl,1984,1748
tkl,1985,1781
tkl,1986,1803
tkl,1987,1798
tkl,1988,1787
tkl,1989,1782
tkl,1990,1785
tkl,1991,1792
tkl,1992,1797
tkl,1993,1795
tkl,1994,1790
tkl,1995,1792
tkl,1996,1795
tkl,1997,1803
tkl,1998,1817
tkl,1999,1844
tkl,2000,1866
tkl,2001,1887
tkl,2002,1864
tkl,2003,1793
tkl,2004,1726
tkl,2005,1652
tkl,2006,1593
tkl,2007,1573
tkl,2008,1585
tkl,2009,1597
tkl,2010,1610
tkl,2011,1625
tkl,2012,1681
tkl,2013,1749
tkl,2014,1748
tkl,2015,1719
tkl,2016,1703
tkl,2017,1767
tkl,2018,1902
tkl,2019,2038
tkl,2020,2152
tkl,2021,2225
tkl,2022,2312
tkl,2023,2424
tkm,1800,367215
tkm,1801,367215
tkm,1802,367215
tkm,1803,367215
tkm,1804,367215
tkm,1805,367215
tkm,1806,367215
tkm,1807,367215
tkm,1808,367215
tkm,1809,367215
tkm,1810,367215
tkm,1811,367215
tkm,1812,367215
tkm,1813,367215
tkm,1814,367215
tkm,1815,367215
tkm,1816,367215
tkm,1817,367215
tkm,1818,367215
tkm,1819,367889
tkm,1820,369243
tkm,1821,371284
tkm,1822,374017
tkm,1823,377449
tkm,1824,380913
tkm,1825,384408
tkm,1826,387936
tkm,1827,391496
tkm,1828,395088
tkm,1829,398714
tkm,1830,402373
tkm,1831,406065
tkm,1832,409791
tkm,1833,413552
tkm,1834,417347
tkm,1835,421177
tkm,1836,425042
tkm,1837,428942
tkm,1838,432878
tkm,1839,436851
tkm,1840,440860
tkm,1841,444905
tkm,1842,448988
tkm,1843,453108
tkm,1844,457266
tkm,1845,461462
tkm,1846,465697
tkm,1847,469970
tkm,1848,474283
tkm,1849,478635
tkm,1850,483028
tkm,1851,487438
tkm,1852,491888
tkm,1853,496379
tkm,1854,500912
tkm,1855,505485
tkm,1856,510100
tkm,1857,514758
tkm,1858,519458
tkm,1859,524200
tkm,1860,528986
tkm,1861,533816
tkm,1862,538690
tkm,1863,543609
tkm,1864,548572
tkm,1865,553581
tkm,1866,558635
tkm,1867,563735
tkm,1868,568883
tkm,1869,574077
tkm,1870,579318
tkm,1871,584607
tkm,1872,589945
tkm,1873,595331
tkm,1874,600767
tkm,1875,606252
tkm,1876,611787
tkm,1877,617373
tkm,1878,623010
tkm,1879,628698
tkm,1880,634438
tkm,1881,640231
tkm,1882,646077
tkm,1883,651975
tkm,1884,657928
tkm,1885,663935
tkm,1886,669997
tkm,1887,676114
tkm,1888,682287
tkm,1889,688517
tkm,1890,694803
tkm,1891,701147
tkm,1892,707549
tkm,1893,714009
tkm,1894,720528
tkm,1895,727106
tkm,1896,733745
tkm,1897,740444
tkm,1898,747205
tkm,1899,754027
tkm,1900,760911
tkm,1901,767859
tkm,1902,774869
tkm,1903,781944
tkm,1904,789083
tkm,1905,796288
tkm,1906,803558
tkm,1907,810895
tkm,1908,818298
tkm,1909,825770
tkm,1910,833309
tkm,1911,840917
tkm,1912,848595
tkm,1913,856343
tkm,1914,864162
tkm,1915,872052
tkm,1916,880014
tkm,1917,888048
tkm,1918,896198
tkm,1919,904422
tkm,1920,912721
tkm,1921,921097
tkm,1922,929549
tkm,1923,938080
tkm,1924,946688
tkm,1925,955375
tkm,1926,964142
tkm,1927,972990
tkm,1928,981919
tkm,1929,990929
tkm,1930,1000023
tkm,1931,1009200
tkm,1932,1018461
tkm,1933,1027807
tkm,1934,1037238
tkm,1935,1046757
tkm,1936,1056362
tkm,1937,1066056
tkm,1938,1075839
tkm,1939,1085712
tkm,1940,1095675
tkm,1941,1105729
tkm,1942,1115876
tkm,1943,1126116
tkm,1944,1136450
tkm,1945,1146879
tkm,1946,1157403
tkm,1947,1168024
tkm,1948,1178743
tkm,1949,1194044
tkm,1950,1269184
tkm,1951,1294081
tkm,1952,1320542
tkm,1953,1349681
tkm,1954,1382365
tkm,1955,1418174
tkm,1956,1457212
tkm,1957,1499562
tkm,1958,1545182
tkm,1959,1593426
tkm,1960,1643462
tkm,1961,1695407
tkm,1962,1749224
tkm,1963,1804267
tkm,1964,1860001
tkm,1965,1915919
tkm,1966,1971746
tkm,1967,2027402
tkm,1968,2083075
tkm,1969,2139031
tkm,1970,2195617
tkm,1971,2253123
tkm,1972,2311431
tkm,1973,2370918
tkm,1974,2432032
tkm,1975,2494573
tkm,1976,2558525
tkm,1977,2623946
tkm,1978,2691095
tkm,1979,2760361
tkm,1980,2832201
tkm,1981,2907193
tkm,1982,2985566
tkm,1983,3067535
tkm,1984,3154080
tkm,1985,3247541
tkm,1986,3347813
tkm,1987,3452736
tkm,1988,3559364
tkm,1989,3662464
tkm,1990,3760561
tkm,1991,3855902
tkm,1992,3944689
tkm,1993,4032415
tkm,1994,4116662
tkm,1995,4191207
tkm,1996,4263818
tkm,1997,4336732
tkm,1998,4410511
tkm,1999,4492174
tkm,2000,4582675
tkm,2001,4675416
tkm,2002,4769473
tkm,2003,4863871
tkm,2004,4958091
tkm,2005,5052260
tkm,2006,5147103
tkm,2007,5244047
tkm,2008,5345033
tkm,2009,5451597
tkm,2010,5564356
tkm,2011,5683413
tkm,2012,5808548
tkm,2013,5939348
tkm,2014,6075286
tkm,2015,6215773
tkm,2016,6360041
tkm,2017,6507065
tkm,2018,6655523
tkm,2019,6803943
tkm,2020,6949915
tkm,2021,7092042
tkm,2022,7230197
tkm,2023,7364437
tls,1800,137262
tls,1801,137262
tls,1802,137262
tls,1803,137262
tls,1804,137262
tls,1805,137262
tls,1806,137262
tls,1807,137262
tls,1808,137262
tls,1809,137262
tls,1810,137262
tls,1811,137262
tls,1812,137262
tls,1813,137262
tls,1814,137262
tls,1815,137262
tls,1816,137262
tls,1817,137262
tls,1818,137262
tls,1819,137625
tls,1820,138356
tls,1821,139460
tls,1822,140942
tls,1823,142807
tls,1824,144696
tls,1825,146610
tls,1826,148549
tls,1827,150515
tls,1828,152506
tls,1829,154523
tls,1830,156567
tls,1831,158639
tls,1832,160737
tls,1833,162864
tls,1834,165018
tls,1835,167201
tls,1836,169413
tls,1837,171654
tls,1838,173925
tls,1839,176226
tls,1840,178557
tls,1841,180919
tls,1842,183313
tls,1843,185738
tls,1844,188195
tls,1845,190685
tls,1846,193207
tls,1847,195763
tls,1848,198353
tls,1849,200977
tls,1850,203636
tls,1851,206109
tls,1852,208613
tls,1853,211146
tls,1854,213710
tls,1855,216305
tls,1856,218932
tls,1857,221589
tls,1858,224279
tls,1859,227002
tls,1860,229757
tls,1861,232545
tls,1862,235367
tls,1863,238223
tls,1864,241113
tls,1865,244038
tls,1866,246998
tls,1867,249993
tls,1868,253025
tls,1869,256093
tls,1870,259198
tls,1871,262341
tls,1872,265521
tls,1873,268739
tls,1874,271997
tls,1875,275293
tls,1876,278629
tls,1877,282005
tls,1878,285421
tls,1879,288463
tls,1880,291123
tls,1881,293396
tls,1882,295275
tls,1883,296753
tls,1884,298239
tls,1885,299732
tls,1886,301232
tls,1887,302739
tls,1888,304253
tls,1889,305897
tls,1890,307672
tls,1891,309579
tls,1892,311619
tls,1893,313795
tls,1894,315986
tls,1895,318191
tls,1896,320411
tls,1897,322647
tls,1898,324898
tls,1899,327141
tls,1900,329377
tls,1901,331606
tls,1902,333827
tls,1903,336040
tls,1904,338268
tls,1905,340509
tls,1906,342765
tls,1907,345036
tls,1908,347321
tls,1909,349475
tls,1910,351497
tls,1911,353386
tls,1912,355139
tls,1913,356756
tls,1914,358380
tls,1915,360010
tls,1916,361648
tls,1917,363292
tls,1918,365364
tls,1919,368297
tls,1920,372111
tls,1921,376826
tls,1922,382463
tls,1923,389041
tls,1924,395732
tls,1925,402538
tls,1926,409461
tls,1927,416503
tls,1928,423667
tls,1929,429048
tls,1930,432625
tls,1931,434375
tls,1932,434276
tls,1933,432304
tls,1934,430341
tls,1935,428387
tls,1936,426442
tls,1937,424505
tls,1938,422578
tls,1939,420870
tls,1940,419382
tls,1941,418111
tls,1942,417057
tls,1943,416217
tls,1944,415379
tls,1945,414542
tls,1946,413708
tls,1947,412875
tls,1948,412043
tls,1949,412675
tls,1950,414767
tls,1951,418266
tls,1952,422428
tls,1953,426994
tls,1954,431906
tls,1955,437160
tls,1956,442703
tls,1957,448566
tls,1958,454756
tls,1959,461278
tls,1960,468130
tls,1961,475300
tls,1962,482782
tls,1963,490572
tls,1964,498664
tls,1965,507041
tls,1966,515698
tls,1967,524651
tls,1968,533880
tls,1969,543360
tls,1970,553079
tls,1971,562974
tls,1972,572975
tls,1973,582862
tls,1974,590831
tls,1975,598168
tls,1976,607632
tls,1977,618319
tls,1978,628780
tls,1979,638725
tls,1980,649877
tls,1981,660503
tls,1982,669156
tls,1983,677704
tls,1984,686786
tls,1985,696671
tls,1986,707191
tls,1987,718487
tls,1988,730753
tls,1989,744860
tls,1990,760348
tls,1991,778286
tls,1992,799323
tls,1993,821445
tls,1994,844501
tls,1995,868152
tls,1996,892289
tls,1997,917189
tls,1998,942537
tls,1999,834699
tls,2000,745095
tls,2001,812253
tls,2002,879170
tls,2003,916876
tls,2004,929081
tls,2005,948310
tls,2006,976610
tls,2007,1004898
tls,2008,1032431
tls,2009,1058783
tls,2010,1084688
tls,2011,1110212
tls,2012,1134891
tls,2013,1158697
tls,2014,1181913
tls,2015,1205133
tls,2016,1228314
tls,2017,1251711
tls,2018,1275962
tls,2019,1300946
tls,2020,1326051
tls,2021,1350142
tls,2022,1369299
tls,2023,1384292
ton,1800,18658
ton,1801,18654
ton,1802,18650
ton,1803,18646
ton,1804,18642
ton,1805,18638
ton,1806,18634
ton,1807,18630
ton,1808,18626
ton,1809,18622
ton,1810,18618
ton,1811,18614
ton,1812,18610
ton,1813,18607
ton,1814,18603
ton,1815,18599
ton,1816,18595
ton,1817,18591
ton,1818,18587
ton,1819,18583
ton,1820,18579
ton,1821,18575
ton,1822,18571
ton,1823,18567
ton,1824,18563
ton,1825,18559
ton,1826,18555
ton,1827,18551
ton,1828,18547
ton,1829,18543
ton,1830,18539
ton,1831,18535
ton,1832,18531
ton,1833,18528
ton,1834,18524
ton,1835,18520
ton,1836,18516
ton,1837,18512
ton,1838,18508
ton,1839,18505
ton,1840,18502
ton,1841,18501
ton,1842,18500
ton,1843,18500
ton,1844,18500
ton,1845,18500
ton,1846,18500
ton,1847,18500
ton,1848,18500
ton,1849,18506
ton,1850,18517
ton,1851,18558
ton,1852,18605
ton,1853,18658
ton,1854,18711
ton,1855,18764
ton,1856,18818
ton,1857,18871
ton,1858,18925
ton,1859,18978
ton,1860,19032
ton,1861,19086
ton,1862,19140
ton,1863,19194
ton,1864,19248
ton,1865,19302
ton,1866,19357
ton,1867,19411
ton,1868,19466
ton,1869,19521
ton,1870,19576
ton,1871,19631
ton,1872,19686
ton,1873,19742
ton,1874,19797
ton,1875,19853
ton,1876,19908
ton,1877,19964
ton,1878,20020
ton,1879,20076
ton,1880,20132
ton,1881,20189
ton,1882,20245
ton,1883,20302
ton,1884,20358
ton,1885,20415
ton,1886,20472
ton,1887,20529
ton,1888,20587
ton,1889,20644
ton,1890,20701
ton,1891,20759
ton,1892,20817
ton,1893,20875
ton,1894,20933
ton,1895,20991
ton,1896,21049
ton,1897,21107
ton,1898,21166
ton,1899,21278
ton,1900,21444
ton,1901,21666
ton,1902,21944
ton,1903,22279
ton,1904,22620
ton,1905,22966
ton,1906,23317
ton,1907,23674
ton,1908,24035
ton,1909,24375
ton,1910,24690
ton,1911,24982
ton,1912,25249
ton,1913,25491
ton,1914,25735
ton,1915,25981
ton,1916,26230
ton,1917,26481
ton,1918,26702
ton,1919,26962
ton,1920,27259
ton,1921,27597
ton,1922,27974
ton,1923,28392
ton,1924,28817
ton,1925,29247
ton,1926,29685
ton,1927,30129
ton,1928,30579
ton,1929,31043
ton,1930,31521
ton,1931,32013
ton,1932,32520
ton,1933,33041
ton,1934,33571
ton,1935,34109
ton,1936,34656
ton,1937,35212
ton,1938,35776
ton,1939,36454
ton,1940,37250
ton,1941,38168
ton,1942,39215
ton,1943,40396
ton,1944,41613
ton,1945,42866
ton,1946,44157
ton,1947,45487
ton,1948,46856
ton,1949,48303
ton,1950,49679
ton,1951,50973
ton,1952,52379
ton,1953,53895
ton,1954,55536
ton,1955,57277
ton,1956,59118
ton,1957,60901
ton,1958,62601
ton,1959,64368
ton,1960,66187
ton,1961,68054
ton,1962,69958
ton,1963,71904
ton,1964,73891
ton,1965,75942
ton,1966,78019
ton,1967,79831
ton,1968,81367
ton,1969,82905
ton,1970,84416
ton,1971,85914
ton,1972,87369
ton,1973,88818
ton,1974,90699
ton,1975,93032
ton,1976,95343
ton,1977,96740
ton,1978,97222
ton,1979,97564
ton,1980,97785
ton,1981,97930
ton,1982,98000
ton,1983,98016
ton,1984,98008
ton,1985,98000
ton,1986,98025
ton,1987,98394
ton,1988,98985
ton,1989,99419
ton,1990,99717
ton,1991,99911
ton,1992,100045
ton,1993,100120
ton,1994,100187
ton,1995,100240
ton,1996,100294
ton,1997,100691
ton,1998,101406
ton,1999,102058
ton,2000,102695
ton,2001,103305
ton,2002,103888
ton,2003,104481
ton,2004,105088
ton,2005,105684
ton,2006,106266
ton,2007,106744
ton,2008,107036
ton,2009,107219
ton,2010,107415
ton,2011,107584
ton,2012,107476
ton,2013,107093
ton,2014,106627
ton,2015,106110
ton,2016,105536
ton,2017,105373
ton,2018,105590
ton,2019,105688
ton,2020,105721
ton,2021,105504
ton,2022,105053
ton,2023,104613
tto,1800,20000
tto,1801,21129
tto,1802,22322
tto,1803,23583
tto,1804,24915
tto,1805,26321
tto,1806,27808
tto,1807,29378
tto,1808,31037
tto,1809,32789
tto,1810,34746
tto,1811,36708
tto,1812,38780
tto,1813,40970
tto,1814,43284
tto,1815,45728
tto,1816,48310
tto,1817,51038
tto,1818,53920
tto,1819,56403
tto,1820,58458
tto,1821,60057
tto,1822,61167
tto,1823,61757
tto,1824,62352
tto,1825,62953
tto,1826,63559
tto,1827,64172
tto,1828,64790
tto,1829,65414
tto,1830,66045
tto,1831,66681
tto,1832,67323
tto,1833,67972
tto,1834,68627
tto,1835,69288
tto,1836,69956
tto,1837,70630
tto,1838,71311
tto,1839,71998
tto,1840,72692
tto,1841,73392
tto,1842,74099
tto,1843,74813
tto,1844,75534
tto,1845,76262
tto,1846,76997
tto,1847,77738
tto,1848,78488
tto,1849,79434
tto,1850,80585
tto,1851,81976
tto,1852,83584
tto,1853,85417
tto,1854,87289
tto,1855,89203
tto,1856,91159
tto,1857,93157
tto,1858,95199
tto,1859,97311
tto,1860,99494
tto,1861,101750
tto,1862,104082
tto,1863,106492
tto,1864,108958
tto,1865,111481
tto,1866,114063
tto,1867,116704
tto,1868,119406
tto,1869,122418
tto,1870,125755
tto,1871,129433
tto,1872,133469
tto,1873,137880
tto,1874,142436
tto,1875,147143
tto,1876,152006
tto,1877,157029
tto,1878,162218
tto,1879,167300
tto,1880,172262
tto,1881,177095
tto,1882,181787
tto,1883,186325
tto,1884,190976
tto,1885,195743
tto,1886,200630
tto,1887,205638
tto,1888,210771
tto,1889,215868
tto,1890,220924
tto,1891,225934
tto,1892,230895
tto,1893,235800
tto,1894,240809
tto,1895,245925
tto,1896,251149
tto,1897,256484
tto,1898,261932
tto,1899,267522
tto,1900,273257
tto,1901,279141
tto,1902,285178
tto,1903,291371
tto,1904,297698
tto,1905,304163
tto,1906,310768
tto,1907,317517
tto,1908,324412
tto,1909,331114
tto,1910,337613
tto,1911,343899
tto,1912,349962
tto,1913,355789
tto,1914,361714
tto,1915,367737
tto,1916,373861
tto,1917,380086
tto,1918,386273
tto,1919,391584
tto,1920,396002
tto,1921,399507
tto,1922,402081
tto,1923,403705
tto,1924,405336
tto,1925,406973
tto,1926,408616
tto,1927,410267
tto,1928,411924
tto,1929,414604
tto,1930,418330
tto,1931,423120
tto,1932,428997
tto,1933,435983
tto,1934,443083
tto,1935,450298
tto,1936,457631
tto,1937,465083
tto,1938,472657
tto,1939,481571
tto,1940,491882
tto,1941,503649
tto,1942,516932
tto,1943,531796
tto,1944,547086
tto,1945,562817
tto,1946,578999
tto,1947,595647
tto,1948,612773
tto,1949,630424
tto,1950,648778
tto,1951,665740
tto,1952,683442
tto,1953,701870
tto,1954,721160
tto,1955,741247
tto,1956,761692
tto,1957,782511
tto,1958,803842
tto,1959,825021
tto,1960,844952
tto,1961,863152
tto,1962,880205
tto,1963,896812
tto,1964,912972
tto,1965,928433
tto,1966,942947
tto,1967,956429
tto,1968,969006
tto,1969,980713
tto,1970,991480
tto,1971,1002588
tto,1972,1014927
tto,1973,1027860
tto,1974,1040768
tto,1975,1053468
tto,1976,1066314
tto,1977,1079560
tto,1978,1093393
tto,1979,1107652
tto,1980,1121750
tto,1981,1135140
tto,1982,1147932
tto,1983,1160537
tto,1984,1172985
tto,1985,1187370
tto,1986,1203132
tto,1987,1217367
tto,1988,1230071
tto,1989,1241606
tto,1990,1252215
tto,1991,1262174
tto,1992,1271681
tto,1993,1280474
tto,1994,1288353
tto,1995,1295167
tto,1996,1300937
tto,1997,1305838
tto,1998,1310226
tto,1999,1314711
tto,2000,1319781
tto,2001,1325573
tto,2002,1332017
tto,2003,1338718
tto,2004,1345386
tto,2005,1352040
tto,2006,1358706
tto,2007,1365381
tto,2008,1372090
tto,2009,1379056
tto,2010,1386657
tto,2011,1394990
tto,2012,1403814
tto,2013,1412658
tto,2014,1421135
tto,2015,1429190
tto,2016,1437031
tto,2017,1445265
tto,2018,1470522
tto,2019,1484898
tto,2020,1481026
tto,2021,1487715
tto,2022,1495923
tto,2023,1502938
tun,1800,800000
tun,1801,803593
tun,1802,807201
tun,1803,810826
tun,1804,814467
tun,1805,818125
tun,1806,821799
tun,1807,825489
tun,1808,829196
tun,1809,832920
tun,1810,836677
tun,1811,840434
tun,1812,844208
tun,1813,847999
tun,1814,851807
tun,1815,855632
tun,1816,859475
tun,1817,863334
tun,1818,867211
tun,1819,871727
tun,1820,876889
tun,1821,882706
tun,1822,889184
tun,1823,896334
tun,1824,903541
tun,1825,910806
tun,1826,918129
tun,1827,925511
tun,1828,932953
tun,1829,940454
tun,1830,948016
tun,1831,955639
tun,1832,963323
tun,1833,971068
tun,1834,978876
tun,1835,986747
tun,1836,994681
tun,1837,1002678
tun,1838,1010740
tun,1839,1018867
tun,1840,1027060
tun,1841,1035318
tun,1842,1043642
tun,1843,1052034
tun,1844,1060492
tun,1845,1069019
tun,1846,1077615
tun,1847,1086279
tun,1848,1095014
tun,1849,1104277
tun,1850,1114077
tun,1851,1124896
tun,1852,1136280
tun,1853,1148238
tun,1854,1160323
tun,1855,1172534
tun,1856,1184873
tun,1857,1197342
tun,1858,1209943
tun,1859,1222675
tun,1860,1235541
tun,1861,1248543
tun,1862,1261681
tun,1863,1274957
tun,1864,1288373
tun,1865,1301929
tun,1866,1315628
tun,1867,1329471
tun,1868,1343459
tun,1869,1357594
tun,1870,1371878
tun,1871,1386311
tun,1872,1400897
tun,1873,1415635
tun,1874,1430528
tun,1875,1445578
tun,1876,1460786
tun,1877,1476153
tun,1878,1491682
tun,1879,1507374
tun,1880,1523231
tun,1881,1539254
tun,1882,1555446
tun,1883,1571808
tun,1884,1588342
tun,1885,1605049
tun,1886,1621932
tun,1887,1638992
tun,1888,1656231
tun,1889,1673533
tun,1890,1690896
tun,1891,1708320
tun,1892,1725804
tun,1893,1743348
tun,1894,1761070
tun,1895,1778972
tun,1896,1797055
tun,1897,1815322
tun,1898,1833774
tun,1899,1854860
tun,1900,1878648
tun,1901,1905207
tun,1902,1934610
tun,1903,1966929
tun,1904,1999787
tun,1905,2033194
tun,1906,2067159
tun,1907,2101691
tun,1908,2136800
tun,1909,2167536
tun,1910,2193797
tun,1911,2215480
tun,1912,2232478
tun,1913,2244684
tun,1914,2256956
tun,1915,2269295
tun,1916,2281700
tun,1917,2294174
tun,1918,2305774
tun,1919,2320238
tun,1920,2337611
tun,1921,2357940
tun,1922,2381271
tun,1923,2407651
tun,1924,2434323
tun,1925,2461290
tun,1926,2488557
tun,1927,2516125
tun,1928,2543999
tun,1929,2575619
tun,1930,2611086
tun,1931,2650506
tun,1932,2693984
tun,1933,2741631
tun,1934,2790121
tun,1935,2839468
tun,1936,2889688
tun,1937,2940796
tun,1938,2992808
tun,1939,3044090
tun,1940,3094602
tun,1941,3144308
tun,1942,3193166
tun,1943,3241136
tun,1944,3289826
tun,1945,3339248
tun,1946,3389413
tun,1947,3440331
tun,1948,3492014
tun,1949,3547297
tun,1950,3608997
tun,1951,3682102
tun,1952,3758189
tun,1953,3837404
tun,1954,3919526
tun,1955,4005135
tun,1956,4082608
tun,1957,4136609
tun,1958,4177717
tun,1959,4220907
tun,1960,4267299
tun,1961,4316281
tun,1962,4369139
tun,1963,4427131
tun,1964,4489875
tun,1965,4561390
tun,1966,4652294
tun,1967,4760975
tun,1968,4879909
tun,1969,5004694
tun,1970,5131394
tun,1971,5261660
tun,1972,5396564
tun,1973,5537244
tun,1974,5684686
tun,1975,5839266
tun,1976,5996993
tun,1977,6155927
tun,1978,6309393
tun,1979,6456418
tun,1980,6606194
tun,1981,6758291
tun,1982,6908649
tun,1983,7053797
tun,1984,7220050
tun,1985,7409907
tun,1986,7600300
tun,1987,7789990
tun,1988,7974447
tun,1989,8151665
tun,1990,8324509
tun,1991,8501826
tun,1992,8682509
tun,1993,8857916
tun,1994,9018447
tun,1995,9161263
tun,1996,9294433
tun,1997,9421273
tun,1998,9541669
tun,1999,9655966
tun,2000,9764940
tun,2001,9869679
tun,2002,9971521
tun,2003,10071638
tun,2004,10166170
tun,2005,10255474
tun,2006,10346408
tun,2007,10441705
tun,2008,10542637
tun,2009,10650682
tun,2010,10765984
tun,2011,10886041
tun,2012,11009649
tun,2013,11141365
tun,2014,11274295
tun,2015,11402270
tun,2016,11528676
tun,2017,11650504
tun,2018,11765515
tun,2019,11875084
tun,2020,11974058
tun,2021,12048625
tun,2022,12119338
tun,2023,12200434
tur,1800,9761393
tur,1801,9776186
tur,1802,9791003
tur,1803,9805842
tur,1804,9820702
tur,1805,9835586
tur,1806,9850492
tur,1807,9865421
tur,1808,9880372
tur,1809,9895346
tur,1810,9910759
tur,1811,9926565
tur,1812,9943184
tur,1813,9960618
tur,1814,9978873
tur,1815,9997951
tur,1816,10017856
tur,1817,10038592
tur,1818,10060164
tur,1819,10082574
tur,1820,10105826
tur,1821,10121790
tur,1822,10137787
tur,1823,10169781
tur,1824,10201876
tur,1825,10234073
tur,1826,10266371
tur,1827,10298771
tur,1828,10331273
tur,1829,10363878
tur,1830,10396585
tur,1831,10429396
tur,1832,10462311
tur,1833,10495329
tur,1834,10528452
tur,1835,10561679
tur,1836,10595011
tur,1837,10628448
tur,1838,10661991
tur,1839,10695639
tur,1840,10729394
tur,1841,10763255
tur,1842,10797224
tur,1843,10831299
tur,1844,10865482
tur,1845,10899773
tur,1846,10934172
tur,1847,10968679
tur,1848,11003295
tur,1849,11038021
tur,1850,11072856
tur,1851,11105405
tur,1852,11138049
tur,1853,11170788
tur,1854,11203623
tur,1855,11236554
tur,1856,11269582
tur,1857,11302705
tur,1858,11335926
tur,1859,11369244
tur,1860,11402659
tur,1861,11436172
tur,1862,11469783
tur,1863,11503492
tur,1864,11537299
tur,1865,11571206
tur,1866,11605211
tur,1867,11639316
tur,1868,11673521
tur,1869,11714580
tur,1870,11762553
tur,1871,11817496
tur,1872,11879470
tur,1873,11948533
tur,1874,12017997
tur,1875,12087864
tur,1876,12158137
tur,1877,12228817
tur,1878,12299908
tur,1879,12371412
tur,1880,12443331
tur,1881,12515667
tur,1882,12588423
tur,1883,12661602
tur,1884,12735205
tur,1885,12809235
tur,1886,12883696
tur,1887,12958588
tur,1888,13033916
tur,1889,13109680
tur,1890,13185884
tur,1891,13262531
tur,1892,13339623
tur,1893,13417162
tur,1894,13495151
tur,1895,13573592
tur,1896,13652489
tur,1897,13731844
tur,1898,13811660
tur,1899,13891939
tur,1900,13972684
tur,1901,14053897
tur,1902,14135582
tur,1903,14217741
tur,1904,14300377
tur,1905,14383492
tur,1906,14467090
tur,1907,14551173
tur,1908,14635744
tur,1909,14679982
tur,1910,14683987
tur,1911,14647858
tur,1912,14571689
tur,1913,14455574
tur,1914,14340384
tur,1915,14226111
tur,1916,14112748
tur,1917,14000287
tur,1918,13891763
tur,1919,13825326
tur,1920,13800950
tur,1921,13818615
tur,1922,13878301
tur,1923,13979991
tur,1924,14082427
tur,1925,14185613
tur,1926,14289555
tur,1927,14394259
tur,1928,14499730
tur,1929,14637000
tur,1930,14806857
tur,1931,15010104
tur,1932,15247560
tur,1933,15520060
tur,1934,15797430
tur,1935,16079757
tur,1936,16367129
tur,1937,16659638
tur,1938,16957374
tur,1939,17257852
tur,1940,17561075
tur,1941,17867048
tur,1942,18175775
tur,1943,18487257
tur,1944,18804078
tur,1945,19126328
tur,1946,19454100
tur,1947,19787490
tur,1948,20126593
tur,1949,20522505
tur,1950,21021142
tur,1951,21643878
tur,1952,22290093
tur,1953,22958552
tur,1954,23636110
tur,1955,24310513
tur,1956,25057603
tur,1957,25880920
tur,1958,26704966
tur,1959,27526336
tur,1960,28329895
tur,1961,29119235
tur,1962,29916149
tur,1963,30726846
tur,1964,31543074
tur,1965,32345213
tur,1966,33177679
tur,1967,34050420
tur,1968,34921681
tur,1969,35787778
tur,1970,36638458
tur,1971,37518610
tur,1972,38430215
tur,1973,39329533
tur,1974,40210234
tur,1975,41053123
tur,1976,41899990
tur,1977,42773301
tur,1978,43645306
tur,1979,44510430
tur,1980,45408818
tur,1981,46321190
tur,1982,47322104
tur,1983,48447413
tur,1984,49574065
tur,1985,50687118
tur,1986,51777768
tur,1987,52843671
tur,1988,53909628
tur,1989,54976719
tur,1990,56015627
tur,1991,57009892
tur,1992,57990121
tur,1993,58999164
tur,1994,60033832
tur,1995,61024501
tur,1996,61951134
tur,1997,62852968
tur,1998,63734385
tur,1999,64591916
tur,2000,65425957
tur,2001,66245125
tur,2002,67048792
tur,2003,67831735
tur,2004,68592621
tur,2005,69329557
tur,2006,70045351
tur,2007,70750593
tur,2008,71562343
tur,2009,72464846
tur,2010,73346766
tur,2011,74215203
tur,2012,75197196
tur,2013,76403032
tur,2014,78036154
tur,2015,80014222
tur,2016,81652087
tur,2017,83083667
tur,2018,84415966
tur,2019,85357670
tur,2020,86091691
tur,2021,86686254
tur,2022,87058469
tur,2023,87270502
tuv,1800,2499
tuv,1801,2499
tuv,1802,2499
tuv,1803,2499
tuv,1804,2499
tuv,1805,2499
tuv,1806,2499
tuv,1807,2499
tuv,1808,2499
tuv,1809,2499
tuv,1810,2499
tuv,1811,2499
tuv,1812,2499
tuv,1813,2499
tuv,1814,2499
tuv,1815,2499
tuv,1816,2499
tuv,1817,2499
tuv,1818,2499
tuv,1819,2501
tuv,1820,2506
tuv,1821,2514
tuv,1822,2523
tuv,1823,2535
tuv,1824,2548
tuv,1825,2560
tuv,1826,2572
tuv,1827,2585
tuv,1828,2597
tuv,1829,2610
tuv,1830,2622
tuv,1831,2635
tuv,1832,2648
tuv,1833,2661
tuv,1834,2674
tuv,1835,2686
tuv,1836,2699
tuv,1837,2712
tuv,1838,2726
tuv,1839,2739
tuv,1840,2752
tuv,1841,2765
tuv,1842,2779
tuv,1843,2792
tuv,1844,2806
tuv,1845,2819
tuv,1846,2833
tuv,1847,2846
tuv,1848,2860
tuv,1849,2874
tuv,1850,2888
tuv,1851,2902
tuv,1852,2916
tuv,1853,2931
tuv,1854,2945
tuv,1855,2960
tuv,1856,2975
tuv,1857,2989
tuv,1858,3004
tuv,1859,3019
tuv,1860,3034
tuv,1861,3049
tuv,1862,3064
tuv,1863,3079
tuv,1864,3094
tuv,1865,3110
tuv,1866,3125
tuv,1867,3140
tuv,1868,3156
tuv,1869,3172
tuv,1870,3187
tuv,1871,3203
tuv,1872,3219
tuv,1873,3235
tuv,1874,3251
tuv,1875,3267
tuv,1876,3283
tuv,1877,3299
tuv,1878,3316
tuv,1879,3332
tuv,1880,3348
tuv,1881,3365
tuv,1882,3382
tuv,1883,3398
tuv,1884,3415
tuv,1885,3432
tuv,1886,3449
tuv,1887,3466
tuv,1888,3483
tuv,1889,3501
tuv,1890,3518
tuv,1891,3535
tuv,1892,3553
tuv,1893,3570
tuv,1894,3588
tuv,1895,3606
tuv,1896,3624
tuv,1897,3641
tuv,1898,3659
tuv,1899,3678
tuv,1900,3696
tuv,1901,3714
tuv,1902,3732
tuv,1903,3751
tuv,1904,3769
tuv,1905,3788
tuv,1906,3807
tuv,1907,3826
tuv,1908,3844
tuv,1909,3863
tuv,1910,3883
tuv,1911,3902
tuv,1912,3921
tuv,1913,3940
tuv,1914,3960
tuv,1915,3980
tuv,1916,3999
tuv,1917,4019
tuv,1918,4038
tuv,1919,4058
tuv,1920,4078
tuv,1921,4097
tuv,1922,4117
tuv,1923,4137
tuv,1924,4157
tuv,1925,4177
tuv,1926,4197
tuv,1927,4217
tuv,1928,4238
tuv,1929,4258
tuv,1930,4279
tuv,1931,4300
tuv,1932,4320
tuv,1933,4341
tuv,1934,4362
tuv,1935,4383
tuv,1936,4404
tuv,1937,4426
tuv,1938,4447
tuv,1939,4469
tuv,1940,4490
tuv,1941,4512
tuv,1942,4534
tuv,1943,4556
tuv,1944,4578
tuv,1945,4600
tuv,1946,4622
tuv,1947,4644
tuv,1948,4667
tuv,1949,4696
tuv,1950,4784
tuv,1951,4947
tuv,1952,5072
tuv,1953,5198
tuv,1954,5292
tuv,1955,5361
tuv,1956,5408
tuv,1957,5455
tuv,1958,5517
tuv,1959,5577
tuv,1960,5619
tuv,1961,5669
tuv,1962,5721
tuv,1963,5773
tuv,1964,5771
tuv,1965,5731
tuv,1966,5705
tuv,1967,5674
tuv,1968,5644
tuv,1969,5653
tuv,1970,5684
tuv,1971,5704
tuv,1972,5712
tuv,1973,5704
tuv,1974,5844
tuv,1975,6133
tuv,1976,6427
tuv,1977,6708
tuv,1978,6980
tuv,1979,7207
tuv,1980,7387
tuv,1981,7545
tuv,1982,7686
tuv,1983,7809
tuv,1984,7926
tuv,1985,8068
tuv,1986,8238
tuv,1987,8393
tuv,1988,8539
tuv,1989,8685
tuv,1990,8821
tuv,1991,8953
tuv,1992,9060
tuv,1993,9146
tuv,1994,9231
tuv,1995,9299
tuv,1996,9363
tuv,1997,9425
tuv,1998,9469
tuv,1999,9518
tuv,2000,9566
tuv,2001,9608
tuv,2002,9645
tuv,2003,9715
tuv,2004,9839
tuv,2005,9964
tuv,2006,10078
tuv,2007,10204
tuv,2008,10344
tuv,2009,10479
tuv,2010,10635
tuv,2011,10804
tuv,2012,10960
tuv,2013,11028
tuv,2014,11007
tuv,2015,10985
tuv,2016,10951
tuv,2017,10892
tuv,2018,10775
tuv,2019,10603
tuv,2020,10423
tuv,2021,10214
tuv,2022,10012
tuv,2023,9837
twn,1800,2000000
twn,1801,2000000
twn,1802,2000000
twn,1803,2000000
twn,1804,2000000
twn,1805,2000000
twn,1806,2000000
twn,1807,2000000
twn,1808,2000000
twn,1809,2000000
twn,1810,2000000
twn,1811,2000303
twn,1812,2000910
twn,1813,2001822
twn,1814,2003040
twn,1815,2004565
twn,1816,2006398
twn,1817,2008540
twn,1818,2010991
twn,1819,2013754
twn,1820,2016828
twn,1821,2020215
twn,1822,2023916
twn,1823,2027932
twn,1824,2032264
twn,1825,2036912
twn,1826,2041878
twn,1827,2047163
twn,1828,2052769
twn,1829,2058694
twn,1830,2064942
twn,1831,2071513
twn,1832,2078105
twn,1833,2084717
twn,1834,2091351
twn,1835,2098006
twn,1836,2104682
twn,1837,2111379
twn,1838,2118098
twn,1839,2124837
twn,1840,2131599
twn,1841,2138383
twn,1842,2145191
twn,1843,2152021
twn,1844,2158875
twn,1845,2165752
twn,1846,2172653
twn,1847,2179577
twn,1848,2186525
twn,1849,2193497
twn,1850,2200492
twn,1851,2206610
twn,1852,2212747
twn,1853,2218902
twn,1854,2225075
twn,1855,2231266
twn,1856,2237476
twn,1857,2243704
twn,1858,2249951
twn,1859,2256216
twn,1860,2262500
twn,1861,2268804
twn,1862,2275125
twn,1863,2281465
twn,1864,2287823
twn,1865,2294199
twn,1866,2300594
twn,1867,2307007
twn,1868,2313439
twn,1869,2319889
twn,1870,2326358
twn,1871,2332502
twn,1872,2339008
twn,1873,2345534
twn,1874,2352080
twn,1875,2358645
twn,1876,2365230
twn,1877,2371833
twn,1878,2378455
twn,1879,2385094
twn,1880,2391752
twn,1881,2398427
twn,1882,2405121
twn,1883,2411833
twn,1884,2418563
twn,1885,2425312
twn,1886,2434426
twn,1887,2445942
twn,1888,2459898
twn,1889,2476331
twn,1890,2495279
twn,1891,2516781
twn,1892,2540876
twn,1893,2567605
twn,1894,2597008
twn,1895,2629126
twn,1896,2663982
twn,1897,2699235
twn,1898,2734932
twn,1899,2771030
twn,1900,2809533
twn,1901,2849684
twn,1902,2889389
twn,1903,2928248
twn,1904,2966574
twn,1905,3005298
twn,1906,3045795
twn,1907,3088833
twn,1908,3134318
twn,1909,3181450
twn,1910,3228010
twn,1911,3253963
twn,1912,3315633
twn,1913,3377251
twn,1914,3427777
twn,1915,3463334
twn,1916,3492048
twn,1917,3521710
twn,1918,3557050
twn,1919,3594336
twn,1920,3639403
twn,1921,3697114
twn,1922,3763256
twn,1923,3831991
twn,1924,3904941
twn,1925,3987618
twn,1926,4078400
twn,1927,4173398
twn,1928,4270016
twn,1929,4375389
twn,1930,4490164
twn,1931,4611423
twn,1932,4734952
twn,1933,4860102
twn,1934,4985901
twn,1935,5112023
twn,1936,5242361
twn,1937,5379507
twn,1938,5521193
twn,1939,5669363
twn,1940,5826611
twn,1941,5994558
twn,1942,6163154
twn,1943,6278902
twn,1944,6341801
twn,1945,6354446
twn,1946,6298031
twn,1947,6351203
twn,1948,6589183
twn,1949,7119288
twn,1950,7596535
twn,1951,7862806
twn,1952,8148997
twn,1953,8451375
twn,1954,8767773
twn,1955,9104136
twn,1956,9465707
twn,1957,9850527
twn,1958,10246160
twn,1959,10644179
twn,1960,11046263
twn,1961,11453506
twn,1962,11866670
twn,1963,12285726
twn,1964,12706682
twn,1965,13124808
twn,1966,13537706
twn,1967,13901473
twn,1968,14215584
twn,1969,14523608
twn,1970,14815755
twn,1971,15121137
twn,1972,15450618
twn,1973,15772691
twn,1974,16082315
twn,1975,16365267
twn,1976,16671501
twn,1977,17020095
twn,1978,17373729
twn,1979,17735789
twn,1980,18086521
twn,1981,18412829
twn,1982,18723986
twn,1983,19022629
twn,1984,19306762
twn,1985,19571695
twn,1986,19805981
twn,1987,20015820
twn,1988,20223658
twn,1989,20418913
twn,1990,20594907
twn,1991,20781752
twn,1992,20982088
twn,1993,21174678
twn,1994,21357145
twn,1995,21534497
twn,1996,21709270
twn,1997,21885332
twn,1998,22049226
twn,1999,22203788
twn,2000,22332873
twn,2001,22446254
twn,2002,22566898
twn,2003,22664130
twn,2004,22745432
twn,2005,22824932
twn,2006,22914644
twn,2007,23006921
twn,2008,23086238
twn,2009,23164353
twn,2010,23224049
twn,2011,23273078
twn,2012,23345963
twn,2013,23416870
twn,2014,23472811
twn,2015,23529260
twn,2016,23586140
twn,2017,23632950
twn,2018,23659308
twn,2019,23674137
twn,2020,23663461
twn,2021,23558330
twn,2022,23420107
twn,2023,23317145
tza,1800,3000000
tza,1801,3000985
tza,1802,3001971
tza,1803,3002957
tza,1804,3003943
tza,1805,3004930
tza,1806,3005917
tza,1807,3006904
tza,1808,3007892
tza,1809,3008880
tza,1810,3009868
tza,1811,3010857
tza,1812,3011846
tza,1813,3012835
tza,1814,3013824
tza,1815,3014814
tza,1816,3015804
tza,1817,3016795
tza,1818,3017786
tza,1819,3030649
tza,1820,3055625
tza,1821,3092961
tza,1822,3142907
tza,1823,3205719
tza,1824,3269786
tza,1825,3335134
tza,1826,3401788
tza,1827,3469774
tza,1828,3539119
tza,1829,3609849
tza,1830,3681993
tza,1831,3755579
tza,1832,3830636
tza,1833,3907193
tza,1834,3985279
tza,1835,4064927
tza,1836,4146166
tza,1837,4229028
tza,1838,4313547
tza,1839,4399755
tza,1840,4487685
tza,1841,4577373
tza,1842,4668854
tza,1843,4762162
tza,1844,4857336
tza,1845,4954412
tza,1846,5053427
tza,1847,5154422
tza,1848,5257435
tza,1849,5339559
tza,1850,5400400
tza,1851,5438857
tza,1852,5455214
tza,1853,5449060
tza,1854,5442913
tza,1855,5436773
tza,1856,5430640
tza,1857,5424513
tza,1858,5418393
tza,1859,5412280
tza,1860,5406174
tza,1861,5400075
tza,1862,5393982
tza,1863,5387897
tza,1864,5381818
tza,1865,5375746
tza,1866,5369680
tza,1867,5363622
tza,1868,5357570
tza,1869,5351525
tza,1870,5345486
tza,1871,5339454
tza,1872,5333429
tza,1873,5327411
tza,1874,5321399
tza,1875,5315395
tza,1876,5309396
tza,1877,5303405
tza,1878,5297420
tza,1879,5294613
tza,1880,5294987
tza,1881,5298543
tza,1882,5305284
tza,1883,5315210
tza,1884,5325155
tza,1885,5335118
tza,1886,5345100
tza,1887,5355101
tza,1888,5365120
tza,1889,5364386
tza,1890,5352968
tza,1891,5330934
tza,1892,5298351
tza,1893,5255287
tza,1894,5212572
tza,1895,5170205
tza,1896,5128182
tza,1897,5086501
tza,1898,5045158
tza,1899,5008122
tza,1900,4975342
tza,1901,4946765
tza,1902,4922341
tza,1903,4902019
tza,1904,4881781
tza,1905,4861626
tza,1906,4841554
tza,1907,4821566
tza,1908,4801659
tza,1909,4785645
tza,1910,4773506
tza,1911,4765226
tza,1912,4760786
tza,1913,4760171
tza,1914,4759556
tza,1915,4758941
tza,1916,4758326
tza,1917,4757711
tza,1918,4757711
tza,1919,4771984
tza,1920,4800744
tza,1921,4844209
tza,1922,4902599
tza,1923,4976138
tza,1924,5050780
tza,1925,5126542
tza,1926,5203440
tza,1927,5281492
tza,1928,5360714
tza,1929,5440020
tza,1930,5519397
tza,1931,5598828
tza,1932,5678300
tza,1933,5757796
tza,1934,5838405
tza,1935,5920142
tza,1936,6003024
tza,1937,6087067
tza,1938,6172286
tza,1939,6263774
tza,1940,6361710
tza,1941,6466278
tza,1942,6577665
tza,1943,6696063
tza,1944,6816592
tza,1945,6939291
tza,1946,7064198
tza,1947,7191354
tza,1948,7320798
tza,1949,7467570
tza,1950,7625152
tza,1951,7812973
tza,1952,8009083
tza,1953,8213117
tza,1954,8424792
tza,1955,8644856
tza,1956,8874780
tza,1957,9115792
tza,1958,9367596
tza,1959,9629269
tza,1960,9901422
tza,1961,10187889
tza,1962,10487756
tza,1963,10799530
tza,1964,11127827
tza,1965,11470726
tza,1966,11827462
tza,1967,12200114
tza,1968,12602077
tza,1969,13036701
tza,1970,13492674
tza,1971,13971453
tza,1972,14479311
tza,1973,15010099
tza,1974,15561633
tza,1975,16138364
tza,1976,16736216
tza,1977,17352936
tza,1978,17976569
tza,1979,18592045
tza,1980,19189769
tza,1981,19784713
tza,1982,20398574
tza,1983,21079877
tza,1984,21779064
tza,1985,22501696
tza,1986,23258959
tza,1987,24030376
tza,1988,24769690
tza,1989,25438759
tza,1990,26110210
tza,1991,26780440
tza,1992,27457599
tza,1993,28332691
tza,1994,29442357
tza,1995,30383496
tza,1996,30945761
tza,1997,31578093
tza,1998,32420461
tza,1999,33300335
tza,2000,34260142
tza,2001,35198303
tza,2002,36121301
tza,2003,37089555
tza,2004,38109666
tza,2005,39182083
tza,2006,40294900
tza,2007,41435508
tza,2008,42570728
tza,2009,43633975
tza,2010,44758491
tza,2011,46029371
tza,2012,47374261
tza,2013,48824134
tza,2014,50351506
tza,2015,52020958
tza,2016,53824012
tza,2017,55652888
tza,2018,57437134
tza,2019,59174889
tza,2020,60972803
tza,2021,62830410
tza,2022,64711822
tza,2023,66617607
uga,1800,2500000
uga,1801,2478383
uga,1802,2456953
uga,1803,2435708
uga,1804,2414647
uga,1805,2393768
uga,1806,2373069
uga,1807,2352550
uga,1808,2332208
uga,1809,2312042
uga,1810,2292223
uga,1811,2272402
uga,1812,2252753
uga,1813,2233274
uga,1814,2213963
uga,1815,2194820
uga,1816,2175841
uga,1817,2157027
uga,1818,2138376
uga,1819,2128348
uga,1820,2126967
uga,1821,2134257
uga,1822,2150241
uga,1823,2174944
uga,1824,2199932
uga,1825,2225207
uga,1826,2250772
uga,1827,2276631
uga,1828,2302787
uga,1829,2329244
uga,1830,2356004
uga,1831,2383072
uga,1832,2410451
uga,1833,2438145
uga,1834,2466156
uga,1835,2494490
uga,1836,2523149
uga,1837,2552137
uga,1838,2581458
uga,1839,2611117
uga,1840,2641116
uga,1841,2671459
uga,1842,2702151
uga,1843,2733196
uga,1844,2764598
uga,1845,2796360
uga,1846,2828487
uga,1847,2860983
uga,1848,2893853
uga,1849,2922666
uga,1850,2947359
uga,1851,2972646
uga,1852,2993733
uga,1853,3010534
uga,1854,3027421
uga,1855,3044395
uga,1856,3061456
uga,1857,3078605
uga,1858,3095842
uga,1859,3113168
uga,1860,3130583
uga,1861,3148087
uga,1862,3165682
uga,1863,3183367
uga,1864,3201142
uga,1865,3219009
uga,1866,3236968
uga,1867,3255018
uga,1868,3273162
uga,1869,3292059
uga,1870,3311720
uga,1871,3332154
uga,1872,3353370
uga,1873,3375379
uga,1874,3397525
uga,1875,3419807
uga,1876,3442228
uga,1877,3464787
uga,1878,3487485
uga,1879,3510324
uga,1880,3533304
uga,1881,3556427
uga,1882,3579692
uga,1883,3603101
uga,1884,3626654
uga,1885,3650353
uga,1886,3674198
uga,1887,3698191
uga,1888,3722331
uga,1889,3742102
uga,1890,3757466
uga,1891,3768385
uga,1892,3774821
uga,1893,3776735
uga,1894,3778642
uga,1895,3780541
uga,1896,3782432
uga,1897,3784316
uga,1898,3786192
uga,1899,3782763
uga,1900,3774052
uga,1901,3760084
uga,1902,3740882
uga,1903,3716470
uga,1904,3692209
uga,1905,3668098
uga,1906,3644137
uga,1907,3620325
uga,1908,3596660
uga,1909,3577396
uga,1910,3562507
uga,1911,3551968
uga,1912,3545757
uga,1913,3543847
uga,1914,3541931
uga,1915,3540009
uga,1916,3538080
uga,1917,3536145
uga,1918,3529072
uga,1919,3535371
uga,1920,3555241
uga,1921,3588886
uga,1922,3636514
uga,1923,3698334
uga,1924,3761206
uga,1925,3825147
uga,1926,3890174
uga,1927,3956307
uga,1928,4023564
uga,1929,4089469
uga,1930,4153962
uga,1931,4216986
uga,1932,4278478
uga,1933,4338377
uga,1934,4399114
uga,1935,4460701
uga,1936,4523151
uga,1937,4586475
uga,1938,4650686
uga,1939,4719620
uga,1940,4793413
uga,1941,4872203
uga,1942,4956130
uga,1943,5045341
uga,1944,5136157
uga,1945,5228608
uga,1946,5322723
uga,1947,5418532
uga,1948,5516065
uga,1949,5626585
uga,1950,5750917
uga,1951,5911173
uga,1952,6077045
uga,1953,6249442
uga,1954,6428381
uga,1955,6613776
uga,1956,6805457
uga,1957,7003888
uga,1958,7209760
uga,1959,7423432
uga,1960,7640975
uga,1961,7862221
uga,1962,8092231
uga,1963,8333660
uga,1964,8586366
uga,1965,8849209
uga,1966,9122864
uga,1967,9408922
uga,1968,9708633
uga,1969,10014863
uga,1970,10321608
uga,1971,10618207
uga,1972,10885795
uga,1973,11144237
uga,1974,11424845
uga,1975,11725240
uga,1976,12037302
uga,1977,12359671
uga,1978,12692122
uga,1979,13002167
uga,1980,13275751
uga,1981,13556457
uga,1982,13873637
uga,1983,14221891
uga,1984,14607679
uga,1985,15023679
uga,1986,15467581
uga,1987,15954165
uga,1988,16470485
uga,1989,17010704
uga,1990,17569895
uga,1991,18155901
uga,1992,18785037
uga,1993,19445161
uga,1994,20108804
uga,1995,20665673
uga,1996,21231553
uga,1997,21856044
uga,1998,22515809
uga,1999,23257279
uga,2000,24000158
uga,2001,24745678
uga,2002,25532872
uga,2003,26352124
uga,2004,27154513
uga,2005,27963287
uga,2006,28794005
uga,2007,29653437
uga,2008,30539547
uga,2009,31451147
uga,2010,32390801
uga,2011,33354541
uga,2012,34337436
uga,2013,35337050
uga,2014,36395542
uga,2015,37531444
uga,2016,38799153
uga,2017,40177384
uga,2018,41565839
uga,2019,42999636
uga,2020,44457148
uga,2021,45910931
uga,2022,47312718
uga,2023,48656606
ukr,1800,11215490
ukr,1801,11215490
ukr,1802,11215490
ukr,1803,11215490
ukr,1804,11215490
ukr,1805,11215490
ukr,1806,11215490
ukr,1807,11215490
ukr,1808,11215490
ukr,1809,11215490
ukr,1810,11215490
ukr,1811,11215490
ukr,1812,11215490
ukr,1813,11215490
ukr,1814,11215490
ukr,1815,11215490
ukr,1816,11215490
ukr,1817,11215490
ukr,1818,11215490
ukr,1819,11236074
ukr,1820,11277431
ukr,1821,11339751
ukr,1822,11423228
ukr,1823,11528054
ukr,1824,11633843
ukr,1825,11740602
ukr,1826,11848341
ukr,1827,11957068
ukr,1828,12066794
ukr,1829,12177526
ukr,1830,12289274
ukr,1831,12402048
ukr,1832,12515857
ukr,1833,12630710
ukr,1834,12746617
ukr,1835,12863588
ukr,1836,12981632
ukr,1837,13100759
ukr,1838,13220979
ukr,1839,13342303
ukr,1840,13464740
ukr,1841,13588301
ukr,1842,13712995
ukr,1843,13838834
ukr,1844,13965828
ukr,1845,14093986
ukr,1846,14223321
ukr,1847,14353843
ukr,1848,14485563
ukr,1849,14618491
ukr,1850,14752639
ukr,1851,14890411
ukr,1852,15029469
ukr,1853,15169825
ukr,1854,15311492
ukr,1855,15454481
ukr,1856,15598805
ukr,1857,15744477
ukr,1858,15891508
ukr,1859,16039913
ukr,1860,16189702
ukr,1861,16340890
ukr,1862,16493490
ukr,1863,16647514
ukr,1864,16802976
ukr,1865,16959889
ukr,1866,17118268
ukr,1867,17278124
ukr,1868,17439474
ukr,1869,17602329
ukr,1870,17766705
ukr,1871,17932615
ukr,1872,18100074
ukr,1873,18269097
ukr,1874,18439697
ukr,1875,18611890
ukr,1876,18785691
ukr,1877,18961114
ukr,1878,19138174
ukr,1879,19316888
ukr,1880,19497270
ukr,1881,19679336
ukr,1882,19863101
ukr,1883,20048582
ukr,1884,20235794
ukr,1885,20424754
ukr,1886,20615478
ukr,1887,20807983
ukr,1888,21002284
ukr,1889,21198399
ukr,1890,21396345
ukr,1891,21596139
ukr,1892,21797798
ukr,1893,22001340
ukr,1894,22206781
ukr,1895,22414140
ukr,1896,22623435
ukr,1897,22834684
ukr,1898,23047904
ukr,1899,23263115
ukr,1900,23480335
ukr,1901,23699583
ukr,1902,23920877
ukr,1903,24144237
ukr,1904,24369682
ukr,1905,24597231
ukr,1906,24826905
ukr,1907,25058722
ukr,1908,25292704
ukr,1909,25528869
ukr,1910,25767239
ukr,1911,26007834
ukr,1912,26250675
ukr,1913,26495782
ukr,1914,26743178
ukr,1915,26992883
ukr,1916,27244918
ukr,1917,27499306
ukr,1918,27751657
ukr,1919,28006323
ukr,1920,28263326
ukr,1921,28522687
ukr,1922,28784429
ukr,1923,29048572
ukr,1924,29315139
ukr,1925,29584153
ukr,1926,29855635
ukr,1927,30129608
ukr,1928,30406096
ukr,1929,30685120
ukr,1930,30966706
ukr,1931,31250875
ukr,1932,31537652
ukr,1933,31827060
ukr,1934,32119125
ukr,1935,32413869
ukr,1936,32711319
ukr,1937,33011498
ukr,1938,33314431
ukr,1939,33620144
ukr,1940,33928663
ukr,1941,34240013
ukr,1942,34554220
ukr,1943,34871311
ukr,1944,35191311
ukr,1945,35514248
ukr,1946,35840148
ukr,1947,36169039
ukr,1948,36500948
ukr,1949,36878582
ukr,1950,37310888
ukr,1951,37807755
ukr,1952,38306714
ukr,1953,38806088
ukr,1954,39320025
ukr,1955,39859717
ukr,1956,40419148
ukr,1957,40998772
ukr,1958,41627069
ukr,1959,42244271
ukr,1960,42824099
ukr,1961,43399769
ukr,1962,43943675
ukr,1963,44462370
ukr,1964,44951157
ukr,1965,45386896
ukr,1966,45802523
ukr,1967,46215989
ukr,1968,46614333
ukr,1969,46976251
ukr,1970,47261309
ukr,1971,47573291
ukr,1972,47946893
ukr,1973,48277120
ukr,1974,48576573
ukr,1975,48865230
ukr,1976,49120842
ukr,1977,49336485
ukr,1978,49521243
ukr,1979,49721384
ukr,1980,49955147
ukr,1981,50189280
ukr,1982,50402724
ukr,1983,50637026
ukr,1984,50887600
ukr,1985,51108771
ukr,1986,51318738
ukr,1987,51515727
ukr,1988,51724854
ukr,1989,51917825
ukr,1990,52054096
ukr,1991,52170967
ukr,1992,52323675
ukr,1993,52350122
ukr,1994,52076000
ukr,1995,51665535
ukr,1996,51226111
ukr,1997,50786881
ukr,1998,50379728
ukr,1999,49976445
ukr,2000,49556654
ukr,2001,49106854
ukr,2002,48677280
ukr,2003,48315133
ukr,2004,47979502
ukr,2005,47585558
ukr,2006,47278691
ukr,2007,47062802
ukr,2008,46819168
ukr,2009,46623731
ukr,2010,46455997
ukr,2011,46307854
ukr,2012,46210051
ukr,2013,46126760
ukr,2014,45972379
ukr,2015,45784904
ukr,2016,45616831
ukr,2017,45436037
ukr,2018,45208903
ukr,2019,44957451
ukr,2020,44680008
ukr,2021,44298642
ukr,2022,41048768
ukr,2023,37732833
ury,1800,55000
ury,1801,55000
ury,1802,55000
ury,1803,55000
ury,1804,55000
ury,1805,55000
ury,1806,55000
ury,1807,55000
ury,1808,55000
ury,1809,55000
ury,1810,55000
ury,1811,55000
ury,1812,55000
ury,1813,55000
ury,1814,55000
ury,1815,55000
ury,1816,55000
ury,1817,55000
ury,1818,55000
ury,1819,55326
ury,1820,55987
ury,1821,56993
ury,1822,58355
ury,1823,60083
ury,1824,61862
ury,1825,63694
ury,1826,65580
ury,1827,67522
ury,1828,69522
ury,1829,71581
ury,1830,73700
ury,1831,75883
ury,1832,78130
ury,1833,80443
ury,1834,82826
ury,1835,85278
ury,1836,87803
ury,1837,90404
ury,1838,93081
ury,1839,95837
ury,1840,98675
ury,1841,101597
ury,1842,104605
ury,1843,107703
ury,1844,110892
ury,1845,114176
ury,1846,117557
ury,1847,121038
ury,1848,124622
ury,1849,128952
ury,1850,134084
ury,1851,140112
ury,1852,147069
ury,1853,155024
ury,1854,163409
ury,1855,172247
ury,1856,181564
ury,1857,191384
ury,1858,201736
ury,1859,212207
ury,1860,222786
ury,1861,233457
ury,1862,244204
ury,1863,255009
ury,1864,266292
ury,1865,278074
ury,1866,290377
ury,1867,303225
ury,1868,316641
ury,1869,329733
ury,1870,342458
ury,1871,354769
ury,1872,366619
ury,1873,377956
ury,1874,389643
ury,1875,401691
ury,1876,414112
ury,1877,426917
ury,1878,440118
ury,1879,454587
ury,1880,470397
ury,1881,487626
ury,1882,506355
ury,1883,526670
ury,1884,547801
ury,1885,569779
ury,1886,592638
ury,1887,616415
ury,1888,641146
ury,1889,665394
ury,1890,689096
ury,1891,712186
ury,1892,734591
ury,1893,756238
ury,1894,778522
ury,1895,801463
ury,1896,825080
ury,1897,849392
ury,1898,874421
ury,1899,897890
ury,1900,919712
ury,1901,939799
ury,1902,958059
ury,1903,974396
ury,1904,991011
ury,1905,1007909
ury,1906,1025096
ury,1907,1042575
ury,1908,1060353
ury,1909,1080020
ury,1910,1101649
ury,1911,1125313
ury,1912,1151086
ury,1913,1179048
ury,1914,1207688
ury,1915,1237025
ury,1916,1267074
ury,1917,1297852
ury,1918,1329066
ury,1919,1360604
ury,1920,1392464
ury,1921,1424646
ury,1922,1457146
ury,1923,1489961
ury,1924,1523516
ury,1925,1557826
ury,1926,1592909
ury,1927,1628782
ury,1928,1665463
ury,1929,1699941
ury,1930,1732125
ury,1931,1761920
ury,1932,1789231
ury,1933,1813956
ury,1934,1839024
ury,1935,1864438
ury,1936,1890203
ury,1937,1916324
ury,1938,1942806
ury,1939,1968567
ury,1940,1993585
ury,1941,2017838
ury,1942,2041302
ury,1943,2063955
ury,1944,2086858
ury,1945,2110016
ury,1946,2133431
ury,1947,2157106
ury,1948,2181044
ury,1949,2206710
ury,1950,2234414
ury,1951,2256416
ury,1952,2281110
ury,1953,2308051
ury,1954,2336875
ury,1955,2367035
ury,1956,2398370
ury,1957,2430772
ury,1958,2463868
ury,1959,2497153
ury,1960,2529964
ury,1961,2562047
ury,1962,2593294
ury,1963,2623767
ury,1964,2653182
ury,1965,2681172
ury,1966,2707655
ury,1967,2732283
ury,1968,2754605
ury,1969,2773985
ury,1970,2790811
ury,1971,2806462
ury,1972,2821648
ury,1973,2837143
ury,1974,2853947
ury,1975,2872328
ury,1976,2891395
ury,1977,2909469
ury,1978,2925714
ury,1979,2939906
ury,1980,2951956
ury,1981,2963250
ury,1982,2975490
ury,1983,2988779
ury,1984,3002495
ury,1985,3017044
ury,1986,3032846
ury,1987,3049896
ury,1988,3067957
ury,1989,3086254
ury,1990,3104404
ury,1991,3122357
ury,1992,3139704
ury,1993,3156351
ury,1994,3172839
ury,1995,3189438
ury,1996,3206329
ury,1997,3223349
ury,1998,3239286
ury,1999,3254020
ury,2000,3266212
ury,2001,3274257
ury,2002,3278868
ury,2003,3281188
ury,2004,3283157
ury,2005,3285776
ury,2006,3289508
ury,2007,3295155
ury,2008,3302184
ury,2009,3310093
ury,2010,3318581
ury,2011,3326829
ury,2012,3335406
ury,2013,3345335
ury,2014,3356343
ury,2015,3368022
ury,2016,3379279
ury,2017,3388444
ury,2018,3394538
ury,2019,3397206
ury,2020,3398966
ury,2021,3396693
ury,2022,3390913
ury,2023,3388083
usa,1800,6000000
usa,1801,6113782
usa,1802,6229723
usa,1803,6347862
usa,1804,6468241
usa,1805,6590903
usa,1806,6715891
usa,1807,6843249
usa,1808,6973023
usa,1809,7105258
usa,1810,7302908
usa,1811,7502686
usa,1812,7728031
usa,1813,7980135
usa,1814,8240464
usa,1815,8509285
usa,1816,8786876
usa,1817,9073523
usa,1818,9369520
usa,1819,9667277
usa,1820,9966626
usa,1821,10267384
usa,1822,10569360
usa,1823,10872345
usa,1824,11184015
usa,1825,11504621
usa,1826,11834416
usa,1827,12173666
usa,1828,12522641
usa,1829,12879737
usa,1830,13245133
usa,1831,13619015
usa,1832,14001568
usa,1833,14392986
usa,1834,14795346
usa,1835,15208954
usa,1836,15634125
usa,1837,16071181
usa,1838,16520455
usa,1839,16991513
usa,1840,17485246
usa,1841,18002579
usa,1842,18544472
usa,1843,19111919
usa,1844,19696730
usa,1845,20299435
usa,1846,20920583
usa,1847,21560737
usa,1848,22220480
usa,1849,22899875
usa,1850,23599506
usa,1851,24309683
usa,1852,25040692
usa,1853,25793143
usa,1854,26568199
usa,1855,27366540
usa,1856,28188865
usa,1857,29035895
usa,1858,29908371
usa,1859,30763983
usa,1860,31601240
usa,1861,32418583
usa,1862,33214384
usa,1863,33986941
usa,1864,34777462
usa,1865,35586364
usa,1866,36414073
usa,1867,37261027
usa,1868,38127674
usa,1869,39007998
usa,1870,39902173
usa,1871,40810375
usa,1872,41732783
usa,1873,42669573
usa,1874,43627383
usa,1875,44606685
usa,1876,45607961
usa,1877,46631704
usa,1878,47678418
usa,1879,48749140
usa,1880,49844419
usa,1881,50964818
usa,1882,52110912
usa,1883,53283291
usa,1884,54482036
usa,1885,55707739
usa,1886,56961007
usa,1887,58242459
usa,1888,59552729
usa,1889,60843105
usa,1890,62112247
usa,1891,63358765
usa,1892,64581224
usa,1893,65778137
usa,1894,66997221
usa,1895,68238885
usa,1896,69503549
usa,1897,70791637
usa,1898,72103583
usa,1899,73449404
usa,1900,74829905
usa,1901,76245912
usa,1902,77698268
usa,1903,79187838
usa,1904,80705948
usa,1905,82253148
usa,1906,83829992
usa,1907,85437050
usa,1908,87074899
usa,1909,88647362
usa,1910,90151889
usa,1911,91585865
usa,1912,92946603
usa,1913,94231351
usa,1914,95533839
usa,1915,96854312
usa,1916,98193018
usa,1917,99550208
usa,1918,100970120
usa,1919,102419259
usa,1920,103898175
usa,1921,105407425
usa,1922,106947578
usa,1923,108519213
usa,1924,110113945
usa,1925,111732111
usa,1926,113374057
usa,1927,115040131
usa,1928,116730690
usa,1929,118261782
usa,1930,119629770
usa,1931,120830953
usa,1932,121861566
usa,1933,122717780
usa,1934,123580010
usa,1935,124448298
usa,1936,125322686
usa,1937,126203219
usa,1938,127089938
usa,1939,128160070
usa,1940,129417367
usa,1941,130865641
usa,1942,132508765
usa,1943,134350677
usa,1944,136218191
usa,1945,138111665
usa,1946,140031458
usa,1947,141977937
usa,1948,143951473
usa,1949,146051521
usa,1950,154202683
usa,1951,156481323
usa,1952,158794223
usa,1953,161168320
usa,1954,163636303
usa,1955,166200028
usa,1956,168824962
usa,1957,171499234
usa,1958,174215305
usa,1959,177145772
usa,1960,180274556
usa,1961,183489491
usa,1962,186724275
usa,1963,189825225
usa,1964,192819457
usa,1965,195653774
usa,1966,198265400
usa,1967,200699913
usa,1968,203011020
usa,1969,205300034
usa,1970,207796338
usa,1971,210426423
usa,1972,212842571
usa,1973,215006548
usa,1974,217076475
usa,1975,219129299
usa,1976,221168755
usa,1977,223259417
usa,1978,225396097
usa,1979,227575082
usa,1980,229858656
usa,1981,232201613
usa,1982,234583155
usa,1983,236986362
usa,1984,239353967
usa,1985,241690438
usa,1986,243953807
usa,1987,246161292
usa,1988,248393236
usa,1989,250675047
usa,1990,253373387
usa,1991,256471424
usa,1992,259606021
usa,1993,262633229
usa,1994,265474811
usa,1995,268205796
usa,1996,270860695
usa,1997,273468014
usa,1998,276119323
usa,1999,278785482
usa,2000,281484126
usa,2001,284279634
usa,2002,287084335
usa,2003,289908091
usa,2004,292786248
usa,2005,295716666
usa,2006,298730208
usa,2007,301844223
usa,2008,304970325
usa,2009,308023452
usa,2010,311062785
usa,2011,314105075
usa,2012,317115349
usa,2013,320110752
usa,2014,323115377
usa,2015,326126496
usa,2016,329179423
usa,2017,332204657
usa,2018,335056492
usa,2019,337790069
usa,2020,339436156
usa,2021,340161438
usa,2022,341534041
usa,2023,343477330
uzb,1800,1919159
uzb,1801,1919159
uzb,1802,1919159
uzb,1803,1919159
uzb,1804,1919159
uzb,1805,1919159
uzb,1806,1919159
uzb,1807,1919159
uzb,1808,1919159
uzb,1809,1919159
uzb,1810,1919159
uzb,1811,1919159
uzb,1812,1919159
uzb,1813,1919159
uzb,1814,1919159
uzb,1815,1919159
uzb,1816,1919159
uzb,1817,1919159
uzb,1818,1919159
uzb,1819,1922681
uzb,1820,1929758
uzb,1821,1940422
uzb,1822,1954706
uzb,1823,1972644
uzb,1824,1990746
uzb,1825,2009014
uzb,1826,2027450
uzb,1827,2046056
uzb,1828,2064831
uzb,1829,2083780
uzb,1830,2102902
uzb,1831,2122199
uzb,1832,2141674
uzb,1833,2161327
uzb,1834,2181161
uzb,1835,2201176
uzb,1836,2221376
uzb,1837,2241760
uzb,1838,2262332
uzb,1839,2283093
uzb,1840,2304044
uzb,1841,2325187
uzb,1842,2346524
uzb,1843,2368057
uzb,1844,2389788
uzb,1845,2411718
uzb,1846,2433850
uzb,1847,2456184
uzb,1848,2478724
uzb,1849,2501470
uzb,1850,2524425
uzb,1851,2546822
uzb,1852,2569418
uzb,1853,2592213
uzb,1854,2615211
uzb,1855,2638413
uzb,1856,2661820
uzb,1857,2685435
uzb,1858,2709259
uzb,1859,2733294
uzb,1860,2757542
uzb,1861,2782004
uzb,1862,2806684
uzb,1863,2831582
uzb,1864,2856701
uzb,1865,2882043
uzb,1866,2907608
uzb,1867,2933401
uzb,1868,2959422
uzb,1869,2985674
uzb,1870,3012158
uzb,1871,3038877
uzb,1872,3065832
uzb,1873,3093026
uzb,1874,3120462
uzb,1875,3148140
uzb,1876,3176063
uzb,1877,3204234
uzb,1878,3232655
uzb,1879,3261327
uzb,1880,3290253
uzb,1881,3319436
uzb,1882,3348877
uzb,1883,3378579
uzb,1884,3408544
uzb,1885,3438774
uzb,1886,3469272
uzb,1887,3500041
uzb,1888,3531082
uzb,1889,3562398
uzb,1890,3593991
uzb,1891,3625864
uzb,1892,3658019
uzb,1893,3690460
uzb,1894,3723187
uzb,1895,3756205
uzb,1896,3789515
uzb,1897,3823120
uzb,1898,3857022
uzb,1899,3891225
uzb,1900,3925731
uzb,1901,3960542
uzb,1902,3995662
uzb,1903,4031093
uzb,1904,4066837
uzb,1905,4102899
uzb,1906,4139279
uzb,1907,4175982
uzb,1908,4213010
uzb,1909,4250365
uzb,1910,4288052
uzb,1911,4326072
uzb,1912,4364429
uzb,1913,4403126
uzb,1914,4442165
uzb,1915,4481550
uzb,1916,4521284
uzb,1917,4561369
uzb,1918,4603227
uzb,1919,4645469
uzb,1920,4688099
uzb,1921,4731120
uzb,1922,4774535
uzb,1923,4818349
uzb,1924,4862565
uzb,1925,4907187
uzb,1926,4952219
uzb,1927,4997663
uzb,1928,5043525
uzb,1929,5089807
uzb,1930,5136514
uzb,1931,5183650
uzb,1932,5231218
uzb,1933,5279223
uzb,1934,5327669
uzb,1935,5376559
uzb,1936,5425897
uzb,1937,5475688
uzb,1938,5525937
uzb,1939,5576646
uzb,1940,5627821
uzb,1941,5679465
uzb,1942,5731583
uzb,1943,5784180
uzb,1944,5837259
uzb,1945,5890825
uzb,1946,5944883
uzb,1947,5999437
uzb,1948,6054491
uzb,1949,6136836
uzb,1950,6239906
uzb,1951,6385010
uzb,1952,6536522
uzb,1953,6698118
uzb,1954,6869811
uzb,1955,7054038
uzb,1956,7252046
uzb,1957,7463066
uzb,1958,7689160
uzb,1959,7935475
uzb,1960,8209125
uzb,1961,8517722
uzb,1962,8854368
uzb,1963,9202243
uzb,1964,9557610
uzb,1965,9921681
uzb,1966,10289299
uzb,1967,10659181
uzb,1968,11032154
uzb,1969,11403157
uzb,1970,11762643
uzb,1971,12111512
uzb,1972,12465108
uzb,1973,12831046
uzb,1974,13209013
uzb,1975,13598521
uzb,1976,13998620
uzb,1977,14408815
uzb,1978,14816350
uzb,1979,15215588
uzb,1980,15619935
uzb,1981,16035031
uzb,1982,16462742
uzb,1983,16908402
uzb,1984,17378855
uzb,1985,17875337
uzb,1986,18395621
uzb,1987,18930068
uzb,1988,19460634
uzb,1989,19977192
uzb,1990,20464963
uzb,1991,20962908
uzb,1992,21485095
uzb,1993,21987960
uzb,1994,22463295
uzb,1995,22917588
uzb,1996,23351981
uzb,1997,23758961
uzb,1998,24134930
uzb,1999,24476013
uzb,2000,24787052
uzb,2001,25090289
uzb,2002,25399987
uzb,2003,25711261
uzb,2004,26029350
uzb,2005,26356977
uzb,2006,26699046
uzb,2007,27076013
uzb,2008,27494780
uzb,2009,27939333
uzb,2010,28385509
uzb,2011,28823194
uzb,2012,29261908
uzb,2013,29724065
uzb,2014,30222994
uzb,2015,30749349
uzb,2016,31284565
uzb,2017,31819172
uzb,2018,32373489
uzb,2019,32964700
uzb,2020,33586373
uzb,2021,34243696
uzb,2022,34938953
uzb,2023,35652311
vat,1800,905
vat,1801,905
vat,1802,905
vat,1803,905
vat,1804,905
vat,1805,905
vat,1806,905
vat,1807,905
vat,1808,905
vat,1809,905
vat,1810,905
vat,1811,905
vat,1812,905
vat,1813,905
vat,1814,905
vat,1815,905
vat,1816,905
vat,1817,905
vat,1818,905
vat,1819,905
vat,1820,905
vat,1821,905
vat,1822,905
vat,1823,905
vat,1824,905
vat,1825,905
vat,1826,905
vat,1827,905
vat,1828,905
vat,1829,905
vat,1830,905
vat,1831,905
vat,1832,905
vat,1833,905
vat,1834,905
vat,1835,905
vat,1836,905
vat,1837,905
vat,1838,905
vat,1839,905
vat,1840,905
vat,1841,905
vat,1842,905
vat,1843,905
vat,1844,905
vat,1845,905
vat,1846,905
vat,1847,905
vat,1848,905
vat,1849,905
vat,1850,905
vat,1851,905
vat,1852,905
vat,1853,905
vat,1854,905
vat,1855,905
vat,1856,905
vat,1857,905
vat,1858,905
vat,1859,905
vat,1860,905
vat,1861,905
vat,1862,905
vat,1863,905
vat,1864,905
vat,1865,905
vat,1866,905
vat,1867,905
vat,1868,905
vat,1869,905
vat,1870,905
vat,1871,905
vat,1872,905
vat,1873,905
vat,1874,905
vat,1875,905
vat,1876,905
vat,1877,905
vat,1878,905
vat,1879,905
vat,1880,905
vat,1881,905
vat,1882,905
vat,1883,905
vat,1884,905
vat,1885,905
vat,1886,905
vat,1887,905
vat,1888,905
vat,1889,905
vat,1890,905
vat,1891,905
vat,1892,905
vat,1893,905
vat,1894,905
vat,1895,905
vat,1896,905
vat,1897,905
vat,1898,905
vat,1899,905
vat,1900,905
vat,1901,905
vat,1902,905
vat,1903,905
vat,1904,905
vat,1905,905
vat,1906,905
vat,1907,905
vat,1908,905
vat,1909,905
vat,1910,905
vat,1911,905
vat,1912,905
vat,1913,905
vat,1914,905
vat,1915,905
vat,1916,905
vat,1917,905
vat,1918,905
vat,1919,905
vat,1920,905
vat,1921,905
vat,1922,905
vat,1923,905
vat,1924,905
vat,1925,905
vat,1926,905
vat,1927,905
vat,1928,905
vat,1929,905
vat,1930,905
vat,1931,905
vat,1932,905
vat,1933,905
vat,1934,905
vat,1935,905
vat,1936,905
vat,1937,905
vat,1938,905
vat,1939,905
vat,1940,905
vat,1941,905
vat,1942,905
vat,1943,905
vat,1944,905
vat,1945,905
vat,1946,905
vat,1947,905
vat,1948,905
vat,1949,905
vat,1950,889
vat,1951,895
vat,1952,901
vat,1953,907
vat,1954,914
vat,1955,921
vat,1956,926
vat,1957,928
vat,1958,930
vat,1959,931
vat,1960,929
vat,1961,926
vat,1962,928
vat,1963,929
vat,1964,931
vat,1965,901
vat,1966,854
vat,1967,816
vat,1968,785
vat,1969,769
vat,1970,758
vat,1971,750
vat,1972,746
vat,1973,745
vat,1974,743
vat,1975,742
vat,1976,746
vat,1977,749
vat,1978,752
vat,1979,755
vat,1980,754
vat,1981,753
vat,1982,750
vat,1983,747
vat,1984,744
vat,1985,741
vat,1986,740
vat,1987,740
vat,1988,737
vat,1989,737
vat,1990,736
vat,1991,737
vat,1992,736
vat,1993,729
vat,1994,720
vat,1995,714
vat,1996,709
vat,1997,706
vat,1998,707
vat,1999,706
vat,2000,701
vat,2001,691
vat,2002,684
vat,2003,674
vat,2004,667
vat,2005,667
vat,2006,664
vat,2007,657
vat,2008,648
vat,2009,637
vat,2010,629
vat,2011,624
vat,2012,612
vat,2013,598
vat,2014,587
vat,2015,579
vat,2016,571
vat,2017,563
vat,2018,552
vat,2019,543
vat,2020,536
vat,2021,527
vat,2022,513
vat,2023,501
vct,1800,25781
vct,1801,25781
vct,1802,25781
vct,1803,25781
vct,1804,25781
vct,1805,25781
vct,1806,25781
vct,1807,25781
vct,1808,25781
vct,1809,25781
vct,1810,25781
vct,1811,25781
vct,1812,25781
vct,1813,25781
vct,1814,25781
vct,1815,25781
vct,1816,25781
vct,1817,25781
vct,1818,25781
vct,1819,25807
vct,1820,25859
vct,1821,25938
vct,1822,26043
vct,1823,26175
vct,1824,26308
vct,1825,26441
vct,1826,26575
vct,1827,26710
vct,1828,26845
vct,1829,26981
vct,1830,27118
vct,1831,27255
vct,1832,27393
vct,1833,27532
vct,1834,27671
vct,1835,27811
vct,1836,27952
vct,1837,28094
vct,1838,28236
vct,1839,28379
vct,1840,28523
vct,1841,28667
vct,1842,28812
vct,1843,28958
vct,1844,29105
vct,1845,29252
vct,1846,29401
vct,1847,29550
vct,1848,29699
vct,1849,29858
vct,1850,30026
vct,1851,30167
vct,1852,30317
vct,1853,30476
vct,1854,30636
vct,1855,30797
vct,1856,30959
vct,1857,31121
vct,1858,31284
vct,1859,31482
vct,1860,31716
vct,1861,31985
vct,1862,32290
vct,1863,32633
vct,1864,32979
vct,1865,33328
vct,1866,33682
vct,1867,34038
vct,1868,34399
vct,1869,34772
vct,1870,35158
vct,1871,35557
vct,1872,35969
vct,1873,36394
vct,1874,36825
vct,1875,37260
vct,1876,37701
vct,1877,38146
vct,1878,38597
vct,1879,38950
vct,1880,39203
vct,1881,39357
vct,1882,39409
vct,1883,39359
vct,1884,39309
vct,1885,39260
vct,1886,39210
vct,1887,39160
vct,1888,39110
vct,1889,39185
vct,1890,39385
vct,1891,39712
vct,1892,40168
vct,1893,40754
vct,1894,41348
vct,1895,41951
vct,1896,42563
vct,1897,43184
vct,1898,43814
vct,1899,44189
vct,1900,44311
vct,1901,44180
vct,1902,43796
vct,1903,43159
vct,1904,42531
vct,1905,41912
vct,1906,41303
vct,1907,40702
vct,1908,40110
vct,1909,39666
vct,1910,39368
vct,1911,39216
vct,1912,39206
vct,1913,39337
vct,1914,39468
vct,1915,39600
vct,1916,39733
vct,1917,39865
vct,1918,40051
vct,1919,40271
vct,1920,40525
vct,1921,40814
vct,1922,41137
vct,1923,41497
vct,1924,41860
vct,1925,42225
vct,1926,42594
vct,1927,42967
vct,1928,43342
vct,1929,43872
vct,1930,44563
vct,1931,45419
vct,1932,46446
vct,1933,47650
vct,1934,48885
vct,1935,50153
vct,1936,51453
vct,1937,52787
vct,1938,54155
vct,1939,55343
vct,1940,56344
vct,1941,57152
vct,1942,57760
vct,1943,58162
vct,1944,58567
vct,1945,58975
vct,1946,59385
vct,1947,59798
vct,1948,60214
vct,1949,60793
vct,1950,61686
vct,1951,63372
vct,1952,65205
vct,1953,67182
vct,1954,69321
vct,1955,71630
vct,1956,74076
vct,1957,76639
vct,1958,79333
vct,1959,82169
vct,1960,84409
vct,1961,85886
vct,1962,87260
vct,1963,88542
vct,1964,89772
vct,1965,90947
vct,1966,92071
vct,1967,93141
vct,1968,94139
vct,1969,95074
vct,1970,95977
vct,1971,96892
vct,1972,97805
vct,1973,98704
vct,1974,99577
vct,1975,100404
vct,1976,101218
vct,1977,102013
vct,1978,102785
vct,1979,103496
vct,1980,104229
vct,1981,105092
vct,1982,105986
vct,1983,106858
vct,1984,107706
vct,1985,108526
vct,1986,109302
vct,1987,110018
vct,1988,110678
vct,1989,111290
vct,1990,111825
vct,1991,112236
vct,1992,112524
vct,1993,112753
vct,1994,112933
vct,1995,113064
vct,1996,113136
vct,1997,113158
vct,1998,113195
vct,1999,113384
vct,2000,113561
vct,2001,113506
vct,2002,113365
vct,2003,113149
vct,2004,112856
vct,2005,112465
vct,2006,112027
vct,2007,111544
vct,2008,111047
vct,2009,110521
vct,2010,109974
vct,2011,109367
vct,2012,108753
vct,2013,108156
vct,2014,107555
vct,2015,106975
vct,2016,106365
vct,2017,105674
vct,2018,104939
vct,2019,104183
vct,2020,103540
vct,2021,102848
vct,2022,102063
vct,2023,101331
ven,1800,1000000
ven,1801,978177
ven,1802,956830
ven,1803,935949
ven,1804,915524
ven,1805,895545
ven,1806,876001
ven,1807,856884
ven,1808,838184
ven,1809,819893
ven,1810,807540
ven,1811,795067
ven,1812,784544
ven,1813,775912
ven,1814,767375
ven,1815,758931
ven,1816,750581
ven,1817,742322
ven,1818,734155
ven,1819,730725
ven,1820,732079
ven,1821,738267
ven,1822,749339
ven,1823,765347
ven,1824,781696
ven,1825,798395
ven,1826,815451
ven,1827,832871
ven,1828,850664
ven,1829,870777
ven,1830,893324
ven,1831,918421
ven,1832,946190
ven,1833,976757
ven,1834,1008311
ven,1835,1040885
ven,1836,1074510
ven,1837,1109222
ven,1838,1145056
ven,1839,1176193
ven,1840,1202435
ven,1841,1223574
ven,1842,1239396
ven,1843,1249679
ven,1844,1260048
ven,1845,1270502
ven,1846,1281044
ven,1847,1291672
ven,1848,1302389
ven,1849,1313953
ven,1850,1326378
ven,1851,1341399
ven,1852,1357350
ven,1853,1374250
ven,1854,1391359
ven,1855,1408679
ven,1856,1426211
ven,1857,1443960
ven,1858,1461927
ven,1859,1480115
ven,1860,1498528
ven,1861,1517166
ven,1862,1536035
ven,1863,1555135
ven,1864,1574470
ven,1865,1594044
ven,1866,1613858
ven,1867,1633915
ven,1868,1654220
ven,1869,1676673
ven,1870,1701337
ven,1871,1728278
ven,1872,1757561
ven,1873,1789255
ven,1874,1821517
ven,1875,1854358
ven,1876,1887789
ven,1877,1921819
ven,1878,1956459
ven,1879,1990249
ven,1880,2023151
ven,1881,2055124
ven,1882,2086129
ven,1883,2116123
ven,1884,2146546
ven,1885,2177402
ven,1886,2208699
ven,1887,2240443
ven,1888,2272639
ven,1889,2305445
ven,1890,2338873
ven,1891,2372933
ven,1892,2407638
ven,1893,2442998
ven,1894,2478874
ven,1895,2515273
ven,1896,2552202
ven,1897,2589670
ven,1898,2627685
ven,1899,2664329
ven,1900,2699561
ven,1901,2733334
ven,1902,2765603
ven,1903,2796321
ven,1904,2827377
ven,1905,2858773
ven,1906,2890514
ven,1907,2922603
ven,1908,2955044
ven,1909,2985778
ven,1910,3014767
ven,1911,3041974
ven,1912,3067360
ven,1913,3090886
ven,1914,3114587
ven,1915,3138467
ven,1916,3162525
ven,1917,3186762
ven,1918,3207396
ven,1919,3230354
ven,1920,3255672
ven,1921,3283389
ven,1922,3313541
ven,1923,3346167
ven,1924,3379114
ven,1925,3412385
ven,1926,3445984
ven,1927,3479914
ven,1928,3514178
ven,1929,3551599
ven,1930,3592246
ven,1931,3636191
ven,1932,3683506
ven,1933,3734264
ven,1934,3785723
ven,1935,3837890
ven,1936,3890776
ven,1937,3944391
ven,1938,3998745
ven,1939,4065897
ven,1940,4146367
ven,1941,4240690
ven,1942,4349420
ven,1943,4473129
ven,1944,4600356
ven,1945,4731202
ven,1946,4865770
ven,1947,5004165
ven,1948,5146496
ven,1949,5307595
ven,1950,5488858
ven,1951,5732604
ven,1952,5981378
ven,1953,6234772
ven,1954,6492813
ven,1955,6755819
ven,1956,7024324
ven,1957,7299445
ven,1958,7581981
ven,1959,7869228
ven,1960,8160087
ven,1961,8455921
ven,1962,8756880
ven,1963,9064019
ven,1964,9377715
ven,1965,9697793
ven,1966,10024858
ven,1967,10358514
ven,1968,10697538
ven,1969,11040279
ven,1970,11387795
ven,1971,11741013
ven,1972,12099184
ven,1973,12463539
ven,1974,12835356
ven,1975,13215889
ven,1976,13606286
ven,1977,14006819
ven,1978,14416680
ven,1979,14834551
ven,1980,15258225
ven,1981,15687305
ven,1982,16121876
ven,1983,16562202
ven,1984,17008838
ven,1985,17461433
ven,1986,17923542
ven,1987,18394970
ven,1988,18871021
ven,1989,19348925
ven,1990,19827005
ven,1991,20304898
ven,1992,20780946
ven,1993,21254525
ven,1994,21725186
ven,1995,22193822
ven,1996,22662117
ven,1997,23131691
ven,1998,23601341
ven,1999,24066595
ven,2000,24526707
ven,2001,24979934
ven,2002,25435674
ven,2003,25892710
ven,2004,26340843
ven,2005,26785797
ven,2006,27224691
ven,2007,27649369
ven,2008,28053694
ven,2009,28438296
ven,2010,28813101
ven,2011,29185220
ven,2012,29553829
ven,2013,29912195
ven,2014,30254080
ven,2015,30573968
ven,2016,30765719
ven,2017,30565331
ven,2018,29807591
ven,2019,28938096
ven,2020,28444080
ven,2021,28237830
ven,2022,28213015
ven,2023,28300861
vgb,1800,6700
vgb,1841,6700
vgb,1871,6700
vgb,1881,5300
vgb,1891,4600
vgb,1901,4900
vgb,1911,5600
vgb,1921,5100
vgb,1946,6500
vgb,1950,7397
vgb,1951,7410
vgb,1952,7398
vgb,1953,7410
vgb,1954,7469
vgb,1955,7516
vgb,1956,7557
vgb,1957,7615
vgb,1958,7702
vgb,1959,7832
vgb,1960,7974
vgb,1961,8059
vgb,1962,8093
vgb,1963,8136
vgb,1964,8192
vgb,1965,8283
vgb,1966,8438
vgb,1967,8671
vgb,1968,9023
vgb,1969,9554
vgb,1970,9967
vgb,1971,10117
vgb,1972,10256
vgb,1973,10388
vgb,1974,10521
vgb,1975,10627
vgb,1976,10733
vgb,1977,10823
vgb,1978,10904
vgb,1979,10986
vgb,1980,11148
vgb,1981,11499
vgb,1982,11944
vgb,1983,12388
vgb,1984,12844
vgb,1985,13291
vgb,1986,13749
vgb,1987,14213
vgb,1988,14704
vgb,1989,15201
vgb,1990,15727
vgb,1991,16208
vgb,1992,16615
vgb,1993,17008
vgb,1994,17430
vgb,1995,17863
vgb,1996,18308
vgb,1997,18783
vgb,1998,19262
vgb,1999,19755
vgb,2000,20266
vgb,2001,20825
vgb,2002,21454
vgb,2003,22155
vgb,2004,22905
vgb,2005,23693
vgb,2006,24519
vgb,2007,25391
vgb,2008,26308
vgb,2009,27240
vgb,2010,27698
vgb,2011,28733
vgb,2012,30369
vgb,2013,31727
vgb,2014,32988
vgb,2015,34523
vgb,2016,33904
vgb,2017,32724
vgb,2018,34682
vgb,2019,36423
vgb,2020,37161
vgb,2021,37833
vgb,2022,38346
vgb,2023,39009
vir,1800,18003
vir,1810,20253
vir,1820,20294
vir,1830,20334
vir,1840,20375
vir,1850,20416
vir,1860,20457
vir,1870,19483
vir,1880,18555
vir,1890,17671
vir,1900,16830
vir,1910,16028
vir,1920,15265
vir,1930,14538
vir,1940,13846
vir,1950,27104
vir,1951,27767
vir,1952,28219
vir,1953,28672
vir,1954,29184
vir,1955,29680
vir,1956,30157
vir,1957,30636
vir,1958,31150
vir,1959,31715
vir,1960,33041
vir,1961,35452
vir,1962,38338
vir,1963,41465
vir,1964,44857
vir,1965,48401
vir,1966,51783
vir,1967,54927
vir,1968,57848
vir,1969,60555
vir,1970,63874
vir,1971,67929
vir,1972,71931
vir,1973,75742
vir,1974,79320
vir,1975,82621
vir,1976,85719
vir,1977,88731
vir,1978,91629
vir,1979,94448
vir,1980,96580
vir,1981,97772
vir,1982,98653
vir,1983,99454
vir,1984,100178
vir,1985,100812
vir,1986,101347
vir,1987,101743
vir,1988,101957
vir,1989,101937
vir,1990,102318
vir,1991,103355
vir,1992,104430
vir,1993,105396
vir,1994,106242
vir,1995,106985
vir,1996,107608
vir,1997,108097
vir,1998,108441
vir,1999,108588
vir,2000,108591
vir,2001,108535
vir,2002,108433
vir,2003,108186
vir,2004,107851
vir,2005,107622
vir,2006,107463
vir,2007,107238
vir,2008,106971
vir,2009,106767
vir,2010,106325
vir,2011,105398
vir,2012,104307
vir,2013,103168
vir,2014,102012
vir,2015,100251
vir,2016,97795
vir,2017,95124
vir,2018,92317
vir,2019,89390
vir,2020,87724
vir,2021,87238
vir,2022,86521
vir,2023,85712
vnm,1800,4000000
vnm,1801,4099892
vnm,1802,4202278
vnm,1803,4307221
vnm,1804,4414785
vnm,1805,4525034
vnm,1806,4638038
vnm,1807,4753863
vnm,1808,4872581
vnm,1809,4994263
vnm,1810,5122099
vnm,1811,5250013
vnm,1812,5381121
vnm,1813,5515503
vnm,1814,5653241
vnm,1815,5794419
vnm,1816,5939122
vnm,1817,6087439
vnm,1818,6239460
vnm,1819,6358727
vnm,1820,6444528
vnm,1821,6496134
vnm,1822,6512797
vnm,1823,6493752
vnm,1824,6474762
vnm,1825,6455828
vnm,1826,6436949
vnm,1827,6418125
vnm,1828,6399356
vnm,1829,6380643
vnm,1830,6361984
vnm,1831,6343379
vnm,1832,6324829
vnm,1833,6306333
vnm,1834,6287891
vnm,1835,6269504
vnm,1836,6251169
vnm,1837,6232889
vnm,1838,6214662
vnm,1839,6196488
vnm,1840,6178368
vnm,1841,6160300
vnm,1842,6142286
vnm,1843,6124324
vnm,1844,6106414
vnm,1845,6088557
vnm,1846,6070752
vnm,1847,6052999
vnm,1848,6035298
vnm,1849,6055374
vnm,1850,6114191
vnm,1851,6212180
vnm,1852,6350901
vnm,1853,6531393
vnm,1854,6717014
vnm,1855,6907910
vnm,1856,7104232
vnm,1857,7306133
vnm,1858,7513772
vnm,1859,7727311
vnm,1860,7946920
vnm,1861,8172770
vnm,1862,8405038
vnm,1863,8643907
vnm,1864,8889565
vnm,1865,9142204
vnm,1866,9402023
vnm,1867,9669226
vnm,1868,9944022
vnm,1869,10172892
vnm,1870,10354379
vnm,1871,10486990
vnm,1872,10569186
vnm,1873,10599383
vnm,1874,10629666
vnm,1875,10660035
vnm,1876,10690492
vnm,1877,10721035
vnm,1878,10751665
vnm,1879,10782383
vnm,1880,10813189
vnm,1881,10844082
vnm,1882,10875064
vnm,1883,10906134
vnm,1884,10937292
vnm,1885,10968540
vnm,1886,10999877
vnm,1887,11031303
vnm,1888,11062819
vnm,1889,11094425
vnm,1890,11126121
vnm,1891,11157907
vnm,1892,11189785
vnm,1893,11221753
vnm,1894,11253812
vnm,1895,11285963
vnm,1896,11318206
vnm,1897,11350541
vnm,1898,11382968
vnm,1899,11530903
vnm,1900,11800814
vnm,1901,12199511
vnm,1902,12734169
vnm,1903,13412346
vnm,1904,14126641
vnm,1905,14878976
vnm,1906,15671378
vnm,1907,16505981
vnm,1908,17385031
vnm,1909,18088666
vnm,1910,18608564
vnm,1911,18935957
vnm,1912,19061604
vnm,1913,18975768
vnm,1914,18890318
vnm,1915,18805253
vnm,1916,18720571
vnm,1917,18636270
vnm,1918,18554037
vnm,1919,18472166
vnm,1920,18390657
vnm,1921,18309507
vnm,1922,18228716
vnm,1923,18148281
vnm,1924,18068201
vnm,1925,17988474
vnm,1926,17909099
vnm,1927,17830074
vnm,1928,17751398
vnm,1929,17713063
vnm,1930,17715169
vnm,1931,17757818
vnm,1932,17841112
vnm,1933,17965156
vnm,1934,18090063
vnm,1935,18215838
vnm,1936,18342487
vnm,1937,18470017
vnm,1938,18598434
vnm,1939,18812394
vnm,1940,19114980
vnm,1941,19509370
vnm,1942,19998840
vnm,1943,20586765
vnm,1944,21191974
vnm,1945,21814974
vnm,1946,22456290
vnm,1947,23116458
vnm,1948,23796035
vnm,1949,24460690
vnm,1950,25100732
vnm,1951,25600271
vnm,1952,26143915
vnm,1953,26757963
vnm,1954,27427907
vnm,1955,28166451
vnm,1956,28922317
vnm,1957,29754431
vnm,1958,30658455
vnm,1959,31585551
vnm,1960,32531929
vnm,1961,33409060
vnm,1962,34288562
vnm,1963,35249107
vnm,1964,36201568
vnm,1965,37129660
vnm,1966,38024835
vnm,1967,38895083
vnm,1968,39734609
vnm,1969,40582097
vnm,1970,41475227
vnm,1971,42449281
vnm,1972,43429169
vnm,1973,44409864
vnm,1974,45413538
vnm,1975,46482905
vnm,1976,47684927
vnm,1977,48954875
vnm,1978,50249551
vnm,1979,51378214
vnm,1980,52490098
vnm,1981,53738141
vnm,1982,55011292
vnm,1983,56337918
vnm,1984,57706071
vnm,1985,59060622
vnm,1986,60347044
vnm,1987,61584645
vnm,1988,62843234
vnm,1989,64147354
vnm,1990,65504551
vnm,1991,66891778
vnm,1992,68260336
vnm,1993,69586394
vnm,1994,70854393
vnm,1995,72049945
vnm,1996,73156456
vnm,1997,74226890
vnm,1998,75299665
vnm,1999,76287454
vnm,2000,77154016
vnm,2001,77969357
vnm,2002,78772227
vnm,2003,79563778
vnm,2004,80338977
vnm,2005,81088309
vnm,2006,82167901
vnm,2007,83633374
vnm,2008,85175789
vnm,2009,86460023
vnm,2010,87455148
vnm,2011,88468315
vnm,2012,89510355
vnm,2013,90573103
vnm,2014,91679582
vnm,2015,92823254
vnm,2016,94000115
vnm,2017,95176978
vnm,2018,96237319
vnm,2019,97173778
vnm,2020,98079196
vnm,2021,98935101
vnm,2022,99680656
vnm,2023,100352189
vut,1800,27791
vut,1801,27791
vut,1802,27791
vut,1803,27791
vut,1804,27791
vut,1805,27791
vut,1806,27791
vut,1807,27791
vut,1808,27791
vut,1809,27791
vut,1810,27791
vut,1811,27791
vut,1812,27791
vut,1813,27791
vut,1814,27791
vut,1815,27791
vut,1816,27791
vut,1817,27791
vut,1818,27791
vut,1819,27846
vut,1820,27955
vut,1821,28121
vut,1822,28343
vut,1823,28621
vut,1824,28902
vut,1825,29186
vut,1826,29473
vut,1827,29763
vut,1828,30055
vut,1829,30350
vut,1830,30648
vut,1831,30950
vut,1832,31254
vut,1833,31561
vut,1834,31871
vut,1835,32184
vut,1836,32500
vut,1837,32820
vut,1838,33142
vut,1839,33468
vut,1840,33797
vut,1841,34129
vut,1842,34464
vut,1843,34803
vut,1844,35145
vut,1845,35490
vut,1846,35839
vut,1847,36191
vut,1848,36546
vut,1849,36905
vut,1850,37268
vut,1851,37623
vut,1852,37981
vut,1853,38342
vut,1854,38707
vut,1855,39076
vut,1856,39448
vut,1857,39823
vut,1858,40202
vut,1859,40585
vut,1860,40971
vut,1861,41361
vut,1862,41755
vut,1863,42152
vut,1864,42553
vut,1865,42958
vut,1866,43367
vut,1867,43780
vut,1868,44196
vut,1869,44617
vut,1870,45041
vut,1871,45470
vut,1872,45903
vut,1873,46340
vut,1874,46781
vut,1875,47226
vut,1876,47675
vut,1877,48129
vut,1878,48587
vut,1879,49049
vut,1880,49516
vut,1881,49987
vut,1882,50463
vut,1883,50943
vut,1884,51427
vut,1885,51917
vut,1886,52411
vut,1887,52909
vut,1888,53413
vut,1889,53921
vut,1890,54434
vut,1891,54952
vut,1892,55475
vut,1893,56003
vut,1894,56536
vut,1895,57073
vut,1896,57616
vut,1897,58165
vut,1898,58718
vut,1899,59277
vut,1900,59840
vut,1901,60410
vut,1902,60984
vut,1903,61565
vut,1904,62150
vut,1905,62742
vut,1906,63338
vut,1907,63941
vut,1908,64549
vut,1909,64890
vut,1910,64963
vut,1911,64769
vut,1912,64309
vut,1913,63584
vut,1914,62866
vut,1915,62157
vut,1916,61456
vut,1917,60763
vut,1918,60096
vut,1919,59565
vut,1920,59170
vut,1921,58907
vut,1922,58777
vut,1923,58777
vut,1924,58777
vut,1925,58777
vut,1926,58777
vut,1927,58777
vut,1928,58777
vut,1929,58564
vut,1930,58144
vut,1931,57518
vut,1932,56691
vut,1933,55667
vut,1934,54661
vut,1935,53674
vut,1936,52704
vut,1937,51752
vut,1938,50817
vut,1939,50114
vut,1940,49640
vut,1941,49393
vut,1942,49367
vut,1943,49561
vut,1944,49756
vut,1945,49951
vut,1946,50148
vut,1947,50345
vut,1948,50543
vut,1949,50948
vut,1950,51557
vut,1951,52378
vut,1952,53285
vut,1953,54316
vut,1954,55435
vut,1955,56650
vut,1956,57941
vut,1957,59391
vut,1958,60999
vut,1959,62683
vut,1960,64446
vut,1961,66279
vut,1962,68188
vut,1963,70171
vut,1964,72232
vut,1965,74375
vut,1966,76605
vut,1967,78935
vut,1968,81334
vut,1969,83770
vut,1970,86283
vut,1971,88881
vut,1972,91578
vut,1973,94379
vut,1974,97273
vut,1975,100288
vut,1976,103402
vut,1977,106634
vut,1978,109980
vut,1979,113061
vut,1980,115683
vut,1981,118268
vut,1982,121051
vut,1983,124013
vut,1984,127125
vut,1985,130375
vut,1986,133737
vut,1987,137206
vut,1988,140769
vut,1989,144410
vut,1990,148073
vut,1991,151807
vut,1992,155619
vut,1993,159475
vut,1994,163328
vut,1995,167155
vut,1996,170926
vut,1997,174638
vut,1998,178322
vut,1999,182056
vut,2000,186290
vut,2001,191047
vut,2002,195871
vut,2003,200760
vut,2004,205720
vut,2005,210772
vut,2006,215939
vut,2007,221291
vut,2008,226908
vut,2009,232740
vut,2010,238256
vut,2011,243483
vut,2012,248894
vut,2013,254495
vut,2014,260247
vut,2015,266115
vut,2016,272097
vut,2017,278518
vut,2018,285273
vut,2019,291995
vut,2020,298867
vut,2021,305882
vut,2022,313061
vut,2023,320422
wlf,1800,3721
wlf,1820,3721
wlf,1950,8557
wlf,1951,8836
wlf,1952,9201
wlf,1953,9572
wlf,1954,9739
wlf,1955,9665
wlf,1956,9538
wlf,1957,9359
wlf,1958,9155
wlf,1959,8921
wlf,1960,8646
wlf,1961,8326
wlf,1962,8173
wlf,1963,8217
wlf,1964,8277
wlf,1965,8300
wlf,1966,8324
wlf,1967,8409
wlf,1968,8521
wlf,1969,8675
wlf,1970,8857
wlf,1971,9014
wlf,1972,9160
wlf,1973,9285
wlf,1974,9383
wlf,1975,9357
wlf,1976,9426
wlf,1977,9770
wlf,1978,10201
wlf,1979,10660
wlf,1980,11139
wlf,1981,11642
wlf,1982,12163
wlf,1983,12525
wlf,1984,12688
wlf,1985,12822
wlf,1986,12956
wlf,1987,13085
wlf,1988,13224
wlf,1989,13364
wlf,1990,13503
wlf,1991,13654
wlf,1992,13799
wlf,1993,13949
wlf,1994,14084
wlf,1995,14222
wlf,1996,14340
wlf,1997,14438
wlf,1998,14553
wlf,1999,14675
wlf,2000,14804
wlf,2001,14931
wlf,2002,15048
wlf,2003,15071
wlf,2004,14916
wlf,2005,14635
wlf,2006,14333
wlf,2007,14020
wlf,2008,13706
wlf,2009,13436
wlf,2010,13189
wlf,2011,12942
wlf,2012,12709
wlf,2013,12500
wlf,2014,12328
wlf,2015,12185
wlf,2016,12057
wlf,2017,11945
wlf,2018,11827
wlf,2019,11711
wlf,2020,11640
wlf,2021,11590
wlf,2022,11501
wlf,2023,11394
wsm,1800,47300
wsm,1801,47292
wsm,1802,47284
wsm,1803,47276
wsm,1804,47268
wsm,1805,47260
wsm,1806,47252
wsm,1807,47244
wsm,1808,47236
wsm,1809,47228
wsm,1810,47220
wsm,1811,47211
wsm,1812,47203
wsm,1813,47195
wsm,1814,47187
wsm,1815,47179
wsm,1816,47171
wsm,1817,47163
wsm,1818,47155
wsm,1819,47147
wsm,1820,47139
wsm,1821,47131
wsm,1822,47123
wsm,1823,47115
wsm,1824,47107
wsm,1825,47099
wsm,1826,47091
wsm,1827,47083
wsm,1828,47075
wsm,1829,47067
wsm,1830,47059
wsm,1831,47051
wsm,1832,47043
wsm,1833,47035
wsm,1834,47027
wsm,1835,47019
wsm,1836,47011
wsm,1837,47003
wsm,1838,46995
wsm,1839,46987
wsm,1840,46979
wsm,1841,46971
wsm,1842,46963
wsm,1843,46955
wsm,1844,46947
wsm,1845,46939
wsm,1846,46931
wsm,1847,46923
wsm,1848,46915
wsm,1849,46843
wsm,1850,46707
wsm,1851,46555
wsm,1852,46339
wsm,1853,46060
wsm,1854,45782
wsm,1855,45507
wsm,1856,45233
wsm,1857,44960
wsm,1858,44690
wsm,1859,44420
wsm,1860,44153
wsm,1861,43887
wsm,1862,43622
wsm,1863,43359
wsm,1864,43098
wsm,1865,42838
wsm,1866,42580
wsm,1867,42323
wsm,1868,42067
wsm,1869,41814
wsm,1870,41561
wsm,1871,41310
wsm,1872,41061
wsm,1873,40813
wsm,1874,40567
wsm,1875,40322
wsm,1876,40078
wsm,1877,39836
wsm,1878,39595
wsm,1879,39356
wsm,1880,39118
wsm,1881,38882
wsm,1882,38647
wsm,1883,38413
wsm,1884,38181
wsm,1885,37950
wsm,1886,37720
wsm,1887,37492
wsm,1888,37265
wsm,1889,37039
wsm,1890,36815
wsm,1891,36592
wsm,1892,36371
wsm,1893,36150
wsm,1894,35931
wsm,1895,35714
wsm,1896,35497
wsm,1897,35282
wsm,1898,35068
wsm,1899,35003
wsm,1900,35087
wsm,1901,35321
wsm,1902,35709
wsm,1903,36251
wsm,1904,36800
wsm,1905,37359
wsm,1906,37925
wsm,1907,38500
wsm,1908,39084
wsm,1909,39519
wsm,1910,39803
wsm,1911,39935
wsm,1912,39913
wsm,1913,39735
wsm,1914,39558
wsm,1915,39381
wsm,1916,39206
wsm,1917,39031
wsm,1918,38820
wsm,1919,38999
wsm,1920,39583
wsm,1921,40588
wsm,1922,42031
wsm,1923,43930
wsm,1924,45915
wsm,1925,47989
wsm,1926,50157
wsm,1927,52422
wsm,1928,54790
wsm,1929,56960
wsm,1930,58916
wsm,1931,60643
wsm,1932,62124
wsm,1933,63342
wsm,1934,64584
wsm,1935,65850
wsm,1936,67141
wsm,1937,68458
wsm,1938,69800
wsm,1939,71156
wsm,1940,72525
wsm,1941,73907
wsm,1942,75304
wsm,1943,76713
wsm,1944,78149
wsm,1945,79612
wsm,1946,81103
wsm,1947,82621
wsm,1948,84168
wsm,1949,85941
wsm,1950,88299
wsm,1951,90523
wsm,1952,92723
wsm,1953,94787
wsm,1954,96896
wsm,1955,99056
wsm,1956,101337
wsm,1957,103906
wsm,1958,106710
wsm,1959,109575
wsm,1960,112508
wsm,1961,115516
wsm,1962,118615
wsm,1963,121779
wsm,1964,124915
wsm,1965,127996
wsm,1966,131086
wsm,1967,133784
wsm,1968,136038
wsm,1969,138243
wsm,1970,140420
wsm,1971,142514
wsm,1972,144551
wsm,1973,146527
wsm,1974,149440
wsm,1975,153353
wsm,1976,157123
wsm,1977,159766
wsm,1978,161385
wsm,1979,162892
wsm,1980,164335
wsm,1981,165684
wsm,1982,166496
wsm,1983,166724
wsm,1984,166805
wsm,1985,166862
wsm,1986,167071
wsm,1987,167671
wsm,1988,168360
wsm,1989,168779
wsm,1990,169061
wsm,1991,169378
wsm,1992,170340
wsm,1993,171786
wsm,1994,173167
wsm,1995,174585
wsm,1996,176086
wsm,1997,177561
wsm,1998,178921
wsm,1999,180279
wsm,2000,181695
wsm,2001,183174
wsm,2002,184482
wsm,2003,185447
wsm,2004,186265
wsm,2005,186993
wsm,2006,187724
wsm,2007,188766
wsm,2008,190117
wsm,2009,191530
wsm,2010,193035
wsm,2011,194726
wsm,2012,196518
wsm,2013,198284
wsm,2014,200051
wsm,2015,201794
wsm,2016,203509
wsm,2017,205423
wsm,2018,207595
wsm,2019,209794
wsm,2020,211957
wsm,2021,213792
wsm,2022,215270
wsm,2023,216673
yem,1800,2593000
yem,1801,2593000
yem,1802,2593000
yem,1803,2593000
yem,1804,2593000
yem,1805,2593000
yem,1806,2593000
yem,1807,2593000
yem,1808,2593000
yem,1809,2593000
yem,1810,2593000
yem,1811,2593000
yem,1812,2593000
yem,1813,2593000
yem,1814,2593000
yem,1815,2593000
yem,1816,2593000
yem,1817,2593000
yem,1818,2593000
yem,1819,2593945
yem,1820,2595835
yem,1821,2598674
yem,1822,2602463
yem,1823,2607203
yem,1824,2611952
yem,1825,2616710
yem,1826,2621476
yem,1827,2626251
yem,1828,2631034
yem,1829,2635826
yem,1830,2640627
yem,1831,2645437
yem,1832,2650256
yem,1833,2655083
yem,1834,2659919
yem,1835,2664764
yem,1836,2669617
yem,1837,2674480
yem,1838,2679351
yem,1839,2684231
yem,1840,2689121
yem,1841,2694019
yem,1842,2698926
yem,1843,2703842
yem,1844,2708766
yem,1845,2713700
yem,1846,2718643
yem,1847,2723595
yem,1848,2728556
yem,1849,2733526
yem,1850,2738504
yem,1851,2742660
yem,1852,2746821
yem,1853,2750989
yem,1854,2755163
yem,1855,2759343
yem,1856,2763528
yem,1857,2767720
yem,1858,2771918
yem,1859,2776122
yem,1860,2780333
yem,1861,2784549
yem,1862,2788772
yem,1863,2793000
yem,1864,2797235
yem,1865,2801476
yem,1866,2805723
yem,1867,2809977
yem,1868,2814236
yem,1869,2818506
yem,1870,2822786
yem,1871,2827076
yem,1872,2831377
yem,1873,2835688
yem,1874,2840005
yem,1875,2844329
yem,1876,2848659
yem,1877,2852995
yem,1878,2857337
yem,1879,2861686
yem,1880,2866041
yem,1881,2870403
yem,1882,2874771
yem,1883,2879145
yem,1884,2883526
yem,1885,2887913
yem,1886,2892307
yem,1887,2896707
yem,1888,2901113
yem,1889,2905526
yem,1890,2909945
yem,1891,2914371
yem,1892,2918803
yem,1893,2923241
yem,1894,2927686
yem,1895,2932138
yem,1896,2936596
yem,1897,2941061
yem,1898,2945532
yem,1899,2954299
yem,1900,2967405
yem,1901,2984894
yem,1902,3006808
yem,1903,3033193
yem,1904,3059809
yem,1905,3086657
yem,1906,3113742
yem,1907,3141063
yem,1908,3168624
yem,1909,3196638
yem,1910,3225110
yem,1911,3254047
yem,1912,3283453
yem,1913,3313336
yem,1914,3343491
yem,1915,3373920
yem,1916,3404625
yem,1917,3435609
yem,1918,3467950
yem,1919,3500594
yem,1920,3533546
yem,1921,3566809
yem,1922,3600384
yem,1923,3634275
yem,1924,3668486
yem,1925,3703018
yem,1926,3737875
yem,1927,3773061
yem,1928,3808578
yem,1929,3844429
yem,1930,3880617
yem,1931,3917147
yem,1932,3954020
yem,1933,3991240
yem,1934,4028811
yem,1935,4066735
yem,1936,4105016
yem,1937,4143658
yem,1938,4182663
yem,1939,4222035
yem,1940,4261779
yem,1941,4301896
yem,1942,4342391
yem,1943,4383267
yem,1944,4424528
yem,1945,4466177
yem,1946,4508218
yem,1947,4550655
yem,1948,4593492
yem,1949,4647434
yem,1950,4616782
yem,1951,4684151
yem,1952,4758168
yem,1953,4837297
yem,1954,4921135
yem,1955,5009669
yem,1956,5103102
yem,1957,5201614
yem,1958,5305739
yem,1959,5415917
yem,1960,5532299
yem,1961,5655237
yem,1962,5782227
yem,1963,5911141
yem,1964,6048014
yem,1965,6195597
yem,1966,6351492
yem,1967,6516449
yem,1968,6690524
yem,1969,6875859
yem,1970,7065279
yem,1971,7257468
yem,1972,7460068
yem,1973,7672798
yem,1974,7896789
yem,1975,8133602
yem,1976,8384119
yem,1977,8648223
yem,1978,8926592
yem,1979,9224198
yem,1980,9543358
yem,1981,9882368
yem,1982,10241006
yem,1983,10621498
yem,1984,11025596
yem,1985,11453825
yem,1986,11901045
yem,1987,12369914
yem,1988,12859720
yem,1989,13364180
yem,1990,13887863
yem,1991,14430205
yem,1992,14989497
yem,1993,15563919
yem,1994,16149147
yem,1995,16740057
yem,1996,17313181
yem,1997,17873943
yem,1998,18446015
yem,1999,19029421
yem,2000,19624139
yem,2001,20226146
yem,2002,20835092
yem,2003,21456379
yem,2004,22095161
yem,2005,22790082
yem,2006,23543090
yem,2007,24318090
yem,2008,25111941
yem,2009,25927723
yem,2010,26754383
yem,2011,27582902
yem,2012,28433655
yem,2013,29312955
yem,2014,30226311
yem,2015,31159378
yem,2016,32109023
yem,2017,33090923
yem,2018,34085181
yem,2019,35111416
yem,2020,36134867
yem,2021,37140234
yem,2022,38222878
yem,2023,39390800
zaf,1800,1447911
zaf,1801,1453209
zaf,1802,1458526
zaf,1803,1463862
zaf,1804,1469219
zaf,1805,1474594
zaf,1806,1479989
zaf,1807,1485404
zaf,1808,1490839
zaf,1809,1496293
zaf,1810,1502136
zaf,1811,1508101
zaf,1812,1514561
zaf,1813,1521524
zaf,1814,1528996
zaf,1815,1536982
zaf,1816,1545491
zaf,1817,1554530
zaf,1818,1564103
zaf,1819,1574220
zaf,1820,1584887
zaf,1821,1602722
zaf,1822,1620823
zaf,1823,1657035
zaf,1824,1694055
zaf,1825,1731903
zaf,1826,1770596
zaf,1827,1810154
zaf,1828,1850595
zaf,1829,1891940
zaf,1830,1934209
zaf,1831,1977422
zaf,1832,2021601
zaf,1833,2066766
zaf,1834,2112941
zaf,1835,2160147
zaf,1836,2208408
zaf,1837,2257747
zaf,1838,2308188
zaf,1839,2359756
zaf,1840,2412477
zaf,1841,2466375
zaf,1842,2521477
zaf,1843,2577811
zaf,1844,2635403
zaf,1845,2694282
zaf,1846,2754476
zaf,1847,2816015
zaf,1848,2878929
zaf,1849,2935885
zaf,1850,2986678
zaf,1851,3033196
zaf,1852,3073171
zaf,1853,3106364
zaf,1854,3139915
zaf,1855,3173826
zaf,1856,3208102
zaf,1857,3242747
zaf,1858,3277764
zaf,1859,3313158
zaf,1860,3348933
zaf,1861,3385092
zaf,1862,3421640
zaf,1863,3458580
zaf,1864,3495918
zaf,1865,3533658
zaf,1866,3571803
zaf,1867,3610358
zaf,1868,3649328
zaf,1869,3688717
zaf,1870,3728529
zaf,1871,3768768
zaf,1872,3809441
zaf,1873,3850550
zaf,1874,3892102
zaf,1875,3934099
zaf,1876,3976549
zaf,1877,4019454
zaf,1878,4062820
zaf,1879,4106653
zaf,1880,4150956
zaf,1881,4195735
zaf,1882,4240996
zaf,1883,4286743
zaf,1884,4332981
zaf,1885,4379716
zaf,1886,4426953
zaf,1887,4474698
zaf,1888,4522955
zaf,1889,4571731
zaf,1890,4621030
zaf,1891,4670859
zaf,1892,4721224
zaf,1893,4772129
zaf,1894,4823580
zaf,1895,4875584
zaf,1896,4928147
zaf,1897,4981274
zaf,1898,5034971
zaf,1899,5095769
zaf,1900,5163858
zaf,1901,5239436
zaf,1902,5322703
zaf,1903,5413866
zaf,1904,5506587
zaf,1905,5600893
zaf,1906,5696812
zaf,1907,5794372
zaf,1908,5893599
zaf,1909,5993374
zaf,1910,6093688
zaf,1911,6194530
zaf,1912,6295888
zaf,1913,6397751
zaf,1914,6501260
zaf,1915,6606440
zaf,1916,6713319
zaf,1917,6821924
zaf,1918,6927689
zaf,1919,7042968
zaf,1920,7168076
zaf,1921,7303334
zaf,1922,7449070
zaf,1923,7605625
zaf,1924,7765470
zaf,1925,7928675
zaf,1926,8095309
zaf,1927,8265446
zaf,1928,8439158
zaf,1929,8615057
zaf,1930,8793161
zaf,1931,8973484
zaf,1932,9156043
zaf,1933,9340853
zaf,1934,9529394
zaf,1935,9721741
zaf,1936,9917969
zaf,1937,10118159
zaf,1938,10322389
zaf,1939,10528607
zaf,1940,10736810
zaf,1941,10946998
zaf,1942,11159168
zaf,1943,11373317
zaf,1944,11591575
zaf,1945,11814022
zaf,1946,12040737
zaf,1947,12271803
zaf,1948,12507304
zaf,1949,12764367
zaf,1950,13038501
zaf,1951,13309025
zaf,1952,13595546
zaf,1953,13892917
zaf,1954,14203781
zaf,1955,14533371
zaf,1956,14880686
zaf,1957,15244838
zaf,1958,15620420
zaf,1959,16014970
zaf,1960,16440175
zaf,1961,16908039
zaf,1962,17418522
zaf,1963,17954560
zaf,1964,18511367
zaf,1965,19089382
zaf,1966,19690084
zaf,1967,20314072
zaf,1968,20957287
zaf,1969,21614679
zaf,1970,22279990
zaf,1971,22942145
zaf,1972,23609457
zaf,1973,24294264
zaf,1974,24989109
zaf,1975,25690943
zaf,1976,26395451
zaf,1977,27118951
zaf,1978,27869506
zaf,1979,28634161
zaf,1980,29518857
zaf,1981,30541046
zaf,1982,31615339
zaf,1983,32739308
zaf,1984,33892793
zaf,1985,35042097
zaf,1986,36180519
zaf,1987,37326192
zaf,1988,38480647
zaf,1989,39628574
zaf,1990,40746274
zaf,1991,41687903
zaf,1992,42443510
zaf,1993,43297155
zaf,1994,44004140
zaf,1995,44541557
zaf,1996,45123023
zaf,1997,45666835
zaf,1998,46223888
zaf,1999,46730331
zaf,2000,47159715
zaf,2001,47566805
zaf,2002,48019414
zaf,2003,48500351
zaf,2004,48991420
zaf,2005,49490041
zaf,2006,49998271
zaf,2007,50528575
zaf,2008,51114595
zaf,2009,51728518
zaf,2010,52344047
zaf,2011,52995212
zaf,2012,53782570
zaf,2013,54678789
zaf,2014,55594840
zaf,2015,56723536
zaf,2016,57259550
zaf,2017,57635158
zaf,2018,58613001
zaf,2019,59587880
zaf,2020,60562374
zaf,2021,61502602
zaf,2022,62378417
zaf,2023,63212386
zmb,1800,747000
zmb,1801,758402
zmb,1802,769979
zmb,1803,781732
zmb,1804,793665
zmb,1805,805780
zmb,1806,818080
zmb,1807,830567
zmb,1808,843245
zmb,1809,856117
zmb,1810,869384
zmb,1811,882655
zmb,1812,896128
zmb,1813,909807
zmb,1814,923695
zmb,1815,937794
zmb,1816,952109
zmb,1817,966642
zmb,1818,981398
zmb,1819,996378
zmb,1820,1011587
zmb,1821,1027028
zmb,1822,1042705
zmb,1823,1058622
zmb,1824,1074781
zmb,1825,1091187
zmb,1826,1107843
zmb,1827,1124754
zmb,1828,1141922
zmb,1829,1159353
zmb,1830,1177050
zmb,1831,1195017
zmb,1832,1213258
zmb,1833,1231778
zmb,1834,1250580
zmb,1835,1269669
zmb,1836,1289050
zmb,1837,1308726
zmb,1838,1328703
zmb,1839,1348985
zmb,1840,1369577
zmb,1841,1390482
zmb,1842,1411707
zmb,1843,1433256
zmb,1844,1455134
zmb,1845,1477346
zmb,1846,1499896
zmb,1847,1522791
zmb,1848,1546036
zmb,1849,1565083
zmb,1850,1579865
zmb,1851,1589254
zmb,1852,1594230
zmb,1853,1594729
zmb,1854,1595228
zmb,1855,1595726
zmb,1856,1596223
zmb,1857,1596720
zmb,1858,1597216
zmb,1859,1597626
zmb,1860,1597950
zmb,1861,1598187
zmb,1862,1598338
zmb,1863,1598403
zmb,1864,1598468
zmb,1865,1598531
zmb,1866,1598594
zmb,1867,1598656
zmb,1868,1598718
zmb,1869,1598912
zmb,1870,1599238
zmb,1871,1599697
zmb,1872,1600289
zmb,1873,1601012
zmb,1874,1601735
zmb,1875,1602458
zmb,1876,1603181
zmb,1877,1603903
zmb,1878,1604624
zmb,1879,1605978
zmb,1880,1607966
zmb,1881,1610589
zmb,1882,1613848
zmb,1883,1617745
zmb,1884,1621651
zmb,1885,1625565
zmb,1886,1629488
zmb,1887,1633420
zmb,1888,1637361
zmb,1889,1639962
zmb,1890,1641223
zmb,1891,1641143
zmb,1892,1639724
zmb,1893,1636965
zmb,1894,1634210
zmb,1895,1631459
zmb,1896,1628712
zmb,1897,1625968
zmb,1898,1623228
zmb,1899,1618874
zmb,1900,1612918
zmb,1901,1605378
zmb,1902,1596265
zmb,1903,1585596
zmb,1904,1574998
zmb,1905,1564469
zmb,1906,1554010
zmb,1907,1543620
zmb,1908,1533299
zmb,1909,1523652
zmb,1910,1514671
zmb,1911,1506348
zmb,1912,1498676
zmb,1913,1491647
zmb,1914,1484651
zmb,1915,1477686
zmb,1916,1470754
zmb,1917,1463853
zmb,1918,1457998
zmb,1919,1457662
zmb,1920,1462906
zmb,1921,1473791
zmb,1922,1490380
zmb,1923,1512735
zmb,1924,1535427
zmb,1925,1558458
zmb,1926,1581835
zmb,1927,1605562
zmb,1928,1629646
zmb,1929,1653755
zmb,1930,1677885
zmb,1931,1702032
zmb,1932,1726191
zmb,1933,1750358
zmb,1934,1774863
zmb,1935,1799711
zmb,1936,1824907
zmb,1937,1850456
zmb,1938,1876362
zmb,1939,1904174
zmb,1940,1933946
zmb,1941,1965735
zmb,1942,1999596
zmb,1943,2035589
zmb,1944,2072230
zmb,1945,2109530
zmb,1946,2147501
zmb,1947,2186156
zmb,1948,2225507
zmb,1949,2269541
zmb,1950,2321310
zmb,1951,2393306
zmb,1952,2467263
zmb,1953,2543546
zmb,1954,2622276
zmb,1955,2703549
zmb,1956,2787416
zmb,1957,2874074
zmb,1958,2963872
zmb,1959,3057056
zmb,1960,3153730
zmb,1961,3254085
zmb,1962,3358098
zmb,1963,3465914
zmb,1964,3577015
zmb,1965,3692088
zmb,1966,3812003
zmb,1967,3936350
zmb,1968,4065601
zmb,1969,4197117
zmb,1970,4321726
zmb,1971,4442528
zmb,1972,4569311
zmb,1973,4702694
zmb,1974,4842750
zmb,1975,4990087
zmb,1976,5143847
zmb,1977,5302477
zmb,1978,5465379
zmb,1979,5631734
zmb,1980,5802841
zmb,1981,5983299
zmb,1982,6178638
zmb,1983,6381045
zmb,1984,6580497
zmb,1985,6780953
zmb,1986,6986475
zmb,1987,7191285
zmb,1988,7391450
zmb,1989,7589226
zmb,1990,7786163
zmb,1991,7981653
zmb,1992,8176677
zmb,1993,8373920
zmb,1994,8576270
zmb,1995,8785768
zmb,1996,9004059
zmb,1997,9237064
zmb,1998,9482414
zmb,1999,9740013
zmb,2000,10017633
zmb,2001,10325186
zmb,2002,10647955
zmb,2003,10983604
zmb,2004,11338201
zmb,2005,11718819
zmb,2006,12129560
zmb,2007,12565093
zmb,2008,13021327
zmb,2009,13490395
zmb,2010,13965592
zmb,2011,14437796
zmb,2012,14913631
zmb,2013,15399000
zmb,2014,15895320
zmb,2015,16399092
zmb,2016,16914428
zmb,2017,17441328
zmb,2018,17973574
zmb,2019,18513839
zmb,2020,19059394
zmb,2021,19603610
zmb,2022,20152935
zmb,2023,20723967
zwe,1800,1085814
zwe,1801,1085814
zwe,1802,1085814
zwe,1803,1085814
zwe,1804,1085814
zwe,1805,1085814
zwe,1806,1085814
zwe,1807,1085814
zwe,1808,1085814
zwe,1809,1085814
zwe,1810,1085814
zwe,1811,1085814
zwe,1812,1085814
zwe,1813,1085814
zwe,1814,1085814
zwe,1815,1085814
zwe,1816,1085814
zwe,1817,1085814
zwe,1818,1085814
zwe,1819,1082301
zwe,1820,1075333
zwe,1821,1064965
zwe,1822,1051251
zwe,1823,1034247
zwe,1824,1017518
zwe,1825,1001060
zwe,1826,984868
zwe,1827,968938
zwe,1828,953265
zwe,1829,937846
zwe,1830,922676
zwe,1831,907752
zwe,1832,893069
zwe,1833,878624
zwe,1834,864412
zwe,1835,850430
zwe,1836,836674
zwe,1837,823141
zwe,1838,809827
zwe,1839,796728
zwe,1840,783841
zwe,1841,771162
zwe,1842,758688
zwe,1843,746417
zwe,1844,734343
zwe,1845,722465
zwe,1846,710779
zwe,1847,699282
zwe,1848,687971
zwe,1849,680342
zwe,1850,676370
zwe,1851,676113
zwe,1852,679468
zwe,1853,686415
zwe,1854,693432
zwe,1855,700521
zwe,1856,707683
zwe,1857,714918
zwe,1858,722226
zwe,1859,729610
zwe,1860,737069
zwe,1861,744604
zwe,1862,752216
zwe,1863,759906
zwe,1864,767675
zwe,1865,775523
zwe,1866,783451
zwe,1867,791460
zwe,1868,799552
zwe,1869,807725
zwe,1870,815983
zwe,1871,824325
zwe,1872,832752
zwe,1873,841265
zwe,1874,849865
zwe,1875,858553
zwe,1876,867330
zwe,1877,876197
zwe,1878,885154
zwe,1879,894203
zwe,1880,903344
zwe,1881,912579
zwe,1882,921908
zwe,1883,931333
zwe,1884,940854
zwe,1885,950472
zwe,1886,960189
zwe,1887,970004
zwe,1888,979920
zwe,1889,989938
zwe,1890,1000058
zwe,1891,1010281
zwe,1892,1020609
zwe,1893,1031042
zwe,1894,1041582
zwe,1895,1052230
zwe,1896,1062987
zwe,1897,1073853
zwe,1898,1084831
zwe,1899,1097325
zwe,1900,1111376
zwe,1901,1127021
zwe,1902,1144303
zwe,1903,1163263
zwe,1904,1182536
zwe,1905,1202129
zwe,1906,1222046
zwe,1907,1242294
zwe,1908,1262877
zwe,1909,1283555
zwe,1910,1304325
zwe,1911,1325186
zwe,1912,1346136
zwe,1913,1367170
zwe,1914,1388533
zwe,1915,1410230
zwe,1916,1432265
zwe,1917,1454646
zwe,1918,1477198
zwe,1919,1501779
zwe,1920,1528456
zwe,1921,1557297
zwe,1922,1588373
zwe,1923,1621755
zwe,1924,1655839
zwe,1925,1690639
zwe,1926,1726171
zwe,1927,1762449
zwe,1928,1799490
zwe,1929,1836997
zwe,1930,1874974
zwe,1931,1913425
zwe,1932,1952352
zwe,1933,1991759
zwe,1934,2031962
zwe,1935,2072976
zwe,1936,2114819
zwe,1937,2157505
zwe,1938,2201053
zwe,1939,2245025
zwe,1940,2289421
zwe,1941,2334240
zwe,1942,2379481
zwe,1943,2425144
zwe,1944,2471683
zwe,1945,2519116
zwe,1946,2567459
zwe,1947,2616729
zwe,1948,2666945
zwe,1949,2725021
zwe,1950,2790908
zwe,1951,2880901
zwe,1952,2972913
zwe,1953,3067172
zwe,1954,3163884
zwe,1955,3263221
zwe,1956,3365533
zwe,1957,3471158
zwe,1958,3580185
zwe,1959,3692810
zwe,1960,3809392
zwe,1961,3930402
zwe,1962,4055968
zwe,1963,4185875
zwe,1964,4320004
zwe,1965,4458457
zwe,1966,4601223
zwe,1967,4748309
zwe,1968,4900440
zwe,1969,5058185
zwe,1970,5215919
zwe,1971,5374719
zwe,1972,5542444
zwe,1973,5720413
zwe,1974,5908337
zwe,1975,6098653
zwe,1976,6287107
zwe,1977,6449517
zwe,1978,6543573
zwe,1979,6647557
zwe,1980,7041304
zwe,1981,7498641
zwe,1982,7796503
zwe,1983,8098408
zwe,1984,8391494
zwe,1985,8686815
zwe,1986,8982579
zwe,1987,9284649
zwe,1988,9583099
zwe,1989,9864797
zwe,1990,10137287
zwe,1991,10404820
zwe,1992,10702697
zwe,1993,10860285
zwe,1994,10873146
zwe,1995,10974607
zwe,1996,11158364
zwe,1997,11369833
zwe,1998,11594299
zwe,1999,11783454
zwe,2000,11892055
zwe,2001,11971904
zwe,2002,12087661
zwe,2003,12232324
zwe,2004,12365901
zwe,2005,12483433
zwe,2006,12636442
zwe,2007,12804062
zwe,2008,12959154
zwe,2009,13142791
zwe,2010,13356551
zwe,2011,13595421
zwe,2012,13817887
zwe,2013,14013811
zwe,2014,14207367
zwe,2015,14399008
zwe,2016,14600297
zwe,2017,14812484
zwe,2018,15034457
zwe,2019,15271377
zwe,2020,15526887
zwe,2021,15797220
zwe,2022,16069061
zwe,2023,16340829
